[     873ms] [INFO] %cDownload the React DevTools for a better development experience: https://reactjs.org/link/react-devtools font-weight:bold @ http://restaurant21.lobytech.test:3002/node_modules/.vite/deps/chunk-GYWC62UC.js?v=23710b64:21535
[     976ms] [LOG] [] @ http://restaurant21.lobytech.test:3002/src/presentation/views/Modules/Admin/Views/Asistencia/index.tsx?t=1787530517857:46
[     977ms] [LOG] Sun Aug 23 2026 00:00:00 GMT-0500 (hora estándar de Perú) @ http://restaurant21.lobytech.test:3002/src/presentation/views/Modules/Admin/Views/Asistencia/index.tsx?t=1787530517857:115
[     977ms] [LOG] {turno: Turno Especial, diaSemana: 0} @ http://restaurant21.lobytech.test:3002/src/presentation/views/Modules/Admin/Views/Asistencia/index.tsx?t=1787530517857:129
[     978ms] [LOG] Sun Aug 23 2026 00:00:00 GMT-0500 (hora estándar de Perú) @ http://restaurant21.lobytech.test:3002/src/presentation/views/Modules/Admin/Views/Asistencia/index.tsx?t=1787530517857:115
[     978ms] [LOG] Sun Aug 23 2026 00:00:00 GMT-0500 (hora estándar de Perú) @ http://restaurant21.lobytech.test:3002/src/presentation/views/Modules/Admin/Views/Asistencia/index.tsx?t=1787530517857:115
[     979ms] [LOG] [] @ http://restaurant21.lobytech.test:3002/src/presentation/views/Modules/Admin/Views/Asistencia/index.tsx?t=1787530517857:198
[     981ms] [LOG] false @ http://restaurant21.lobytech.test:3002/src/components/Toggle/index.tsx:24
[     982ms] [LOG] () => {
    if (diaSemana === 0) {
      setCheckedTurno(false);
    } else {
      setCheckedTurno(!isTurno);
    }
  } @ http://restaurant21.lobytech.test:3002/src/components/Toggle/index.tsx:25
[     988ms] [ERROR] Warning: Each child in a list should have a unique "key" prop.%s%s See https://reactjs.org/link/warning-keys for more information.%s 

Check the render method of `Indicadores`.  
    at Indicador (http://restaurant21.lobytech.test:3002/src/presentation/views/Modules/Admin/Views/Asistencia/Indicadores/Indicador.tsx:20:3)
    at Indicadores (http://restaurant21.lobytech.test:3002/src/presentation/views/Modules/Admin/Views/Asistencia/Indicadores/Indicadores.tsx:20:3)
    at div
    at div
    at div
    at Asistencia (http://restaurant21.lobytech.test:3002/src/presentation/views/Modules/Admin/Views/Asistencia/index.tsx?t=1787530517857:42:20)
    at RenderedRoute (http://restaurant21.lobytech.test:3002/node_modules/.vite/deps/react-router-dom.js?v=23710b64:3310:5)
    at Outlet (http://restaurant21.lobytech.test:3002/node_modules/.vite/deps/react-router-dom.js?v=23710b64:3703:26)
    at div
    at div
    at div
    at LayoutView (http://restaurant21.lobytech.test:3002/src/components/Sidebar/index.tsx?t=1787527165311:31:20)
    at RenderedRoute (http://restaurant21.lobytech.test:3002/node_modules/.vite/deps/react-router-dom.js?v=23710b64:3310:5)
    at Routes (http://restaurant21.lobytech.test:3002/node_modules/.vite/deps/react-router-dom.js?v=23710b64:3763:5)
    at div
    at Router (http://restaurant21.lobytech.test:3002/node_modules/.vite/deps/react-router-dom.js?v=23710b64:3710:15)
    at BrowserRouter (http://restaurant21.lobytech.test:3002/node_modules/.vite/deps/react-router-dom.js?v=23710b64:4190:5)
    at Dashboard
    at QueryClientProvider2 (http://restaurant21.lobytech.test:3002/node_modules/.vite/deps/react-query.js?v=23710b64:2647:21)
    at Provider (http://restaurant21.lobytech.test:3002/node_modules/.vite/deps/react-redux.js?v=23710b64:1481:3)
    at App (http://restaurant21.lobytech.test:3002/src/App.tsx?t=1787530517857:31:7)
    at Provider (http://restaurant21.lobytech.test:3002/node_modules/.vite/deps/react-redux.js?v=23710b64:1481:3) @ http://restaurant21.lobytech.test:3002/node_modules/.vite/deps/react_jsx-dev-runtime.js?v=23710b64:63
[     990ms] [LOG] null @ http://restaurant21.lobytech.test:3002/src/presentation/views/Modules/Admin/Views/Asistencia/Dropdown/index.tsx?t=1787493067224:68
[     995ms] [LOG] null @ http://restaurant21.lobytech.test:3002/src/presentation/views/Modules/Admin/Views/Asistencia/Dropdown/index.tsx?t=1787493067224:68
[     996ms] [LOG] null @ http://restaurant21.lobytech.test:3002/src/presentation/views/Modules/Admin/Views/Asistencia/Dropdown/index.tsx?t=1787493067224:68
[     997ms] [LOG] null @ http://restaurant21.lobytech.test:3002/src/presentation/views/Modules/Admin/Views/Asistencia/Dropdown/index.tsx?t=1787493067224:68
[     999ms] [LOG] null @ http://restaurant21.lobytech.test:3002/src/presentation/views/Modules/Admin/Views/Asistencia/Dropdown/index.tsx?t=1787493067224:68
[    1000ms] [LOG] null @ http://restaurant21.lobytech.test:3002/src/presentation/views/Modules/Admin/Views/Asistencia/Dropdown/index.tsx?t=1787493067224:68
[    1003ms] [LOG] null @ http://restaurant21.lobytech.test:3002/src/presentation/views/Modules/Admin/Views/Asistencia/Dropdown/index.tsx?t=1787493067224:68
[    1004ms] [LOG] null @ http://restaurant21.lobytech.test:3002/src/presentation/views/Modules/Admin/Views/Asistencia/Dropdown/index.tsx?t=1787493067224:68
[    1006ms] [LOG] null @ http://restaurant21.lobytech.test:3002/src/presentation/views/Modules/Admin/Views/Asistencia/Dropdown/index.tsx?t=1787493067224:68
[    1007ms] [LOG] null @ http://restaurant21.lobytech.test:3002/src/presentation/views/Modules/Admin/Views/Asistencia/Dropdown/index.tsx?t=1787493067224:68
[    1008ms] [LOG] null @ http://restaurant21.lobytech.test:3002/src/presentation/views/Modules/Admin/Views/Asistencia/Dropdown/index.tsx?t=1787493067224:68
[    1009ms] [LOG] null @ http://restaurant21.lobytech.test:3002/src/presentation/views/Modules/Admin/Views/Asistencia/Dropdown/index.tsx?t=1787493067224:68
[    1012ms] [LOG] null @ http://restaurant21.lobytech.test:3002/src/presentation/views/Modules/Admin/Views/Asistencia/Dropdown/index.tsx?t=1787493067224:68
[    1014ms] [LOG] null @ http://restaurant21.lobytech.test:3002/src/presentation/views/Modules/Admin/Views/Asistencia/Dropdown/index.tsx?t=1787493067224:68
[    1016ms] [LOG] null @ http://restaurant21.lobytech.test:3002/src/presentation/views/Modules/Admin/Views/Asistencia/Dropdown/index.tsx?t=1787493067224:68
[    1018ms] [LOG] null @ http://restaurant21.lobytech.test:3002/src/presentation/views/Modules/Admin/Views/Asistencia/Dropdown/index.tsx?t=1787493067224:68
[    1019ms] [LOG] null @ http://restaurant21.lobytech.test:3002/src/presentation/views/Modules/Admin/Views/Asistencia/Dropdown/index.tsx?t=1787493067224:68
[    1021ms] [LOG] null @ http://restaurant21.lobytech.test:3002/src/presentation/views/Modules/Admin/Views/Asistencia/Dropdown/index.tsx?t=1787493067224:68
[    1022ms] [LOG] null @ http://restaurant21.lobytech.test:3002/src/presentation/views/Modules/Admin/Views/Asistencia/Dropdown/index.tsx?t=1787493067224:68
[    1023ms] [LOG] null @ http://restaurant21.lobytech.test:3002/src/presentation/views/Modules/Admin/Views/Asistencia/Dropdown/index.tsx?t=1787493067224:68
[    1025ms] [LOG] null @ http://restaurant21.lobytech.test:3002/src/presentation/views/Modules/Admin/Views/Asistencia/Dropdown/index.tsx?t=1787493067224:68
[    1026ms] [LOG] null @ http://restaurant21.lobytech.test:3002/src/presentation/views/Modules/Admin/Views/Asistencia/Dropdown/index.tsx?t=1787493067224:68
[    1028ms] [LOG] null @ http://restaurant21.lobytech.test:3002/src/presentation/views/Modules/Admin/Views/Asistencia/Dropdown/index.tsx?t=1787493067224:68
[    1030ms] [LOG] null @ http://restaurant21.lobytech.test:3002/src/presentation/views/Modules/Admin/Views/Asistencia/Dropdown/index.tsx?t=1787493067224:68
[    1031ms] [LOG] null @ http://restaurant21.lobytech.test:3002/src/presentation/views/Modules/Admin/Views/Asistencia/Dropdown/index.tsx?t=1787493067224:68
[    1031ms] [LOG] null @ http://restaurant21.lobytech.test:3002/src/presentation/views/Modules/Admin/Views/Asistencia/Dropdown/index.tsx?t=1787493067224:68
[    1032ms] [LOG] null @ http://restaurant21.lobytech.test:3002/src/presentation/views/Modules/Admin/Views/Asistencia/Dropdown/index.tsx?t=1787493067224:68
[    1033ms] [LOG] null @ http://restaurant21.lobytech.test:3002/src/presentation/views/Modules/Admin/Views/Asistencia/Dropdown/index.tsx?t=1787493067224:68
[    1034ms] [LOG] null @ http://restaurant21.lobytech.test:3002/src/presentation/views/Modules/Admin/Views/Asistencia/Dropdown/index.tsx?t=1787493067224:68
[    1035ms] [LOG] null @ http://restaurant21.lobytech.test:3002/src/presentation/views/Modules/Admin/Views/Asistencia/Dropdown/index.tsx?t=1787493067224:68
[    1036ms] [LOG] null @ http://restaurant21.lobytech.test:3002/src/presentation/views/Modules/Admin/Views/Asistencia/Dropdown/index.tsx?t=1787493067224:68
[    1039ms] [LOG] null @ http://restaurant21.lobytech.test:3002/src/presentation/views/Modules/Admin/Views/Asistencia/Dropdown/index.tsx?t=1787493067224:68
[    1041ms] [LOG] null @ http://restaurant21.lobytech.test:3002/src/presentation/views/Modules/Admin/Views/Asistencia/Dropdown/index.tsx?t=1787493067224:68
[    1044ms] [LOG] null @ http://restaurant21.lobytech.test:3002/src/presentation/views/Modules/Admin/Views/Asistencia/Dropdown/index.tsx?t=1787493067224:68
[    1046ms] [LOG] null @ http://restaurant21.lobytech.test:3002/src/presentation/views/Modules/Admin/Views/Asistencia/Dropdown/index.tsx?t=1787493067224:68
[    1047ms] [LOG] null @ http://restaurant21.lobytech.test:3002/src/presentation/views/Modules/Admin/Views/Asistencia/Dropdown/index.tsx?t=1787493067224:68
[    1048ms] [LOG] null @ http://restaurant21.lobytech.test:3002/src/presentation/views/Modules/Admin/Views/Asistencia/Dropdown/index.tsx?t=1787493067224:68
[    1050ms] [LOG] null @ http://restaurant21.lobytech.test:3002/src/presentation/views/Modules/Admin/Views/Asistencia/Dropdown/index.tsx?t=1787493067224:68
[    1051ms] [LOG] null @ http://restaurant21.lobytech.test:3002/src/presentation/views/Modules/Admin/Views/Asistencia/Dropdown/index.tsx?t=1787493067224:68
[    1052ms] [LOG] null @ http://restaurant21.lobytech.test:3002/src/presentation/views/Modules/Admin/Views/Asistencia/Dropdown/index.tsx?t=1787493067224:68
[    1053ms] [LOG] null @ http://restaurant21.lobytech.test:3002/src/presentation/views/Modules/Admin/Views/Asistencia/Dropdown/index.tsx?t=1787493067224:68
[    1054ms] [LOG] null @ http://restaurant21.lobytech.test:3002/src/presentation/views/Modules/Admin/Views/Asistencia/Dropdown/index.tsx?t=1787493067224:68
[    1055ms] [LOG] null @ http://restaurant21.lobytech.test:3002/src/presentation/views/Modules/Admin/Views/Asistencia/Dropdown/index.tsx?t=1787493067224:68
[    1056ms] [LOG] null @ http://restaurant21.lobytech.test:3002/src/presentation/views/Modules/Admin/Views/Asistencia/Dropdown/index.tsx?t=1787493067224:68
[    1057ms] [LOG] null @ http://restaurant21.lobytech.test:3002/src/presentation/views/Modules/Admin/Views/Asistencia/Dropdown/index.tsx?t=1787493067224:68
[    1059ms] [LOG] null @ http://restaurant21.lobytech.test:3002/src/presentation/views/Modules/Admin/Views/Asistencia/Dropdown/index.tsx?t=1787493067224:68
[    1061ms] [LOG] null @ http://restaurant21.lobytech.test:3002/src/presentation/views/Modules/Admin/Views/Asistencia/Dropdown/index.tsx?t=1787493067224:68
[    1062ms] [LOG] null @ http://restaurant21.lobytech.test:3002/src/presentation/views/Modules/Admin/Views/Asistencia/Dropdown/index.tsx?t=1787493067224:68
[    1064ms] [LOG] null @ http://restaurant21.lobytech.test:3002/src/presentation/views/Modules/Admin/Views/Asistencia/Dropdown/index.tsx?t=1787493067224:68
[    1065ms] [LOG] null @ http://restaurant21.lobytech.test:3002/src/presentation/views/Modules/Admin/Views/Asistencia/Dropdown/index.tsx?t=1787493067224:68
[    1066ms] [LOG] null @ http://restaurant21.lobytech.test:3002/src/presentation/views/Modules/Admin/Views/Asistencia/Dropdown/index.tsx?t=1787493067224:68
[    1067ms] [LOG] null @ http://restaurant21.lobytech.test:3002/src/presentation/views/Modules/Admin/Views/Asistencia/Dropdown/index.tsx?t=1787493067224:68
[    1068ms] [LOG] null @ http://restaurant21.lobytech.test:3002/src/presentation/views/Modules/Admin/Views/Asistencia/Dropdown/index.tsx?t=1787493067224:68
[    1069ms] [LOG] null @ http://restaurant21.lobytech.test:3002/src/presentation/views/Modules/Admin/Views/Asistencia/Dropdown/index.tsx?t=1787493067224:68
[    1070ms] [LOG] null @ http://restaurant21.lobytech.test:3002/src/presentation/views/Modules/Admin/Views/Asistencia/Dropdown/index.tsx?t=1787493067224:68
[    1072ms] [LOG] null @ http://restaurant21.lobytech.test:3002/src/presentation/views/Modules/Admin/Views/Asistencia/Dropdown/index.tsx?t=1787493067224:68
[    1073ms] [LOG] null @ http://restaurant21.lobytech.test:3002/src/presentation/views/Modules/Admin/Views/Asistencia/Dropdown/index.tsx?t=1787493067224:68
[    1074ms] [LOG] null @ http://restaurant21.lobytech.test:3002/src/presentation/views/Modules/Admin/Views/Asistencia/Dropdown/index.tsx?t=1787493067224:68
[    1074ms] [LOG] null @ http://restaurant21.lobytech.test:3002/src/presentation/views/Modules/Admin/Views/Asistencia/Dropdown/index.tsx?t=1787493067224:68
[    1075ms] [LOG] null @ http://restaurant21.lobytech.test:3002/src/presentation/views/Modules/Admin/Views/Asistencia/Dropdown/index.tsx?t=1787493067224:68
[    1077ms] [LOG] null @ http://restaurant21.lobytech.test:3002/src/presentation/views/Modules/Admin/Views/Asistencia/Dropdown/index.tsx?t=1787493067224:68
[    1079ms] [LOG] null @ http://restaurant21.lobytech.test:3002/src/presentation/views/Modules/Admin/Views/Asistencia/Dropdown/index.tsx?t=1787493067224:68
[    1080ms] [LOG] null @ http://restaurant21.lobytech.test:3002/src/presentation/views/Modules/Admin/Views/Asistencia/Dropdown/index.tsx?t=1787493067224:68
[    1082ms] [LOG] null @ http://restaurant21.lobytech.test:3002/src/presentation/views/Modules/Admin/Views/Asistencia/Dropdown/index.tsx?t=1787493067224:68
[    1083ms] [LOG] null @ http://restaurant21.lobytech.test:3002/src/presentation/views/Modules/Admin/Views/Asistencia/Dropdown/index.tsx?t=1787493067224:68
[    1083ms] [LOG] null @ http://restaurant21.lobytech.test:3002/src/presentation/views/Modules/Admin/Views/Asistencia/Dropdown/index.tsx?t=1787493067224:68
[    1085ms] [LOG] [] @ http://restaurant21.lobytech.test:3002/src/components/Modal/Admin/Asistencia/index.tsx?t=1787530428254:43
[    1086ms] [LOG] [] @ http://restaurant21.lobytech.test:3002/src/components/Modal/Admin/Asistencia/index.tsx?t=1787530428254:50
[    1086ms] [LOG] Sun Aug 23 2026 00:00:00 GMT-0500 (hora estándar de Perú) @ http://restaurant21.lobytech.test:3002/src/components/Modal/Admin/Asistencia/index.tsx?t=1787530428254:79
[    1087ms] [LOG] 1 @ http://restaurant21.lobytech.test:3002/src/components/Modal/Admin/Asistencia/index.tsx?t=1787530428254:95
[    1087ms] [LOG] {habitacionId: 0, habitacion: , anfitrionaId: 0, anfitriona: , turno: } @ http://restaurant21.lobytech.test:3002/src/components/Modal/Admin/Asistencia/index.tsx?t=1787530428254:108
[    1087ms] [LOG] [] @ http://restaurant21.lobytech.test:3002/src/components/Modal/Admin/Asistencia/index.tsx?t=1787530428254:110
[    1087ms] [LOG] 0 @ http://restaurant21.lobytech.test:3002/src/components/Modal/Admin/Asistencia/index.tsx?t=1787530428254:126
[    1088ms] [LOG] [] @ http://restaurant21.lobytech.test:3002/src/components/Modal/Admin/Asistencia/index.tsx?t=1787530428254:162
[    1088ms] [LOG]  @ http://restaurant21.lobytech.test:3002/src/components/Modal/Admin/Asistencia/index.tsx?t=1787530428254:163
[    1088ms] [LOG] 844 @ http://restaurant21.lobytech.test:3002/src/components/Modal/Admin/Asistencia/index.tsx?t=1787530428254:202
[    1088ms] [LOG] 390 @ http://restaurant21.lobytech.test:3002/src/components/Modal/Admin/Asistencia/index.tsx?t=1787530428254:203
[    1092ms] [LOG] [] @ http://restaurant21.lobytech.test:3002/src/components/Modal/Admin/Fichas/index.tsx?t=1787493067224:37
[    1092ms] [LOG] [] @ http://restaurant21.lobytech.test:3002/src/components/Modal/Admin/Fichas/index.tsx?t=1787493067224:38
[    1092ms] [LOG] null @ http://restaurant21.lobytech.test:3002/src/components/Modal/Admin/Fichas/index.tsx?t=1787493067224:39
[    1093ms] [LOG] 844 @ http://restaurant21.lobytech.test:3002/src/components/Modal/Admin/Fichas/index.tsx?t=1787493067224:47
[    1093ms] [LOG] 844 @ http://restaurant21.lobytech.test:3002/src/components/Modal/Admin/Fichas/index.tsx?t=1787493067224:48
[    1235ms] [LOG] [] @ http://restaurant21.lobytech.test:3002/src/presentation/views/Modules/Admin/Views/Asistencia/index.tsx?t=1787530517857:46
[    1235ms] [LOG] Sun Aug 23 2026 00:00:00 GMT-0500 (hora estándar de Perú) @ http://restaurant21.lobytech.test:3002/src/presentation/views/Modules/Admin/Views/Asistencia/index.tsx?t=1787530517857:115
[    1236ms] [LOG] {turno: Turno Especial, diaSemana: 0} @ http://restaurant21.lobytech.test:3002/src/presentation/views/Modules/Admin/Views/Asistencia/index.tsx?t=1787530517857:129
[    1236ms] [LOG] Sun Aug 23 2026 00:00:00 GMT-0500 (hora estándar de Perú) @ http://restaurant21.lobytech.test:3002/src/presentation/views/Modules/Admin/Views/Asistencia/index.tsx?t=1787530517857:115
[    1236ms] [LOG] Sun Aug 23 2026 00:00:00 GMT-0500 (hora estándar de Perú) @ http://restaurant21.lobytech.test:3002/src/presentation/views/Modules/Admin/Views/Asistencia/index.tsx?t=1787530517857:115
[    1236ms] [LOG] [] @ http://restaurant21.lobytech.test:3002/src/presentation/views/Modules/Admin/Views/Asistencia/index.tsx?t=1787530517857:198
[    1237ms] [LOG] false @ http://restaurant21.lobytech.test:3002/src/components/Toggle/index.tsx:24
[    1238ms] [LOG] () => {
    if (diaSemana === 0) {
      setCheckedTurno(false);
    } else {
      setCheckedTurno(!isTurno);
    }
  } @ http://restaurant21.lobytech.test:3002/src/components/Toggle/index.tsx:25
[    1242ms] [LOG] null @ http://restaurant21.lobytech.test:3002/src/presentation/views/Modules/Admin/Views/Asistencia/Dropdown/index.tsx?t=1787493067224:68
[    1244ms] [LOG] null @ http://restaurant21.lobytech.test:3002/src/presentation/views/Modules/Admin/Views/Asistencia/Dropdown/index.tsx?t=1787493067224:68
[    1245ms] [LOG] null @ http://restaurant21.lobytech.test:3002/src/presentation/views/Modules/Admin/Views/Asistencia/Dropdown/index.tsx?t=1787493067224:68
[    1246ms] [LOG] null @ http://restaurant21.lobytech.test:3002/src/presentation/views/Modules/Admin/Views/Asistencia/Dropdown/index.tsx?t=1787493067224:68
[    1247ms] [LOG] null @ http://restaurant21.lobytech.test:3002/src/presentation/views/Modules/Admin/Views/Asistencia/Dropdown/index.tsx?t=1787493067224:68
[    1247ms] [LOG] null @ http://restaurant21.lobytech.test:3002/src/presentation/views/Modules/Admin/Views/Asistencia/Dropdown/index.tsx?t=1787493067224:68
[    1248ms] [LOG] null @ http://restaurant21.lobytech.test:3002/src/presentation/views/Modules/Admin/Views/Asistencia/Dropdown/index.tsx?t=1787493067224:68
[    1248ms] [LOG] null @ http://restaurant21.lobytech.test:3002/src/presentation/views/Modules/Admin/Views/Asistencia/Dropdown/index.tsx?t=1787493067224:68
[    1249ms] [LOG] null @ http://restaurant21.lobytech.test:3002/src/presentation/views/Modules/Admin/Views/Asistencia/Dropdown/index.tsx?t=1787493067224:68
[    1249ms] [LOG] null @ http://restaurant21.lobytech.test:3002/src/presentation/views/Modules/Admin/Views/Asistencia/Dropdown/index.tsx?t=1787493067224:68
[    1250ms] [LOG] null @ http://restaurant21.lobytech.test:3002/src/presentation/views/Modules/Admin/Views/Asistencia/Dropdown/index.tsx?t=1787493067224:68
[    1250ms] [LOG] null @ http://restaurant21.lobytech.test:3002/src/presentation/views/Modules/Admin/Views/Asistencia/Dropdown/index.tsx?t=1787493067224:68
[    1251ms] [LOG] null @ http://restaurant21.lobytech.test:3002/src/presentation/views/Modules/Admin/Views/Asistencia/Dropdown/index.tsx?t=1787493067224:68
[    1252ms] [LOG] null @ http://restaurant21.lobytech.test:3002/src/presentation/views/Modules/Admin/Views/Asistencia/Dropdown/index.tsx?t=1787493067224:68
[    1253ms] [LOG] null @ http://restaurant21.lobytech.test:3002/src/presentation/views/Modules/Admin/Views/Asistencia/Dropdown/index.tsx?t=1787493067224:68
[    1254ms] [LOG] null @ http://restaurant21.lobytech.test:3002/src/presentation/views/Modules/Admin/Views/Asistencia/Dropdown/index.tsx?t=1787493067224:68
[    1254ms] [LOG] null @ http://restaurant21.lobytech.test:3002/src/presentation/views/Modules/Admin/Views/Asistencia/Dropdown/index.tsx?t=1787493067224:68
[    1255ms] [LOG] null @ http://restaurant21.lobytech.test:3002/src/presentation/views/Modules/Admin/Views/Asistencia/Dropdown/index.tsx?t=1787493067224:68
[    1256ms] [LOG] null @ http://restaurant21.lobytech.test:3002/src/presentation/views/Modules/Admin/Views/Asistencia/Dropdown/index.tsx?t=1787493067224:68
[    1257ms] [LOG] null @ http://restaurant21.lobytech.test:3002/src/presentation/views/Modules/Admin/Views/Asistencia/Dropdown/index.tsx?t=1787493067224:68
[    1257ms] [LOG] null @ http://restaurant21.lobytech.test:3002/src/presentation/views/Modules/Admin/Views/Asistencia/Dropdown/index.tsx?t=1787493067224:68
[    1258ms] [LOG] null @ http://restaurant21.lobytech.test:3002/src/presentation/views/Modules/Admin/Views/Asistencia/Dropdown/index.tsx?t=1787493067224:68
[    1259ms] [LOG] null @ http://restaurant21.lobytech.test:3002/src/presentation/views/Modules/Admin/Views/Asistencia/Dropdown/index.tsx?t=1787493067224:68
[    1260ms] [LOG] null @ http://restaurant21.lobytech.test:3002/src/presentation/views/Modules/Admin/Views/Asistencia/Dropdown/index.tsx?t=1787493067224:68
[    1260ms] [LOG] null @ http://restaurant21.lobytech.test:3002/src/presentation/views/Modules/Admin/Views/Asistencia/Dropdown/index.tsx?t=1787493067224:68
[    1261ms] [LOG] null @ http://restaurant21.lobytech.test:3002/src/presentation/views/Modules/Admin/Views/Asistencia/Dropdown/index.tsx?t=1787493067224:68
[    1261ms] [LOG] null @ http://restaurant21.lobytech.test:3002/src/presentation/views/Modules/Admin/Views/Asistencia/Dropdown/index.tsx?t=1787493067224:68
[    1261ms] [LOG] null @ http://restaurant21.lobytech.test:3002/src/presentation/views/Modules/Admin/Views/Asistencia/Dropdown/index.tsx?t=1787493067224:68
[    1262ms] [LOG] null @ http://restaurant21.lobytech.test:3002/src/presentation/views/Modules/Admin/Views/Asistencia/Dropdown/index.tsx?t=1787493067224:68
[    1262ms] [LOG] null @ http://restaurant21.lobytech.test:3002/src/presentation/views/Modules/Admin/Views/Asistencia/Dropdown/index.tsx?t=1787493067224:68
[    1263ms] [LOG] null @ http://restaurant21.lobytech.test:3002/src/presentation/views/Modules/Admin/Views/Asistencia/Dropdown/index.tsx?t=1787493067224:68
[    1264ms] [LOG] null @ http://restaurant21.lobytech.test:3002/src/presentation/views/Modules/Admin/Views/Asistencia/Dropdown/index.tsx?t=1787493067224:68
[    1264ms] [LOG] null @ http://restaurant21.lobytech.test:3002/src/presentation/views/Modules/Admin/Views/Asistencia/Dropdown/index.tsx?t=1787493067224:68
[    1265ms] [LOG] null @ http://restaurant21.lobytech.test:3002/src/presentation/views/Modules/Admin/Views/Asistencia/Dropdown/index.tsx?t=1787493067224:68
[    1265ms] [LOG] null @ http://restaurant21.lobytech.test:3002/src/presentation/views/Modules/Admin/Views/Asistencia/Dropdown/index.tsx?t=1787493067224:68
[    1266ms] [LOG] null @ http://restaurant21.lobytech.test:3002/src/presentation/views/Modules/Admin/Views/Asistencia/Dropdown/index.tsx?t=1787493067224:68
[    1272ms] [LOG] null @ http://restaurant21.lobytech.test:3002/src/presentation/views/Modules/Admin/Views/Asistencia/Dropdown/index.tsx?t=1787493067224:68
[    1273ms] [LOG] null @ http://restaurant21.lobytech.test:3002/src/presentation/views/Modules/Admin/Views/Asistencia/Dropdown/index.tsx?t=1787493067224:68
[    1274ms] [LOG] null @ http://restaurant21.lobytech.test:3002/src/presentation/views/Modules/Admin/Views/Asistencia/Dropdown/index.tsx?t=1787493067224:68
[    1276ms] [LOG] null @ http://restaurant21.lobytech.test:3002/src/presentation/views/Modules/Admin/Views/Asistencia/Dropdown/index.tsx?t=1787493067224:68
[    1276ms] [LOG] null @ http://restaurant21.lobytech.test:3002/src/presentation/views/Modules/Admin/Views/Asistencia/Dropdown/index.tsx?t=1787493067224:68
[    1276ms] [LOG] null @ http://restaurant21.lobytech.test:3002/src/presentation/views/Modules/Admin/Views/Asistencia/Dropdown/index.tsx?t=1787493067224:68
[    1277ms] [LOG] null @ http://restaurant21.lobytech.test:3002/src/presentation/views/Modules/Admin/Views/Asistencia/Dropdown/index.tsx?t=1787493067224:68
[    1278ms] [LOG] null @ http://restaurant21.lobytech.test:3002/src/presentation/views/Modules/Admin/Views/Asistencia/Dropdown/index.tsx?t=1787493067224:68
[    1278ms] [LOG] null @ http://restaurant21.lobytech.test:3002/src/presentation/views/Modules/Admin/Views/Asistencia/Dropdown/index.tsx?t=1787493067224:68
[    1278ms] [LOG] null @ http://restaurant21.lobytech.test:3002/src/presentation/views/Modules/Admin/Views/Asistencia/Dropdown/index.tsx?t=1787493067224:68
[    1279ms] [LOG] null @ http://restaurant21.lobytech.test:3002/src/presentation/views/Modules/Admin/Views/Asistencia/Dropdown/index.tsx?t=1787493067224:68
[    1279ms] [LOG] null @ http://restaurant21.lobytech.test:3002/src/presentation/views/Modules/Admin/Views/Asistencia/Dropdown/index.tsx?t=1787493067224:68
[    1279ms] [LOG] null @ http://restaurant21.lobytech.test:3002/src/presentation/views/Modules/Admin/Views/Asistencia/Dropdown/index.tsx?t=1787493067224:68
[    1280ms] [LOG] null @ http://restaurant21.lobytech.test:3002/src/presentation/views/Modules/Admin/Views/Asistencia/Dropdown/index.tsx?t=1787493067224:68
[    1280ms] [LOG] null @ http://restaurant21.lobytech.test:3002/src/presentation/views/Modules/Admin/Views/Asistencia/Dropdown/index.tsx?t=1787493067224:68
[    1281ms] [LOG] null @ http://restaurant21.lobytech.test:3002/src/presentation/views/Modules/Admin/Views/Asistencia/Dropdown/index.tsx?t=1787493067224:68
[    1281ms] [LOG] null @ http://restaurant21.lobytech.test:3002/src/presentation/views/Modules/Admin/Views/Asistencia/Dropdown/index.tsx?t=1787493067224:68
[    1281ms] [LOG] null @ http://restaurant21.lobytech.test:3002/src/presentation/views/Modules/Admin/Views/Asistencia/Dropdown/index.tsx?t=1787493067224:68
[    1281ms] [LOG] null @ http://restaurant21.lobytech.test:3002/src/presentation/views/Modules/Admin/Views/Asistencia/Dropdown/index.tsx?t=1787493067224:68
[    1282ms] [LOG] null @ http://restaurant21.lobytech.test:3002/src/presentation/views/Modules/Admin/Views/Asistencia/Dropdown/index.tsx?t=1787493067224:68
[    1282ms] [LOG] null @ http://restaurant21.lobytech.test:3002/src/presentation/views/Modules/Admin/Views/Asistencia/Dropdown/index.tsx?t=1787493067224:68
[    1283ms] [LOG] null @ http://restaurant21.lobytech.test:3002/src/presentation/views/Modules/Admin/Views/Asistencia/Dropdown/index.tsx?t=1787493067224:68
[    1283ms] [LOG] null @ http://restaurant21.lobytech.test:3002/src/presentation/views/Modules/Admin/Views/Asistencia/Dropdown/index.tsx?t=1787493067224:68
[    1283ms] [LOG] null @ http://restaurant21.lobytech.test:3002/src/presentation/views/Modules/Admin/Views/Asistencia/Dropdown/index.tsx?t=1787493067224:68
[    1284ms] [LOG] null @ http://restaurant21.lobytech.test:3002/src/presentation/views/Modules/Admin/Views/Asistencia/Dropdown/index.tsx?t=1787493067224:68
[    1284ms] [LOG] null @ http://restaurant21.lobytech.test:3002/src/presentation/views/Modules/Admin/Views/Asistencia/Dropdown/index.tsx?t=1787493067224:68
[    1285ms] [LOG] null @ http://restaurant21.lobytech.test:3002/src/presentation/views/Modules/Admin/Views/Asistencia/Dropdown/index.tsx?t=1787493067224:68
[    1285ms] [LOG] null @ http://restaurant21.lobytech.test:3002/src/presentation/views/Modules/Admin/Views/Asistencia/Dropdown/index.tsx?t=1787493067224:68
[    1286ms] [LOG] null @ http://restaurant21.lobytech.test:3002/src/presentation/views/Modules/Admin/Views/Asistencia/Dropdown/index.tsx?t=1787493067224:68
[    1286ms] [LOG] null @ http://restaurant21.lobytech.test:3002/src/presentation/views/Modules/Admin/Views/Asistencia/Dropdown/index.tsx?t=1787493067224:68
[    1287ms] [LOG] [] @ http://restaurant21.lobytech.test:3002/src/components/Modal/Admin/Asistencia/index.tsx?t=1787530428254:43
[    1287ms] [LOG] [] @ http://restaurant21.lobytech.test:3002/src/components/Modal/Admin/Asistencia/index.tsx?t=1787530428254:50
[    1287ms] [LOG] Sun Aug 23 2026 00:00:00 GMT-0500 (hora estándar de Perú) @ http://restaurant21.lobytech.test:3002/src/components/Modal/Admin/Asistencia/index.tsx?t=1787530428254:79
[    1287ms] [LOG] 1 @ http://restaurant21.lobytech.test:3002/src/components/Modal/Admin/Asistencia/index.tsx?t=1787530428254:95
[    1288ms] [LOG] {habitacionId: 0, habitacion: , anfitrionaId: 0, anfitriona: , turno: } @ http://restaurant21.lobytech.test:3002/src/components/Modal/Admin/Asistencia/index.tsx?t=1787530428254:108
[    1288ms] [LOG] [] @ http://restaurant21.lobytech.test:3002/src/components/Modal/Admin/Asistencia/index.tsx?t=1787530428254:110
[    1288ms] [LOG] 0 @ http://restaurant21.lobytech.test:3002/src/components/Modal/Admin/Asistencia/index.tsx?t=1787530428254:126
[    1288ms] [LOG] [] @ http://restaurant21.lobytech.test:3002/src/components/Modal/Admin/Asistencia/index.tsx?t=1787530428254:162
[    1288ms] [LOG]  @ http://restaurant21.lobytech.test:3002/src/components/Modal/Admin/Asistencia/index.tsx?t=1787530428254:163
[    1288ms] [LOG] 844 @ http://restaurant21.lobytech.test:3002/src/components/Modal/Admin/Asistencia/index.tsx?t=1787530428254:202
[    1288ms] [LOG] 390 @ http://restaurant21.lobytech.test:3002/src/components/Modal/Admin/Asistencia/index.tsx?t=1787530428254:203
[    1289ms] [LOG] [] @ http://restaurant21.lobytech.test:3002/src/components/Modal/Admin/Fichas/index.tsx?t=1787493067224:37
[    1289ms] [LOG] [] @ http://restaurant21.lobytech.test:3002/src/components/Modal/Admin/Fichas/index.tsx?t=1787493067224:38
[    1289ms] [LOG] null @ http://restaurant21.lobytech.test:3002/src/components/Modal/Admin/Fichas/index.tsx?t=1787493067224:39
[    1289ms] [LOG] 844 @ http://restaurant21.lobytech.test:3002/src/components/Modal/Admin/Fichas/index.tsx?t=1787493067224:47
[    1289ms] [LOG] 844 @ http://restaurant21.lobytech.test:3002/src/components/Modal/Admin/Fichas/index.tsx?t=1787493067224:48
[    1297ms] [ERROR] Warning: Unexpected ref object provided for %s. Use either a ref-setter function or React.createRef().%s div 
    at div
    at div
    at DropdownPopover (http://restaurant21.lobytech.test:3002/src/presentation/views/Modules/Admin/Views/Asistencia/Dropdown/index.tsx?t=1787493067224:24:3)
    at td
    at tr
    at tbody
    at table
    at div
    at div
    at Piso1 (http://restaurant21.lobytech.test:3002/src/presentation/views/Modules/Admin/Views/Asistencia/Piso1/index.tsx?t=1787530517857:23:3)
    at div
    at div
    at Asistencia (http://restaurant21.lobytech.test:3002/src/presentation/views/Modules/Admin/Views/Asistencia/index.tsx?t=1787530517857:42:20)
    at RenderedRoute (http://restaurant21.lobytech.test:3002/node_modules/.vite/deps/react-router-dom.js?v=23710b64:3310:5)
    at Outlet (http://restaurant21.lobytech.test:3002/node_modules/.vite/deps/react-router-dom.js?v=23710b64:3703:26)
    at div
    at div
    at div
    at LayoutView (http://restaurant21.lobytech.test:3002/src/components/Sidebar/index.tsx?t=1787527165311:31:20)
    at RenderedRoute (http://restaurant21.lobytech.test:3002/node_modules/.vite/deps/react-router-dom.js?v=23710b64:3310:5)
    at Routes (http://restaurant21.lobytech.test:3002/node_modules/.vite/deps/react-router-dom.js?v=23710b64:3763:5)
    at div
    at Router (http://restaurant21.lobytech.test:3002/node_modules/.vite/deps/react-router-dom.js?v=23710b64:3710:15)
    at BrowserRouter (http://restaurant21.lobytech.test:3002/node_modules/.vite/deps/react-router-dom.js?v=23710b64:4190:5)
    at Dashboard
    at QueryClientProvider2 (http://restaurant21.lobytech.test:3002/node_modules/.vite/deps/react-query.js?v=23710b64:2647:21)
    at Provider (http://restaurant21.lobytech.test:3002/node_modules/.vite/deps/react-redux.js?v=23710b64:1481:3)
    at App (http://restaurant21.lobytech.test:3002/src/App.tsx?t=1787530517857:31:7)
    at Provider (http://restaurant21.lobytech.test:3002/node_modules/.vite/deps/react-redux.js?v=23710b64:1481:3) @ http://restaurant21.lobytech.test:3002/node_modules/.vite/deps/chunk-GYWC62UC.js?v=23710b64:520
[    1297ms] [ERROR] Warning: Unexpected ref object provided for %s. Use either a ref-setter function or React.createRef().%s div 
    at div
    at div
    at DropdownPopover (http://restaurant21.lobytech.test:3002/src/presentation/views/Modules/Admin/Views/Asistencia/Dropdown/index.tsx?t=1787493067224:24:3)
    at td
    at tr
    at tbody
    at table
    at div
    at div
    at Piso1 (http://restaurant21.lobytech.test:3002/src/presentation/views/Modules/Admin/Views/Asistencia/Piso1/index.tsx?t=1787530517857:23:3)
    at div
    at div
    at Asistencia (http://restaurant21.lobytech.test:3002/src/presentation/views/Modules/Admin/Views/Asistencia/index.tsx?t=1787530517857:42:20)
    at RenderedRoute (http://restaurant21.lobytech.test:3002/node_modules/.vite/deps/react-router-dom.js?v=23710b64:3310:5)
    at Outlet (http://restaurant21.lobytech.test:3002/node_modules/.vite/deps/react-router-dom.js?v=23710b64:3703:26)
    at div
    at div
    at div
    at LayoutView (http://restaurant21.lobytech.test:3002/src/components/Sidebar/index.tsx?t=1787527165311:31:20)
    at RenderedRoute (http://restaurant21.lobytech.test:3002/node_modules/.vite/deps/react-router-dom.js?v=23710b64:3310:5)
    at Routes (http://restaurant21.lobytech.test:3002/node_modules/.vite/deps/react-router-dom.js?v=23710b64:3763:5)
    at div
    at Router (http://restaurant21.lobytech.test:3002/node_modules/.vite/deps/react-router-dom.js?v=23710b64:3710:15)
    at BrowserRouter (http://restaurant21.lobytech.test:3002/node_modules/.vite/deps/react-router-dom.js?v=23710b64:4190:5)
    at Dashboard
    at QueryClientProvider2 (http://restaurant21.lobytech.test:3002/node_modules/.vite/deps/react-query.js?v=23710b64:2647:21)
    at Provider (http://restaurant21.lobytech.test:3002/node_modules/.vite/deps/react-redux.js?v=23710b64:1481:3)
    at App (http://restaurant21.lobytech.test:3002/src/App.tsx?t=1787530517857:31:7)
    at Provider (http://restaurant21.lobytech.test:3002/node_modules/.vite/deps/react-redux.js?v=23710b64:1481:3) @ http://restaurant21.lobytech.test:3002/node_modules/.vite/deps/chunk-GYWC62UC.js?v=23710b64:520
[    1298ms] [ERROR] Warning: Unexpected ref object provided for %s. Use either a ref-setter function or React.createRef().%s div 
    at div
    at div
    at DropdownPopover (http://restaurant21.lobytech.test:3002/src/presentation/views/Modules/Admin/Views/Asistencia/Dropdown/index.tsx?t=1787493067224:24:3)
    at td
    at tr
    at tbody
    at table
    at div
    at div
    at Piso1 (http://restaurant21.lobytech.test:3002/src/presentation/views/Modules/Admin/Views/Asistencia/Piso1/index.tsx?t=1787530517857:23:3)
    at div
    at div
    at Asistencia (http://restaurant21.lobytech.test:3002/src/presentation/views/Modules/Admin/Views/Asistencia/index.tsx?t=1787530517857:42:20)
    at RenderedRoute (http://restaurant21.lobytech.test:3002/node_modules/.vite/deps/react-router-dom.js?v=23710b64:3310:5)
    at Outlet (http://restaurant21.lobytech.test:3002/node_modules/.vite/deps/react-router-dom.js?v=23710b64:3703:26)
    at div
    at div
    at div
    at LayoutView (http://restaurant21.lobytech.test:3002/src/components/Sidebar/index.tsx?t=1787527165311:31:20)
    at RenderedRoute (http://restaurant21.lobytech.test:3002/node_modules/.vite/deps/react-router-dom.js?v=23710b64:3310:5)
    at Routes (http://restaurant21.lobytech.test:3002/node_modules/.vite/deps/react-router-dom.js?v=23710b64:3763:5)
    at div
    at Router (http://restaurant21.lobytech.test:3002/node_modules/.vite/deps/react-router-dom.js?v=23710b64:3710:15)
    at BrowserRouter (http://restaurant21.lobytech.test:3002/node_modules/.vite/deps/react-router-dom.js?v=23710b64:4190:5)
    at Dashboard
    at QueryClientProvider2 (http://restaurant21.lobytech.test:3002/node_modules/.vite/deps/react-query.js?v=23710b64:2647:21)
    at Provider (http://restaurant21.lobytech.test:3002/node_modules/.vite/deps/react-redux.js?v=23710b64:1481:3)
    at App (http://restaurant21.lobytech.test:3002/src/App.tsx?t=1787530517857:31:7)
    at Provider (http://restaurant21.lobytech.test:3002/node_modules/.vite/deps/react-redux.js?v=23710b64:1481:3) @ http://restaurant21.lobytech.test:3002/node_modules/.vite/deps/chunk-GYWC62UC.js?v=23710b64:520
[    1298ms] [ERROR] Warning: Unexpected ref object provided for %s. Use either a ref-setter function or React.createRef().%s div 
    at div
    at div
    at DropdownPopover (http://restaurant21.lobytech.test:3002/src/presentation/views/Modules/Admin/Views/Asistencia/Dropdown/index.tsx?t=1787493067224:24:3)
    at td
    at tr
    at tbody
    at table
    at div
    at div
    at Piso1 (http://restaurant21.lobytech.test:3002/src/presentation/views/Modules/Admin/Views/Asistencia/Piso1/index.tsx?t=1787530517857:23:3)
    at div
    at div
    at Asistencia (http://restaurant21.lobytech.test:3002/src/presentation/views/Modules/Admin/Views/Asistencia/index.tsx?t=1787530517857:42:20)
    at RenderedRoute (http://restaurant21.lobytech.test:3002/node_modules/.vite/deps/react-router-dom.js?v=23710b64:3310:5)
    at Outlet (http://restaurant21.lobytech.test:3002/node_modules/.vite/deps/react-router-dom.js?v=23710b64:3703:26)
    at div
    at div
    at div
    at LayoutView (http://restaurant21.lobytech.test:3002/src/components/Sidebar/index.tsx?t=1787527165311:31:20)
    at RenderedRoute (http://restaurant21.lobytech.test:3002/node_modules/.vite/deps/react-router-dom.js?v=23710b64:3310:5)
    at Routes (http://restaurant21.lobytech.test:3002/node_modules/.vite/deps/react-router-dom.js?v=23710b64:3763:5)
    at div
    at Router (http://restaurant21.lobytech.test:3002/node_modules/.vite/deps/react-router-dom.js?v=23710b64:3710:15)
    at BrowserRouter (http://restaurant21.lobytech.test:3002/node_modules/.vite/deps/react-router-dom.js?v=23710b64:4190:5)
    at Dashboard
    at QueryClientProvider2 (http://restaurant21.lobytech.test:3002/node_modules/.vite/deps/react-query.js?v=23710b64:2647:21)
    at Provider (http://restaurant21.lobytech.test:3002/node_modules/.vite/deps/react-redux.js?v=23710b64:1481:3)
    at App (http://restaurant21.lobytech.test:3002/src/App.tsx?t=1787530517857:31:7)
    at Provider (http://restaurant21.lobytech.test:3002/node_modules/.vite/deps/react-redux.js?v=23710b64:1481:3) @ http://restaurant21.lobytech.test:3002/node_modules/.vite/deps/chunk-GYWC62UC.js?v=23710b64:520
[    1298ms] [ERROR] Warning: Unexpected ref object provided for %s. Use either a ref-setter function or React.createRef().%s div 
    at div
    at div
    at DropdownPopover (http://restaurant21.lobytech.test:3002/src/presentation/views/Modules/Admin/Views/Asistencia/Dropdown/index.tsx?t=1787493067224:24:3)
    at td
    at tr
    at tbody
    at table
    at div
    at div
    at Piso1 (http://restaurant21.lobytech.test:3002/src/presentation/views/Modules/Admin/Views/Asistencia/Piso1/index.tsx?t=1787530517857:23:3)
    at div
    at div
    at Asistencia (http://restaurant21.lobytech.test:3002/src/presentation/views/Modules/Admin/Views/Asistencia/index.tsx?t=1787530517857:42:20)
    at RenderedRoute (http://restaurant21.lobytech.test:3002/node_modules/.vite/deps/react-router-dom.js?v=23710b64:3310:5)
    at Outlet (http://restaurant21.lobytech.test:3002/node_modules/.vite/deps/react-router-dom.js?v=23710b64:3703:26)
    at div
    at div
    at div
    at LayoutView (http://restaurant21.lobytech.test:3002/src/components/Sidebar/index.tsx?t=1787527165311:31:20)
    at RenderedRoute (http://restaurant21.lobytech.test:3002/node_modules/.vite/deps/react-router-dom.js?v=23710b64:3310:5)
    at Routes (http://restaurant21.lobytech.test:3002/node_modules/.vite/deps/react-router-dom.js?v=23710b64:3763:5)
    at div
    at Router (http://restaurant21.lobytech.test:3002/node_modules/.vite/deps/react-router-dom.js?v=23710b64:3710:15)
    at BrowserRouter (http://restaurant21.lobytech.test:3002/node_modules/.vite/deps/react-router-dom.js?v=23710b64:4190:5)
    at Dashboard
    at QueryClientProvider2 (http://restaurant21.lobytech.test:3002/node_modules/.vite/deps/react-query.js?v=23710b64:2647:21)
    at Provider (http://restaurant21.lobytech.test:3002/node_modules/.vite/deps/react-redux.js?v=23710b64:1481:3)
    at App (http://restaurant21.lobytech.test:3002/src/App.tsx?t=1787530517857:31:7)
    at Provider (http://restaurant21.lobytech.test:3002/node_modules/.vite/deps/react-redux.js?v=23710b64:1481:3) @ http://restaurant21.lobytech.test:3002/node_modules/.vite/deps/chunk-GYWC62UC.js?v=23710b64:520
[    1299ms] [ERROR] Warning: Unexpected ref object provided for %s. Use either a ref-setter function or React.createRef().%s div 
    at div
    at div
    at DropdownPopover (http://restaurant21.lobytech.test:3002/src/presentation/views/Modules/Admin/Views/Asistencia/Dropdown/index.tsx?t=1787493067224:24:3)
    at td
    at tr
    at tbody
    at table
    at div
    at div
    at Piso1 (http://restaurant21.lobytech.test:3002/src/presentation/views/Modules/Admin/Views/Asistencia/Piso1/index.tsx?t=1787530517857:23:3)
    at div
    at div
    at Asistencia (http://restaurant21.lobytech.test:3002/src/presentation/views/Modules/Admin/Views/Asistencia/index.tsx?t=1787530517857:42:20)
    at RenderedRoute (http://restaurant21.lobytech.test:3002/node_modules/.vite/deps/react-router-dom.js?v=23710b64:3310:5)
    at Outlet (http://restaurant21.lobytech.test:3002/node_modules/.vite/deps/react-router-dom.js?v=23710b64:3703:26)
    at div
    at div
    at div
    at LayoutView (http://restaurant21.lobytech.test:3002/src/components/Sidebar/index.tsx?t=1787527165311:31:20)
    at RenderedRoute (http://restaurant21.lobytech.test:3002/node_modules/.vite/deps/react-router-dom.js?v=23710b64:3310:5)
    at Routes (http://restaurant21.lobytech.test:3002/node_modules/.vite/deps/react-router-dom.js?v=23710b64:3763:5)
    at div
    at Router (http://restaurant21.lobytech.test:3002/node_modules/.vite/deps/react-router-dom.js?v=23710b64:3710:15)
    at BrowserRouter (http://restaurant21.lobytech.test:3002/node_modules/.vite/deps/react-router-dom.js?v=23710b64:4190:5)
    at Dashboard
    at QueryClientProvider2 (http://restaurant21.lobytech.test:3002/node_modules/.vite/deps/react-query.js?v=23710b64:2647:21)
    at Provider (http://restaurant21.lobytech.test:3002/node_modules/.vite/deps/react-redux.js?v=23710b64:1481:3)
    at App (http://restaurant21.lobytech.test:3002/src/App.tsx?t=1787530517857:31:7)
    at Provider (http://restaurant21.lobytech.test:3002/node_modules/.vite/deps/react-redux.js?v=23710b64:1481:3) @ http://restaurant21.lobytech.test:3002/node_modules/.vite/deps/chunk-GYWC62UC.js?v=23710b64:520
[    1299ms] [ERROR] Warning: Unexpected ref object provided for %s. Use either a ref-setter function or React.createRef().%s div 
    at div
    at div
    at DropdownPopover (http://restaurant21.lobytech.test:3002/src/presentation/views/Modules/Admin/Views/Asistencia/Dropdown/index.tsx?t=1787493067224:24:3)
    at td
    at tr
    at tbody
    at table
    at div
    at div
    at Piso1 (http://restaurant21.lobytech.test:3002/src/presentation/views/Modules/Admin/Views/Asistencia/Piso1/index.tsx?t=1787530517857:23:3)
    at div
    at div
    at Asistencia (http://restaurant21.lobytech.test:3002/src/presentation/views/Modules/Admin/Views/Asistencia/index.tsx?t=1787530517857:42:20)
    at RenderedRoute (http://restaurant21.lobytech.test:3002/node_modules/.vite/deps/react-router-dom.js?v=23710b64:3310:5)
    at Outlet (http://restaurant21.lobytech.test:3002/node_modules/.vite/deps/react-router-dom.js?v=23710b64:3703:26)
    at div
    at div
    at div
    at LayoutView (http://restaurant21.lobytech.test:3002/src/components/Sidebar/index.tsx?t=1787527165311:31:20)
    at RenderedRoute (http://restaurant21.lobytech.test:3002/node_modules/.vite/deps/react-router-dom.js?v=23710b64:3310:5)
    at Routes (http://restaurant21.lobytech.test:3002/node_modules/.vite/deps/react-router-dom.js?v=23710b64:3763:5)
    at div
    at Router (http://restaurant21.lobytech.test:3002/node_modules/.vite/deps/react-router-dom.js?v=23710b64:3710:15)
    at BrowserRouter (http://restaurant21.lobytech.test:3002/node_modules/.vite/deps/react-router-dom.js?v=23710b64:4190:5)
    at Dashboard
    at QueryClientProvider2 (http://restaurant21.lobytech.test:3002/node_modules/.vite/deps/react-query.js?v=23710b64:2647:21)
    at Provider (http://restaurant21.lobytech.test:3002/node_modules/.vite/deps/react-redux.js?v=23710b64:1481:3)
    at App (http://restaurant21.lobytech.test:3002/src/App.tsx?t=1787530517857:31:7)
    at Provider (http://restaurant21.lobytech.test:3002/node_modules/.vite/deps/react-redux.js?v=23710b64:1481:3) @ http://restaurant21.lobytech.test:3002/node_modules/.vite/deps/chunk-GYWC62UC.js?v=23710b64:520
[    1299ms] [ERROR] Warning: Unexpected ref object provided for %s. Use either a ref-setter function or React.createRef().%s div 
    at div
    at div
    at DropdownPopover (http://restaurant21.lobytech.test:3002/src/presentation/views/Modules/Admin/Views/Asistencia/Dropdown/index.tsx?t=1787493067224:24:3)
    at td
    at tr
    at tbody
    at table
    at div
    at div
    at Piso1 (http://restaurant21.lobytech.test:3002/src/presentation/views/Modules/Admin/Views/Asistencia/Piso1/index.tsx?t=1787530517857:23:3)
    at div
    at div
    at Asistencia (http://restaurant21.lobytech.test:3002/src/presentation/views/Modules/Admin/Views/Asistencia/index.tsx?t=1787530517857:42:20)
    at RenderedRoute (http://restaurant21.lobytech.test:3002/node_modules/.vite/deps/react-router-dom.js?v=23710b64:3310:5)
    at Outlet (http://restaurant21.lobytech.test:3002/node_modules/.vite/deps/react-router-dom.js?v=23710b64:3703:26)
    at div
    at div
    at div
    at LayoutView (http://restaurant21.lobytech.test:3002/src/components/Sidebar/index.tsx?t=1787527165311:31:20)
    at RenderedRoute (http://restaurant21.lobytech.test:3002/node_modules/.vite/deps/react-router-dom.js?v=23710b64:3310:5)
    at Routes (http://restaurant21.lobytech.test:3002/node_modules/.vite/deps/react-router-dom.js?v=23710b64:3763:5)
    at div
    at Router (http://restaurant21.lobytech.test:3002/node_modules/.vite/deps/react-router-dom.js?v=23710b64:3710:15)
    at BrowserRouter (http://restaurant21.lobytech.test:3002/node_modules/.vite/deps/react-router-dom.js?v=23710b64:4190:5)
    at Dashboard
    at QueryClientProvider2 (http://restaurant21.lobytech.test:3002/node_modules/.vite/deps/react-query.js?v=23710b64:2647:21)
    at Provider (http://restaurant21.lobytech.test:3002/node_modules/.vite/deps/react-redux.js?v=23710b64:1481:3)
    at App (http://restaurant21.lobytech.test:3002/src/App.tsx?t=1787530517857:31:7)
    at Provider (http://restaurant21.lobytech.test:3002/node_modules/.vite/deps/react-redux.js?v=23710b64:1481:3) @ http://restaurant21.lobytech.test:3002/node_modules/.vite/deps/chunk-GYWC62UC.js?v=23710b64:520
[    1299ms] [ERROR] Warning: Unexpected ref object provided for %s. Use either a ref-setter function or React.createRef().%s div 
    at div
    at div
    at DropdownPopover (http://restaurant21.lobytech.test:3002/src/presentation/views/Modules/Admin/Views/Asistencia/Dropdown/index.tsx?t=1787493067224:24:3)
    at td
    at tr
    at tbody
    at table
    at div
    at div
    at Piso1 (http://restaurant21.lobytech.test:3002/src/presentation/views/Modules/Admin/Views/Asistencia/Piso1/index.tsx?t=1787530517857:23:3)
    at div
    at div
    at Asistencia (http://restaurant21.lobytech.test:3002/src/presentation/views/Modules/Admin/Views/Asistencia/index.tsx?t=1787530517857:42:20)
    at RenderedRoute (http://restaurant21.lobytech.test:3002/node_modules/.vite/deps/react-router-dom.js?v=23710b64:3310:5)
    at Outlet (http://restaurant21.lobytech.test:3002/node_modules/.vite/deps/react-router-dom.js?v=23710b64:3703:26)
    at div
    at div
    at div
    at LayoutView (http://restaurant21.lobytech.test:3002/src/components/Sidebar/index.tsx?t=1787527165311:31:20)
    at RenderedRoute (http://restaurant21.lobytech.test:3002/node_modules/.vite/deps/react-router-dom.js?v=23710b64:3310:5)
    at Routes (http://restaurant21.lobytech.test:3002/node_modules/.vite/deps/react-router-dom.js?v=23710b64:3763:5)
    at div
    at Router (http://restaurant21.lobytech.test:3002/node_modules/.vite/deps/react-router-dom.js?v=23710b64:3710:15)
    at BrowserRouter (http://restaurant21.lobytech.test:3002/node_modules/.vite/deps/react-router-dom.js?v=23710b64:4190:5)
    at Dashboard
    at QueryClientProvider2 (http://restaurant21.lobytech.test:3002/node_modules/.vite/deps/react-query.js?v=23710b64:2647:21)
    at Provider (http://restaurant21.lobytech.test:3002/node_modules/.vite/deps/react-redux.js?v=23710b64:1481:3)
    at App (http://restaurant21.lobytech.test:3002/src/App.tsx?t=1787530517857:31:7)
    at Provider (http://restaurant21.lobytech.test:3002/node_modules/.vite/deps/react-redux.js?v=23710b64:1481:3) @ http://restaurant21.lobytech.test:3002/node_modules/.vite/deps/chunk-GYWC62UC.js?v=23710b64:520
[    1300ms] [ERROR] Warning: Unexpected ref object provided for %s. Use either a ref-setter function or React.createRef().%s div 
    at div
    at div
    at DropdownPopover (http://restaurant21.lobytech.test:3002/src/presentation/views/Modules/Admin/Views/Asistencia/Dropdown/index.tsx?t=1787493067224:24:3)
    at td
    at tr
    at tbody
    at table
    at div
    at div
    at Piso1 (http://restaurant21.lobytech.test:3002/src/presentation/views/Modules/Admin/Views/Asistencia/Piso1/index.tsx?t=1787530517857:23:3)
    at div
    at div
    at Asistencia (http://restaurant21.lobytech.test:3002/src/presentation/views/Modules/Admin/Views/Asistencia/index.tsx?t=1787530517857:42:20)
    at RenderedRoute (http://restaurant21.lobytech.test:3002/node_modules/.vite/deps/react-router-dom.js?v=23710b64:3310:5)
    at Outlet (http://restaurant21.lobytech.test:3002/node_modules/.vite/deps/react-router-dom.js?v=23710b64:3703:26)
    at div
    at div
    at div
    at LayoutView (http://restaurant21.lobytech.test:3002/src/components/Sidebar/index.tsx?t=1787527165311:31:20)
    at RenderedRoute (http://restaurant21.lobytech.test:3002/node_modules/.vite/deps/react-router-dom.js?v=23710b64:3310:5)
    at Routes (http://restaurant21.lobytech.test:3002/node_modules/.vite/deps/react-router-dom.js?v=23710b64:3763:5)
    at div
    at Router (http://restaurant21.lobytech.test:3002/node_modules/.vite/deps/react-router-dom.js?v=23710b64:3710:15)
    at BrowserRouter (http://restaurant21.lobytech.test:3002/node_modules/.vite/deps/react-router-dom.js?v=23710b64:4190:5)
    at Dashboard
    at QueryClientProvider2 (http://restaurant21.lobytech.test:3002/node_modules/.vite/deps/react-query.js?v=23710b64:2647:21)
    at Provider (http://restaurant21.lobytech.test:3002/node_modules/.vite/deps/react-redux.js?v=23710b64:1481:3)
    at App (http://restaurant21.lobytech.test:3002/src/App.tsx?t=1787530517857:31:7)
    at Provider (http://restaurant21.lobytech.test:3002/node_modules/.vite/deps/react-redux.js?v=23710b64:1481:3) @ http://restaurant21.lobytech.test:3002/node_modules/.vite/deps/chunk-GYWC62UC.js?v=23710b64:520
[    1300ms] [ERROR] Warning: Unexpected ref object provided for %s. Use either a ref-setter function or React.createRef().%s div 
    at div
    at div
    at DropdownPopover (http://restaurant21.lobytech.test:3002/src/presentation/views/Modules/Admin/Views/Asistencia/Dropdown/index.tsx?t=1787493067224:24:3)
    at td
    at tr
    at tbody
    at table
    at div
    at div
    at Piso1 (http://restaurant21.lobytech.test:3002/src/presentation/views/Modules/Admin/Views/Asistencia/Piso1/index.tsx?t=1787530517857:23:3)
    at div
    at div
    at Asistencia (http://restaurant21.lobytech.test:3002/src/presentation/views/Modules/Admin/Views/Asistencia/index.tsx?t=1787530517857:42:20)
    at RenderedRoute (http://restaurant21.lobytech.test:3002/node_modules/.vite/deps/react-router-dom.js?v=23710b64:3310:5)
    at Outlet (http://restaurant21.lobytech.test:3002/node_modules/.vite/deps/react-router-dom.js?v=23710b64:3703:26)
    at div
    at div
    at div
    at LayoutView (http://restaurant21.lobytech.test:3002/src/components/Sidebar/index.tsx?t=1787527165311:31:20)
    at RenderedRoute (http://restaurant21.lobytech.test:3002/node_modules/.vite/deps/react-router-dom.js?v=23710b64:3310:5)
    at Routes (http://restaurant21.lobytech.test:3002/node_modules/.vite/deps/react-router-dom.js?v=23710b64:3763:5)
    at div
    at Router (http://restaurant21.lobytech.test:3002/node_modules/.vite/deps/react-router-dom.js?v=23710b64:3710:15)
    at BrowserRouter (http://restaurant21.lobytech.test:3002/node_modules/.vite/deps/react-router-dom.js?v=23710b64:4190:5)
    at Dashboard
    at QueryClientProvider2 (http://restaurant21.lobytech.test:3002/node_modules/.vite/deps/react-query.js?v=23710b64:2647:21)
    at Provider (http://restaurant21.lobytech.test:3002/node_modules/.vite/deps/react-redux.js?v=23710b64:1481:3)
    at App (http://restaurant21.lobytech.test:3002/src/App.tsx?t=1787530517857:31:7)
    at Provider (http://restaurant21.lobytech.test:3002/node_modules/.vite/deps/react-redux.js?v=23710b64:1481:3) @ http://restaurant21.lobytech.test:3002/node_modules/.vite/deps/chunk-GYWC62UC.js?v=23710b64:520
[    1300ms] [ERROR] Warning: Unexpected ref object provided for %s. Use either a ref-setter function or React.createRef().%s div 
    at div
    at div
    at DropdownPopover (http://restaurant21.lobytech.test:3002/src/presentation/views/Modules/Admin/Views/Asistencia/Dropdown/index.tsx?t=1787493067224:24:3)
    at td
    at tr
    at tbody
    at table
    at div
    at div
    at Piso1 (http://restaurant21.lobytech.test:3002/src/presentation/views/Modules/Admin/Views/Asistencia/Piso1/index.tsx?t=1787530517857:23:3)
    at div
    at div
    at Asistencia (http://restaurant21.lobytech.test:3002/src/presentation/views/Modules/Admin/Views/Asistencia/index.tsx?t=1787530517857:42:20)
    at RenderedRoute (http://restaurant21.lobytech.test:3002/node_modules/.vite/deps/react-router-dom.js?v=23710b64:3310:5)
    at Outlet (http://restaurant21.lobytech.test:3002/node_modules/.vite/deps/react-router-dom.js?v=23710b64:3703:26)
    at div
    at div
    at div
    at LayoutView (http://restaurant21.lobytech.test:3002/src/components/Sidebar/index.tsx?t=1787527165311:31:20)
    at RenderedRoute (http://restaurant21.lobytech.test:3002/node_modules/.vite/deps/react-router-dom.js?v=23710b64:3310:5)
    at Routes (http://restaurant21.lobytech.test:3002/node_modules/.vite/deps/react-router-dom.js?v=23710b64:3763:5)
    at div
    at Router (http://restaurant21.lobytech.test:3002/node_modules/.vite/deps/react-router-dom.js?v=23710b64:3710:15)
    at BrowserRouter (http://restaurant21.lobytech.test:3002/node_modules/.vite/deps/react-router-dom.js?v=23710b64:4190:5)
    at Dashboard
    at QueryClientProvider2 (http://restaurant21.lobytech.test:3002/node_modules/.vite/deps/react-query.js?v=23710b64:2647:21)
    at Provider (http://restaurant21.lobytech.test:3002/node_modules/.vite/deps/react-redux.js?v=23710b64:1481:3)
    at App (http://restaurant21.lobytech.test:3002/src/App.tsx?t=1787530517857:31:7)
    at Provider (http://restaurant21.lobytech.test:3002/node_modules/.vite/deps/react-redux.js?v=23710b64:1481:3) @ http://restaurant21.lobytech.test:3002/node_modules/.vite/deps/chunk-GYWC62UC.js?v=23710b64:520
[    1300ms] [ERROR] Warning: Unexpected ref object provided for %s. Use either a ref-setter function or React.createRef().%s div 
    at div
    at div
    at DropdownPopover (http://restaurant21.lobytech.test:3002/src/presentation/views/Modules/Admin/Views/Asistencia/Dropdown/index.tsx?t=1787493067224:24:3)
    at td
    at tr
    at tbody
    at table
    at div
    at div
    at Piso1 (http://restaurant21.lobytech.test:3002/src/presentation/views/Modules/Admin/Views/Asistencia/Piso1/index.tsx?t=1787530517857:23:3)
    at div
    at div
    at Asistencia (http://restaurant21.lobytech.test:3002/src/presentation/views/Modules/Admin/Views/Asistencia/index.tsx?t=1787530517857:42:20)
    at RenderedRoute (http://restaurant21.lobytech.test:3002/node_modules/.vite/deps/react-router-dom.js?v=23710b64:3310:5)
    at Outlet (http://restaurant21.lobytech.test:3002/node_modules/.vite/deps/react-router-dom.js?v=23710b64:3703:26)
    at div
    at div
    at div
    at LayoutView (http://restaurant21.lobytech.test:3002/src/components/Sidebar/index.tsx?t=1787527165311:31:20)
    at RenderedRoute (http://restaurant21.lobytech.test:3002/node_modules/.vite/deps/react-router-dom.js?v=23710b64:3310:5)
    at Routes (http://restaurant21.lobytech.test:3002/node_modules/.vite/deps/react-router-dom.js?v=23710b64:3763:5)
    at div
    at Router (http://restaurant21.lobytech.test:3002/node_modules/.vite/deps/react-router-dom.js?v=23710b64:3710:15)
    at BrowserRouter (http://restaurant21.lobytech.test:3002/node_modules/.vite/deps/react-router-dom.js?v=23710b64:4190:5)
    at Dashboard
    at QueryClientProvider2 (http://restaurant21.lobytech.test:3002/node_modules/.vite/deps/react-query.js?v=23710b64:2647:21)
    at Provider (http://restaurant21.lobytech.test:3002/node_modules/.vite/deps/react-redux.js?v=23710b64:1481:3)
    at App (http://restaurant21.lobytech.test:3002/src/App.tsx?t=1787530517857:31:7)
    at Provider (http://restaurant21.lobytech.test:3002/node_modules/.vite/deps/react-redux.js?v=23710b64:1481:3) @ http://restaurant21.lobytech.test:3002/node_modules/.vite/deps/chunk-GYWC62UC.js?v=23710b64:520
[    1300ms] [ERROR] Warning: Unexpected ref object provided for %s. Use either a ref-setter function or React.createRef().%s div 
    at div
    at div
    at DropdownPopover (http://restaurant21.lobytech.test:3002/src/presentation/views/Modules/Admin/Views/Asistencia/Dropdown/index.tsx?t=1787493067224:24:3)
    at td
    at tr
    at tbody
    at table
    at div
    at div
    at Piso1 (http://restaurant21.lobytech.test:3002/src/presentation/views/Modules/Admin/Views/Asistencia/Piso1/index.tsx?t=1787530517857:23:3)
    at div
    at div
    at Asistencia (http://restaurant21.lobytech.test:3002/src/presentation/views/Modules/Admin/Views/Asistencia/index.tsx?t=1787530517857:42:20)
    at RenderedRoute (http://restaurant21.lobytech.test:3002/node_modules/.vite/deps/react-router-dom.js?v=23710b64:3310:5)
    at Outlet (http://restaurant21.lobytech.test:3002/node_modules/.vite/deps/react-router-dom.js?v=23710b64:3703:26)
    at div
    at div
    at div
    at LayoutView (http://restaurant21.lobytech.test:3002/src/components/Sidebar/index.tsx?t=1787527165311:31:20)
    at RenderedRoute (http://restaurant21.lobytech.test:3002/node_modules/.vite/deps/react-router-dom.js?v=23710b64:3310:5)
    at Routes (http://restaurant21.lobytech.test:3002/node_modules/.vite/deps/react-router-dom.js?v=23710b64:3763:5)
    at div
    at Router (http://restaurant21.lobytech.test:3002/node_modules/.vite/deps/react-router-dom.js?v=23710b64:3710:15)
    at BrowserRouter (http://restaurant21.lobytech.test:3002/node_modules/.vite/deps/react-router-dom.js?v=23710b64:4190:5)
    at Dashboard
    at QueryClientProvider2 (http://restaurant21.lobytech.test:3002/node_modules/.vite/deps/react-query.js?v=23710b64:2647:21)
    at Provider (http://restaurant21.lobytech.test:3002/node_modules/.vite/deps/react-redux.js?v=23710b64:1481:3)
    at App (http://restaurant21.lobytech.test:3002/src/App.tsx?t=1787530517857:31:7)
    at Provider (http://restaurant21.lobytech.test:3002/node_modules/.vite/deps/react-redux.js?v=23710b64:1481:3) @ http://restaurant21.lobytech.test:3002/node_modules/.vite/deps/chunk-GYWC62UC.js?v=23710b64:520
[    1301ms] [ERROR] Warning: Unexpected ref object provided for %s. Use either a ref-setter function or React.createRef().%s div 
    at div
    at div
    at DropdownPopover (http://restaurant21.lobytech.test:3002/src/presentation/views/Modules/Admin/Views/Asistencia/Dropdown/index.tsx?t=1787493067224:24:3)
    at td
    at tr
    at tbody
    at table
    at div
    at div
    at Piso1 (http://restaurant21.lobytech.test:3002/src/presentation/views/Modules/Admin/Views/Asistencia/Piso1/index.tsx?t=1787530517857:23:3)
    at div
    at div
    at Asistencia (http://restaurant21.lobytech.test:3002/src/presentation/views/Modules/Admin/Views/Asistencia/index.tsx?t=1787530517857:42:20)
    at RenderedRoute (http://restaurant21.lobytech.test:3002/node_modules/.vite/deps/react-router-dom.js?v=23710b64:3310:5)
    at Outlet (http://restaurant21.lobytech.test:3002/node_modules/.vite/deps/react-router-dom.js?v=23710b64:3703:26)
    at div
    at div
    at div
    at LayoutView (http://restaurant21.lobytech.test:3002/src/components/Sidebar/index.tsx?t=1787527165311:31:20)
    at RenderedRoute (http://restaurant21.lobytech.test:3002/node_modules/.vite/deps/react-router-dom.js?v=23710b64:3310:5)
    at Routes (http://restaurant21.lobytech.test:3002/node_modules/.vite/deps/react-router-dom.js?v=23710b64:3763:5)
    at div
    at Router (http://restaurant21.lobytech.test:3002/node_modules/.vite/deps/react-router-dom.js?v=23710b64:3710:15)
    at BrowserRouter (http://restaurant21.lobytech.test:3002/node_modules/.vite/deps/react-router-dom.js?v=23710b64:4190:5)
    at Dashboard
    at QueryClientProvider2 (http://restaurant21.lobytech.test:3002/node_modules/.vite/deps/react-query.js?v=23710b64:2647:21)
    at Provider (http://restaurant21.lobytech.test:3002/node_modules/.vite/deps/react-redux.js?v=23710b64:1481:3)
    at App (http://restaurant21.lobytech.test:3002/src/App.tsx?t=1787530517857:31:7)
    at Provider (http://restaurant21.lobytech.test:3002/node_modules/.vite/deps/react-redux.js?v=23710b64:1481:3) @ http://restaurant21.lobytech.test:3002/node_modules/.vite/deps/chunk-GYWC62UC.js?v=23710b64:520
[    1301ms] [ERROR] Warning: Unexpected ref object provided for %s. Use either a ref-setter function or React.createRef().%s div 
    at div
    at div
    at DropdownPopover (http://restaurant21.lobytech.test:3002/src/presentation/views/Modules/Admin/Views/Asistencia/Dropdown/index.tsx?t=1787493067224:24:3)
    at td
    at tr
    at tbody
    at table
    at div
    at div
    at Piso1 (http://restaurant21.lobytech.test:3002/src/presentation/views/Modules/Admin/Views/Asistencia/Piso1/index.tsx?t=1787530517857:23:3)
    at div
    at div
    at Asistencia (http://restaurant21.lobytech.test:3002/src/presentation/views/Modules/Admin/Views/Asistencia/index.tsx?t=1787530517857:42:20)
    at RenderedRoute (http://restaurant21.lobytech.test:3002/node_modules/.vite/deps/react-router-dom.js?v=23710b64:3310:5)
    at Outlet (http://restaurant21.lobytech.test:3002/node_modules/.vite/deps/react-router-dom.js?v=23710b64:3703:26)
    at div
    at div
    at div
    at LayoutView (http://restaurant21.lobytech.test:3002/src/components/Sidebar/index.tsx?t=1787527165311:31:20)
    at RenderedRoute (http://restaurant21.lobytech.test:3002/node_modules/.vite/deps/react-router-dom.js?v=23710b64:3310:5)
    at Routes (http://restaurant21.lobytech.test:3002/node_modules/.vite/deps/react-router-dom.js?v=23710b64:3763:5)
    at div
    at Router (http://restaurant21.lobytech.test:3002/node_modules/.vite/deps/react-router-dom.js?v=23710b64:3710:15)
    at BrowserRouter (http://restaurant21.lobytech.test:3002/node_modules/.vite/deps/react-router-dom.js?v=23710b64:4190:5)
    at Dashboard
    at QueryClientProvider2 (http://restaurant21.lobytech.test:3002/node_modules/.vite/deps/react-query.js?v=23710b64:2647:21)
    at Provider (http://restaurant21.lobytech.test:3002/node_modules/.vite/deps/react-redux.js?v=23710b64:1481:3)
    at App (http://restaurant21.lobytech.test:3002/src/App.tsx?t=1787530517857:31:7)
    at Provider (http://restaurant21.lobytech.test:3002/node_modules/.vite/deps/react-redux.js?v=23710b64:1481:3) @ http://restaurant21.lobytech.test:3002/node_modules/.vite/deps/chunk-GYWC62UC.js?v=23710b64:520
[    1301ms] [ERROR] Warning: Unexpected ref object provided for %s. Use either a ref-setter function or React.createRef().%s div 
    at div
    at div
    at DropdownPopover (http://restaurant21.lobytech.test:3002/src/presentation/views/Modules/Admin/Views/Asistencia/Dropdown/index.tsx?t=1787493067224:24:3)
    at td
    at tr
    at tbody
    at table
    at div
    at div
    at Piso1 (http://restaurant21.lobytech.test:3002/src/presentation/views/Modules/Admin/Views/Asistencia/Piso1/index.tsx?t=1787530517857:23:3)
    at div
    at div
    at Asistencia (http://restaurant21.lobytech.test:3002/src/presentation/views/Modules/Admin/Views/Asistencia/index.tsx?t=1787530517857:42:20)
    at RenderedRoute (http://restaurant21.lobytech.test:3002/node_modules/.vite/deps/react-router-dom.js?v=23710b64:3310:5)
    at Outlet (http://restaurant21.lobytech.test:3002/node_modules/.vite/deps/react-router-dom.js?v=23710b64:3703:26)
    at div
    at div
    at div
    at LayoutView (http://restaurant21.lobytech.test:3002/src/components/Sidebar/index.tsx?t=1787527165311:31:20)
    at RenderedRoute (http://restaurant21.lobytech.test:3002/node_modules/.vite/deps/react-router-dom.js?v=23710b64:3310:5)
    at Routes (http://restaurant21.lobytech.test:3002/node_modules/.vite/deps/react-router-dom.js?v=23710b64:3763:5)
    at div
    at Router (http://restaurant21.lobytech.test:3002/node_modules/.vite/deps/react-router-dom.js?v=23710b64:3710:15)
    at BrowserRouter (http://restaurant21.lobytech.test:3002/node_modules/.vite/deps/react-router-dom.js?v=23710b64:4190:5)
    at Dashboard
    at QueryClientProvider2 (http://restaurant21.lobytech.test:3002/node_modules/.vite/deps/react-query.js?v=23710b64:2647:21)
    at Provider (http://restaurant21.lobytech.test:3002/node_modules/.vite/deps/react-redux.js?v=23710b64:1481:3)
    at App (http://restaurant21.lobytech.test:3002/src/App.tsx?t=1787530517857:31:7)
    at Provider (http://restaurant21.lobytech.test:3002/node_modules/.vite/deps/react-redux.js?v=23710b64:1481:3) @ http://restaurant21.lobytech.test:3002/node_modules/.vite/deps/chunk-GYWC62UC.js?v=23710b64:520
[    1301ms] [ERROR] Warning: Unexpected ref object provided for %s. Use either a ref-setter function or React.createRef().%s div 
    at div
    at div
    at DropdownPopover (http://restaurant21.lobytech.test:3002/src/presentation/views/Modules/Admin/Views/Asistencia/Dropdown/index.tsx?t=1787493067224:24:3)
    at td
    at tr
    at tbody
    at table
    at div
    at div
    at Piso1 (http://restaurant21.lobytech.test:3002/src/presentation/views/Modules/Admin/Views/Asistencia/Piso1/index.tsx?t=1787530517857:23:3)
    at div
    at div
    at Asistencia (http://restaurant21.lobytech.test:3002/src/presentation/views/Modules/Admin/Views/Asistencia/index.tsx?t=1787530517857:42:20)
    at RenderedRoute (http://restaurant21.lobytech.test:3002/node_modules/.vite/deps/react-router-dom.js?v=23710b64:3310:5)
    at Outlet (http://restaurant21.lobytech.test:3002/node_modules/.vite/deps/react-router-dom.js?v=23710b64:3703:26)
    at div
    at div
    at div
    at LayoutView (http://restaurant21.lobytech.test:3002/src/components/Sidebar/index.tsx?t=1787527165311:31:20)
    at RenderedRoute (http://restaurant21.lobytech.test:3002/node_modules/.vite/deps/react-router-dom.js?v=23710b64:3310:5)
    at Routes (http://restaurant21.lobytech.test:3002/node_modules/.vite/deps/react-router-dom.js?v=23710b64:3763:5)
    at div
    at Router (http://restaurant21.lobytech.test:3002/node_modules/.vite/deps/react-router-dom.js?v=23710b64:3710:15)
    at BrowserRouter (http://restaurant21.lobytech.test:3002/node_modules/.vite/deps/react-router-dom.js?v=23710b64:4190:5)
    at Dashboard
    at QueryClientProvider2 (http://restaurant21.lobytech.test:3002/node_modules/.vite/deps/react-query.js?v=23710b64:2647:21)
    at Provider (http://restaurant21.lobytech.test:3002/node_modules/.vite/deps/react-redux.js?v=23710b64:1481:3)
    at App (http://restaurant21.lobytech.test:3002/src/App.tsx?t=1787530517857:31:7)
    at Provider (http://restaurant21.lobytech.test:3002/node_modules/.vite/deps/react-redux.js?v=23710b64:1481:3) @ http://restaurant21.lobytech.test:3002/node_modules/.vite/deps/chunk-GYWC62UC.js?v=23710b64:520
[    1302ms] [ERROR] Warning: Unexpected ref object provided for %s. Use either a ref-setter function or React.createRef().%s div 
    at div
    at div
    at DropdownPopover (http://restaurant21.lobytech.test:3002/src/presentation/views/Modules/Admin/Views/Asistencia/Dropdown/index.tsx?t=1787493067224:24:3)
    at td
    at tr
    at tbody
    at table
    at div
    at div
    at Piso1 (http://restaurant21.lobytech.test:3002/src/presentation/views/Modules/Admin/Views/Asistencia/Piso1/index.tsx?t=1787530517857:23:3)
    at div
    at div
    at Asistencia (http://restaurant21.lobytech.test:3002/src/presentation/views/Modules/Admin/Views/Asistencia/index.tsx?t=1787530517857:42:20)
    at RenderedRoute (http://restaurant21.lobytech.test:3002/node_modules/.vite/deps/react-router-dom.js?v=23710b64:3310:5)
    at Outlet (http://restaurant21.lobytech.test:3002/node_modules/.vite/deps/react-router-dom.js?v=23710b64:3703:26)
    at div
    at div
    at div
    at LayoutView (http://restaurant21.lobytech.test:3002/src/components/Sidebar/index.tsx?t=1787527165311:31:20)
    at RenderedRoute (http://restaurant21.lobytech.test:3002/node_modules/.vite/deps/react-router-dom.js?v=23710b64:3310:5)
    at Routes (http://restaurant21.lobytech.test:3002/node_modules/.vite/deps/react-router-dom.js?v=23710b64:3763:5)
    at div
    at Router (http://restaurant21.lobytech.test:3002/node_modules/.vite/deps/react-router-dom.js?v=23710b64:3710:15)
    at BrowserRouter (http://restaurant21.lobytech.test:3002/node_modules/.vite/deps/react-router-dom.js?v=23710b64:4190:5)
    at Dashboard
    at QueryClientProvider2 (http://restaurant21.lobytech.test:3002/node_modules/.vite/deps/react-query.js?v=23710b64:2647:21)
    at Provider (http://restaurant21.lobytech.test:3002/node_modules/.vite/deps/react-redux.js?v=23710b64:1481:3)
    at App (http://restaurant21.lobytech.test:3002/src/App.tsx?t=1787530517857:31:7)
    at Provider (http://restaurant21.lobytech.test:3002/node_modules/.vite/deps/react-redux.js?v=23710b64:1481:3) @ http://restaurant21.lobytech.test:3002/node_modules/.vite/deps/chunk-GYWC62UC.js?v=23710b64:520
[    1302ms] [ERROR] Warning: Unexpected ref object provided for %s. Use either a ref-setter function or React.createRef().%s div 
    at div
    at div
    at DropdownPopover (http://restaurant21.lobytech.test:3002/src/presentation/views/Modules/Admin/Views/Asistencia/Dropdown/index.tsx?t=1787493067224:24:3)
    at td
    at tr
    at tbody
    at table
    at div
    at div
    at Piso1 (http://restaurant21.lobytech.test:3002/src/presentation/views/Modules/Admin/Views/Asistencia/Piso1/index.tsx?t=1787530517857:23:3)
    at div
    at div
    at Asistencia (http://restaurant21.lobytech.test:3002/src/presentation/views/Modules/Admin/Views/Asistencia/index.tsx?t=1787530517857:42:20)
    at RenderedRoute (http://restaurant21.lobytech.test:3002/node_modules/.vite/deps/react-router-dom.js?v=23710b64:3310:5)
    at Outlet (http://restaurant21.lobytech.test:3002/node_modules/.vite/deps/react-router-dom.js?v=23710b64:3703:26)
    at div
    at div
    at div
    at LayoutView (http://restaurant21.lobytech.test:3002/src/components/Sidebar/index.tsx?t=1787527165311:31:20)
    at RenderedRoute (http://restaurant21.lobytech.test:3002/node_modules/.vite/deps/react-router-dom.js?v=23710b64:3310:5)
    at Routes (http://restaurant21.lobytech.test:3002/node_modules/.vite/deps/react-router-dom.js?v=23710b64:3763:5)
    at div
    at Router (http://restaurant21.lobytech.test:3002/node_modules/.vite/deps/react-router-dom.js?v=23710b64:3710:15)
    at BrowserRouter (http://restaurant21.lobytech.test:3002/node_modules/.vite/deps/react-router-dom.js?v=23710b64:4190:5)
    at Dashboard
    at QueryClientProvider2 (http://restaurant21.lobytech.test:3002/node_modules/.vite/deps/react-query.js?v=23710b64:2647:21)
    at Provider (http://restaurant21.lobytech.test:3002/node_modules/.vite/deps/react-redux.js?v=23710b64:1481:3)
    at App (http://restaurant21.lobytech.test:3002/src/App.tsx?t=1787530517857:31:7)
    at Provider (http://restaurant21.lobytech.test:3002/node_modules/.vite/deps/react-redux.js?v=23710b64:1481:3) @ http://restaurant21.lobytech.test:3002/node_modules/.vite/deps/chunk-GYWC62UC.js?v=23710b64:520
[    1302ms] [ERROR] Warning: Unexpected ref object provided for %s. Use either a ref-setter function or React.createRef().%s div 
    at div
    at div
    at DropdownPopover (http://restaurant21.lobytech.test:3002/src/presentation/views/Modules/Admin/Views/Asistencia/Dropdown/index.tsx?t=1787493067224:24:3)
    at td
    at tr
    at tbody
    at table
    at div
    at div
    at Piso1 (http://restaurant21.lobytech.test:3002/src/presentation/views/Modules/Admin/Views/Asistencia/Piso1/index.tsx?t=1787530517857:23:3)
    at div
    at div
    at Asistencia (http://restaurant21.lobytech.test:3002/src/presentation/views/Modules/Admin/Views/Asistencia/index.tsx?t=1787530517857:42:20)
    at RenderedRoute (http://restaurant21.lobytech.test:3002/node_modules/.vite/deps/react-router-dom.js?v=23710b64:3310:5)
    at Outlet (http://restaurant21.lobytech.test:3002/node_modules/.vite/deps/react-router-dom.js?v=23710b64:3703:26)
    at div
    at div
    at div
    at LayoutView (http://restaurant21.lobytech.test:3002/src/components/Sidebar/index.tsx?t=1787527165311:31:20)
    at RenderedRoute (http://restaurant21.lobytech.test:3002/node_modules/.vite/deps/react-router-dom.js?v=23710b64:3310:5)
    at Routes (http://restaurant21.lobytech.test:3002/node_modules/.vite/deps/react-router-dom.js?v=23710b64:3763:5)
    at div
    at Router (http://restaurant21.lobytech.test:3002/node_modules/.vite/deps/react-router-dom.js?v=23710b64:3710:15)
    at BrowserRouter (http://restaurant21.lobytech.test:3002/node_modules/.vite/deps/react-router-dom.js?v=23710b64:4190:5)
    at Dashboard
    at QueryClientProvider2 (http://restaurant21.lobytech.test:3002/node_modules/.vite/deps/react-query.js?v=23710b64:2647:21)
    at Provider (http://restaurant21.lobytech.test:3002/node_modules/.vite/deps/react-redux.js?v=23710b64:1481:3)
    at App (http://restaurant21.lobytech.test:3002/src/App.tsx?t=1787530517857:31:7)
    at Provider (http://restaurant21.lobytech.test:3002/node_modules/.vite/deps/react-redux.js?v=23710b64:1481:3) @ http://restaurant21.lobytech.test:3002/node_modules/.vite/deps/chunk-GYWC62UC.js?v=23710b64:520
[    1302ms] [ERROR] Warning: Unexpected ref object provided for %s. Use either a ref-setter function or React.createRef().%s div 
    at div
    at div
    at DropdownPopover (http://restaurant21.lobytech.test:3002/src/presentation/views/Modules/Admin/Views/Asistencia/Dropdown/index.tsx?t=1787493067224:24:3)
    at td
    at tr
    at tbody
    at table
    at div
    at div
    at Piso1 (http://restaurant21.lobytech.test:3002/src/presentation/views/Modules/Admin/Views/Asistencia/Piso1/index.tsx?t=1787530517857:23:3)
    at div
    at div
    at Asistencia (http://restaurant21.lobytech.test:3002/src/presentation/views/Modules/Admin/Views/Asistencia/index.tsx?t=1787530517857:42:20)
    at RenderedRoute (http://restaurant21.lobytech.test:3002/node_modules/.vite/deps/react-router-dom.js?v=23710b64:3310:5)
    at Outlet (http://restaurant21.lobytech.test:3002/node_modules/.vite/deps/react-router-dom.js?v=23710b64:3703:26)
    at div
    at div
    at div
    at LayoutView (http://restaurant21.lobytech.test:3002/src/components/Sidebar/index.tsx?t=1787527165311:31:20)
    at RenderedRoute (http://restaurant21.lobytech.test:3002/node_modules/.vite/deps/react-router-dom.js?v=23710b64:3310:5)
    at Routes (http://restaurant21.lobytech.test:3002/node_modules/.vite/deps/react-router-dom.js?v=23710b64:3763:5)
    at div
    at Router (http://restaurant21.lobytech.test:3002/node_modules/.vite/deps/react-router-dom.js?v=23710b64:3710:15)
    at BrowserRouter (http://restaurant21.lobytech.test:3002/node_modules/.vite/deps/react-router-dom.js?v=23710b64:4190:5)
    at Dashboard
    at QueryClientProvider2 (http://restaurant21.lobytech.test:3002/node_modules/.vite/deps/react-query.js?v=23710b64:2647:21)
    at Provider (http://restaurant21.lobytech.test:3002/node_modules/.vite/deps/react-redux.js?v=23710b64:1481:3)
    at App (http://restaurant21.lobytech.test:3002/src/App.tsx?t=1787530517857:31:7)
    at Provider (http://restaurant21.lobytech.test:3002/node_modules/.vite/deps/react-redux.js?v=23710b64:1481:3) @ http://restaurant21.lobytech.test:3002/node_modules/.vite/deps/chunk-GYWC62UC.js?v=23710b64:520
[    1302ms] [ERROR] Warning: Unexpected ref object provided for %s. Use either a ref-setter function or React.createRef().%s div 
    at div
    at div
    at DropdownPopover (http://restaurant21.lobytech.test:3002/src/presentation/views/Modules/Admin/Views/Asistencia/Dropdown/index.tsx?t=1787493067224:24:3)
    at td
    at tr
    at tbody
    at table
    at div
    at div
    at Piso1 (http://restaurant21.lobytech.test:3002/src/presentation/views/Modules/Admin/Views/Asistencia/Piso1/index.tsx?t=1787530517857:23:3)
    at div
    at div
    at Asistencia (http://restaurant21.lobytech.test:3002/src/presentation/views/Modules/Admin/Views/Asistencia/index.tsx?t=1787530517857:42:20)
    at RenderedRoute (http://restaurant21.lobytech.test:3002/node_modules/.vite/deps/react-router-dom.js?v=23710b64:3310:5)
    at Outlet (http://restaurant21.lobytech.test:3002/node_modules/.vite/deps/react-router-dom.js?v=23710b64:3703:26)
    at div
    at div
    at div
    at LayoutView (http://restaurant21.lobytech.test:3002/src/components/Sidebar/index.tsx?t=1787527165311:31:20)
    at RenderedRoute (http://restaurant21.lobytech.test:3002/node_modules/.vite/deps/react-router-dom.js?v=23710b64:3310:5)
    at Routes (http://restaurant21.lobytech.test:3002/node_modules/.vite/deps/react-router-dom.js?v=23710b64:3763:5)
    at div
    at Router (http://restaurant21.lobytech.test:3002/node_modules/.vite/deps/react-router-dom.js?v=23710b64:3710:15)
    at BrowserRouter (http://restaurant21.lobytech.test:3002/node_modules/.vite/deps/react-router-dom.js?v=23710b64:4190:5)
    at Dashboard
    at QueryClientProvider2 (http://restaurant21.lobytech.test:3002/node_modules/.vite/deps/react-query.js?v=23710b64:2647:21)
    at Provider (http://restaurant21.lobytech.test:3002/node_modules/.vite/deps/react-redux.js?v=23710b64:1481:3)
    at App (http://restaurant21.lobytech.test:3002/src/App.tsx?t=1787530517857:31:7)
    at Provider (http://restaurant21.lobytech.test:3002/node_modules/.vite/deps/react-redux.js?v=23710b64:1481:3) @ http://restaurant21.lobytech.test:3002/node_modules/.vite/deps/chunk-GYWC62UC.js?v=23710b64:520
[    1303ms] [ERROR] Warning: Unexpected ref object provided for %s. Use either a ref-setter function or React.createRef().%s div 
    at div
    at div
    at DropdownPopover (http://restaurant21.lobytech.test:3002/src/presentation/views/Modules/Admin/Views/Asistencia/Dropdown/index.tsx?t=1787493067224:24:3)
    at td
    at tr
    at tbody
    at table
    at div
    at div
    at Piso1 (http://restaurant21.lobytech.test:3002/src/presentation/views/Modules/Admin/Views/Asistencia/Piso1/index.tsx?t=1787530517857:23:3)
    at div
    at div
    at Asistencia (http://restaurant21.lobytech.test:3002/src/presentation/views/Modules/Admin/Views/Asistencia/index.tsx?t=1787530517857:42:20)
    at RenderedRoute (http://restaurant21.lobytech.test:3002/node_modules/.vite/deps/react-router-dom.js?v=23710b64:3310:5)
    at Outlet (http://restaurant21.lobytech.test:3002/node_modules/.vite/deps/react-router-dom.js?v=23710b64:3703:26)
    at div
    at div
    at div
    at LayoutView (http://restaurant21.lobytech.test:3002/src/components/Sidebar/index.tsx?t=1787527165311:31:20)
    at RenderedRoute (http://restaurant21.lobytech.test:3002/node_modules/.vite/deps/react-router-dom.js?v=23710b64:3310:5)
    at Routes (http://restaurant21.lobytech.test:3002/node_modules/.vite/deps/react-router-dom.js?v=23710b64:3763:5)
    at div
    at Router (http://restaurant21.lobytech.test:3002/node_modules/.vite/deps/react-router-dom.js?v=23710b64:3710:15)
    at BrowserRouter (http://restaurant21.lobytech.test:3002/node_modules/.vite/deps/react-router-dom.js?v=23710b64:4190:5)
    at Dashboard
    at QueryClientProvider2 (http://restaurant21.lobytech.test:3002/node_modules/.vite/deps/react-query.js?v=23710b64:2647:21)
    at Provider (http://restaurant21.lobytech.test:3002/node_modules/.vite/deps/react-redux.js?v=23710b64:1481:3)
    at App (http://restaurant21.lobytech.test:3002/src/App.tsx?t=1787530517857:31:7)
    at Provider (http://restaurant21.lobytech.test:3002/node_modules/.vite/deps/react-redux.js?v=23710b64:1481:3) @ http://restaurant21.lobytech.test:3002/node_modules/.vite/deps/chunk-GYWC62UC.js?v=23710b64:520
[    1303ms] [ERROR] Warning: Unexpected ref object provided for %s. Use either a ref-setter function or React.createRef().%s div 
    at div
    at div
    at DropdownPopover (http://restaurant21.lobytech.test:3002/src/presentation/views/Modules/Admin/Views/Asistencia/Dropdown/index.tsx?t=1787493067224:24:3)
    at td
    at tr
    at tbody
    at table
    at div
    at div
    at Piso1 (http://restaurant21.lobytech.test:3002/src/presentation/views/Modules/Admin/Views/Asistencia/Piso1/index.tsx?t=1787530517857:23:3)
    at div
    at div
    at Asistencia (http://restaurant21.lobytech.test:3002/src/presentation/views/Modules/Admin/Views/Asistencia/index.tsx?t=1787530517857:42:20)
    at RenderedRoute (http://restaurant21.lobytech.test:3002/node_modules/.vite/deps/react-router-dom.js?v=23710b64:3310:5)
    at Outlet (http://restaurant21.lobytech.test:3002/node_modules/.vite/deps/react-router-dom.js?v=23710b64:3703:26)
    at div
    at div
    at div
    at LayoutView (http://restaurant21.lobytech.test:3002/src/components/Sidebar/index.tsx?t=1787527165311:31:20)
    at RenderedRoute (http://restaurant21.lobytech.test:3002/node_modules/.vite/deps/react-router-dom.js?v=23710b64:3310:5)
    at Routes (http://restaurant21.lobytech.test:3002/node_modules/.vite/deps/react-router-dom.js?v=23710b64:3763:5)
    at div
    at Router (http://restaurant21.lobytech.test:3002/node_modules/.vite/deps/react-router-dom.js?v=23710b64:3710:15)
    at BrowserRouter (http://restaurant21.lobytech.test:3002/node_modules/.vite/deps/react-router-dom.js?v=23710b64:4190:5)
    at Dashboard
    at QueryClientProvider2 (http://restaurant21.lobytech.test:3002/node_modules/.vite/deps/react-query.js?v=23710b64:2647:21)
    at Provider (http://restaurant21.lobytech.test:3002/node_modules/.vite/deps/react-redux.js?v=23710b64:1481:3)
    at App (http://restaurant21.lobytech.test:3002/src/App.tsx?t=1787530517857:31:7)
    at Provider (http://restaurant21.lobytech.test:3002/node_modules/.vite/deps/react-redux.js?v=23710b64:1481:3) @ http://restaurant21.lobytech.test:3002/node_modules/.vite/deps/chunk-GYWC62UC.js?v=23710b64:520
[    1303ms] [ERROR] Warning: Unexpected ref object provided for %s. Use either a ref-setter function or React.createRef().%s div 
    at div
    at div
    at DropdownPopover (http://restaurant21.lobytech.test:3002/src/presentation/views/Modules/Admin/Views/Asistencia/Dropdown/index.tsx?t=1787493067224:24:3)
    at td
    at tr
    at tbody
    at table
    at div
    at div
    at Piso1 (http://restaurant21.lobytech.test:3002/src/presentation/views/Modules/Admin/Views/Asistencia/Piso1/index.tsx?t=1787530517857:23:3)
    at div
    at div
    at Asistencia (http://restaurant21.lobytech.test:3002/src/presentation/views/Modules/Admin/Views/Asistencia/index.tsx?t=1787530517857:42:20)
    at RenderedRoute (http://restaurant21.lobytech.test:3002/node_modules/.vite/deps/react-router-dom.js?v=23710b64:3310:5)
    at Outlet (http://restaurant21.lobytech.test:3002/node_modules/.vite/deps/react-router-dom.js?v=23710b64:3703:26)
    at div
    at div
    at div
    at LayoutView (http://restaurant21.lobytech.test:3002/src/components/Sidebar/index.tsx?t=1787527165311:31:20)
    at RenderedRoute (http://restaurant21.lobytech.test:3002/node_modules/.vite/deps/react-router-dom.js?v=23710b64:3310:5)
    at Routes (http://restaurant21.lobytech.test:3002/node_modules/.vite/deps/react-router-dom.js?v=23710b64:3763:5)
    at div
    at Router (http://restaurant21.lobytech.test:3002/node_modules/.vite/deps/react-router-dom.js?v=23710b64:3710:15)
    at BrowserRouter (http://restaurant21.lobytech.test:3002/node_modules/.vite/deps/react-router-dom.js?v=23710b64:4190:5)
    at Dashboard
    at QueryClientProvider2 (http://restaurant21.lobytech.test:3002/node_modules/.vite/deps/react-query.js?v=23710b64:2647:21)
    at Provider (http://restaurant21.lobytech.test:3002/node_modules/.vite/deps/react-redux.js?v=23710b64:1481:3)
    at App (http://restaurant21.lobytech.test:3002/src/App.tsx?t=1787530517857:31:7)
    at Provider (http://restaurant21.lobytech.test:3002/node_modules/.vite/deps/react-redux.js?v=23710b64:1481:3) @ http://restaurant21.lobytech.test:3002/node_modules/.vite/deps/chunk-GYWC62UC.js?v=23710b64:520
[    1303ms] [ERROR] Warning: Unexpected ref object provided for %s. Use either a ref-setter function or React.createRef().%s div 
    at div
    at div
    at DropdownPopover (http://restaurant21.lobytech.test:3002/src/presentation/views/Modules/Admin/Views/Asistencia/Dropdown/index.tsx?t=1787493067224:24:3)
    at td
    at tr
    at tbody
    at table
    at div
    at div
    at Piso1 (http://restaurant21.lobytech.test:3002/src/presentation/views/Modules/Admin/Views/Asistencia/Piso1/index.tsx?t=1787530517857:23:3)
    at div
    at div
    at Asistencia (http://restaurant21.lobytech.test:3002/src/presentation/views/Modules/Admin/Views/Asistencia/index.tsx?t=1787530517857:42:20)
    at RenderedRoute (http://restaurant21.lobytech.test:3002/node_modules/.vite/deps/react-router-dom.js?v=23710b64:3310:5)
    at Outlet (http://restaurant21.lobytech.test:3002/node_modules/.vite/deps/react-router-dom.js?v=23710b64:3703:26)
    at div
    at div
    at div
    at LayoutView (http://restaurant21.lobytech.test:3002/src/components/Sidebar/index.tsx?t=1787527165311:31:20)
    at RenderedRoute (http://restaurant21.lobytech.test:3002/node_modules/.vite/deps/react-router-dom.js?v=23710b64:3310:5)
    at Routes (http://restaurant21.lobytech.test:3002/node_modules/.vite/deps/react-router-dom.js?v=23710b64:3763:5)
    at div
    at Router (http://restaurant21.lobytech.test:3002/node_modules/.vite/deps/react-router-dom.js?v=23710b64:3710:15)
    at BrowserRouter (http://restaurant21.lobytech.test:3002/node_modules/.vite/deps/react-router-dom.js?v=23710b64:4190:5)
    at Dashboard
    at QueryClientProvider2 (http://restaurant21.lobytech.test:3002/node_modules/.vite/deps/react-query.js?v=23710b64:2647:21)
    at Provider (http://restaurant21.lobytech.test:3002/node_modules/.vite/deps/react-redux.js?v=23710b64:1481:3)
    at App (http://restaurant21.lobytech.test:3002/src/App.tsx?t=1787530517857:31:7)
    at Provider (http://restaurant21.lobytech.test:3002/node_modules/.vite/deps/react-redux.js?v=23710b64:1481:3) @ http://restaurant21.lobytech.test:3002/node_modules/.vite/deps/chunk-GYWC62UC.js?v=23710b64:520
[    1304ms] [ERROR] Warning: Unexpected ref object provided for %s. Use either a ref-setter function or React.createRef().%s div 
    at div
    at div
    at DropdownPopover (http://restaurant21.lobytech.test:3002/src/presentation/views/Modules/Admin/Views/Asistencia/Dropdown/index.tsx?t=1787493067224:24:3)
    at td
    at tr
    at tbody
    at table
    at div
    at div
    at Piso1 (http://restaurant21.lobytech.test:3002/src/presentation/views/Modules/Admin/Views/Asistencia/Piso1/index.tsx?t=1787530517857:23:3)
    at div
    at div
    at Asistencia (http://restaurant21.lobytech.test:3002/src/presentation/views/Modules/Admin/Views/Asistencia/index.tsx?t=1787530517857:42:20)
    at RenderedRoute (http://restaurant21.lobytech.test:3002/node_modules/.vite/deps/react-router-dom.js?v=23710b64:3310:5)
    at Outlet (http://restaurant21.lobytech.test:3002/node_modules/.vite/deps/react-router-dom.js?v=23710b64:3703:26)
    at div
    at div
    at div
    at LayoutView (http://restaurant21.lobytech.test:3002/src/components/Sidebar/index.tsx?t=1787527165311:31:20)
    at RenderedRoute (http://restaurant21.lobytech.test:3002/node_modules/.vite/deps/react-router-dom.js?v=23710b64:3310:5)
    at Routes (http://restaurant21.lobytech.test:3002/node_modules/.vite/deps/react-router-dom.js?v=23710b64:3763:5)
    at div
    at Router (http://restaurant21.lobytech.test:3002/node_modules/.vite/deps/react-router-dom.js?v=23710b64:3710:15)
    at BrowserRouter (http://restaurant21.lobytech.test:3002/node_modules/.vite/deps/react-router-dom.js?v=23710b64:4190:5)
    at Dashboard
    at QueryClientProvider2 (http://restaurant21.lobytech.test:3002/node_modules/.vite/deps/react-query.js?v=23710b64:2647:21)
    at Provider (http://restaurant21.lobytech.test:3002/node_modules/.vite/deps/react-redux.js?v=23710b64:1481:3)
    at App (http://restaurant21.lobytech.test:3002/src/App.tsx?t=1787530517857:31:7)
    at Provider (http://restaurant21.lobytech.test:3002/node_modules/.vite/deps/react-redux.js?v=23710b64:1481:3) @ http://restaurant21.lobytech.test:3002/node_modules/.vite/deps/chunk-GYWC62UC.js?v=23710b64:520
[    1304ms] [ERROR] Warning: Unexpected ref object provided for %s. Use either a ref-setter function or React.createRef().%s div 
    at div
    at div
    at DropdownPopover (http://restaurant21.lobytech.test:3002/src/presentation/views/Modules/Admin/Views/Asistencia/Dropdown/index.tsx?t=1787493067224:24:3)
    at td
    at tr
    at tbody
    at table
    at div
    at div
    at Piso1 (http://restaurant21.lobytech.test:3002/src/presentation/views/Modules/Admin/Views/Asistencia/Piso1/index.tsx?t=1787530517857:23:3)
    at div
    at div
    at Asistencia (http://restaurant21.lobytech.test:3002/src/presentation/views/Modules/Admin/Views/Asistencia/index.tsx?t=1787530517857:42:20)
    at RenderedRoute (http://restaurant21.lobytech.test:3002/node_modules/.vite/deps/react-router-dom.js?v=23710b64:3310:5)
    at Outlet (http://restaurant21.lobytech.test:3002/node_modules/.vite/deps/react-router-dom.js?v=23710b64:3703:26)
    at div
    at div
    at div
    at LayoutView (http://restaurant21.lobytech.test:3002/src/components/Sidebar/index.tsx?t=1787527165311:31:20)
    at RenderedRoute (http://restaurant21.lobytech.test:3002/node_modules/.vite/deps/react-router-dom.js?v=23710b64:3310:5)
    at Routes (http://restaurant21.lobytech.test:3002/node_modules/.vite/deps/react-router-dom.js?v=23710b64:3763:5)
    at div
    at Router (http://restaurant21.lobytech.test:3002/node_modules/.vite/deps/react-router-dom.js?v=23710b64:3710:15)
    at BrowserRouter (http://restaurant21.lobytech.test:3002/node_modules/.vite/deps/react-router-dom.js?v=23710b64:4190:5)
    at Dashboard
    at QueryClientProvider2 (http://restaurant21.lobytech.test:3002/node_modules/.vite/deps/react-query.js?v=23710b64:2647:21)
    at Provider (http://restaurant21.lobytech.test:3002/node_modules/.vite/deps/react-redux.js?v=23710b64:1481:3)
    at App (http://restaurant21.lobytech.test:3002/src/App.tsx?t=1787530517857:31:7)
    at Provider (http://restaurant21.lobytech.test:3002/node_modules/.vite/deps/react-redux.js?v=23710b64:1481:3) @ http://restaurant21.lobytech.test:3002/node_modules/.vite/deps/chunk-GYWC62UC.js?v=23710b64:520
[    1304ms] [ERROR] Warning: Unexpected ref object provided for %s. Use either a ref-setter function or React.createRef().%s div 
    at div
    at div
    at DropdownPopover (http://restaurant21.lobytech.test:3002/src/presentation/views/Modules/Admin/Views/Asistencia/Dropdown/index.tsx?t=1787493067224:24:3)
    at td
    at tr
    at tbody
    at table
    at div
    at div
    at Piso1 (http://restaurant21.lobytech.test:3002/src/presentation/views/Modules/Admin/Views/Asistencia/Piso1/index.tsx?t=1787530517857:23:3)
    at div
    at div
    at Asistencia (http://restaurant21.lobytech.test:3002/src/presentation/views/Modules/Admin/Views/Asistencia/index.tsx?t=1787530517857:42:20)
    at RenderedRoute (http://restaurant21.lobytech.test:3002/node_modules/.vite/deps/react-router-dom.js?v=23710b64:3310:5)
    at Outlet (http://restaurant21.lobytech.test:3002/node_modules/.vite/deps/react-router-dom.js?v=23710b64:3703:26)
    at div
    at div
    at div
    at LayoutView (http://restaurant21.lobytech.test:3002/src/components/Sidebar/index.tsx?t=1787527165311:31:20)
    at RenderedRoute (http://restaurant21.lobytech.test:3002/node_modules/.vite/deps/react-router-dom.js?v=23710b64:3310:5)
    at Routes (http://restaurant21.lobytech.test:3002/node_modules/.vite/deps/react-router-dom.js?v=23710b64:3763:5)
    at div
    at Router (http://restaurant21.lobytech.test:3002/node_modules/.vite/deps/react-router-dom.js?v=23710b64:3710:15)
    at BrowserRouter (http://restaurant21.lobytech.test:3002/node_modules/.vite/deps/react-router-dom.js?v=23710b64:4190:5)
    at Dashboard
    at QueryClientProvider2 (http://restaurant21.lobytech.test:3002/node_modules/.vite/deps/react-query.js?v=23710b64:2647:21)
    at Provider (http://restaurant21.lobytech.test:3002/node_modules/.vite/deps/react-redux.js?v=23710b64:1481:3)
    at App (http://restaurant21.lobytech.test:3002/src/App.tsx?t=1787530517857:31:7)
    at Provider (http://restaurant21.lobytech.test:3002/node_modules/.vite/deps/react-redux.js?v=23710b64:1481:3) @ http://restaurant21.lobytech.test:3002/node_modules/.vite/deps/chunk-GYWC62UC.js?v=23710b64:520
[    1307ms] [ERROR] Warning: Unexpected ref object provided for %s. Use either a ref-setter function or React.createRef().%s div 
    at div
    at div
    at DropdownPopover (http://restaurant21.lobytech.test:3002/src/presentation/views/Modules/Admin/Views/Asistencia/Dropdown/index.tsx?t=1787493067224:24:3)
    at td
    at tr
    at tbody
    at table
    at div
    at div
    at Piso2 (http://restaurant21.lobytech.test:3002/src/presentation/views/Modules/Admin/Views/Asistencia/Piso2/index.tsx?t=1787530517857:23:3)
    at div
    at div
    at Asistencia (http://restaurant21.lobytech.test:3002/src/presentation/views/Modules/Admin/Views/Asistencia/index.tsx?t=1787530517857:42:20)
    at RenderedRoute (http://restaurant21.lobytech.test:3002/node_modules/.vite/deps/react-router-dom.js?v=23710b64:3310:5)
    at Outlet (http://restaurant21.lobytech.test:3002/node_modules/.vite/deps/react-router-dom.js?v=23710b64:3703:26)
    at div
    at div
    at div
    at LayoutView (http://restaurant21.lobytech.test:3002/src/components/Sidebar/index.tsx?t=1787527165311:31:20)
    at RenderedRoute (http://restaurant21.lobytech.test:3002/node_modules/.vite/deps/react-router-dom.js?v=23710b64:3310:5)
    at Routes (http://restaurant21.lobytech.test:3002/node_modules/.vite/deps/react-router-dom.js?v=23710b64:3763:5)
    at div
    at Router (http://restaurant21.lobytech.test:3002/node_modules/.vite/deps/react-router-dom.js?v=23710b64:3710:15)
    at BrowserRouter (http://restaurant21.lobytech.test:3002/node_modules/.vite/deps/react-router-dom.js?v=23710b64:4190:5)
    at Dashboard
    at QueryClientProvider2 (http://restaurant21.lobytech.test:3002/node_modules/.vite/deps/react-query.js?v=23710b64:2647:21)
    at Provider (http://restaurant21.lobytech.test:3002/node_modules/.vite/deps/react-redux.js?v=23710b64:1481:3)
    at App (http://restaurant21.lobytech.test:3002/src/App.tsx?t=1787530517857:31:7)
    at Provider (http://restaurant21.lobytech.test:3002/node_modules/.vite/deps/react-redux.js?v=23710b64:1481:3) @ http://restaurant21.lobytech.test:3002/node_modules/.vite/deps/chunk-GYWC62UC.js?v=23710b64:520
[    1308ms] [ERROR] Warning: Unexpected ref object provided for %s. Use either a ref-setter function or React.createRef().%s div 
    at div
    at div
    at DropdownPopover (http://restaurant21.lobytech.test:3002/src/presentation/views/Modules/Admin/Views/Asistencia/Dropdown/index.tsx?t=1787493067224:24:3)
    at td
    at tr
    at tbody
    at table
    at div
    at div
    at Piso2 (http://restaurant21.lobytech.test:3002/src/presentation/views/Modules/Admin/Views/Asistencia/Piso2/index.tsx?t=1787530517857:23:3)
    at div
    at div
    at Asistencia (http://restaurant21.lobytech.test:3002/src/presentation/views/Modules/Admin/Views/Asistencia/index.tsx?t=1787530517857:42:20)
    at RenderedRoute (http://restaurant21.lobytech.test:3002/node_modules/.vite/deps/react-router-dom.js?v=23710b64:3310:5)
    at Outlet (http://restaurant21.lobytech.test:3002/node_modules/.vite/deps/react-router-dom.js?v=23710b64:3703:26)
    at div
    at div
    at div
    at LayoutView (http://restaurant21.lobytech.test:3002/src/components/Sidebar/index.tsx?t=1787527165311:31:20)
    at RenderedRoute (http://restaurant21.lobytech.test:3002/node_modules/.vite/deps/react-router-dom.js?v=23710b64:3310:5)
    at Routes (http://restaurant21.lobytech.test:3002/node_modules/.vite/deps/react-router-dom.js?v=23710b64:3763:5)
    at div
    at Router (http://restaurant21.lobytech.test:3002/node_modules/.vite/deps/react-router-dom.js?v=23710b64:3710:15)
    at BrowserRouter (http://restaurant21.lobytech.test:3002/node_modules/.vite/deps/react-router-dom.js?v=23710b64:4190:5)
    at Dashboard
    at QueryClientProvider2 (http://restaurant21.lobytech.test:3002/node_modules/.vite/deps/react-query.js?v=23710b64:2647:21)
    at Provider (http://restaurant21.lobytech.test:3002/node_modules/.vite/deps/react-redux.js?v=23710b64:1481:3)
    at App (http://restaurant21.lobytech.test:3002/src/App.tsx?t=1787530517857:31:7)
    at Provider (http://restaurant21.lobytech.test:3002/node_modules/.vite/deps/react-redux.js?v=23710b64:1481:3) @ http://restaurant21.lobytech.test:3002/node_modules/.vite/deps/chunk-GYWC62UC.js?v=23710b64:520
[    1309ms] [ERROR] Warning: Unexpected ref object provided for %s. Use either a ref-setter function or React.createRef().%s div 
    at div
    at div
    at DropdownPopover (http://restaurant21.lobytech.test:3002/src/presentation/views/Modules/Admin/Views/Asistencia/Dropdown/index.tsx?t=1787493067224:24:3)
    at td
    at tr
    at tbody
    at table
    at div
    at div
    at Piso2 (http://restaurant21.lobytech.test:3002/src/presentation/views/Modules/Admin/Views/Asistencia/Piso2/index.tsx?t=1787530517857:23:3)
    at div
    at div
    at Asistencia (http://restaurant21.lobytech.test:3002/src/presentation/views/Modules/Admin/Views/Asistencia/index.tsx?t=1787530517857:42:20)
    at RenderedRoute (http://restaurant21.lobytech.test:3002/node_modules/.vite/deps/react-router-dom.js?v=23710b64:3310:5)
    at Outlet (http://restaurant21.lobytech.test:3002/node_modules/.vite/deps/react-router-dom.js?v=23710b64:3703:26)
    at div
    at div
    at div
    at LayoutView (http://restaurant21.lobytech.test:3002/src/components/Sidebar/index.tsx?t=1787527165311:31:20)
    at RenderedRoute (http://restaurant21.lobytech.test:3002/node_modules/.vite/deps/react-router-dom.js?v=23710b64:3310:5)
    at Routes (http://restaurant21.lobytech.test:3002/node_modules/.vite/deps/react-router-dom.js?v=23710b64:3763:5)
    at div
    at Router (http://restaurant21.lobytech.test:3002/node_modules/.vite/deps/react-router-dom.js?v=23710b64:3710:15)
    at BrowserRouter (http://restaurant21.lobytech.test:3002/node_modules/.vite/deps/react-router-dom.js?v=23710b64:4190:5)
    at Dashboard
    at QueryClientProvider2 (http://restaurant21.lobytech.test:3002/node_modules/.vite/deps/react-query.js?v=23710b64:2647:21)
    at Provider (http://restaurant21.lobytech.test:3002/node_modules/.vite/deps/react-redux.js?v=23710b64:1481:3)
    at App (http://restaurant21.lobytech.test:3002/src/App.tsx?t=1787530517857:31:7)
    at Provider (http://restaurant21.lobytech.test:3002/node_modules/.vite/deps/react-redux.js?v=23710b64:1481:3) @ http://restaurant21.lobytech.test:3002/node_modules/.vite/deps/chunk-GYWC62UC.js?v=23710b64:520
[    1309ms] [ERROR] Warning: Unexpected ref object provided for %s. Use either a ref-setter function or React.createRef().%s div 
    at div
    at div
    at DropdownPopover (http://restaurant21.lobytech.test:3002/src/presentation/views/Modules/Admin/Views/Asistencia/Dropdown/index.tsx?t=1787493067224:24:3)
    at td
    at tr
    at tbody
    at table
    at div
    at div
    at Piso2 (http://restaurant21.lobytech.test:3002/src/presentation/views/Modules/Admin/Views/Asistencia/Piso2/index.tsx?t=1787530517857:23:3)
    at div
    at div
    at Asistencia (http://restaurant21.lobytech.test:3002/src/presentation/views/Modules/Admin/Views/Asistencia/index.tsx?t=1787530517857:42:20)
    at RenderedRoute (http://restaurant21.lobytech.test:3002/node_modules/.vite/deps/react-router-dom.js?v=23710b64:3310:5)
    at Outlet (http://restaurant21.lobytech.test:3002/node_modules/.vite/deps/react-router-dom.js?v=23710b64:3703:26)
    at div
    at div
    at div
    at LayoutView (http://restaurant21.lobytech.test:3002/src/components/Sidebar/index.tsx?t=1787527165311:31:20)
    at RenderedRoute (http://restaurant21.lobytech.test:3002/node_modules/.vite/deps/react-router-dom.js?v=23710b64:3310:5)
    at Routes (http://restaurant21.lobytech.test:3002/node_modules/.vite/deps/react-router-dom.js?v=23710b64:3763:5)
    at div
    at Router (http://restaurant21.lobytech.test:3002/node_modules/.vite/deps/react-router-dom.js?v=23710b64:3710:15)
    at BrowserRouter (http://restaurant21.lobytech.test:3002/node_modules/.vite/deps/react-router-dom.js?v=23710b64:4190:5)
    at Dashboard
    at QueryClientProvider2 (http://restaurant21.lobytech.test:3002/node_modules/.vite/deps/react-query.js?v=23710b64:2647:21)
    at Provider (http://restaurant21.lobytech.test:3002/node_modules/.vite/deps/react-redux.js?v=23710b64:1481:3)
    at App (http://restaurant21.lobytech.test:3002/src/App.tsx?t=1787530517857:31:7)
    at Provider (http://restaurant21.lobytech.test:3002/node_modules/.vite/deps/react-redux.js?v=23710b64:1481:3) @ http://restaurant21.lobytech.test:3002/node_modules/.vite/deps/chunk-GYWC62UC.js?v=23710b64:520
[    1309ms] [ERROR] Warning: Unexpected ref object provided for %s. Use either a ref-setter function or React.createRef().%s div 
    at div
    at div
    at DropdownPopover (http://restaurant21.lobytech.test:3002/src/presentation/views/Modules/Admin/Views/Asistencia/Dropdown/index.tsx?t=1787493067224:24:3)
    at td
    at tr
    at tbody
    at table
    at div
    at div
    at Piso2 (http://restaurant21.lobytech.test:3002/src/presentation/views/Modules/Admin/Views/Asistencia/Piso2/index.tsx?t=1787530517857:23:3)
    at div
    at div
    at Asistencia (http://restaurant21.lobytech.test:3002/src/presentation/views/Modules/Admin/Views/Asistencia/index.tsx?t=1787530517857:42:20)
    at RenderedRoute (http://restaurant21.lobytech.test:3002/node_modules/.vite/deps/react-router-dom.js?v=23710b64:3310:5)
    at Outlet (http://restaurant21.lobytech.test:3002/node_modules/.vite/deps/react-router-dom.js?v=23710b64:3703:26)
    at div
    at div
    at div
    at LayoutView (http://restaurant21.lobytech.test:3002/src/components/Sidebar/index.tsx?t=1787527165311:31:20)
    at RenderedRoute (http://restaurant21.lobytech.test:3002/node_modules/.vite/deps/react-router-dom.js?v=23710b64:3310:5)
    at Routes (http://restaurant21.lobytech.test:3002/node_modules/.vite/deps/react-router-dom.js?v=23710b64:3763:5)
    at div
    at Router (http://restaurant21.lobytech.test:3002/node_modules/.vite/deps/react-router-dom.js?v=23710b64:3710:15)
    at BrowserRouter (http://restaurant21.lobytech.test:3002/node_modules/.vite/deps/react-router-dom.js?v=23710b64:4190:5)
    at Dashboard
    at QueryClientProvider2 (http://restaurant21.lobytech.test:3002/node_modules/.vite/deps/react-query.js?v=23710b64:2647:21)
    at Provider (http://restaurant21.lobytech.test:3002/node_modules/.vite/deps/react-redux.js?v=23710b64:1481:3)
    at App (http://restaurant21.lobytech.test:3002/src/App.tsx?t=1787530517857:31:7)
    at Provider (http://restaurant21.lobytech.test:3002/node_modules/.vite/deps/react-redux.js?v=23710b64:1481:3) @ http://restaurant21.lobytech.test:3002/node_modules/.vite/deps/chunk-GYWC62UC.js?v=23710b64:520
[    1310ms] [ERROR] Warning: Unexpected ref object provided for %s. Use either a ref-setter function or React.createRef().%s div 
    at div
    at div
    at DropdownPopover (http://restaurant21.lobytech.test:3002/src/presentation/views/Modules/Admin/Views/Asistencia/Dropdown/index.tsx?t=1787493067224:24:3)
    at td
    at tr
    at tbody
    at table
    at div
    at div
    at Piso2 (http://restaurant21.lobytech.test:3002/src/presentation/views/Modules/Admin/Views/Asistencia/Piso2/index.tsx?t=1787530517857:23:3)
    at div
    at div
    at Asistencia (http://restaurant21.lobytech.test:3002/src/presentation/views/Modules/Admin/Views/Asistencia/index.tsx?t=1787530517857:42:20)
    at RenderedRoute (http://restaurant21.lobytech.test:3002/node_modules/.vite/deps/react-router-dom.js?v=23710b64:3310:5)
    at Outlet (http://restaurant21.lobytech.test:3002/node_modules/.vite/deps/react-router-dom.js?v=23710b64:3703:26)
    at div
    at div
    at div
    at LayoutView (http://restaurant21.lobytech.test:3002/src/components/Sidebar/index.tsx?t=1787527165311:31:20)
    at RenderedRoute (http://restaurant21.lobytech.test:3002/node_modules/.vite/deps/react-router-dom.js?v=23710b64:3310:5)
    at Routes (http://restaurant21.lobytech.test:3002/node_modules/.vite/deps/react-router-dom.js?v=23710b64:3763:5)
    at div
    at Router (http://restaurant21.lobytech.test:3002/node_modules/.vite/deps/react-router-dom.js?v=23710b64:3710:15)
    at BrowserRouter (http://restaurant21.lobytech.test:3002/node_modules/.vite/deps/react-router-dom.js?v=23710b64:4190:5)
    at Dashboard
    at QueryClientProvider2 (http://restaurant21.lobytech.test:3002/node_modules/.vite/deps/react-query.js?v=23710b64:2647:21)
    at Provider (http://restaurant21.lobytech.test:3002/node_modules/.vite/deps/react-redux.js?v=23710b64:1481:3)
    at App (http://restaurant21.lobytech.test:3002/src/App.tsx?t=1787530517857:31:7)
    at Provider (http://restaurant21.lobytech.test:3002/node_modules/.vite/deps/react-redux.js?v=23710b64:1481:3) @ http://restaurant21.lobytech.test:3002/node_modules/.vite/deps/chunk-GYWC62UC.js?v=23710b64:520
[    1310ms] [ERROR] Warning: Unexpected ref object provided for %s. Use either a ref-setter function or React.createRef().%s div 
    at div
    at div
    at DropdownPopover (http://restaurant21.lobytech.test:3002/src/presentation/views/Modules/Admin/Views/Asistencia/Dropdown/index.tsx?t=1787493067224:24:3)
    at td
    at tr
    at tbody
    at table
    at div
    at div
    at Piso2 (http://restaurant21.lobytech.test:3002/src/presentation/views/Modules/Admin/Views/Asistencia/Piso2/index.tsx?t=1787530517857:23:3)
    at div
    at div
    at Asistencia (http://restaurant21.lobytech.test:3002/src/presentation/views/Modules/Admin/Views/Asistencia/index.tsx?t=1787530517857:42:20)
    at RenderedRoute (http://restaurant21.lobytech.test:3002/node_modules/.vite/deps/react-router-dom.js?v=23710b64:3310:5)
    at Outlet (http://restaurant21.lobytech.test:3002/node_modules/.vite/deps/react-router-dom.js?v=23710b64:3703:26)
    at div
    at div
    at div
    at LayoutView (http://restaurant21.lobytech.test:3002/src/components/Sidebar/index.tsx?t=1787527165311:31:20)
    at RenderedRoute (http://restaurant21.lobytech.test:3002/node_modules/.vite/deps/react-router-dom.js?v=23710b64:3310:5)
    at Routes (http://restaurant21.lobytech.test:3002/node_modules/.vite/deps/react-router-dom.js?v=23710b64:3763:5)
    at div
    at Router (http://restaurant21.lobytech.test:3002/node_modules/.vite/deps/react-router-dom.js?v=23710b64:3710:15)
    at BrowserRouter (http://restaurant21.lobytech.test:3002/node_modules/.vite/deps/react-router-dom.js?v=23710b64:4190:5)
    at Dashboard
    at QueryClientProvider2 (http://restaurant21.lobytech.test:3002/node_modules/.vite/deps/react-query.js?v=23710b64:2647:21)
    at Provider (http://restaurant21.lobytech.test:3002/node_modules/.vite/deps/react-redux.js?v=23710b64:1481:3)
    at App (http://restaurant21.lobytech.test:3002/src/App.tsx?t=1787530517857:31:7)
    at Provider (http://restaurant21.lobytech.test:3002/node_modules/.vite/deps/react-redux.js?v=23710b64:1481:3) @ http://restaurant21.lobytech.test:3002/node_modules/.vite/deps/chunk-GYWC62UC.js?v=23710b64:520
[    1310ms] [ERROR] Warning: Unexpected ref object provided for %s. Use either a ref-setter function or React.createRef().%s div 
    at div
    at div
    at DropdownPopover (http://restaurant21.lobytech.test:3002/src/presentation/views/Modules/Admin/Views/Asistencia/Dropdown/index.tsx?t=1787493067224:24:3)
    at td
    at tr
    at tbody
    at table
    at div
    at div
    at Piso2 (http://restaurant21.lobytech.test:3002/src/presentation/views/Modules/Admin/Views/Asistencia/Piso2/index.tsx?t=1787530517857:23:3)
    at div
    at div
    at Asistencia (http://restaurant21.lobytech.test:3002/src/presentation/views/Modules/Admin/Views/Asistencia/index.tsx?t=1787530517857:42:20)
    at RenderedRoute (http://restaurant21.lobytech.test:3002/node_modules/.vite/deps/react-router-dom.js?v=23710b64:3310:5)
    at Outlet (http://restaurant21.lobytech.test:3002/node_modules/.vite/deps/react-router-dom.js?v=23710b64:3703:26)
    at div
    at div
    at div
    at LayoutView (http://restaurant21.lobytech.test:3002/src/components/Sidebar/index.tsx?t=1787527165311:31:20)
    at RenderedRoute (http://restaurant21.lobytech.test:3002/node_modules/.vite/deps/react-router-dom.js?v=23710b64:3310:5)
    at Routes (http://restaurant21.lobytech.test:3002/node_modules/.vite/deps/react-router-dom.js?v=23710b64:3763:5)
    at div
    at Router (http://restaurant21.lobytech.test:3002/node_modules/.vite/deps/react-router-dom.js?v=23710b64:3710:15)
    at BrowserRouter (http://restaurant21.lobytech.test:3002/node_modules/.vite/deps/react-router-dom.js?v=23710b64:4190:5)
    at Dashboard
    at QueryClientProvider2 (http://restaurant21.lobytech.test:3002/node_modules/.vite/deps/react-query.js?v=23710b64:2647:21)
    at Provider (http://restaurant21.lobytech.test:3002/node_modules/.vite/deps/react-redux.js?v=23710b64:1481:3)
    at App (http://restaurant21.lobytech.test:3002/src/App.tsx?t=1787530517857:31:7)
    at Provider (http://restaurant21.lobytech.test:3002/node_modules/.vite/deps/react-redux.js?v=23710b64:1481:3) @ http://restaurant21.lobytech.test:3002/node_modules/.vite/deps/chunk-GYWC62UC.js?v=23710b64:520
[    1311ms] [ERROR] Warning: Unexpected ref object provided for %s. Use either a ref-setter function or React.createRef().%s div 
    at div
    at div
    at DropdownPopover (http://restaurant21.lobytech.test:3002/src/presentation/views/Modules/Admin/Views/Asistencia/Dropdown/index.tsx?t=1787493067224:24:3)
    at td
    at tr
    at tbody
    at table
    at div
    at div
    at Piso2 (http://restaurant21.lobytech.test:3002/src/presentation/views/Modules/Admin/Views/Asistencia/Piso2/index.tsx?t=1787530517857:23:3)
    at div
    at div
    at Asistencia (http://restaurant21.lobytech.test:3002/src/presentation/views/Modules/Admin/Views/Asistencia/index.tsx?t=1787530517857:42:20)
    at RenderedRoute (http://restaurant21.lobytech.test:3002/node_modules/.vite/deps/react-router-dom.js?v=23710b64:3310:5)
    at Outlet (http://restaurant21.lobytech.test:3002/node_modules/.vite/deps/react-router-dom.js?v=23710b64:3703:26)
    at div
    at div
    at div
    at LayoutView (http://restaurant21.lobytech.test:3002/src/components/Sidebar/index.tsx?t=1787527165311:31:20)
    at RenderedRoute (http://restaurant21.lobytech.test:3002/node_modules/.vite/deps/react-router-dom.js?v=23710b64:3310:5)
    at Routes (http://restaurant21.lobytech.test:3002/node_modules/.vite/deps/react-router-dom.js?v=23710b64:3763:5)
    at div
    at Router (http://restaurant21.lobytech.test:3002/node_modules/.vite/deps/react-router-dom.js?v=23710b64:3710:15)
    at BrowserRouter (http://restaurant21.lobytech.test:3002/node_modules/.vite/deps/react-router-dom.js?v=23710b64:4190:5)
    at Dashboard
    at QueryClientProvider2 (http://restaurant21.lobytech.test:3002/node_modules/.vite/deps/react-query.js?v=23710b64:2647:21)
    at Provider (http://restaurant21.lobytech.test:3002/node_modules/.vite/deps/react-redux.js?v=23710b64:1481:3)
    at App (http://restaurant21.lobytech.test:3002/src/App.tsx?t=1787530517857:31:7)
    at Provider (http://restaurant21.lobytech.test:3002/node_modules/.vite/deps/react-redux.js?v=23710b64:1481:3) @ http://restaurant21.lobytech.test:3002/node_modules/.vite/deps/chunk-GYWC62UC.js?v=23710b64:520
[    1311ms] [ERROR] Warning: Unexpected ref object provided for %s. Use either a ref-setter function or React.createRef().%s div 
    at div
    at div
    at DropdownPopover (http://restaurant21.lobytech.test:3002/src/presentation/views/Modules/Admin/Views/Asistencia/Dropdown/index.tsx?t=1787493067224:24:3)
    at td
    at tr
    at tbody
    at table
    at div
    at div
    at Piso2 (http://restaurant21.lobytech.test:3002/src/presentation/views/Modules/Admin/Views/Asistencia/Piso2/index.tsx?t=1787530517857:23:3)
    at div
    at div
    at Asistencia (http://restaurant21.lobytech.test:3002/src/presentation/views/Modules/Admin/Views/Asistencia/index.tsx?t=1787530517857:42:20)
    at RenderedRoute (http://restaurant21.lobytech.test:3002/node_modules/.vite/deps/react-router-dom.js?v=23710b64:3310:5)
    at Outlet (http://restaurant21.lobytech.test:3002/node_modules/.vite/deps/react-router-dom.js?v=23710b64:3703:26)
    at div
    at div
    at div
    at LayoutView (http://restaurant21.lobytech.test:3002/src/components/Sidebar/index.tsx?t=1787527165311:31:20)
    at RenderedRoute (http://restaurant21.lobytech.test:3002/node_modules/.vite/deps/react-router-dom.js?v=23710b64:3310:5)
    at Routes (http://restaurant21.lobytech.test:3002/node_modules/.vite/deps/react-router-dom.js?v=23710b64:3763:5)
    at div
    at Router (http://restaurant21.lobytech.test:3002/node_modules/.vite/deps/react-router-dom.js?v=23710b64:3710:15)
    at BrowserRouter (http://restaurant21.lobytech.test:3002/node_modules/.vite/deps/react-router-dom.js?v=23710b64:4190:5)
    at Dashboard
    at QueryClientProvider2 (http://restaurant21.lobytech.test:3002/node_modules/.vite/deps/react-query.js?v=23710b64:2647:21)
    at Provider (http://restaurant21.lobytech.test:3002/node_modules/.vite/deps/react-redux.js?v=23710b64:1481:3)
    at App (http://restaurant21.lobytech.test:3002/src/App.tsx?t=1787530517857:31:7)
    at Provider (http://restaurant21.lobytech.test:3002/node_modules/.vite/deps/react-redux.js?v=23710b64:1481:3) @ http://restaurant21.lobytech.test:3002/node_modules/.vite/deps/chunk-GYWC62UC.js?v=23710b64:520
[    1311ms] [ERROR] Warning: Unexpected ref object provided for %s. Use either a ref-setter function or React.createRef().%s div 
    at div
    at div
    at DropdownPopover (http://restaurant21.lobytech.test:3002/src/presentation/views/Modules/Admin/Views/Asistencia/Dropdown/index.tsx?t=1787493067224:24:3)
    at td
    at tr
    at tbody
    at table
    at div
    at div
    at Piso2 (http://restaurant21.lobytech.test:3002/src/presentation/views/Modules/Admin/Views/Asistencia/Piso2/index.tsx?t=1787530517857:23:3)
    at div
    at div
    at Asistencia (http://restaurant21.lobytech.test:3002/src/presentation/views/Modules/Admin/Views/Asistencia/index.tsx?t=1787530517857:42:20)
    at RenderedRoute (http://restaurant21.lobytech.test:3002/node_modules/.vite/deps/react-router-dom.js?v=23710b64:3310:5)
    at Outlet (http://restaurant21.lobytech.test:3002/node_modules/.vite/deps/react-router-dom.js?v=23710b64:3703:26)
    at div
    at div
    at div
    at LayoutView (http://restaurant21.lobytech.test:3002/src/components/Sidebar/index.tsx?t=1787527165311:31:20)
    at RenderedRoute (http://restaurant21.lobytech.test:3002/node_modules/.vite/deps/react-router-dom.js?v=23710b64:3310:5)
    at Routes (http://restaurant21.lobytech.test:3002/node_modules/.vite/deps/react-router-dom.js?v=23710b64:3763:5)
    at div
    at Router (http://restaurant21.lobytech.test:3002/node_modules/.vite/deps/react-router-dom.js?v=23710b64:3710:15)
    at BrowserRouter (http://restaurant21.lobytech.test:3002/node_modules/.vite/deps/react-router-dom.js?v=23710b64:4190:5)
    at Dashboard
    at QueryClientProvider2 (http://restaurant21.lobytech.test:3002/node_modules/.vite/deps/react-query.js?v=23710b64:2647:21)
    at Provider (http://restaurant21.lobytech.test:3002/node_modules/.vite/deps/react-redux.js?v=23710b64:1481:3)
    at App (http://restaurant21.lobytech.test:3002/src/App.tsx?t=1787530517857:31:7)
    at Provider (http://restaurant21.lobytech.test:3002/node_modules/.vite/deps/react-redux.js?v=23710b64:1481:3) @ http://restaurant21.lobytech.test:3002/node_modules/.vite/deps/chunk-GYWC62UC.js?v=23710b64:520
[    1311ms] [ERROR] Warning: Unexpected ref object provided for %s. Use either a ref-setter function or React.createRef().%s div 
    at div
    at div
    at DropdownPopover (http://restaurant21.lobytech.test:3002/src/presentation/views/Modules/Admin/Views/Asistencia/Dropdown/index.tsx?t=1787493067224:24:3)
    at td
    at tr
    at tbody
    at table
    at div
    at div
    at Piso2 (http://restaurant21.lobytech.test:3002/src/presentation/views/Modules/Admin/Views/Asistencia/Piso2/index.tsx?t=1787530517857:23:3)
    at div
    at div
    at Asistencia (http://restaurant21.lobytech.test:3002/src/presentation/views/Modules/Admin/Views/Asistencia/index.tsx?t=1787530517857:42:20)
    at RenderedRoute (http://restaurant21.lobytech.test:3002/node_modules/.vite/deps/react-router-dom.js?v=23710b64:3310:5)
    at Outlet (http://restaurant21.lobytech.test:3002/node_modules/.vite/deps/react-router-dom.js?v=23710b64:3703:26)
    at div
    at div
    at div
    at LayoutView (http://restaurant21.lobytech.test:3002/src/components/Sidebar/index.tsx?t=1787527165311:31:20)
    at RenderedRoute (http://restaurant21.lobytech.test:3002/node_modules/.vite/deps/react-router-dom.js?v=23710b64:3310:5)
    at Routes (http://restaurant21.lobytech.test:3002/node_modules/.vite/deps/react-router-dom.js?v=23710b64:3763:5)
    at div
    at Router (http://restaurant21.lobytech.test:3002/node_modules/.vite/deps/react-router-dom.js?v=23710b64:3710:15)
    at BrowserRouter (http://restaurant21.lobytech.test:3002/node_modules/.vite/deps/react-router-dom.js?v=23710b64:4190:5)
    at Dashboard
    at QueryClientProvider2 (http://restaurant21.lobytech.test:3002/node_modules/.vite/deps/react-query.js?v=23710b64:2647:21)
    at Provider (http://restaurant21.lobytech.test:3002/node_modules/.vite/deps/react-redux.js?v=23710b64:1481:3)
    at App (http://restaurant21.lobytech.test:3002/src/App.tsx?t=1787530517857:31:7)
    at Provider (http://restaurant21.lobytech.test:3002/node_modules/.vite/deps/react-redux.js?v=23710b64:1481:3) @ http://restaurant21.lobytech.test:3002/node_modules/.vite/deps/chunk-GYWC62UC.js?v=23710b64:520
[    1312ms] [ERROR] Warning: Unexpected ref object provided for %s. Use either a ref-setter function or React.createRef().%s div 
    at div
    at div
    at DropdownPopover (http://restaurant21.lobytech.test:3002/src/presentation/views/Modules/Admin/Views/Asistencia/Dropdown/index.tsx?t=1787493067224:24:3)
    at td
    at tr
    at tbody
    at table
    at div
    at div
    at Piso2 (http://restaurant21.lobytech.test:3002/src/presentation/views/Modules/Admin/Views/Asistencia/Piso2/index.tsx?t=1787530517857:23:3)
    at div
    at div
    at Asistencia (http://restaurant21.lobytech.test:3002/src/presentation/views/Modules/Admin/Views/Asistencia/index.tsx?t=1787530517857:42:20)
    at RenderedRoute (http://restaurant21.lobytech.test:3002/node_modules/.vite/deps/react-router-dom.js?v=23710b64:3310:5)
    at Outlet (http://restaurant21.lobytech.test:3002/node_modules/.vite/deps/react-router-dom.js?v=23710b64:3703:26)
    at div
    at div
    at div
    at LayoutView (http://restaurant21.lobytech.test:3002/src/components/Sidebar/index.tsx?t=1787527165311:31:20)
    at RenderedRoute (http://restaurant21.lobytech.test:3002/node_modules/.vite/deps/react-router-dom.js?v=23710b64:3310:5)
    at Routes (http://restaurant21.lobytech.test:3002/node_modules/.vite/deps/react-router-dom.js?v=23710b64:3763:5)
    at div
    at Router (http://restaurant21.lobytech.test:3002/node_modules/.vite/deps/react-router-dom.js?v=23710b64:3710:15)
    at BrowserRouter (http://restaurant21.lobytech.test:3002/node_modules/.vite/deps/react-router-dom.js?v=23710b64:4190:5)
    at Dashboard
    at QueryClientProvider2 (http://restaurant21.lobytech.test:3002/node_modules/.vite/deps/react-query.js?v=23710b64:2647:21)
    at Provider (http://restaurant21.lobytech.test:3002/node_modules/.vite/deps/react-redux.js?v=23710b64:1481:3)
    at App (http://restaurant21.lobytech.test:3002/src/App.tsx?t=1787530517857:31:7)
    at Provider (http://restaurant21.lobytech.test:3002/node_modules/.vite/deps/react-redux.js?v=23710b64:1481:3) @ http://restaurant21.lobytech.test:3002/node_modules/.vite/deps/chunk-GYWC62UC.js?v=23710b64:520
[    1312ms] [ERROR] Warning: Unexpected ref object provided for %s. Use either a ref-setter function or React.createRef().%s div 
    at div
    at div
    at DropdownPopover (http://restaurant21.lobytech.test:3002/src/presentation/views/Modules/Admin/Views/Asistencia/Dropdown/index.tsx?t=1787493067224:24:3)
    at td
    at tr
    at tbody
    at table
    at div
    at div
    at Piso2 (http://restaurant21.lobytech.test:3002/src/presentation/views/Modules/Admin/Views/Asistencia/Piso2/index.tsx?t=1787530517857:23:3)
    at div
    at div
    at Asistencia (http://restaurant21.lobytech.test:3002/src/presentation/views/Modules/Admin/Views/Asistencia/index.tsx?t=1787530517857:42:20)
    at RenderedRoute (http://restaurant21.lobytech.test:3002/node_modules/.vite/deps/react-router-dom.js?v=23710b64:3310:5)
    at Outlet (http://restaurant21.lobytech.test:3002/node_modules/.vite/deps/react-router-dom.js?v=23710b64:3703:26)
    at div
    at div
    at div
    at LayoutView (http://restaurant21.lobytech.test:3002/src/components/Sidebar/index.tsx?t=1787527165311:31:20)
    at RenderedRoute (http://restaurant21.lobytech.test:3002/node_modules/.vite/deps/react-router-dom.js?v=23710b64:3310:5)
    at Routes (http://restaurant21.lobytech.test:3002/node_modules/.vite/deps/react-router-dom.js?v=23710b64:3763:5)
    at div
    at Router (http://restaurant21.lobytech.test:3002/node_modules/.vite/deps/react-router-dom.js?v=23710b64:3710:15)
    at BrowserRouter (http://restaurant21.lobytech.test:3002/node_modules/.vite/deps/react-router-dom.js?v=23710b64:4190:5)
    at Dashboard
    at QueryClientProvider2 (http://restaurant21.lobytech.test:3002/node_modules/.vite/deps/react-query.js?v=23710b64:2647:21)
    at Provider (http://restaurant21.lobytech.test:3002/node_modules/.vite/deps/react-redux.js?v=23710b64:1481:3)
    at App (http://restaurant21.lobytech.test:3002/src/App.tsx?t=1787530517857:31:7)
    at Provider (http://restaurant21.lobytech.test:3002/node_modules/.vite/deps/react-redux.js?v=23710b64:1481:3) @ http://restaurant21.lobytech.test:3002/node_modules/.vite/deps/chunk-GYWC62UC.js?v=23710b64:520
[    1312ms] [ERROR] Warning: Unexpected ref object provided for %s. Use either a ref-setter function or React.createRef().%s div 
    at div
    at div
    at DropdownPopover (http://restaurant21.lobytech.test:3002/src/presentation/views/Modules/Admin/Views/Asistencia/Dropdown/index.tsx?t=1787493067224:24:3)
    at td
    at tr
    at tbody
    at table
    at div
    at div
    at Piso2 (http://restaurant21.lobytech.test:3002/src/presentation/views/Modules/Admin/Views/Asistencia/Piso2/index.tsx?t=1787530517857:23:3)
    at div
    at div
    at Asistencia (http://restaurant21.lobytech.test:3002/src/presentation/views/Modules/Admin/Views/Asistencia/index.tsx?t=1787530517857:42:20)
    at RenderedRoute (http://restaurant21.lobytech.test:3002/node_modules/.vite/deps/react-router-dom.js?v=23710b64:3310:5)
    at Outlet (http://restaurant21.lobytech.test:3002/node_modules/.vite/deps/react-router-dom.js?v=23710b64:3703:26)
    at div
    at div
    at div
    at LayoutView (http://restaurant21.lobytech.test:3002/src/components/Sidebar/index.tsx?t=1787527165311:31:20)
    at RenderedRoute (http://restaurant21.lobytech.test:3002/node_modules/.vite/deps/react-router-dom.js?v=23710b64:3310:5)
    at Routes (http://restaurant21.lobytech.test:3002/node_modules/.vite/deps/react-router-dom.js?v=23710b64:3763:5)
    at div
    at Router (http://restaurant21.lobytech.test:3002/node_modules/.vite/deps/react-router-dom.js?v=23710b64:3710:15)
    at BrowserRouter (http://restaurant21.lobytech.test:3002/node_modules/.vite/deps/react-router-dom.js?v=23710b64:4190:5)
    at Dashboard
    at QueryClientProvider2 (http://restaurant21.lobytech.test:3002/node_modules/.vite/deps/react-query.js?v=23710b64:2647:21)
    at Provider (http://restaurant21.lobytech.test:3002/node_modules/.vite/deps/react-redux.js?v=23710b64:1481:3)
    at App (http://restaurant21.lobytech.test:3002/src/App.tsx?t=1787530517857:31:7)
    at Provider (http://restaurant21.lobytech.test:3002/node_modules/.vite/deps/react-redux.js?v=23710b64:1481:3) @ http://restaurant21.lobytech.test:3002/node_modules/.vite/deps/chunk-GYWC62UC.js?v=23710b64:520
[    1312ms] [ERROR] Warning: Unexpected ref object provided for %s. Use either a ref-setter function or React.createRef().%s div 
    at div
    at div
    at DropdownPopover (http://restaurant21.lobytech.test:3002/src/presentation/views/Modules/Admin/Views/Asistencia/Dropdown/index.tsx?t=1787493067224:24:3)
    at td
    at tr
    at tbody
    at table
    at div
    at div
    at Piso2 (http://restaurant21.lobytech.test:3002/src/presentation/views/Modules/Admin/Views/Asistencia/Piso2/index.tsx?t=1787530517857:23:3)
    at div
    at div
    at Asistencia (http://restaurant21.lobytech.test:3002/src/presentation/views/Modules/Admin/Views/Asistencia/index.tsx?t=1787530517857:42:20)
    at RenderedRoute (http://restaurant21.lobytech.test:3002/node_modules/.vite/deps/react-router-dom.js?v=23710b64:3310:5)
    at Outlet (http://restaurant21.lobytech.test:3002/node_modules/.vite/deps/react-router-dom.js?v=23710b64:3703:26)
    at div
    at div
    at div
    at LayoutView (http://restaurant21.lobytech.test:3002/src/components/Sidebar/index.tsx?t=1787527165311:31:20)
    at RenderedRoute (http://restaurant21.lobytech.test:3002/node_modules/.vite/deps/react-router-dom.js?v=23710b64:3310:5)
    at Routes (http://restaurant21.lobytech.test:3002/node_modules/.vite/deps/react-router-dom.js?v=23710b64:3763:5)
    at div
    at Router (http://restaurant21.lobytech.test:3002/node_modules/.vite/deps/react-router-dom.js?v=23710b64:3710:15)
    at BrowserRouter (http://restaurant21.lobytech.test:3002/node_modules/.vite/deps/react-router-dom.js?v=23710b64:4190:5)
    at Dashboard
    at QueryClientProvider2 (http://restaurant21.lobytech.test:3002/node_modules/.vite/deps/react-query.js?v=23710b64:2647:21)
    at Provider (http://restaurant21.lobytech.test:3002/node_modules/.vite/deps/react-redux.js?v=23710b64:1481:3)
    at App (http://restaurant21.lobytech.test:3002/src/App.tsx?t=1787530517857:31:7)
    at Provider (http://restaurant21.lobytech.test:3002/node_modules/.vite/deps/react-redux.js?v=23710b64:1481:3) @ http://restaurant21.lobytech.test:3002/node_modules/.vite/deps/chunk-GYWC62UC.js?v=23710b64:520
[    1313ms] [ERROR] Warning: Unexpected ref object provided for %s. Use either a ref-setter function or React.createRef().%s div 
    at div
    at div
    at DropdownPopover (http://restaurant21.lobytech.test:3002/src/presentation/views/Modules/Admin/Views/Asistencia/Dropdown/index.tsx?t=1787493067224:24:3)
    at td
    at tr
    at tbody
    at table
    at div
    at div
    at Piso2 (http://restaurant21.lobytech.test:3002/src/presentation/views/Modules/Admin/Views/Asistencia/Piso2/index.tsx?t=1787530517857:23:3)
    at div
    at div
    at Asistencia (http://restaurant21.lobytech.test:3002/src/presentation/views/Modules/Admin/Views/Asistencia/index.tsx?t=1787530517857:42:20)
    at RenderedRoute (http://restaurant21.lobytech.test:3002/node_modules/.vite/deps/react-router-dom.js?v=23710b64:3310:5)
    at Outlet (http://restaurant21.lobytech.test:3002/node_modules/.vite/deps/react-router-dom.js?v=23710b64:3703:26)
    at div
    at div
    at div
    at LayoutView (http://restaurant21.lobytech.test:3002/src/components/Sidebar/index.tsx?t=1787527165311:31:20)
    at RenderedRoute (http://restaurant21.lobytech.test:3002/node_modules/.vite/deps/react-router-dom.js?v=23710b64:3310:5)
    at Routes (http://restaurant21.lobytech.test:3002/node_modules/.vite/deps/react-router-dom.js?v=23710b64:3763:5)
    at div
    at Router (http://restaurant21.lobytech.test:3002/node_modules/.vite/deps/react-router-dom.js?v=23710b64:3710:15)
    at BrowserRouter (http://restaurant21.lobytech.test:3002/node_modules/.vite/deps/react-router-dom.js?v=23710b64:4190:5)
    at Dashboard
    at QueryClientProvider2 (http://restaurant21.lobytech.test:3002/node_modules/.vite/deps/react-query.js?v=23710b64:2647:21)
    at Provider (http://restaurant21.lobytech.test:3002/node_modules/.vite/deps/react-redux.js?v=23710b64:1481:3)
    at App (http://restaurant21.lobytech.test:3002/src/App.tsx?t=1787530517857:31:7)
    at Provider (http://restaurant21.lobytech.test:3002/node_modules/.vite/deps/react-redux.js?v=23710b64:1481:3) @ http://restaurant21.lobytech.test:3002/node_modules/.vite/deps/chunk-GYWC62UC.js?v=23710b64:520
[    1313ms] [ERROR] Warning: Unexpected ref object provided for %s. Use either a ref-setter function or React.createRef().%s div 
    at div
    at div
    at DropdownPopover (http://restaurant21.lobytech.test:3002/src/presentation/views/Modules/Admin/Views/Asistencia/Dropdown/index.tsx?t=1787493067224:24:3)
    at td
    at tr
    at tbody
    at table
    at div
    at div
    at Piso2 (http://restaurant21.lobytech.test:3002/src/presentation/views/Modules/Admin/Views/Asistencia/Piso2/index.tsx?t=1787530517857:23:3)
    at div
    at div
    at Asistencia (http://restaurant21.lobytech.test:3002/src/presentation/views/Modules/Admin/Views/Asistencia/index.tsx?t=1787530517857:42:20)
    at RenderedRoute (http://restaurant21.lobytech.test:3002/node_modules/.vite/deps/react-router-dom.js?v=23710b64:3310:5)
    at Outlet (http://restaurant21.lobytech.test:3002/node_modules/.vite/deps/react-router-dom.js?v=23710b64:3703:26)
    at div
    at div
    at div
    at LayoutView (http://restaurant21.lobytech.test:3002/src/components/Sidebar/index.tsx?t=1787527165311:31:20)
    at RenderedRoute (http://restaurant21.lobytech.test:3002/node_modules/.vite/deps/react-router-dom.js?v=23710b64:3310:5)
    at Routes (http://restaurant21.lobytech.test:3002/node_modules/.vite/deps/react-router-dom.js?v=23710b64:3763:5)
    at div
    at Router (http://restaurant21.lobytech.test:3002/node_modules/.vite/deps/react-router-dom.js?v=23710b64:3710:15)
    at BrowserRouter (http://restaurant21.lobytech.test:3002/node_modules/.vite/deps/react-router-dom.js?v=23710b64:4190:5)
    at Dashboard
    at QueryClientProvider2 (http://restaurant21.lobytech.test:3002/node_modules/.vite/deps/react-query.js?v=23710b64:2647:21)
    at Provider (http://restaurant21.lobytech.test:3002/node_modules/.vite/deps/react-redux.js?v=23710b64:1481:3)
    at App (http://restaurant21.lobytech.test:3002/src/App.tsx?t=1787530517857:31:7)
    at Provider (http://restaurant21.lobytech.test:3002/node_modules/.vite/deps/react-redux.js?v=23710b64:1481:3) @ http://restaurant21.lobytech.test:3002/node_modules/.vite/deps/chunk-GYWC62UC.js?v=23710b64:520
[    1314ms] [ERROR] Warning: Unexpected ref object provided for %s. Use either a ref-setter function or React.createRef().%s div 
    at div
    at div
    at DropdownPopover (http://restaurant21.lobytech.test:3002/src/presentation/views/Modules/Admin/Views/Asistencia/Dropdown/index.tsx?t=1787493067224:24:3)
    at td
    at tr
    at tbody
    at table
    at div
    at div
    at Piso2 (http://restaurant21.lobytech.test:3002/src/presentation/views/Modules/Admin/Views/Asistencia/Piso2/index.tsx?t=1787530517857:23:3)
    at div
    at div
    at Asistencia (http://restaurant21.lobytech.test:3002/src/presentation/views/Modules/Admin/Views/Asistencia/index.tsx?t=1787530517857:42:20)
    at RenderedRoute (http://restaurant21.lobytech.test:3002/node_modules/.vite/deps/react-router-dom.js?v=23710b64:3310:5)
    at Outlet (http://restaurant21.lobytech.test:3002/node_modules/.vite/deps/react-router-dom.js?v=23710b64:3703:26)
    at div
    at div
    at div
    at LayoutView (http://restaurant21.lobytech.test:3002/src/components/Sidebar/index.tsx?t=1787527165311:31:20)
    at RenderedRoute (http://restaurant21.lobytech.test:3002/node_modules/.vite/deps/react-router-dom.js?v=23710b64:3310:5)
    at Routes (http://restaurant21.lobytech.test:3002/node_modules/.vite/deps/react-router-dom.js?v=23710b64:3763:5)
    at div
    at Router (http://restaurant21.lobytech.test:3002/node_modules/.vite/deps/react-router-dom.js?v=23710b64:3710:15)
    at BrowserRouter (http://restaurant21.lobytech.test:3002/node_modules/.vite/deps/react-router-dom.js?v=23710b64:4190:5)
    at Dashboard
    at QueryClientProvider2 (http://restaurant21.lobytech.test:3002/node_modules/.vite/deps/react-query.js?v=23710b64:2647:21)
    at Provider (http://restaurant21.lobytech.test:3002/node_modules/.vite/deps/react-redux.js?v=23710b64:1481:3)
    at App (http://restaurant21.lobytech.test:3002/src/App.tsx?t=1787530517857:31:7)
    at Provider (http://restaurant21.lobytech.test:3002/node_modules/.vite/deps/react-redux.js?v=23710b64:1481:3) @ http://restaurant21.lobytech.test:3002/node_modules/.vite/deps/chunk-GYWC62UC.js?v=23710b64:520
[    1314ms] [ERROR] Warning: Unexpected ref object provided for %s. Use either a ref-setter function or React.createRef().%s div 
    at div
    at div
    at DropdownPopover (http://restaurant21.lobytech.test:3002/src/presentation/views/Modules/Admin/Views/Asistencia/Dropdown/index.tsx?t=1787493067224:24:3)
    at td
    at tr
    at tbody
    at table
    at div
    at div
    at Piso2 (http://restaurant21.lobytech.test:3002/src/presentation/views/Modules/Admin/Views/Asistencia/Piso2/index.tsx?t=1787530517857:23:3)
    at div
    at div
    at Asistencia (http://restaurant21.lobytech.test:3002/src/presentation/views/Modules/Admin/Views/Asistencia/index.tsx?t=1787530517857:42:20)
    at RenderedRoute (http://restaurant21.lobytech.test:3002/node_modules/.vite/deps/react-router-dom.js?v=23710b64:3310:5)
    at Outlet (http://restaurant21.lobytech.test:3002/node_modules/.vite/deps/react-router-dom.js?v=23710b64:3703:26)
    at div
    at div
    at div
    at LayoutView (http://restaurant21.lobytech.test:3002/src/components/Sidebar/index.tsx?t=1787527165311:31:20)
    at RenderedRoute (http://restaurant21.lobytech.test:3002/node_modules/.vite/deps/react-router-dom.js?v=23710b64:3310:5)
    at Routes (http://restaurant21.lobytech.test:3002/node_modules/.vite/deps/react-router-dom.js?v=23710b64:3763:5)
    at div
    at Router (http://restaurant21.lobytech.test:3002/node_modules/.vite/deps/react-router-dom.js?v=23710b64:3710:15)
    at BrowserRouter (http://restaurant21.lobytech.test:3002/node_modules/.vite/deps/react-router-dom.js?v=23710b64:4190:5)
    at Dashboard
    at QueryClientProvider2 (http://restaurant21.lobytech.test:3002/node_modules/.vite/deps/react-query.js?v=23710b64:2647:21)
    at Provider (http://restaurant21.lobytech.test:3002/node_modules/.vite/deps/react-redux.js?v=23710b64:1481:3)
    at App (http://restaurant21.lobytech.test:3002/src/App.tsx?t=1787530517857:31:7)
    at Provider (http://restaurant21.lobytech.test:3002/node_modules/.vite/deps/react-redux.js?v=23710b64:1481:3) @ http://restaurant21.lobytech.test:3002/node_modules/.vite/deps/chunk-GYWC62UC.js?v=23710b64:520
[    1314ms] [ERROR] Warning: Unexpected ref object provided for %s. Use either a ref-setter function or React.createRef().%s div 
    at div
    at div
    at DropdownPopover (http://restaurant21.lobytech.test:3002/src/presentation/views/Modules/Admin/Views/Asistencia/Dropdown/index.tsx?t=1787493067224:24:3)
    at td
    at tr
    at tbody
    at table
    at div
    at div
    at Piso2 (http://restaurant21.lobytech.test:3002/src/presentation/views/Modules/Admin/Views/Asistencia/Piso2/index.tsx?t=1787530517857:23:3)
    at div
    at div
    at Asistencia (http://restaurant21.lobytech.test:3002/src/presentation/views/Modules/Admin/Views/Asistencia/index.tsx?t=1787530517857:42:20)
    at RenderedRoute (http://restaurant21.lobytech.test:3002/node_modules/.vite/deps/react-router-dom.js?v=23710b64:3310:5)
    at Outlet (http://restaurant21.lobytech.test:3002/node_modules/.vite/deps/react-router-dom.js?v=23710b64:3703:26)
    at div
    at div
    at div
    at LayoutView (http://restaurant21.lobytech.test:3002/src/components/Sidebar/index.tsx?t=1787527165311:31:20)
    at RenderedRoute (http://restaurant21.lobytech.test:3002/node_modules/.vite/deps/react-router-dom.js?v=23710b64:3310:5)
    at Routes (http://restaurant21.lobytech.test:3002/node_modules/.vite/deps/react-router-dom.js?v=23710b64:3763:5)
    at div
    at Router (http://restaurant21.lobytech.test:3002/node_modules/.vite/deps/react-router-dom.js?v=23710b64:3710:15)
    at BrowserRouter (http://restaurant21.lobytech.test:3002/node_modules/.vite/deps/react-router-dom.js?v=23710b64:4190:5)
    at Dashboard
    at QueryClientProvider2 (http://restaurant21.lobytech.test:3002/node_modules/.vite/deps/react-query.js?v=23710b64:2647:21)
    at Provider (http://restaurant21.lobytech.test:3002/node_modules/.vite/deps/react-redux.js?v=23710b64:1481:3)
    at App (http://restaurant21.lobytech.test:3002/src/App.tsx?t=1787530517857:31:7)
    at Provider (http://restaurant21.lobytech.test:3002/node_modules/.vite/deps/react-redux.js?v=23710b64:1481:3) @ http://restaurant21.lobytech.test:3002/node_modules/.vite/deps/chunk-GYWC62UC.js?v=23710b64:520
[    1315ms] [ERROR] Warning: Unexpected ref object provided for %s. Use either a ref-setter function or React.createRef().%s div 
    at div
    at div
    at DropdownPopover (http://restaurant21.lobytech.test:3002/src/presentation/views/Modules/Admin/Views/Asistencia/Dropdown/index.tsx?t=1787493067224:24:3)
    at td
    at tr
    at tbody
    at table
    at div
    at div
    at Piso2 (http://restaurant21.lobytech.test:3002/src/presentation/views/Modules/Admin/Views/Asistencia/Piso2/index.tsx?t=1787530517857:23:3)
    at div
    at div
    at Asistencia (http://restaurant21.lobytech.test:3002/src/presentation/views/Modules/Admin/Views/Asistencia/index.tsx?t=1787530517857:42:20)
    at RenderedRoute (http://restaurant21.lobytech.test:3002/node_modules/.vite/deps/react-router-dom.js?v=23710b64:3310:5)
    at Outlet (http://restaurant21.lobytech.test:3002/node_modules/.vite/deps/react-router-dom.js?v=23710b64:3703:26)
    at div
    at div
    at div
    at LayoutView (http://restaurant21.lobytech.test:3002/src/components/Sidebar/index.tsx?t=1787527165311:31:20)
    at RenderedRoute (http://restaurant21.lobytech.test:3002/node_modules/.vite/deps/react-router-dom.js?v=23710b64:3310:5)
    at Routes (http://restaurant21.lobytech.test:3002/node_modules/.vite/deps/react-router-dom.js?v=23710b64:3763:5)
    at div
    at Router (http://restaurant21.lobytech.test:3002/node_modules/.vite/deps/react-router-dom.js?v=23710b64:3710:15)
    at BrowserRouter (http://restaurant21.lobytech.test:3002/node_modules/.vite/deps/react-router-dom.js?v=23710b64:4190:5)
    at Dashboard
    at QueryClientProvider2 (http://restaurant21.lobytech.test:3002/node_modules/.vite/deps/react-query.js?v=23710b64:2647:21)
    at Provider (http://restaurant21.lobytech.test:3002/node_modules/.vite/deps/react-redux.js?v=23710b64:1481:3)
    at App (http://restaurant21.lobytech.test:3002/src/App.tsx?t=1787530517857:31:7)
    at Provider (http://restaurant21.lobytech.test:3002/node_modules/.vite/deps/react-redux.js?v=23710b64:1481:3) @ http://restaurant21.lobytech.test:3002/node_modules/.vite/deps/chunk-GYWC62UC.js?v=23710b64:520
[    1315ms] [ERROR] Warning: Unexpected ref object provided for %s. Use either a ref-setter function or React.createRef().%s div 
    at div
    at div
    at DropdownPopover (http://restaurant21.lobytech.test:3002/src/presentation/views/Modules/Admin/Views/Asistencia/Dropdown/index.tsx?t=1787493067224:24:3)
    at td
    at tr
    at tbody
    at table
    at div
    at div
    at Piso2 (http://restaurant21.lobytech.test:3002/src/presentation/views/Modules/Admin/Views/Asistencia/Piso2/index.tsx?t=1787530517857:23:3)
    at div
    at div
    at Asistencia (http://restaurant21.lobytech.test:3002/src/presentation/views/Modules/Admin/Views/Asistencia/index.tsx?t=1787530517857:42:20)
    at RenderedRoute (http://restaurant21.lobytech.test:3002/node_modules/.vite/deps/react-router-dom.js?v=23710b64:3310:5)
    at Outlet (http://restaurant21.lobytech.test:3002/node_modules/.vite/deps/react-router-dom.js?v=23710b64:3703:26)
    at div
    at div
    at div
    at LayoutView (http://restaurant21.lobytech.test:3002/src/components/Sidebar/index.tsx?t=1787527165311:31:20)
    at RenderedRoute (http://restaurant21.lobytech.test:3002/node_modules/.vite/deps/react-router-dom.js?v=23710b64:3310:5)
    at Routes (http://restaurant21.lobytech.test:3002/node_modules/.vite/deps/react-router-dom.js?v=23710b64:3763:5)
    at div
    at Router (http://restaurant21.lobytech.test:3002/node_modules/.vite/deps/react-router-dom.js?v=23710b64:3710:15)
    at BrowserRouter (http://restaurant21.lobytech.test:3002/node_modules/.vite/deps/react-router-dom.js?v=23710b64:4190:5)
    at Dashboard
    at QueryClientProvider2 (http://restaurant21.lobytech.test:3002/node_modules/.vite/deps/react-query.js?v=23710b64:2647:21)
    at Provider (http://restaurant21.lobytech.test:3002/node_modules/.vite/deps/react-redux.js?v=23710b64:1481:3)
    at App (http://restaurant21.lobytech.test:3002/src/App.tsx?t=1787530517857:31:7)
    at Provider (http://restaurant21.lobytech.test:3002/node_modules/.vite/deps/react-redux.js?v=23710b64:1481:3) @ http://restaurant21.lobytech.test:3002/node_modules/.vite/deps/chunk-GYWC62UC.js?v=23710b64:520
[    1316ms] [ERROR] Warning: Unexpected ref object provided for %s. Use either a ref-setter function or React.createRef().%s div 
    at div
    at div
    at DropdownPopover (http://restaurant21.lobytech.test:3002/src/presentation/views/Modules/Admin/Views/Asistencia/Dropdown/index.tsx?t=1787493067224:24:3)
    at td
    at tr
    at tbody
    at table
    at div
    at div
    at Piso2 (http://restaurant21.lobytech.test:3002/src/presentation/views/Modules/Admin/Views/Asistencia/Piso2/index.tsx?t=1787530517857:23:3)
    at div
    at div
    at Asistencia (http://restaurant21.lobytech.test:3002/src/presentation/views/Modules/Admin/Views/Asistencia/index.tsx?t=1787530517857:42:20)
    at RenderedRoute (http://restaurant21.lobytech.test:3002/node_modules/.vite/deps/react-router-dom.js?v=23710b64:3310:5)
    at Outlet (http://restaurant21.lobytech.test:3002/node_modules/.vite/deps/react-router-dom.js?v=23710b64:3703:26)
    at div
    at div
    at div
    at LayoutView (http://restaurant21.lobytech.test:3002/src/components/Sidebar/index.tsx?t=1787527165311:31:20)
    at RenderedRoute (http://restaurant21.lobytech.test:3002/node_modules/.vite/deps/react-router-dom.js?v=23710b64:3310:5)
    at Routes (http://restaurant21.lobytech.test:3002/node_modules/.vite/deps/react-router-dom.js?v=23710b64:3763:5)
    at div
    at Router (http://restaurant21.lobytech.test:3002/node_modules/.vite/deps/react-router-dom.js?v=23710b64:3710:15)
    at BrowserRouter (http://restaurant21.lobytech.test:3002/node_modules/.vite/deps/react-router-dom.js?v=23710b64:4190:5)
    at Dashboard
    at QueryClientProvider2 (http://restaurant21.lobytech.test:3002/node_modules/.vite/deps/react-query.js?v=23710b64:2647:21)
    at Provider (http://restaurant21.lobytech.test:3002/node_modules/.vite/deps/react-redux.js?v=23710b64:1481:3)
    at App (http://restaurant21.lobytech.test:3002/src/App.tsx?t=1787530517857:31:7)
    at Provider (http://restaurant21.lobytech.test:3002/node_modules/.vite/deps/react-redux.js?v=23710b64:1481:3) @ http://restaurant21.lobytech.test:3002/node_modules/.vite/deps/chunk-GYWC62UC.js?v=23710b64:520
[    1316ms] [ERROR] Warning: Unexpected ref object provided for %s. Use either a ref-setter function or React.createRef().%s div 
    at div
    at div
    at DropdownPopover (http://restaurant21.lobytech.test:3002/src/presentation/views/Modules/Admin/Views/Asistencia/Dropdown/index.tsx?t=1787493067224:24:3)
    at td
    at tr
    at tbody
    at table
    at div
    at div
    at Piso2 (http://restaurant21.lobytech.test:3002/src/presentation/views/Modules/Admin/Views/Asistencia/Piso2/index.tsx?t=1787530517857:23:3)
    at div
    at div
    at Asistencia (http://restaurant21.lobytech.test:3002/src/presentation/views/Modules/Admin/Views/Asistencia/index.tsx?t=1787530517857:42:20)
    at RenderedRoute (http://restaurant21.lobytech.test:3002/node_modules/.vite/deps/react-router-dom.js?v=23710b64:3310:5)
    at Outlet (http://restaurant21.lobytech.test:3002/node_modules/.vite/deps/react-router-dom.js?v=23710b64:3703:26)
    at div
    at div
    at div
    at LayoutView (http://restaurant21.lobytech.test:3002/src/components/Sidebar/index.tsx?t=1787527165311:31:20)
    at RenderedRoute (http://restaurant21.lobytech.test:3002/node_modules/.vite/deps/react-router-dom.js?v=23710b64:3310:5)
    at Routes (http://restaurant21.lobytech.test:3002/node_modules/.vite/deps/react-router-dom.js?v=23710b64:3763:5)
    at div
    at Router (http://restaurant21.lobytech.test:3002/node_modules/.vite/deps/react-router-dom.js?v=23710b64:3710:15)
    at BrowserRouter (http://restaurant21.lobytech.test:3002/node_modules/.vite/deps/react-router-dom.js?v=23710b64:4190:5)
    at Dashboard
    at QueryClientProvider2 (http://restaurant21.lobytech.test:3002/node_modules/.vite/deps/react-query.js?v=23710b64:2647:21)
    at Provider (http://restaurant21.lobytech.test:3002/node_modules/.vite/deps/react-redux.js?v=23710b64:1481:3)
    at App (http://restaurant21.lobytech.test:3002/src/App.tsx?t=1787530517857:31:7)
    at Provider (http://restaurant21.lobytech.test:3002/node_modules/.vite/deps/react-redux.js?v=23710b64:1481:3) @ http://restaurant21.lobytech.test:3002/node_modules/.vite/deps/chunk-GYWC62UC.js?v=23710b64:520
[    1316ms] [ERROR] Warning: Unexpected ref object provided for %s. Use either a ref-setter function or React.createRef().%s div 
    at div
    at div
    at DropdownPopover (http://restaurant21.lobytech.test:3002/src/presentation/views/Modules/Admin/Views/Asistencia/Dropdown/index.tsx?t=1787493067224:24:3)
    at td
    at tr
    at tbody
    at table
    at div
    at div
    at Piso2 (http://restaurant21.lobytech.test:3002/src/presentation/views/Modules/Admin/Views/Asistencia/Piso2/index.tsx?t=1787530517857:23:3)
    at div
    at div
    at Asistencia (http://restaurant21.lobytech.test:3002/src/presentation/views/Modules/Admin/Views/Asistencia/index.tsx?t=1787530517857:42:20)
    at RenderedRoute (http://restaurant21.lobytech.test:3002/node_modules/.vite/deps/react-router-dom.js?v=23710b64:3310:5)
    at Outlet (http://restaurant21.lobytech.test:3002/node_modules/.vite/deps/react-router-dom.js?v=23710b64:3703:26)
    at div
    at div
    at div
    at LayoutView (http://restaurant21.lobytech.test:3002/src/components/Sidebar/index.tsx?t=1787527165311:31:20)
    at RenderedRoute (http://restaurant21.lobytech.test:3002/node_modules/.vite/deps/react-router-dom.js?v=23710b64:3310:5)
    at Routes (http://restaurant21.lobytech.test:3002/node_modules/.vite/deps/react-router-dom.js?v=23710b64:3763:5)
    at div
    at Router (http://restaurant21.lobytech.test:3002/node_modules/.vite/deps/react-router-dom.js?v=23710b64:3710:15)
    at BrowserRouter (http://restaurant21.lobytech.test:3002/node_modules/.vite/deps/react-router-dom.js?v=23710b64:4190:5)
    at Dashboard
    at QueryClientProvider2 (http://restaurant21.lobytech.test:3002/node_modules/.vite/deps/react-query.js?v=23710b64:2647:21)
    at Provider (http://restaurant21.lobytech.test:3002/node_modules/.vite/deps/react-redux.js?v=23710b64:1481:3)
    at App (http://restaurant21.lobytech.test:3002/src/App.tsx?t=1787530517857:31:7)
    at Provider (http://restaurant21.lobytech.test:3002/node_modules/.vite/deps/react-redux.js?v=23710b64:1481:3) @ http://restaurant21.lobytech.test:3002/node_modules/.vite/deps/chunk-GYWC62UC.js?v=23710b64:520
[    1317ms] [ERROR] Warning: Unexpected ref object provided for %s. Use either a ref-setter function or React.createRef().%s div 
    at div
    at div
    at DropdownPopover (http://restaurant21.lobytech.test:3002/src/presentation/views/Modules/Admin/Views/Asistencia/Dropdown/index.tsx?t=1787493067224:24:3)
    at td
    at tr
    at tbody
    at table
    at div
    at div
    at Piso2 (http://restaurant21.lobytech.test:3002/src/presentation/views/Modules/Admin/Views/Asistencia/Piso2/index.tsx?t=1787530517857:23:3)
    at div
    at div
    at Asistencia (http://restaurant21.lobytech.test:3002/src/presentation/views/Modules/Admin/Views/Asistencia/index.tsx?t=1787530517857:42:20)
    at RenderedRoute (http://restaurant21.lobytech.test:3002/node_modules/.vite/deps/react-router-dom.js?v=23710b64:3310:5)
    at Outlet (http://restaurant21.lobytech.test:3002/node_modules/.vite/deps/react-router-dom.js?v=23710b64:3703:26)
    at div
    at div
    at div
    at LayoutView (http://restaurant21.lobytech.test:3002/src/components/Sidebar/index.tsx?t=1787527165311:31:20)
    at RenderedRoute (http://restaurant21.lobytech.test:3002/node_modules/.vite/deps/react-router-dom.js?v=23710b64:3310:5)
    at Routes (http://restaurant21.lobytech.test:3002/node_modules/.vite/deps/react-router-dom.js?v=23710b64:3763:5)
    at div
    at Router (http://restaurant21.lobytech.test:3002/node_modules/.vite/deps/react-router-dom.js?v=23710b64:3710:15)
    at BrowserRouter (http://restaurant21.lobytech.test:3002/node_modules/.vite/deps/react-router-dom.js?v=23710b64:4190:5)
    at Dashboard
    at QueryClientProvider2 (http://restaurant21.lobytech.test:3002/node_modules/.vite/deps/react-query.js?v=23710b64:2647:21)
    at Provider (http://restaurant21.lobytech.test:3002/node_modules/.vite/deps/react-redux.js?v=23710b64:1481:3)
    at App (http://restaurant21.lobytech.test:3002/src/App.tsx?t=1787530517857:31:7)
    at Provider (http://restaurant21.lobytech.test:3002/node_modules/.vite/deps/react-redux.js?v=23710b64:1481:3) @ http://restaurant21.lobytech.test:3002/node_modules/.vite/deps/chunk-GYWC62UC.js?v=23710b64:520
[    1317ms] [ERROR] Warning: Unexpected ref object provided for %s. Use either a ref-setter function or React.createRef().%s div 
    at div
    at div
    at DropdownPopover (http://restaurant21.lobytech.test:3002/src/presentation/views/Modules/Admin/Views/Asistencia/Dropdown/index.tsx?t=1787493067224:24:3)
    at td
    at tr
    at tbody
    at table
    at div
    at div
    at Piso2 (http://restaurant21.lobytech.test:3002/src/presentation/views/Modules/Admin/Views/Asistencia/Piso2/index.tsx?t=1787530517857:23:3)
    at div
    at div
    at Asistencia (http://restaurant21.lobytech.test:3002/src/presentation/views/Modules/Admin/Views/Asistencia/index.tsx?t=1787530517857:42:20)
    at RenderedRoute (http://restaurant21.lobytech.test:3002/node_modules/.vite/deps/react-router-dom.js?v=23710b64:3310:5)
    at Outlet (http://restaurant21.lobytech.test:3002/node_modules/.vite/deps/react-router-dom.js?v=23710b64:3703:26)
    at div
    at div
    at div
    at LayoutView (http://restaurant21.lobytech.test:3002/src/components/Sidebar/index.tsx?t=1787527165311:31:20)
    at RenderedRoute (http://restaurant21.lobytech.test:3002/node_modules/.vite/deps/react-router-dom.js?v=23710b64:3310:5)
    at Routes (http://restaurant21.lobytech.test:3002/node_modules/.vite/deps/react-router-dom.js?v=23710b64:3763:5)
    at div
    at Router (http://restaurant21.lobytech.test:3002/node_modules/.vite/deps/react-router-dom.js?v=23710b64:3710:15)
    at BrowserRouter (http://restaurant21.lobytech.test:3002/node_modules/.vite/deps/react-router-dom.js?v=23710b64:4190:5)
    at Dashboard
    at QueryClientProvider2 (http://restaurant21.lobytech.test:3002/node_modules/.vite/deps/react-query.js?v=23710b64:2647:21)
    at Provider (http://restaurant21.lobytech.test:3002/node_modules/.vite/deps/react-redux.js?v=23710b64:1481:3)
    at App (http://restaurant21.lobytech.test:3002/src/App.tsx?t=1787530517857:31:7)
    at Provider (http://restaurant21.lobytech.test:3002/node_modules/.vite/deps/react-redux.js?v=23710b64:1481:3) @ http://restaurant21.lobytech.test:3002/node_modules/.vite/deps/chunk-GYWC62UC.js?v=23710b64:520
[    1317ms] [ERROR] Warning: Unexpected ref object provided for %s. Use either a ref-setter function or React.createRef().%s div 
    at div
    at div
    at DropdownPopover (http://restaurant21.lobytech.test:3002/src/presentation/views/Modules/Admin/Views/Asistencia/Dropdown/index.tsx?t=1787493067224:24:3)
    at td
    at tr
    at tbody
    at table
    at div
    at div
    at Piso2 (http://restaurant21.lobytech.test:3002/src/presentation/views/Modules/Admin/Views/Asistencia/Piso2/index.tsx?t=1787530517857:23:3)
    at div
    at div
    at Asistencia (http://restaurant21.lobytech.test:3002/src/presentation/views/Modules/Admin/Views/Asistencia/index.tsx?t=1787530517857:42:20)
    at RenderedRoute (http://restaurant21.lobytech.test:3002/node_modules/.vite/deps/react-router-dom.js?v=23710b64:3310:5)
    at Outlet (http://restaurant21.lobytech.test:3002/node_modules/.vite/deps/react-router-dom.js?v=23710b64:3703:26)
    at div
    at div
    at div
    at LayoutView (http://restaurant21.lobytech.test:3002/src/components/Sidebar/index.tsx?t=1787527165311:31:20)
    at RenderedRoute (http://restaurant21.lobytech.test:3002/node_modules/.vite/deps/react-router-dom.js?v=23710b64:3310:5)
    at Routes (http://restaurant21.lobytech.test:3002/node_modules/.vite/deps/react-router-dom.js?v=23710b64:3763:5)
    at div
    at Router (http://restaurant21.lobytech.test:3002/node_modules/.vite/deps/react-router-dom.js?v=23710b64:3710:15)
    at BrowserRouter (http://restaurant21.lobytech.test:3002/node_modules/.vite/deps/react-router-dom.js?v=23710b64:4190:5)
    at Dashboard
    at QueryClientProvider2 (http://restaurant21.lobytech.test:3002/node_modules/.vite/deps/react-query.js?v=23710b64:2647:21)
    at Provider (http://restaurant21.lobytech.test:3002/node_modules/.vite/deps/react-redux.js?v=23710b64:1481:3)
    at App (http://restaurant21.lobytech.test:3002/src/App.tsx?t=1787530517857:31:7)
    at Provider (http://restaurant21.lobytech.test:3002/node_modules/.vite/deps/react-redux.js?v=23710b64:1481:3) @ http://restaurant21.lobytech.test:3002/node_modules/.vite/deps/chunk-GYWC62UC.js?v=23710b64:520
[    1318ms] [ERROR] Warning: Unexpected ref object provided for %s. Use either a ref-setter function or React.createRef().%s div 
    at div
    at div
    at DropdownPopover (http://restaurant21.lobytech.test:3002/src/presentation/views/Modules/Admin/Views/Asistencia/Dropdown/index.tsx?t=1787493067224:24:3)
    at td
    at tr
    at tbody
    at table
    at div
    at div
    at Piso2 (http://restaurant21.lobytech.test:3002/src/presentation/views/Modules/Admin/Views/Asistencia/Piso2/index.tsx?t=1787530517857:23:3)
    at div
    at div
    at Asistencia (http://restaurant21.lobytech.test:3002/src/presentation/views/Modules/Admin/Views/Asistencia/index.tsx?t=1787530517857:42:20)
    at RenderedRoute (http://restaurant21.lobytech.test:3002/node_modules/.vite/deps/react-router-dom.js?v=23710b64:3310:5)
    at Outlet (http://restaurant21.lobytech.test:3002/node_modules/.vite/deps/react-router-dom.js?v=23710b64:3703:26)
    at div
    at div
    at div
    at LayoutView (http://restaurant21.lobytech.test:3002/src/components/Sidebar/index.tsx?t=1787527165311:31:20)
    at RenderedRoute (http://restaurant21.lobytech.test:3002/node_modules/.vite/deps/react-router-dom.js?v=23710b64:3310:5)
    at Routes (http://restaurant21.lobytech.test:3002/node_modules/.vite/deps/react-router-dom.js?v=23710b64:3763:5)
    at div
    at Router (http://restaurant21.lobytech.test:3002/node_modules/.vite/deps/react-router-dom.js?v=23710b64:3710:15)
    at BrowserRouter (http://restaurant21.lobytech.test:3002/node_modules/.vite/deps/react-router-dom.js?v=23710b64:4190:5)
    at Dashboard
    at QueryClientProvider2 (http://restaurant21.lobytech.test:3002/node_modules/.vite/deps/react-query.js?v=23710b64:2647:21)
    at Provider (http://restaurant21.lobytech.test:3002/node_modules/.vite/deps/react-redux.js?v=23710b64:1481:3)
    at App (http://restaurant21.lobytech.test:3002/src/App.tsx?t=1787530517857:31:7)
    at Provider (http://restaurant21.lobytech.test:3002/node_modules/.vite/deps/react-redux.js?v=23710b64:1481:3) @ http://restaurant21.lobytech.test:3002/node_modules/.vite/deps/chunk-GYWC62UC.js?v=23710b64:520
[    1318ms] [ERROR] Warning: Unexpected ref object provided for %s. Use either a ref-setter function or React.createRef().%s div 
    at div
    at div
    at DropdownPopover (http://restaurant21.lobytech.test:3002/src/presentation/views/Modules/Admin/Views/Asistencia/Dropdown/index.tsx?t=1787493067224:24:3)
    at td
    at tr
    at tbody
    at table
    at div
    at div
    at Piso2 (http://restaurant21.lobytech.test:3002/src/presentation/views/Modules/Admin/Views/Asistencia/Piso2/index.tsx?t=1787530517857:23:3)
    at div
    at div
    at Asistencia (http://restaurant21.lobytech.test:3002/src/presentation/views/Modules/Admin/Views/Asistencia/index.tsx?t=1787530517857:42:20)
    at RenderedRoute (http://restaurant21.lobytech.test:3002/node_modules/.vite/deps/react-router-dom.js?v=23710b64:3310:5)
    at Outlet (http://restaurant21.lobytech.test:3002/node_modules/.vite/deps/react-router-dom.js?v=23710b64:3703:26)
    at div
    at div
    at div
    at LayoutView (http://restaurant21.lobytech.test:3002/src/components/Sidebar/index.tsx?t=1787527165311:31:20)
    at RenderedRoute (http://restaurant21.lobytech.test:3002/node_modules/.vite/deps/react-router-dom.js?v=23710b64:3310:5)
    at Routes (http://restaurant21.lobytech.test:3002/node_modules/.vite/deps/react-router-dom.js?v=23710b64:3763:5)
    at div
    at Router (http://restaurant21.lobytech.test:3002/node_modules/.vite/deps/react-router-dom.js?v=23710b64:3710:15)
    at BrowserRouter (http://restaurant21.lobytech.test:3002/node_modules/.vite/deps/react-router-dom.js?v=23710b64:4190:5)
    at Dashboard
    at QueryClientProvider2 (http://restaurant21.lobytech.test:3002/node_modules/.vite/deps/react-query.js?v=23710b64:2647:21)
    at Provider (http://restaurant21.lobytech.test:3002/node_modules/.vite/deps/react-redux.js?v=23710b64:1481:3)
    at App (http://restaurant21.lobytech.test:3002/src/App.tsx?t=1787530517857:31:7)
    at Provider (http://restaurant21.lobytech.test:3002/node_modules/.vite/deps/react-redux.js?v=23710b64:1481:3) @ http://restaurant21.lobytech.test:3002/node_modules/.vite/deps/chunk-GYWC62UC.js?v=23710b64:520
[    1318ms] [ERROR] Warning: Unexpected ref object provided for %s. Use either a ref-setter function or React.createRef().%s div 
    at div
    at div
    at DropdownPopover (http://restaurant21.lobytech.test:3002/src/presentation/views/Modules/Admin/Views/Asistencia/Dropdown/index.tsx?t=1787493067224:24:3)
    at td
    at tr
    at tbody
    at table
    at div
    at div
    at Piso2 (http://restaurant21.lobytech.test:3002/src/presentation/views/Modules/Admin/Views/Asistencia/Piso2/index.tsx?t=1787530517857:23:3)
    at div
    at div
    at Asistencia (http://restaurant21.lobytech.test:3002/src/presentation/views/Modules/Admin/Views/Asistencia/index.tsx?t=1787530517857:42:20)
    at RenderedRoute (http://restaurant21.lobytech.test:3002/node_modules/.vite/deps/react-router-dom.js?v=23710b64:3310:5)
    at Outlet (http://restaurant21.lobytech.test:3002/node_modules/.vite/deps/react-router-dom.js?v=23710b64:3703:26)
    at div
    at div
    at div
    at LayoutView (http://restaurant21.lobytech.test:3002/src/components/Sidebar/index.tsx?t=1787527165311:31:20)
    at RenderedRoute (http://restaurant21.lobytech.test:3002/node_modules/.vite/deps/react-router-dom.js?v=23710b64:3310:5)
    at Routes (http://restaurant21.lobytech.test:3002/node_modules/.vite/deps/react-router-dom.js?v=23710b64:3763:5)
    at div
    at Router (http://restaurant21.lobytech.test:3002/node_modules/.vite/deps/react-router-dom.js?v=23710b64:3710:15)
    at BrowserRouter (http://restaurant21.lobytech.test:3002/node_modules/.vite/deps/react-router-dom.js?v=23710b64:4190:5)
    at Dashboard
    at QueryClientProvider2 (http://restaurant21.lobytech.test:3002/node_modules/.vite/deps/react-query.js?v=23710b64:2647:21)
    at Provider (http://restaurant21.lobytech.test:3002/node_modules/.vite/deps/react-redux.js?v=23710b64:1481:3)
    at App (http://restaurant21.lobytech.test:3002/src/App.tsx?t=1787530517857:31:7)
    at Provider (http://restaurant21.lobytech.test:3002/node_modules/.vite/deps/react-redux.js?v=23710b64:1481:3) @ http://restaurant21.lobytech.test:3002/node_modules/.vite/deps/chunk-GYWC62UC.js?v=23710b64:520
[    1318ms] [ERROR] Warning: Unexpected ref object provided for %s. Use either a ref-setter function or React.createRef().%s div 
    at div
    at div
    at DropdownPopover (http://restaurant21.lobytech.test:3002/src/presentation/views/Modules/Admin/Views/Asistencia/Dropdown/index.tsx?t=1787493067224:24:3)
    at td
    at tr
    at tbody
    at table
    at div
    at div
    at Piso2 (http://restaurant21.lobytech.test:3002/src/presentation/views/Modules/Admin/Views/Asistencia/Piso2/index.tsx?t=1787530517857:23:3)
    at div
    at div
    at Asistencia (http://restaurant21.lobytech.test:3002/src/presentation/views/Modules/Admin/Views/Asistencia/index.tsx?t=1787530517857:42:20)
    at RenderedRoute (http://restaurant21.lobytech.test:3002/node_modules/.vite/deps/react-router-dom.js?v=23710b64:3310:5)
    at Outlet (http://restaurant21.lobytech.test:3002/node_modules/.vite/deps/react-router-dom.js?v=23710b64:3703:26)
    at div
    at div
    at div
    at LayoutView (http://restaurant21.lobytech.test:3002/src/components/Sidebar/index.tsx?t=1787527165311:31:20)
    at RenderedRoute (http://restaurant21.lobytech.test:3002/node_modules/.vite/deps/react-router-dom.js?v=23710b64:3310:5)
    at Routes (http://restaurant21.lobytech.test:3002/node_modules/.vite/deps/react-router-dom.js?v=23710b64:3763:5)
    at div
    at Router (http://restaurant21.lobytech.test:3002/node_modules/.vite/deps/react-router-dom.js?v=23710b64:3710:15)
    at BrowserRouter (http://restaurant21.lobytech.test:3002/node_modules/.vite/deps/react-router-dom.js?v=23710b64:4190:5)
    at Dashboard
    at QueryClientProvider2 (http://restaurant21.lobytech.test:3002/node_modules/.vite/deps/react-query.js?v=23710b64:2647:21)
    at Provider (http://restaurant21.lobytech.test:3002/node_modules/.vite/deps/react-redux.js?v=23710b64:1481:3)
    at App (http://restaurant21.lobytech.test:3002/src/App.tsx?t=1787530517857:31:7)
    at Provider (http://restaurant21.lobytech.test:3002/node_modules/.vite/deps/react-redux.js?v=23710b64:1481:3) @ http://restaurant21.lobytech.test:3002/node_modules/.vite/deps/chunk-GYWC62UC.js?v=23710b64:520
[    1319ms] [ERROR] Warning: Unexpected ref object provided for %s. Use either a ref-setter function or React.createRef().%s div 
    at div
    at div
    at DropdownPopover (http://restaurant21.lobytech.test:3002/src/presentation/views/Modules/Admin/Views/Asistencia/Dropdown/index.tsx?t=1787493067224:24:3)
    at td
    at tr
    at tbody
    at table
    at div
    at div
    at Piso2 (http://restaurant21.lobytech.test:3002/src/presentation/views/Modules/Admin/Views/Asistencia/Piso2/index.tsx?t=1787530517857:23:3)
    at div
    at div
    at Asistencia (http://restaurant21.lobytech.test:3002/src/presentation/views/Modules/Admin/Views/Asistencia/index.tsx?t=1787530517857:42:20)
    at RenderedRoute (http://restaurant21.lobytech.test:3002/node_modules/.vite/deps/react-router-dom.js?v=23710b64:3310:5)
    at Outlet (http://restaurant21.lobytech.test:3002/node_modules/.vite/deps/react-router-dom.js?v=23710b64:3703:26)
    at div
    at div
    at div
    at LayoutView (http://restaurant21.lobytech.test:3002/src/components/Sidebar/index.tsx?t=1787527165311:31:20)
    at RenderedRoute (http://restaurant21.lobytech.test:3002/node_modules/.vite/deps/react-router-dom.js?v=23710b64:3310:5)
    at Routes (http://restaurant21.lobytech.test:3002/node_modules/.vite/deps/react-router-dom.js?v=23710b64:3763:5)
    at div
    at Router (http://restaurant21.lobytech.test:3002/node_modules/.vite/deps/react-router-dom.js?v=23710b64:3710:15)
    at BrowserRouter (http://restaurant21.lobytech.test:3002/node_modules/.vite/deps/react-router-dom.js?v=23710b64:4190:5)
    at Dashboard
    at QueryClientProvider2 (http://restaurant21.lobytech.test:3002/node_modules/.vite/deps/react-query.js?v=23710b64:2647:21)
    at Provider (http://restaurant21.lobytech.test:3002/node_modules/.vite/deps/react-redux.js?v=23710b64:1481:3)
    at App (http://restaurant21.lobytech.test:3002/src/App.tsx?t=1787530517857:31:7)
    at Provider (http://restaurant21.lobytech.test:3002/node_modules/.vite/deps/react-redux.js?v=23710b64:1481:3) @ http://restaurant21.lobytech.test:3002/node_modules/.vite/deps/chunk-GYWC62UC.js?v=23710b64:520
[    1319ms] [ERROR] Warning: Unexpected ref object provided for %s. Use either a ref-setter function or React.createRef().%s div 
    at div
    at div
    at DropdownPopover (http://restaurant21.lobytech.test:3002/src/presentation/views/Modules/Admin/Views/Asistencia/Dropdown/index.tsx?t=1787493067224:24:3)
    at td
    at tr
    at tbody
    at table
    at div
    at div
    at Piso2 (http://restaurant21.lobytech.test:3002/src/presentation/views/Modules/Admin/Views/Asistencia/Piso2/index.tsx?t=1787530517857:23:3)
    at div
    at div
    at Asistencia (http://restaurant21.lobytech.test:3002/src/presentation/views/Modules/Admin/Views/Asistencia/index.tsx?t=1787530517857:42:20)
    at RenderedRoute (http://restaurant21.lobytech.test:3002/node_modules/.vite/deps/react-router-dom.js?v=23710b64:3310:5)
    at Outlet (http://restaurant21.lobytech.test:3002/node_modules/.vite/deps/react-router-dom.js?v=23710b64:3703:26)
    at div
    at div
    at div
    at LayoutView (http://restaurant21.lobytech.test:3002/src/components/Sidebar/index.tsx?t=1787527165311:31:20)
    at RenderedRoute (http://restaurant21.lobytech.test:3002/node_modules/.vite/deps/react-router-dom.js?v=23710b64:3310:5)
    at Routes (http://restaurant21.lobytech.test:3002/node_modules/.vite/deps/react-router-dom.js?v=23710b64:3763:5)
    at div
    at Router (http://restaurant21.lobytech.test:3002/node_modules/.vite/deps/react-router-dom.js?v=23710b64:3710:15)
    at BrowserRouter (http://restaurant21.lobytech.test:3002/node_modules/.vite/deps/react-router-dom.js?v=23710b64:4190:5)
    at Dashboard
    at QueryClientProvider2 (http://restaurant21.lobytech.test:3002/node_modules/.vite/deps/react-query.js?v=23710b64:2647:21)
    at Provider (http://restaurant21.lobytech.test:3002/node_modules/.vite/deps/react-redux.js?v=23710b64:1481:3)
    at App (http://restaurant21.lobytech.test:3002/src/App.tsx?t=1787530517857:31:7)
    at Provider (http://restaurant21.lobytech.test:3002/node_modules/.vite/deps/react-redux.js?v=23710b64:1481:3) @ http://restaurant21.lobytech.test:3002/node_modules/.vite/deps/chunk-GYWC62UC.js?v=23710b64:520
[    1381ms] [LOG] [] @ http://restaurant21.lobytech.test:3002/src/presentation/views/Modules/Admin/Views/Asistencia/index.tsx?t=1787530517857:46
[    1382ms] [LOG] Sun Aug 23 2026 00:00:00 GMT-0500 (hora estándar de Perú) @ http://restaurant21.lobytech.test:3002/src/presentation/views/Modules/Admin/Views/Asistencia/index.tsx?t=1787530517857:115
[    1382ms] [LOG] {turno: Turno Especial, diaSemana: 0} @ http://restaurant21.lobytech.test:3002/src/presentation/views/Modules/Admin/Views/Asistencia/index.tsx?t=1787530517857:129
[    1383ms] [LOG] Sun Aug 23 2026 00:00:00 GMT-0500 (hora estándar de Perú) @ http://restaurant21.lobytech.test:3002/src/presentation/views/Modules/Admin/Views/Asistencia/index.tsx?t=1787530517857:115
[    1384ms] [LOG] Sun Aug 23 2026 00:00:00 GMT-0500 (hora estándar de Perú) @ http://restaurant21.lobytech.test:3002/src/presentation/views/Modules/Admin/Views/Asistencia/index.tsx?t=1787530517857:115
[    1384ms] [LOG] [] @ http://restaurant21.lobytech.test:3002/src/presentation/views/Modules/Admin/Views/Asistencia/index.tsx?t=1787530517857:198
[    1385ms] [LOG] false @ http://restaurant21.lobytech.test:3002/src/components/Toggle/index.tsx:24
[    1385ms] [LOG] () => {
    if (diaSemana === 0) {
      setCheckedTurno(false);
    } else {
      setCheckedTurno(!isTurno);
    }
  } @ http://restaurant21.lobytech.test:3002/src/components/Toggle/index.tsx:25
[    1388ms] [LOG] null @ http://restaurant21.lobytech.test:3002/src/presentation/views/Modules/Admin/Views/Asistencia/Dropdown/index.tsx?t=1787493067224:68
[    1388ms] [LOG] null @ http://restaurant21.lobytech.test:3002/src/presentation/views/Modules/Admin/Views/Asistencia/Dropdown/index.tsx?t=1787493067224:68
[    1389ms] [LOG] null @ http://restaurant21.lobytech.test:3002/src/presentation/views/Modules/Admin/Views/Asistencia/Dropdown/index.tsx?t=1787493067224:68
[    1390ms] [LOG] null @ http://restaurant21.lobytech.test:3002/src/presentation/views/Modules/Admin/Views/Asistencia/Dropdown/index.tsx?t=1787493067224:68
[    1390ms] [LOG] null @ http://restaurant21.lobytech.test:3002/src/presentation/views/Modules/Admin/Views/Asistencia/Dropdown/index.tsx?t=1787493067224:68
[    1391ms] [LOG] null @ http://restaurant21.lobytech.test:3002/src/presentation/views/Modules/Admin/Views/Asistencia/Dropdown/index.tsx?t=1787493067224:68
[    1393ms] [LOG] null @ http://restaurant21.lobytech.test:3002/src/presentation/views/Modules/Admin/Views/Asistencia/Dropdown/index.tsx?t=1787493067224:68
[    1393ms] [LOG] null @ http://restaurant21.lobytech.test:3002/src/presentation/views/Modules/Admin/Views/Asistencia/Dropdown/index.tsx?t=1787493067224:68
[    1394ms] [LOG] null @ http://restaurant21.lobytech.test:3002/src/presentation/views/Modules/Admin/Views/Asistencia/Dropdown/index.tsx?t=1787493067224:68
[    1395ms] [LOG] null @ http://restaurant21.lobytech.test:3002/src/presentation/views/Modules/Admin/Views/Asistencia/Dropdown/index.tsx?t=1787493067224:68
[    1396ms] [LOG] null @ http://restaurant21.lobytech.test:3002/src/presentation/views/Modules/Admin/Views/Asistencia/Dropdown/index.tsx?t=1787493067224:68
[    1397ms] [LOG] null @ http://restaurant21.lobytech.test:3002/src/presentation/views/Modules/Admin/Views/Asistencia/Dropdown/index.tsx?t=1787493067224:68
[    1397ms] [LOG] null @ http://restaurant21.lobytech.test:3002/src/presentation/views/Modules/Admin/Views/Asistencia/Dropdown/index.tsx?t=1787493067224:68
[    1398ms] [LOG] null @ http://restaurant21.lobytech.test:3002/src/presentation/views/Modules/Admin/Views/Asistencia/Dropdown/index.tsx?t=1787493067224:68
[    1399ms] [LOG] null @ http://restaurant21.lobytech.test:3002/src/presentation/views/Modules/Admin/Views/Asistencia/Dropdown/index.tsx?t=1787493067224:68
[    1399ms] [LOG] null @ http://restaurant21.lobytech.test:3002/src/presentation/views/Modules/Admin/Views/Asistencia/Dropdown/index.tsx?t=1787493067224:68
[    1399ms] [LOG] null @ http://restaurant21.lobytech.test:3002/src/presentation/views/Modules/Admin/Views/Asistencia/Dropdown/index.tsx?t=1787493067224:68
[    1400ms] [LOG] null @ http://restaurant21.lobytech.test:3002/src/presentation/views/Modules/Admin/Views/Asistencia/Dropdown/index.tsx?t=1787493067224:68
[    1400ms] [LOG] null @ http://restaurant21.lobytech.test:3002/src/presentation/views/Modules/Admin/Views/Asistencia/Dropdown/index.tsx?t=1787493067224:68
[    1402ms] [LOG] null @ http://restaurant21.lobytech.test:3002/src/presentation/views/Modules/Admin/Views/Asistencia/Dropdown/index.tsx?t=1787493067224:68
[    1402ms] [LOG] null @ http://restaurant21.lobytech.test:3002/src/presentation/views/Modules/Admin/Views/Asistencia/Dropdown/index.tsx?t=1787493067224:68
[    1403ms] [LOG] null @ http://restaurant21.lobytech.test:3002/src/presentation/views/Modules/Admin/Views/Asistencia/Dropdown/index.tsx?t=1787493067224:68
[    1403ms] [LOG] null @ http://restaurant21.lobytech.test:3002/src/presentation/views/Modules/Admin/Views/Asistencia/Dropdown/index.tsx?t=1787493067224:68
[    1403ms] [LOG] null @ http://restaurant21.lobytech.test:3002/src/presentation/views/Modules/Admin/Views/Asistencia/Dropdown/index.tsx?t=1787493067224:68
[    1404ms] [LOG] null @ http://restaurant21.lobytech.test:3002/src/presentation/views/Modules/Admin/Views/Asistencia/Dropdown/index.tsx?t=1787493067224:68
[    1404ms] [LOG] null @ http://restaurant21.lobytech.test:3002/src/presentation/views/Modules/Admin/Views/Asistencia/Dropdown/index.tsx?t=1787493067224:68
[    1405ms] [LOG] null @ http://restaurant21.lobytech.test:3002/src/presentation/views/Modules/Admin/Views/Asistencia/Dropdown/index.tsx?t=1787493067224:68
[    1405ms] [LOG] null @ http://restaurant21.lobytech.test:3002/src/presentation/views/Modules/Admin/Views/Asistencia/Dropdown/index.tsx?t=1787493067224:68
[    1405ms] [LOG] null @ http://restaurant21.lobytech.test:3002/src/presentation/views/Modules/Admin/Views/Asistencia/Dropdown/index.tsx?t=1787493067224:68
[    1406ms] [LOG] null @ http://restaurant21.lobytech.test:3002/src/presentation/views/Modules/Admin/Views/Asistencia/Dropdown/index.tsx?t=1787493067224:68
[    1406ms] [LOG] null @ http://restaurant21.lobytech.test:3002/src/presentation/views/Modules/Admin/Views/Asistencia/Dropdown/index.tsx?t=1787493067224:68
[    1407ms] [LOG] null @ http://restaurant21.lobytech.test:3002/src/presentation/views/Modules/Admin/Views/Asistencia/Dropdown/index.tsx?t=1787493067224:68
[    1407ms] [LOG] null @ http://restaurant21.lobytech.test:3002/src/presentation/views/Modules/Admin/Views/Asistencia/Dropdown/index.tsx?t=1787493067224:68
[    1408ms] [LOG] null @ http://restaurant21.lobytech.test:3002/src/presentation/views/Modules/Admin/Views/Asistencia/Dropdown/index.tsx?t=1787493067224:68
[    1408ms] [LOG] null @ http://restaurant21.lobytech.test:3002/src/presentation/views/Modules/Admin/Views/Asistencia/Dropdown/index.tsx?t=1787493067224:68
[    1409ms] [LOG] null @ http://restaurant21.lobytech.test:3002/src/presentation/views/Modules/Admin/Views/Asistencia/Dropdown/index.tsx?t=1787493067224:68
[    1410ms] [LOG] null @ http://restaurant21.lobytech.test:3002/src/presentation/views/Modules/Admin/Views/Asistencia/Dropdown/index.tsx?t=1787493067224:68
[    1411ms] [LOG] null @ http://restaurant21.lobytech.test:3002/src/presentation/views/Modules/Admin/Views/Asistencia/Dropdown/index.tsx?t=1787493067224:68
[    1412ms] [LOG] null @ http://restaurant21.lobytech.test:3002/src/presentation/views/Modules/Admin/Views/Asistencia/Dropdown/index.tsx?t=1787493067224:68
[    1412ms] [LOG] null @ http://restaurant21.lobytech.test:3002/src/presentation/views/Modules/Admin/Views/Asistencia/Dropdown/index.tsx?t=1787493067224:68
[    1413ms] [LOG] null @ http://restaurant21.lobytech.test:3002/src/presentation/views/Modules/Admin/Views/Asistencia/Dropdown/index.tsx?t=1787493067224:68
[    1413ms] [LOG] null @ http://restaurant21.lobytech.test:3002/src/presentation/views/Modules/Admin/Views/Asistencia/Dropdown/index.tsx?t=1787493067224:68
[    1414ms] [LOG] null @ http://restaurant21.lobytech.test:3002/src/presentation/views/Modules/Admin/Views/Asistencia/Dropdown/index.tsx?t=1787493067224:68
[    1414ms] [LOG] null @ http://restaurant21.lobytech.test:3002/src/presentation/views/Modules/Admin/Views/Asistencia/Dropdown/index.tsx?t=1787493067224:68
[    1414ms] [LOG] null @ http://restaurant21.lobytech.test:3002/src/presentation/views/Modules/Admin/Views/Asistencia/Dropdown/index.tsx?t=1787493067224:68
[    1415ms] [LOG] null @ http://restaurant21.lobytech.test:3002/src/presentation/views/Modules/Admin/Views/Asistencia/Dropdown/index.tsx?t=1787493067224:68
[    1415ms] [LOG] null @ http://restaurant21.lobytech.test:3002/src/presentation/views/Modules/Admin/Views/Asistencia/Dropdown/index.tsx?t=1787493067224:68
[    1416ms] [LOG] null @ http://restaurant21.lobytech.test:3002/src/presentation/views/Modules/Admin/Views/Asistencia/Dropdown/index.tsx?t=1787493067224:68
[    1416ms] [LOG] null @ http://restaurant21.lobytech.test:3002/src/presentation/views/Modules/Admin/Views/Asistencia/Dropdown/index.tsx?t=1787493067224:68
[    1416ms] [LOG] null @ http://restaurant21.lobytech.test:3002/src/presentation/views/Modules/Admin/Views/Asistencia/Dropdown/index.tsx?t=1787493067224:68
[    1417ms] [LOG] null @ http://restaurant21.lobytech.test:3002/src/presentation/views/Modules/Admin/Views/Asistencia/Dropdown/index.tsx?t=1787493067224:68
[    1417ms] [LOG] null @ http://restaurant21.lobytech.test:3002/src/presentation/views/Modules/Admin/Views/Asistencia/Dropdown/index.tsx?t=1787493067224:68
[    1417ms] [LOG] null @ http://restaurant21.lobytech.test:3002/src/presentation/views/Modules/Admin/Views/Asistencia/Dropdown/index.tsx?t=1787493067224:68
[    1417ms] [LOG] null @ http://restaurant21.lobytech.test:3002/src/presentation/views/Modules/Admin/Views/Asistencia/Dropdown/index.tsx?t=1787493067224:68
[    1418ms] [LOG] null @ http://restaurant21.lobytech.test:3002/src/presentation/views/Modules/Admin/Views/Asistencia/Dropdown/index.tsx?t=1787493067224:68
[    1418ms] [LOG] null @ http://restaurant21.lobytech.test:3002/src/presentation/views/Modules/Admin/Views/Asistencia/Dropdown/index.tsx?t=1787493067224:68
[    1418ms] [LOG] null @ http://restaurant21.lobytech.test:3002/src/presentation/views/Modules/Admin/Views/Asistencia/Dropdown/index.tsx?t=1787493067224:68
[    1419ms] [LOG] null @ http://restaurant21.lobytech.test:3002/src/presentation/views/Modules/Admin/Views/Asistencia/Dropdown/index.tsx?t=1787493067224:68
[    1419ms] [LOG] null @ http://restaurant21.lobytech.test:3002/src/presentation/views/Modules/Admin/Views/Asistencia/Dropdown/index.tsx?t=1787493067224:68
[    1419ms] [LOG] null @ http://restaurant21.lobytech.test:3002/src/presentation/views/Modules/Admin/Views/Asistencia/Dropdown/index.tsx?t=1787493067224:68
[    1420ms] [LOG] null @ http://restaurant21.lobytech.test:3002/src/presentation/views/Modules/Admin/Views/Asistencia/Dropdown/index.tsx?t=1787493067224:68
[    1420ms] [LOG] null @ http://restaurant21.lobytech.test:3002/src/presentation/views/Modules/Admin/Views/Asistencia/Dropdown/index.tsx?t=1787493067224:68
[    1420ms] [LOG] null @ http://restaurant21.lobytech.test:3002/src/presentation/views/Modules/Admin/Views/Asistencia/Dropdown/index.tsx?t=1787493067224:68
[    1421ms] [LOG] null @ http://restaurant21.lobytech.test:3002/src/presentation/views/Modules/Admin/Views/Asistencia/Dropdown/index.tsx?t=1787493067224:68
[    1422ms] [LOG] null @ http://restaurant21.lobytech.test:3002/src/presentation/views/Modules/Admin/Views/Asistencia/Dropdown/index.tsx?t=1787493067224:68
[    1422ms] [LOG] null @ http://restaurant21.lobytech.test:3002/src/presentation/views/Modules/Admin/Views/Asistencia/Dropdown/index.tsx?t=1787493067224:68
[    1423ms] [LOG] [] @ http://restaurant21.lobytech.test:3002/src/components/Modal/Admin/Asistencia/index.tsx?t=1787530428254:43
[    1423ms] [LOG] [] @ http://restaurant21.lobytech.test:3002/src/components/Modal/Admin/Asistencia/index.tsx?t=1787530428254:50
[    1423ms] [LOG] Sun Aug 23 2026 00:00:00 GMT-0500 (hora estándar de Perú) @ http://restaurant21.lobytech.test:3002/src/components/Modal/Admin/Asistencia/index.tsx?t=1787530428254:79
[    1423ms] [LOG] 1 @ http://restaurant21.lobytech.test:3002/src/components/Modal/Admin/Asistencia/index.tsx?t=1787530428254:95
[    1423ms] [LOG] {habitacionId: 0, habitacion: , anfitrionaId: 0, anfitriona: , turno: } @ http://restaurant21.lobytech.test:3002/src/components/Modal/Admin/Asistencia/index.tsx?t=1787530428254:108
[    1424ms] [LOG] [] @ http://restaurant21.lobytech.test:3002/src/components/Modal/Admin/Asistencia/index.tsx?t=1787530428254:110
[    1424ms] [LOG] 0 @ http://restaurant21.lobytech.test:3002/src/components/Modal/Admin/Asistencia/index.tsx?t=1787530428254:126
[    1424ms] [LOG] [] @ http://restaurant21.lobytech.test:3002/src/components/Modal/Admin/Asistencia/index.tsx?t=1787530428254:162
[    1424ms] [LOG]  @ http://restaurant21.lobytech.test:3002/src/components/Modal/Admin/Asistencia/index.tsx?t=1787530428254:163
[    1424ms] [LOG] 844 @ http://restaurant21.lobytech.test:3002/src/components/Modal/Admin/Asistencia/index.tsx?t=1787530428254:202
[    1424ms] [LOG] 390 @ http://restaurant21.lobytech.test:3002/src/components/Modal/Admin/Asistencia/index.tsx?t=1787530428254:203
[    1425ms] [LOG] [] @ http://restaurant21.lobytech.test:3002/src/components/Modal/Admin/Fichas/index.tsx?t=1787493067224:37
[    1425ms] [LOG] [] @ http://restaurant21.lobytech.test:3002/src/components/Modal/Admin/Fichas/index.tsx?t=1787493067224:38
[    1425ms] [LOG] null @ http://restaurant21.lobytech.test:3002/src/components/Modal/Admin/Fichas/index.tsx?t=1787493067224:39
[    1425ms] [LOG] 844 @ http://restaurant21.lobytech.test:3002/src/components/Modal/Admin/Fichas/index.tsx?t=1787493067224:47
[    1425ms] [LOG] 844 @ http://restaurant21.lobytech.test:3002/src/components/Modal/Admin/Fichas/index.tsx?t=1787493067224:48
[    1434ms] [ERROR] Failed to load resource: the server responded with a status of 500 (Internal Server Error) @ http://localhost:5002/api/facturacion/listar-fichas?fecha=23/08/2026:0
[    1434ms] [LOG] AxiosError @ http://restaurant21.lobytech.test:3002/src/utils/axios.ts:19
[    1434ms] [LOG] AxiosError @ http://restaurant21.lobytech.test:3002/src/redux/reducers/Admin/asistencia/asistencia.reducer.ts:374
[    1436ms] [LOG] [] @ http://restaurant21.lobytech.test:3002/src/presentation/views/Modules/Admin/Views/Asistencia/index.tsx?t=1787530517857:46
[    1436ms] [LOG] Sun Aug 23 2026 00:00:00 GMT-0500 (hora estándar de Perú) @ http://restaurant21.lobytech.test:3002/src/presentation/views/Modules/Admin/Views/Asistencia/index.tsx?t=1787530517857:115
[    1436ms] [LOG] {turno: Turno Especial, diaSemana: 0} @ http://restaurant21.lobytech.test:3002/src/presentation/views/Modules/Admin/Views/Asistencia/index.tsx?t=1787530517857:129
[    1436ms] [LOG] Sun Aug 23 2026 00:00:00 GMT-0500 (hora estándar de Perú) @ http://restaurant21.lobytech.test:3002/src/presentation/views/Modules/Admin/Views/Asistencia/index.tsx?t=1787530517857:115
[    1437ms] [LOG] Sun Aug 23 2026 00:00:00 GMT-0500 (hora estándar de Perú) @ http://restaurant21.lobytech.test:3002/src/presentation/views/Modules/Admin/Views/Asistencia/index.tsx?t=1787530517857:115
[    1437ms] [LOG] [] @ http://restaurant21.lobytech.test:3002/src/presentation/views/Modules/Admin/Views/Asistencia/index.tsx?t=1787530517857:198
[    1437ms] [LOG] false @ http://restaurant21.lobytech.test:3002/src/components/Toggle/index.tsx:24
[    1437ms] [LOG] () => {
    if (diaSemana === 0) {
      setCheckedTurno(false);
    } else {
      setCheckedTurno(!isTurno);
    }
  } @ http://restaurant21.lobytech.test:3002/src/components/Toggle/index.tsx:25
[    1440ms] [LOG] null @ http://restaurant21.lobytech.test:3002/src/presentation/views/Modules/Admin/Views/Asistencia/Dropdown/index.tsx?t=1787493067224:68
[    1441ms] [LOG] null @ http://restaurant21.lobytech.test:3002/src/presentation/views/Modules/Admin/Views/Asistencia/Dropdown/index.tsx?t=1787493067224:68
[    1443ms] [LOG] null @ http://restaurant21.lobytech.test:3002/src/presentation/views/Modules/Admin/Views/Asistencia/Dropdown/index.tsx?t=1787493067224:68
[    1444ms] [LOG] null @ http://restaurant21.lobytech.test:3002/src/presentation/views/Modules/Admin/Views/Asistencia/Dropdown/index.tsx?t=1787493067224:68
[    1444ms] [LOG] null @ http://restaurant21.lobytech.test:3002/src/presentation/views/Modules/Admin/Views/Asistencia/Dropdown/index.tsx?t=1787493067224:68
[    1445ms] [LOG] null @ http://restaurant21.lobytech.test:3002/src/presentation/views/Modules/Admin/Views/Asistencia/Dropdown/index.tsx?t=1787493067224:68
[    1446ms] [LOG] null @ http://restaurant21.lobytech.test:3002/src/presentation/views/Modules/Admin/Views/Asistencia/Dropdown/index.tsx?t=1787493067224:68
[    1446ms] [LOG] null @ http://restaurant21.lobytech.test:3002/src/presentation/views/Modules/Admin/Views/Asistencia/Dropdown/index.tsx?t=1787493067224:68
[    1447ms] [LOG] null @ http://restaurant21.lobytech.test:3002/src/presentation/views/Modules/Admin/Views/Asistencia/Dropdown/index.tsx?t=1787493067224:68
[    1448ms] [LOG] null @ http://restaurant21.lobytech.test:3002/src/presentation/views/Modules/Admin/Views/Asistencia/Dropdown/index.tsx?t=1787493067224:68
[    1448ms] [LOG] null @ http://restaurant21.lobytech.test:3002/src/presentation/views/Modules/Admin/Views/Asistencia/Dropdown/index.tsx?t=1787493067224:68
[    1448ms] [LOG] null @ http://restaurant21.lobytech.test:3002/src/presentation/views/Modules/Admin/Views/Asistencia/Dropdown/index.tsx?t=1787493067224:68
[    1449ms] [LOG] null @ http://restaurant21.lobytech.test:3002/src/presentation/views/Modules/Admin/Views/Asistencia/Dropdown/index.tsx?t=1787493067224:68
[    1449ms] [LOG] null @ http://restaurant21.lobytech.test:3002/src/presentation/views/Modules/Admin/Views/Asistencia/Dropdown/index.tsx?t=1787493067224:68
[    1450ms] [LOG] null @ http://restaurant21.lobytech.test:3002/src/presentation/views/Modules/Admin/Views/Asistencia/Dropdown/index.tsx?t=1787493067224:68
[    1451ms] [LOG] null @ http://restaurant21.lobytech.test:3002/src/presentation/views/Modules/Admin/Views/Asistencia/Dropdown/index.tsx?t=1787493067224:68
[    1452ms] [LOG] null @ http://restaurant21.lobytech.test:3002/src/presentation/views/Modules/Admin/Views/Asistencia/Dropdown/index.tsx?t=1787493067224:68
[    1452ms] [LOG] null @ http://restaurant21.lobytech.test:3002/src/presentation/views/Modules/Admin/Views/Asistencia/Dropdown/index.tsx?t=1787493067224:68
[    1453ms] [LOG] null @ http://restaurant21.lobytech.test:3002/src/presentation/views/Modules/Admin/Views/Asistencia/Dropdown/index.tsx?t=1787493067224:68
[    1454ms] [LOG] null @ http://restaurant21.lobytech.test:3002/src/presentation/views/Modules/Admin/Views/Asistencia/Dropdown/index.tsx?t=1787493067224:68
[    1455ms] [LOG] null @ http://restaurant21.lobytech.test:3002/src/presentation/views/Modules/Admin/Views/Asistencia/Dropdown/index.tsx?t=1787493067224:68
[    1456ms] [LOG] null @ http://restaurant21.lobytech.test:3002/src/presentation/views/Modules/Admin/Views/Asistencia/Dropdown/index.tsx?t=1787493067224:68
[    1456ms] [LOG] null @ http://restaurant21.lobytech.test:3002/src/presentation/views/Modules/Admin/Views/Asistencia/Dropdown/index.tsx?t=1787493067224:68
[    1457ms] [LOG] null @ http://restaurant21.lobytech.test:3002/src/presentation/views/Modules/Admin/Views/Asistencia/Dropdown/index.tsx?t=1787493067224:68
[    1458ms] [LOG] null @ http://restaurant21.lobytech.test:3002/src/presentation/views/Modules/Admin/Views/Asistencia/Dropdown/index.tsx?t=1787493067224:68
[    1459ms] [LOG] null @ http://restaurant21.lobytech.test:3002/src/presentation/views/Modules/Admin/Views/Asistencia/Dropdown/index.tsx?t=1787493067224:68
[    1460ms] [LOG] null @ http://restaurant21.lobytech.test:3002/src/presentation/views/Modules/Admin/Views/Asistencia/Dropdown/index.tsx?t=1787493067224:68
[    1461ms] [LOG] null @ http://restaurant21.lobytech.test:3002/src/presentation/views/Modules/Admin/Views/Asistencia/Dropdown/index.tsx?t=1787493067224:68
[    1461ms] [LOG] null @ http://restaurant21.lobytech.test:3002/src/presentation/views/Modules/Admin/Views/Asistencia/Dropdown/index.tsx?t=1787493067224:68
[    1462ms] [LOG] null @ http://restaurant21.lobytech.test:3002/src/presentation/views/Modules/Admin/Views/Asistencia/Dropdown/index.tsx?t=1787493067224:68
[    1463ms] [LOG] null @ http://restaurant21.lobytech.test:3002/src/presentation/views/Modules/Admin/Views/Asistencia/Dropdown/index.tsx?t=1787493067224:68
[    1464ms] [LOG] null @ http://restaurant21.lobytech.test:3002/src/presentation/views/Modules/Admin/Views/Asistencia/Dropdown/index.tsx?t=1787493067224:68
[    1465ms] [LOG] null @ http://restaurant21.lobytech.test:3002/src/presentation/views/Modules/Admin/Views/Asistencia/Dropdown/index.tsx?t=1787493067224:68
[    1465ms] [LOG] null @ http://restaurant21.lobytech.test:3002/src/presentation/views/Modules/Admin/Views/Asistencia/Dropdown/index.tsx?t=1787493067224:68
[    1465ms] [LOG] null @ http://restaurant21.lobytech.test:3002/src/presentation/views/Modules/Admin/Views/Asistencia/Dropdown/index.tsx?t=1787493067224:68
[    1466ms] [LOG] null @ http://restaurant21.lobytech.test:3002/src/presentation/views/Modules/Admin/Views/Asistencia/Dropdown/index.tsx?t=1787493067224:68
[    1466ms] [LOG] null @ http://restaurant21.lobytech.test:3002/src/presentation/views/Modules/Admin/Views/Asistencia/Dropdown/index.tsx?t=1787493067224:68
[    1466ms] [LOG] null @ http://restaurant21.lobytech.test:3002/src/presentation/views/Modules/Admin/Views/Asistencia/Dropdown/index.tsx?t=1787493067224:68
[    1467ms] [LOG] null @ http://restaurant21.lobytech.test:3002/src/presentation/views/Modules/Admin/Views/Asistencia/Dropdown/index.tsx?t=1787493067224:68
[    1467ms] [LOG] null @ http://restaurant21.lobytech.test:3002/src/presentation/views/Modules/Admin/Views/Asistencia/Dropdown/index.tsx?t=1787493067224:68
[    1467ms] [LOG] null @ http://restaurant21.lobytech.test:3002/src/presentation/views/Modules/Admin/Views/Asistencia/Dropdown/index.tsx?t=1787493067224:68
[    1468ms] [LOG] null @ http://restaurant21.lobytech.test:3002/src/presentation/views/Modules/Admin/Views/Asistencia/Dropdown/index.tsx?t=1787493067224:68
[    1468ms] [LOG] null @ http://restaurant21.lobytech.test:3002/src/presentation/views/Modules/Admin/Views/Asistencia/Dropdown/index.tsx?t=1787493067224:68
[    1468ms] [LOG] null @ http://restaurant21.lobytech.test:3002/src/presentation/views/Modules/Admin/Views/Asistencia/Dropdown/index.tsx?t=1787493067224:68
[    1469ms] [LOG] null @ http://restaurant21.lobytech.test:3002/src/presentation/views/Modules/Admin/Views/Asistencia/Dropdown/index.tsx?t=1787493067224:68
[    1469ms] [LOG] null @ http://restaurant21.lobytech.test:3002/src/presentation/views/Modules/Admin/Views/Asistencia/Dropdown/index.tsx?t=1787493067224:68
[    1469ms] [LOG] null @ http://restaurant21.lobytech.test:3002/src/presentation/views/Modules/Admin/Views/Asistencia/Dropdown/index.tsx?t=1787493067224:68
[    1470ms] [LOG] null @ http://restaurant21.lobytech.test:3002/src/presentation/views/Modules/Admin/Views/Asistencia/Dropdown/index.tsx?t=1787493067224:68
[    1470ms] [LOG] null @ http://restaurant21.lobytech.test:3002/src/presentation/views/Modules/Admin/Views/Asistencia/Dropdown/index.tsx?t=1787493067224:68
[    1471ms] [LOG] null @ http://restaurant21.lobytech.test:3002/src/presentation/views/Modules/Admin/Views/Asistencia/Dropdown/index.tsx?t=1787493067224:68
[    1471ms] [LOG] null @ http://restaurant21.lobytech.test:3002/src/presentation/views/Modules/Admin/Views/Asistencia/Dropdown/index.tsx?t=1787493067224:68
[    1471ms] [LOG] null @ http://restaurant21.lobytech.test:3002/src/presentation/views/Modules/Admin/Views/Asistencia/Dropdown/index.tsx?t=1787493067224:68
[    1472ms] [LOG] null @ http://restaurant21.lobytech.test:3002/src/presentation/views/Modules/Admin/Views/Asistencia/Dropdown/index.tsx?t=1787493067224:68
[    1472ms] [LOG] null @ http://restaurant21.lobytech.test:3002/src/presentation/views/Modules/Admin/Views/Asistencia/Dropdown/index.tsx?t=1787493067224:68
[    1473ms] [LOG] null @ http://restaurant21.lobytech.test:3002/src/presentation/views/Modules/Admin/Views/Asistencia/Dropdown/index.tsx?t=1787493067224:68
[    1473ms] [LOG] null @ http://restaurant21.lobytech.test:3002/src/presentation/views/Modules/Admin/Views/Asistencia/Dropdown/index.tsx?t=1787493067224:68
[    1473ms] [LOG] null @ http://restaurant21.lobytech.test:3002/src/presentation/views/Modules/Admin/Views/Asistencia/Dropdown/index.tsx?t=1787493067224:68
[    1474ms] [LOG] null @ http://restaurant21.lobytech.test:3002/src/presentation/views/Modules/Admin/Views/Asistencia/Dropdown/index.tsx?t=1787493067224:68
[    1474ms] [LOG] null @ http://restaurant21.lobytech.test:3002/src/presentation/views/Modules/Admin/Views/Asistencia/Dropdown/index.tsx?t=1787493067224:68
[    1474ms] [LOG] null @ http://restaurant21.lobytech.test:3002/src/presentation/views/Modules/Admin/Views/Asistencia/Dropdown/index.tsx?t=1787493067224:68
[    1475ms] [LOG] null @ http://restaurant21.lobytech.test:3002/src/presentation/views/Modules/Admin/Views/Asistencia/Dropdown/index.tsx?t=1787493067224:68
[    1475ms] [LOG] null @ http://restaurant21.lobytech.test:3002/src/presentation/views/Modules/Admin/Views/Asistencia/Dropdown/index.tsx?t=1787493067224:68
[    1475ms] [LOG] null @ http://restaurant21.lobytech.test:3002/src/presentation/views/Modules/Admin/Views/Asistencia/Dropdown/index.tsx?t=1787493067224:68
[    1476ms] [LOG] null @ http://restaurant21.lobytech.test:3002/src/presentation/views/Modules/Admin/Views/Asistencia/Dropdown/index.tsx?t=1787493067224:68
[    1477ms] [LOG] null @ http://restaurant21.lobytech.test:3002/src/presentation/views/Modules/Admin/Views/Asistencia/Dropdown/index.tsx?t=1787493067224:68
[    1478ms] [LOG] null @ http://restaurant21.lobytech.test:3002/src/presentation/views/Modules/Admin/Views/Asistencia/Dropdown/index.tsx?t=1787493067224:68
[    1480ms] [LOG] [] @ http://restaurant21.lobytech.test:3002/src/components/Modal/Admin/Asistencia/index.tsx?t=1787530428254:43
[    1480ms] [LOG] [] @ http://restaurant21.lobytech.test:3002/src/components/Modal/Admin/Asistencia/index.tsx?t=1787530428254:50
[    1480ms] [LOG] Sun Aug 23 2026 00:00:00 GMT-0500 (hora estándar de Perú) @ http://restaurant21.lobytech.test:3002/src/components/Modal/Admin/Asistencia/index.tsx?t=1787530428254:79
[    1481ms] [LOG] 1 @ http://restaurant21.lobytech.test:3002/src/components/Modal/Admin/Asistencia/index.tsx?t=1787530428254:95
[    1481ms] [LOG] {habitacionId: 0, habitacion: , anfitrionaId: 0, anfitriona: , turno: } @ http://restaurant21.lobytech.test:3002/src/components/Modal/Admin/Asistencia/index.tsx?t=1787530428254:108
[    1481ms] [LOG] [] @ http://restaurant21.lobytech.test:3002/src/components/Modal/Admin/Asistencia/index.tsx?t=1787530428254:110
[    1481ms] [LOG] 0 @ http://restaurant21.lobytech.test:3002/src/components/Modal/Admin/Asistencia/index.tsx?t=1787530428254:126
[    1481ms] [LOG] [] @ http://restaurant21.lobytech.test:3002/src/components/Modal/Admin/Asistencia/index.tsx?t=1787530428254:162
[    1481ms] [LOG]  @ http://restaurant21.lobytech.test:3002/src/components/Modal/Admin/Asistencia/index.tsx?t=1787530428254:163
[    1481ms] [LOG] 844 @ http://restaurant21.lobytech.test:3002/src/components/Modal/Admin/Asistencia/index.tsx?t=1787530428254:202
[    1482ms] [LOG] 390 @ http://restaurant21.lobytech.test:3002/src/components/Modal/Admin/Asistencia/index.tsx?t=1787530428254:203
[    1482ms] [LOG] [] @ http://restaurant21.lobytech.test:3002/src/components/Modal/Admin/Fichas/index.tsx?t=1787493067224:37
[    1482ms] [LOG] [] @ http://restaurant21.lobytech.test:3002/src/components/Modal/Admin/Fichas/index.tsx?t=1787493067224:38
[    1482ms] [LOG] null @ http://restaurant21.lobytech.test:3002/src/components/Modal/Admin/Fichas/index.tsx?t=1787493067224:39
[    1482ms] [LOG] 844 @ http://restaurant21.lobytech.test:3002/src/components/Modal/Admin/Fichas/index.tsx?t=1787493067224:47
[    1482ms] [LOG] 844 @ http://restaurant21.lobytech.test:3002/src/components/Modal/Admin/Fichas/index.tsx?t=1787493067224:48
[    1529ms] [LOG] {code: 1, message: Success, data: Array(0), status: 200} @ http://restaurant21.lobytech.test:3002/src/redux/reducers/Admin/asistencia/asistencia.reducer.ts:196
[    1530ms] [LOG] [] @ http://restaurant21.lobytech.test:3002/src/presentation/views/Modules/Admin/Views/Asistencia/index.tsx?t=1787530517857:46
[    1535ms] [LOG] Sun Aug 23 2026 00:00:00 GMT-0500 (hora estándar de Perú) @ http://restaurant21.lobytech.test:3002/src/presentation/views/Modules/Admin/Views/Asistencia/index.tsx?t=1787530517857:115
[    1536ms] [LOG] {turno: Turno Especial, diaSemana: 0} @ http://restaurant21.lobytech.test:3002/src/presentation/views/Modules/Admin/Views/Asistencia/index.tsx?t=1787530517857:129
[    1536ms] [LOG] Sun Aug 23 2026 00:00:00 GMT-0500 (hora estándar de Perú) @ http://restaurant21.lobytech.test:3002/src/presentation/views/Modules/Admin/Views/Asistencia/index.tsx?t=1787530517857:115
[    1536ms] [LOG] Sun Aug 23 2026 00:00:00 GMT-0500 (hora estándar de Perú) @ http://restaurant21.lobytech.test:3002/src/presentation/views/Modules/Admin/Views/Asistencia/index.tsx?t=1787530517857:115
[    1537ms] [LOG] [] @ http://restaurant21.lobytech.test:3002/src/presentation/views/Modules/Admin/Views/Asistencia/index.tsx?t=1787530517857:198
[    1537ms] [LOG] false @ http://restaurant21.lobytech.test:3002/src/components/Toggle/index.tsx:24
[    1537ms] [LOG] () => {
    if (diaSemana === 0) {
      setCheckedTurno(false);
    } else {
      setCheckedTurno(!isTurno);
    }
  } @ http://restaurant21.lobytech.test:3002/src/components/Toggle/index.tsx:25
[    1539ms] [LOG] null @ http://restaurant21.lobytech.test:3002/src/presentation/views/Modules/Admin/Views/Asistencia/Dropdown/index.tsx?t=1787493067224:68
[    1540ms] [LOG] null @ http://restaurant21.lobytech.test:3002/src/presentation/views/Modules/Admin/Views/Asistencia/Dropdown/index.tsx?t=1787493067224:68
[    1541ms] [LOG] null @ http://restaurant21.lobytech.test:3002/src/presentation/views/Modules/Admin/Views/Asistencia/Dropdown/index.tsx?t=1787493067224:68
[    1542ms] [LOG] null @ http://restaurant21.lobytech.test:3002/src/presentation/views/Modules/Admin/Views/Asistencia/Dropdown/index.tsx?t=1787493067224:68
[    1543ms] [LOG] null @ http://restaurant21.lobytech.test:3002/src/presentation/views/Modules/Admin/Views/Asistencia/Dropdown/index.tsx?t=1787493067224:68
[    1544ms] [LOG] null @ http://restaurant21.lobytech.test:3002/src/presentation/views/Modules/Admin/Views/Asistencia/Dropdown/index.tsx?t=1787493067224:68
[    1544ms] [LOG] null @ http://restaurant21.lobytech.test:3002/src/presentation/views/Modules/Admin/Views/Asistencia/Dropdown/index.tsx?t=1787493067224:68
[    1545ms] [LOG] null @ http://restaurant21.lobytech.test:3002/src/presentation/views/Modules/Admin/Views/Asistencia/Dropdown/index.tsx?t=1787493067224:68
[    1546ms] [LOG] null @ http://restaurant21.lobytech.test:3002/src/presentation/views/Modules/Admin/Views/Asistencia/Dropdown/index.tsx?t=1787493067224:68
[    1547ms] [LOG] null @ http://restaurant21.lobytech.test:3002/src/presentation/views/Modules/Admin/Views/Asistencia/Dropdown/index.tsx?t=1787493067224:68
[    1548ms] [LOG] null @ http://restaurant21.lobytech.test:3002/src/presentation/views/Modules/Admin/Views/Asistencia/Dropdown/index.tsx?t=1787493067224:68
[    1548ms] [LOG] null @ http://restaurant21.lobytech.test:3002/src/presentation/views/Modules/Admin/Views/Asistencia/Dropdown/index.tsx?t=1787493067224:68
[    1549ms] [LOG] null @ http://restaurant21.lobytech.test:3002/src/presentation/views/Modules/Admin/Views/Asistencia/Dropdown/index.tsx?t=1787493067224:68
[    1549ms] [LOG] null @ http://restaurant21.lobytech.test:3002/src/presentation/views/Modules/Admin/Views/Asistencia/Dropdown/index.tsx?t=1787493067224:68
[    1550ms] [LOG] null @ http://restaurant21.lobytech.test:3002/src/presentation/views/Modules/Admin/Views/Asistencia/Dropdown/index.tsx?t=1787493067224:68
[    1550ms] [LOG] null @ http://restaurant21.lobytech.test:3002/src/presentation/views/Modules/Admin/Views/Asistencia/Dropdown/index.tsx?t=1787493067224:68
[    1550ms] [LOG] null @ http://restaurant21.lobytech.test:3002/src/presentation/views/Modules/Admin/Views/Asistencia/Dropdown/index.tsx?t=1787493067224:68
[    1551ms] [LOG] null @ http://restaurant21.lobytech.test:3002/src/presentation/views/Modules/Admin/Views/Asistencia/Dropdown/index.tsx?t=1787493067224:68
[    1551ms] [LOG] null @ http://restaurant21.lobytech.test:3002/src/presentation/views/Modules/Admin/Views/Asistencia/Dropdown/index.tsx?t=1787493067224:68
[    1552ms] [LOG] null @ http://restaurant21.lobytech.test:3002/src/presentation/views/Modules/Admin/Views/Asistencia/Dropdown/index.tsx?t=1787493067224:68
[    1552ms] [LOG] null @ http://restaurant21.lobytech.test:3002/src/presentation/views/Modules/Admin/Views/Asistencia/Dropdown/index.tsx?t=1787493067224:68
[    1553ms] [LOG] null @ http://restaurant21.lobytech.test:3002/src/presentation/views/Modules/Admin/Views/Asistencia/Dropdown/index.tsx?t=1787493067224:68
[    1554ms] [LOG] null @ http://restaurant21.lobytech.test:3002/src/presentation/views/Modules/Admin/Views/Asistencia/Dropdown/index.tsx?t=1787493067224:68
[    1555ms] [LOG] null @ http://restaurant21.lobytech.test:3002/src/presentation/views/Modules/Admin/Views/Asistencia/Dropdown/index.tsx?t=1787493067224:68
[    1556ms] [LOG] null @ http://restaurant21.lobytech.test:3002/src/presentation/views/Modules/Admin/Views/Asistencia/Dropdown/index.tsx?t=1787493067224:68
[    1557ms] [LOG] null @ http://restaurant21.lobytech.test:3002/src/presentation/views/Modules/Admin/Views/Asistencia/Dropdown/index.tsx?t=1787493067224:68
[    1558ms] [LOG] null @ http://restaurant21.lobytech.test:3002/src/presentation/views/Modules/Admin/Views/Asistencia/Dropdown/index.tsx?t=1787493067224:68
[    1559ms] [LOG] null @ http://restaurant21.lobytech.test:3002/src/presentation/views/Modules/Admin/Views/Asistencia/Dropdown/index.tsx?t=1787493067224:68
[    1560ms] [LOG] null @ http://restaurant21.lobytech.test:3002/src/presentation/views/Modules/Admin/Views/Asistencia/Dropdown/index.tsx?t=1787493067224:68
[    1561ms] [LOG] null @ http://restaurant21.lobytech.test:3002/src/presentation/views/Modules/Admin/Views/Asistencia/Dropdown/index.tsx?t=1787493067224:68
[    1561ms] [LOG] null @ http://restaurant21.lobytech.test:3002/src/presentation/views/Modules/Admin/Views/Asistencia/Dropdown/index.tsx?t=1787493067224:68
[    1562ms] [LOG] null @ http://restaurant21.lobytech.test:3002/src/presentation/views/Modules/Admin/Views/Asistencia/Dropdown/index.tsx?t=1787493067224:68
[    1562ms] [LOG] null @ http://restaurant21.lobytech.test:3002/src/presentation/views/Modules/Admin/Views/Asistencia/Dropdown/index.tsx?t=1787493067224:68
[    1563ms] [LOG] null @ http://restaurant21.lobytech.test:3002/src/presentation/views/Modules/Admin/Views/Asistencia/Dropdown/index.tsx?t=1787493067224:68
[    1564ms] [LOG] null @ http://restaurant21.lobytech.test:3002/src/presentation/views/Modules/Admin/Views/Asistencia/Dropdown/index.tsx?t=1787493067224:68
[    1565ms] [LOG] null @ http://restaurant21.lobytech.test:3002/src/presentation/views/Modules/Admin/Views/Asistencia/Dropdown/index.tsx?t=1787493067224:68
[    1566ms] [LOG] null @ http://restaurant21.lobytech.test:3002/src/presentation/views/Modules/Admin/Views/Asistencia/Dropdown/index.tsx?t=1787493067224:68
[    1567ms] [LOG] null @ http://restaurant21.lobytech.test:3002/src/presentation/views/Modules/Admin/Views/Asistencia/Dropdown/index.tsx?t=1787493067224:68
[    1567ms] [LOG] null @ http://restaurant21.lobytech.test:3002/src/presentation/views/Modules/Admin/Views/Asistencia/Dropdown/index.tsx?t=1787493067224:68
[    1568ms] [LOG] null @ http://restaurant21.lobytech.test:3002/src/presentation/views/Modules/Admin/Views/Asistencia/Dropdown/index.tsx?t=1787493067224:68
[    1569ms] [LOG] null @ http://restaurant21.lobytech.test:3002/src/presentation/views/Modules/Admin/Views/Asistencia/Dropdown/index.tsx?t=1787493067224:68
[    1569ms] [LOG] null @ http://restaurant21.lobytech.test:3002/src/presentation/views/Modules/Admin/Views/Asistencia/Dropdown/index.tsx?t=1787493067224:68
[    1570ms] [LOG] null @ http://restaurant21.lobytech.test:3002/src/presentation/views/Modules/Admin/Views/Asistencia/Dropdown/index.tsx?t=1787493067224:68
[    1571ms] [LOG] null @ http://restaurant21.lobytech.test:3002/src/presentation/views/Modules/Admin/Views/Asistencia/Dropdown/index.tsx?t=1787493067224:68
[    1572ms] [LOG] null @ http://restaurant21.lobytech.test:3002/src/presentation/views/Modules/Admin/Views/Asistencia/Dropdown/index.tsx?t=1787493067224:68
[    1573ms] [LOG] null @ http://restaurant21.lobytech.test:3002/src/presentation/views/Modules/Admin/Views/Asistencia/Dropdown/index.tsx?t=1787493067224:68
[    1573ms] [LOG] null @ http://restaurant21.lobytech.test:3002/src/presentation/views/Modules/Admin/Views/Asistencia/Dropdown/index.tsx?t=1787493067224:68
[    1573ms] [LOG] null @ http://restaurant21.lobytech.test:3002/src/presentation/views/Modules/Admin/Views/Asistencia/Dropdown/index.tsx?t=1787493067224:68
[    1573ms] [LOG] null @ http://restaurant21.lobytech.test:3002/src/presentation/views/Modules/Admin/Views/Asistencia/Dropdown/index.tsx?t=1787493067224:68
[    1574ms] [LOG] null @ http://restaurant21.lobytech.test:3002/src/presentation/views/Modules/Admin/Views/Asistencia/Dropdown/index.tsx?t=1787493067224:68
[    1574ms] [LOG] null @ http://restaurant21.lobytech.test:3002/src/presentation/views/Modules/Admin/Views/Asistencia/Dropdown/index.tsx?t=1787493067224:68
[    1574ms] [LOG] null @ http://restaurant21.lobytech.test:3002/src/presentation/views/Modules/Admin/Views/Asistencia/Dropdown/index.tsx?t=1787493067224:68
[    1575ms] [LOG] null @ http://restaurant21.lobytech.test:3002/src/presentation/views/Modules/Admin/Views/Asistencia/Dropdown/index.tsx?t=1787493067224:68
[    1577ms] [LOG] null @ http://restaurant21.lobytech.test:3002/src/presentation/views/Modules/Admin/Views/Asistencia/Dropdown/index.tsx?t=1787493067224:68
[    1577ms] [LOG] null @ http://restaurant21.lobytech.test:3002/src/presentation/views/Modules/Admin/Views/Asistencia/Dropdown/index.tsx?t=1787493067224:68
[    1578ms] [LOG] null @ http://restaurant21.lobytech.test:3002/src/presentation/views/Modules/Admin/Views/Asistencia/Dropdown/index.tsx?t=1787493067224:68
[    1578ms] [LOG] null @ http://restaurant21.lobytech.test:3002/src/presentation/views/Modules/Admin/Views/Asistencia/Dropdown/index.tsx?t=1787493067224:68
[    1579ms] [LOG] null @ http://restaurant21.lobytech.test:3002/src/presentation/views/Modules/Admin/Views/Asistencia/Dropdown/index.tsx?t=1787493067224:68
[    1580ms] [LOG] null @ http://restaurant21.lobytech.test:3002/src/presentation/views/Modules/Admin/Views/Asistencia/Dropdown/index.tsx?t=1787493067224:68
[    1580ms] [LOG] null @ http://restaurant21.lobytech.test:3002/src/presentation/views/Modules/Admin/Views/Asistencia/Dropdown/index.tsx?t=1787493067224:68
[    1581ms] [LOG] null @ http://restaurant21.lobytech.test:3002/src/presentation/views/Modules/Admin/Views/Asistencia/Dropdown/index.tsx?t=1787493067224:68
[    1581ms] [LOG] null @ http://restaurant21.lobytech.test:3002/src/presentation/views/Modules/Admin/Views/Asistencia/Dropdown/index.tsx?t=1787493067224:68
[    1581ms] [LOG] null @ http://restaurant21.lobytech.test:3002/src/presentation/views/Modules/Admin/Views/Asistencia/Dropdown/index.tsx?t=1787493067224:68
[    1582ms] [LOG] null @ http://restaurant21.lobytech.test:3002/src/presentation/views/Modules/Admin/Views/Asistencia/Dropdown/index.tsx?t=1787493067224:68
[    1582ms] [LOG] null @ http://restaurant21.lobytech.test:3002/src/presentation/views/Modules/Admin/Views/Asistencia/Dropdown/index.tsx?t=1787493067224:68
[    1582ms] [LOG] null @ http://restaurant21.lobytech.test:3002/src/presentation/views/Modules/Admin/Views/Asistencia/Dropdown/index.tsx?t=1787493067224:68
[    1583ms] [LOG] [] @ http://restaurant21.lobytech.test:3002/src/components/Modal/Admin/Asistencia/index.tsx?t=1787530428254:43
[    1583ms] [LOG] [] @ http://restaurant21.lobytech.test:3002/src/components/Modal/Admin/Asistencia/index.tsx?t=1787530428254:50
[    1583ms] [LOG] Sun Aug 23 2026 00:00:00 GMT-0500 (hora estándar de Perú) @ http://restaurant21.lobytech.test:3002/src/components/Modal/Admin/Asistencia/index.tsx?t=1787530428254:79
[    1583ms] [LOG] 1 @ http://restaurant21.lobytech.test:3002/src/components/Modal/Admin/Asistencia/index.tsx?t=1787530428254:95
[    1583ms] [LOG] {habitacionId: 0, habitacion: , anfitrionaId: 0, anfitriona: , turno: } @ http://restaurant21.lobytech.test:3002/src/components/Modal/Admin/Asistencia/index.tsx?t=1787530428254:108
[    1584ms] [LOG] [] @ http://restaurant21.lobytech.test:3002/src/components/Modal/Admin/Asistencia/index.tsx?t=1787530428254:110
[    1584ms] [LOG] 0 @ http://restaurant21.lobytech.test:3002/src/components/Modal/Admin/Asistencia/index.tsx?t=1787530428254:126
[    1584ms] [LOG] [] @ http://restaurant21.lobytech.test:3002/src/components/Modal/Admin/Asistencia/index.tsx?t=1787530428254:162
[    1584ms] [LOG]  @ http://restaurant21.lobytech.test:3002/src/components/Modal/Admin/Asistencia/index.tsx?t=1787530428254:163
[    1584ms] [LOG] 844 @ http://restaurant21.lobytech.test:3002/src/components/Modal/Admin/Asistencia/index.tsx?t=1787530428254:202
[    1584ms] [LOG] 390 @ http://restaurant21.lobytech.test:3002/src/components/Modal/Admin/Asistencia/index.tsx?t=1787530428254:203
[    1585ms] [LOG] [] @ http://restaurant21.lobytech.test:3002/src/components/Modal/Admin/Fichas/index.tsx?t=1787493067224:37
[    1585ms] [LOG] [] @ http://restaurant21.lobytech.test:3002/src/components/Modal/Admin/Fichas/index.tsx?t=1787493067224:38
[    1585ms] [LOG] null @ http://restaurant21.lobytech.test:3002/src/components/Modal/Admin/Fichas/index.tsx?t=1787493067224:39
[    1585ms] [LOG] 844 @ http://restaurant21.lobytech.test:3002/src/components/Modal/Admin/Fichas/index.tsx?t=1787493067224:47
[    1585ms] [LOG] 844 @ http://restaurant21.lobytech.test:3002/src/components/Modal/Admin/Fichas/index.tsx?t=1787493067224:48
[    1781ms] [LOG] {code: 1, message: Success, data: Object, status: 200} @ http://restaurant21.lobytech.test:3002/src/redux/reducers/Admin/clientes-proveedores/clientesProveedoresAnfitrionas.reducer.ts:250
[    1782ms] [LOG] [] @ http://restaurant21.lobytech.test:3002/src/components/Modal/Admin/Asistencia/index.tsx?t=1787530428254:43
[    1783ms] [LOG] [] @ http://restaurant21.lobytech.test:3002/src/components/Modal/Admin/Asistencia/index.tsx?t=1787530428254:50
[    1783ms] [LOG] Sun Aug 23 2026 00:00:00 GMT-0500 (hora estándar de Perú) @ http://restaurant21.lobytech.test:3002/src/components/Modal/Admin/Asistencia/index.tsx?t=1787530428254:79
[    1783ms] [LOG] 1 @ http://restaurant21.lobytech.test:3002/src/components/Modal/Admin/Asistencia/index.tsx?t=1787530428254:95
[    1783ms] [LOG] {habitacionId: 0, habitacion: , anfitrionaId: 0, anfitriona: , turno: } @ http://restaurant21.lobytech.test:3002/src/components/Modal/Admin/Asistencia/index.tsx?t=1787530428254:108
[    1784ms] [LOG] [] @ http://restaurant21.lobytech.test:3002/src/components/Modal/Admin/Asistencia/index.tsx?t=1787530428254:110
[    1784ms] [LOG] 0 @ http://restaurant21.lobytech.test:3002/src/components/Modal/Admin/Asistencia/index.tsx?t=1787530428254:126
[    1784ms] [LOG] undefined @ http://restaurant21.lobytech.test:3002/src/components/Modal/Admin/Asistencia/index.tsx?t=1787530428254:162
[    1784ms] [LOG]  @ http://restaurant21.lobytech.test:3002/src/components/Modal/Admin/Asistencia/index.tsx?t=1787530428254:163
[    1784ms] [LOG] 844 @ http://restaurant21.lobytech.test:3002/src/components/Modal/Admin/Asistencia/index.tsx?t=1787530428254:202
[    1784ms] [LOG] 390 @ http://restaurant21.lobytech.test:3002/src/components/Modal/Admin/Asistencia/index.tsx?t=1787530428254:203
[    1785ms] [ERROR] Failed to load resource: the server responded with a status of 404 (Not Found) @ http://localhost:5002/api/productos/listar?CategoriaId=2&GrupoId=16&Value=&Page=1&Amount=100:0
[    1785ms] [LOG] AxiosError @ http://restaurant21.lobytech.test:3002/src/utils/axios.ts:19
[    1786ms] [LOG] AxiosError @ http://restaurant21.lobytech.test:3002/src/redux/reducers/Admin/productos/producto.reducer.ts:364
[    1787ms] [LOG] [] @ http://restaurant21.lobytech.test:3002/src/components/Modal/Admin/Asistencia/index.tsx?t=1787530428254:43
[    1787ms] [LOG] [] @ http://restaurant21.lobytech.test:3002/src/components/Modal/Admin/Asistencia/index.tsx?t=1787530428254:50
[    1787ms] [LOG] Sun Aug 23 2026 00:00:00 GMT-0500 (hora estándar de Perú) @ http://restaurant21.lobytech.test:3002/src/components/Modal/Admin/Asistencia/index.tsx?t=1787530428254:79
[    1787ms] [LOG] 1 @ http://restaurant21.lobytech.test:3002/src/components/Modal/Admin/Asistencia/index.tsx?t=1787530428254:95
[    1788ms] [LOG] {habitacionId: 0, habitacion: , anfitrionaId: 0, anfitriona: , turno: } @ http://restaurant21.lobytech.test:3002/src/components/Modal/Admin/Asistencia/index.tsx?t=1787530428254:108
[    1788ms] [LOG] [] @ http://restaurant21.lobytech.test:3002/src/components/Modal/Admin/Asistencia/index.tsx?t=1787530428254:110
[    1788ms] [LOG] 0 @ http://restaurant21.lobytech.test:3002/src/components/Modal/Admin/Asistencia/index.tsx?t=1787530428254:126
[    1788ms] [LOG] undefined @ http://restaurant21.lobytech.test:3002/src/components/Modal/Admin/Asistencia/index.tsx?t=1787530428254:162
[    1788ms] [LOG]  @ http://restaurant21.lobytech.test:3002/src/components/Modal/Admin/Asistencia/index.tsx?t=1787530428254:163
[    1788ms] [LOG] 844 @ http://restaurant21.lobytech.test:3002/src/components/Modal/Admin/Asistencia/index.tsx?t=1787530428254:202
[    1788ms] [LOG] 390 @ http://restaurant21.lobytech.test:3002/src/components/Modal/Admin/Asistencia/index.tsx?t=1787530428254:203
[    1801ms] [LOG] {code: 1, message: Success, data: Array(66), status: 200} @ http://restaurant21.lobytech.test:3002/src/redux/reducers/Admin/asistencia/asistencia.reducer.ts:222
[    1803ms] [LOG] [] @ http://restaurant21.lobytech.test:3002/src/presentation/views/Modules/Admin/Views/Asistencia/index.tsx?t=1787530517857:46
[    1804ms] [LOG] Sun Aug 23 2026 00:00:00 GMT-0500 (hora estándar de Perú) @ http://restaurant21.lobytech.test:3002/src/presentation/views/Modules/Admin/Views/Asistencia/index.tsx?t=1787530517857:115
[    1804ms] [LOG] {turno: Turno Especial, diaSemana: 0} @ http://restaurant21.lobytech.test:3002/src/presentation/views/Modules/Admin/Views/Asistencia/index.tsx?t=1787530517857:129
[    1804ms] [LOG] Sun Aug 23 2026 00:00:00 GMT-0500 (hora estándar de Perú) @ http://restaurant21.lobytech.test:3002/src/presentation/views/Modules/Admin/Views/Asistencia/index.tsx?t=1787530517857:115
[    1805ms] [LOG] Sun Aug 23 2026 00:00:00 GMT-0500 (hora estándar de Perú) @ http://restaurant21.lobytech.test:3002/src/presentation/views/Modules/Admin/Views/Asistencia/index.tsx?t=1787530517857:115
[    1806ms] [LOG] [] @ http://restaurant21.lobytech.test:3002/src/presentation/views/Modules/Admin/Views/Asistencia/index.tsx?t=1787530517857:198
[    1807ms] [LOG] false @ http://restaurant21.lobytech.test:3002/src/components/Toggle/index.tsx:24
[    1807ms] [LOG] () => {
    if (diaSemana === 0) {
      setCheckedTurno(false);
    } else {
      setCheckedTurno(!isTurno);
    }
  } @ http://restaurant21.lobytech.test:3002/src/components/Toggle/index.tsx:25
[    1809ms] [LOG] null @ http://restaurant21.lobytech.test:3002/src/presentation/views/Modules/Admin/Views/Asistencia/Dropdown/index.tsx?t=1787493067224:68
[    1810ms] [LOG] null @ http://restaurant21.lobytech.test:3002/src/presentation/views/Modules/Admin/Views/Asistencia/Dropdown/index.tsx?t=1787493067224:68
[    1811ms] [LOG] null @ http://restaurant21.lobytech.test:3002/src/presentation/views/Modules/Admin/Views/Asistencia/Dropdown/index.tsx?t=1787493067224:68
[    1811ms] [LOG] null @ http://restaurant21.lobytech.test:3002/src/presentation/views/Modules/Admin/Views/Asistencia/Dropdown/index.tsx?t=1787493067224:68
[    1811ms] [LOG] null @ http://restaurant21.lobytech.test:3002/src/presentation/views/Modules/Admin/Views/Asistencia/Dropdown/index.tsx?t=1787493067224:68
[    1812ms] [LOG] null @ http://restaurant21.lobytech.test:3002/src/presentation/views/Modules/Admin/Views/Asistencia/Dropdown/index.tsx?t=1787493067224:68
[    1813ms] [LOG] null @ http://restaurant21.lobytech.test:3002/src/presentation/views/Modules/Admin/Views/Asistencia/Dropdown/index.tsx?t=1787493067224:68
[    1814ms] [LOG] null @ http://restaurant21.lobytech.test:3002/src/presentation/views/Modules/Admin/Views/Asistencia/Dropdown/index.tsx?t=1787493067224:68
[    1814ms] [LOG] null @ http://restaurant21.lobytech.test:3002/src/presentation/views/Modules/Admin/Views/Asistencia/Dropdown/index.tsx?t=1787493067224:68
[    1815ms] [LOG] null @ http://restaurant21.lobytech.test:3002/src/presentation/views/Modules/Admin/Views/Asistencia/Dropdown/index.tsx?t=1787493067224:68
[    1815ms] [LOG] null @ http://restaurant21.lobytech.test:3002/src/presentation/views/Modules/Admin/Views/Asistencia/Dropdown/index.tsx?t=1787493067224:68
[    1815ms] [LOG] null @ http://restaurant21.lobytech.test:3002/src/presentation/views/Modules/Admin/Views/Asistencia/Dropdown/index.tsx?t=1787493067224:68
[    1816ms] [LOG] null @ http://restaurant21.lobytech.test:3002/src/presentation/views/Modules/Admin/Views/Asistencia/Dropdown/index.tsx?t=1787493067224:68
[    1816ms] [LOG] null @ http://restaurant21.lobytech.test:3002/src/presentation/views/Modules/Admin/Views/Asistencia/Dropdown/index.tsx?t=1787493067224:68
[    1816ms] [LOG] null @ http://restaurant21.lobytech.test:3002/src/presentation/views/Modules/Admin/Views/Asistencia/Dropdown/index.tsx?t=1787493067224:68
[    1816ms] [LOG] null @ http://restaurant21.lobytech.test:3002/src/presentation/views/Modules/Admin/Views/Asistencia/Dropdown/index.tsx?t=1787493067224:68
[    1817ms] [LOG] null @ http://restaurant21.lobytech.test:3002/src/presentation/views/Modules/Admin/Views/Asistencia/Dropdown/index.tsx?t=1787493067224:68
[    1817ms] [LOG] null @ http://restaurant21.lobytech.test:3002/src/presentation/views/Modules/Admin/Views/Asistencia/Dropdown/index.tsx?t=1787493067224:68
[    1817ms] [LOG] null @ http://restaurant21.lobytech.test:3002/src/presentation/views/Modules/Admin/Views/Asistencia/Dropdown/index.tsx?t=1787493067224:68
[    1818ms] [LOG] null @ http://restaurant21.lobytech.test:3002/src/presentation/views/Modules/Admin/Views/Asistencia/Dropdown/index.tsx?t=1787493067224:68
[    1819ms] [LOG] null @ http://restaurant21.lobytech.test:3002/src/presentation/views/Modules/Admin/Views/Asistencia/Dropdown/index.tsx?t=1787493067224:68
[    1820ms] [LOG] null @ http://restaurant21.lobytech.test:3002/src/presentation/views/Modules/Admin/Views/Asistencia/Dropdown/index.tsx?t=1787493067224:68
[    1821ms] [LOG] null @ http://restaurant21.lobytech.test:3002/src/presentation/views/Modules/Admin/Views/Asistencia/Dropdown/index.tsx?t=1787493067224:68
[    1821ms] [LOG] null @ http://restaurant21.lobytech.test:3002/src/presentation/views/Modules/Admin/Views/Asistencia/Dropdown/index.tsx?t=1787493067224:68
[    1822ms] [LOG] null @ http://restaurant21.lobytech.test:3002/src/presentation/views/Modules/Admin/Views/Asistencia/Dropdown/index.tsx?t=1787493067224:68
[    1823ms] [LOG] null @ http://restaurant21.lobytech.test:3002/src/presentation/views/Modules/Admin/Views/Asistencia/Dropdown/index.tsx?t=1787493067224:68
[    1823ms] [LOG] null @ http://restaurant21.lobytech.test:3002/src/presentation/views/Modules/Admin/Views/Asistencia/Dropdown/index.tsx?t=1787493067224:68
[    1824ms] [LOG] null @ http://restaurant21.lobytech.test:3002/src/presentation/views/Modules/Admin/Views/Asistencia/Dropdown/index.tsx?t=1787493067224:68
[    1824ms] [LOG] null @ http://restaurant21.lobytech.test:3002/src/presentation/views/Modules/Admin/Views/Asistencia/Dropdown/index.tsx?t=1787493067224:68
[    1824ms] [LOG] null @ http://restaurant21.lobytech.test:3002/src/presentation/views/Modules/Admin/Views/Asistencia/Dropdown/index.tsx?t=1787493067224:68
[    1824ms] [LOG] null @ http://restaurant21.lobytech.test:3002/src/presentation/views/Modules/Admin/Views/Asistencia/Dropdown/index.tsx?t=1787493067224:68
[    1826ms] [LOG] null @ http://restaurant21.lobytech.test:3002/src/presentation/views/Modules/Admin/Views/Asistencia/Dropdown/index.tsx?t=1787493067224:68
[    1827ms] [LOG] null @ http://restaurant21.lobytech.test:3002/src/presentation/views/Modules/Admin/Views/Asistencia/Dropdown/index.tsx?t=1787493067224:68
[    1828ms] [LOG] null @ http://restaurant21.lobytech.test:3002/src/presentation/views/Modules/Admin/Views/Asistencia/Dropdown/index.tsx?t=1787493067224:68
[    1828ms] [LOG] null @ http://restaurant21.lobytech.test:3002/src/presentation/views/Modules/Admin/Views/Asistencia/Dropdown/index.tsx?t=1787493067224:68
[    1829ms] [LOG] null @ http://restaurant21.lobytech.test:3002/src/presentation/views/Modules/Admin/Views/Asistencia/Dropdown/index.tsx?t=1787493067224:68
[    1829ms] [LOG] null @ http://restaurant21.lobytech.test:3002/src/presentation/views/Modules/Admin/Views/Asistencia/Dropdown/index.tsx?t=1787493067224:68
[    1829ms] [LOG] null @ http://restaurant21.lobytech.test:3002/src/presentation/views/Modules/Admin/Views/Asistencia/Dropdown/index.tsx?t=1787493067224:68
[    1830ms] [LOG] null @ http://restaurant21.lobytech.test:3002/src/presentation/views/Modules/Admin/Views/Asistencia/Dropdown/index.tsx?t=1787493067224:68
[    1830ms] [LOG] null @ http://restaurant21.lobytech.test:3002/src/presentation/views/Modules/Admin/Views/Asistencia/Dropdown/index.tsx?t=1787493067224:68
[    1830ms] [LOG] null @ http://restaurant21.lobytech.test:3002/src/presentation/views/Modules/Admin/Views/Asistencia/Dropdown/index.tsx?t=1787493067224:68
[    1831ms] [LOG] null @ http://restaurant21.lobytech.test:3002/src/presentation/views/Modules/Admin/Views/Asistencia/Dropdown/index.tsx?t=1787493067224:68
[    1831ms] [LOG] null @ http://restaurant21.lobytech.test:3002/src/presentation/views/Modules/Admin/Views/Asistencia/Dropdown/index.tsx?t=1787493067224:68
[    1831ms] [LOG] null @ http://restaurant21.lobytech.test:3002/src/presentation/views/Modules/Admin/Views/Asistencia/Dropdown/index.tsx?t=1787493067224:68
[    1832ms] [LOG] null @ http://restaurant21.lobytech.test:3002/src/presentation/views/Modules/Admin/Views/Asistencia/Dropdown/index.tsx?t=1787493067224:68
[    1832ms] [LOG] null @ http://restaurant21.lobytech.test:3002/src/presentation/views/Modules/Admin/Views/Asistencia/Dropdown/index.tsx?t=1787493067224:68
[    1832ms] [LOG] null @ http://restaurant21.lobytech.test:3002/src/presentation/views/Modules/Admin/Views/Asistencia/Dropdown/index.tsx?t=1787493067224:68
[    1833ms] [LOG] null @ http://restaurant21.lobytech.test:3002/src/presentation/views/Modules/Admin/Views/Asistencia/Dropdown/index.tsx?t=1787493067224:68
[    1833ms] [LOG] null @ http://restaurant21.lobytech.test:3002/src/presentation/views/Modules/Admin/Views/Asistencia/Dropdown/index.tsx?t=1787493067224:68
[    1834ms] [LOG] null @ http://restaurant21.lobytech.test:3002/src/presentation/views/Modules/Admin/Views/Asistencia/Dropdown/index.tsx?t=1787493067224:68
[    1835ms] [LOG] null @ http://restaurant21.lobytech.test:3002/src/presentation/views/Modules/Admin/Views/Asistencia/Dropdown/index.tsx?t=1787493067224:68
[    1836ms] [LOG] null @ http://restaurant21.lobytech.test:3002/src/presentation/views/Modules/Admin/Views/Asistencia/Dropdown/index.tsx?t=1787493067224:68
[    1836ms] [LOG] null @ http://restaurant21.lobytech.test:3002/src/presentation/views/Modules/Admin/Views/Asistencia/Dropdown/index.tsx?t=1787493067224:68
[    1837ms] [LOG] null @ http://restaurant21.lobytech.test:3002/src/presentation/views/Modules/Admin/Views/Asistencia/Dropdown/index.tsx?t=1787493067224:68
[    1838ms] [LOG] null @ http://restaurant21.lobytech.test:3002/src/presentation/views/Modules/Admin/Views/Asistencia/Dropdown/index.tsx?t=1787493067224:68
[    1838ms] [LOG] null @ http://restaurant21.lobytech.test:3002/src/presentation/views/Modules/Admin/Views/Asistencia/Dropdown/index.tsx?t=1787493067224:68
[    1839ms] [LOG] null @ http://restaurant21.lobytech.test:3002/src/presentation/views/Modules/Admin/Views/Asistencia/Dropdown/index.tsx?t=1787493067224:68
[    1840ms] [LOG] null @ http://restaurant21.lobytech.test:3002/src/presentation/views/Modules/Admin/Views/Asistencia/Dropdown/index.tsx?t=1787493067224:68
[    1841ms] [LOG] null @ http://restaurant21.lobytech.test:3002/src/presentation/views/Modules/Admin/Views/Asistencia/Dropdown/index.tsx?t=1787493067224:68
[    1841ms] [LOG] null @ http://restaurant21.lobytech.test:3002/src/presentation/views/Modules/Admin/Views/Asistencia/Dropdown/index.tsx?t=1787493067224:68
[    1842ms] [LOG] null @ http://restaurant21.lobytech.test:3002/src/presentation/views/Modules/Admin/Views/Asistencia/Dropdown/index.tsx?t=1787493067224:68
[    1843ms] [LOG] null @ http://restaurant21.lobytech.test:3002/src/presentation/views/Modules/Admin/Views/Asistencia/Dropdown/index.tsx?t=1787493067224:68
[    1844ms] [LOG] null @ http://restaurant21.lobytech.test:3002/src/presentation/views/Modules/Admin/Views/Asistencia/Dropdown/index.tsx?t=1787493067224:68
[    1845ms] [LOG] null @ http://restaurant21.lobytech.test:3002/src/presentation/views/Modules/Admin/Views/Asistencia/Dropdown/index.tsx?t=1787493067224:68
[    1845ms] [LOG] null @ http://restaurant21.lobytech.test:3002/src/presentation/views/Modules/Admin/Views/Asistencia/Dropdown/index.tsx?t=1787493067224:68
[    1846ms] [LOG] null @ http://restaurant21.lobytech.test:3002/src/presentation/views/Modules/Admin/Views/Asistencia/Dropdown/index.tsx?t=1787493067224:68
[    1847ms] [LOG] [Object, Object, Object, Object, Object, Object, Object, Object, Object, Object, Object, Object, Object, Object, Object, Object, Object, Object, Object, Object, Object, Object, Object, Object, Object, Object, Object, Object, Object, Object, Object, Object, Object, Object, Object, Object, Object, Object, Object, Object, Object, Object, Object, Object, Object, Object, Object, Object, Object, Object, Object, Object, Object, Object, Object, Object, Object, Object, Object, Object, Object, Object, Object, Object, Object, Object] @ http://restaurant21.lobytech.test:3002/src/components/Modal/Admin/Asistencia/index.tsx?t=1787530428254:43
[    1847ms] [LOG] [] @ http://restaurant21.lobytech.test:3002/src/components/Modal/Admin/Asistencia/index.tsx?t=1787530428254:50
[    1847ms] [LOG] Sun Aug 23 2026 00:00:00 GMT-0500 (hora estándar de Perú) @ http://restaurant21.lobytech.test:3002/src/components/Modal/Admin/Asistencia/index.tsx?t=1787530428254:79
[    1848ms] [LOG] 1 @ http://restaurant21.lobytech.test:3002/src/components/Modal/Admin/Asistencia/index.tsx?t=1787530428254:95
[    1848ms] [LOG] {habitacionId: 0, habitacion: , anfitrionaId: 0, anfitriona: , turno: } @ http://restaurant21.lobytech.test:3002/src/components/Modal/Admin/Asistencia/index.tsx?t=1787530428254:108
[    1848ms] [LOG] [] @ http://restaurant21.lobytech.test:3002/src/components/Modal/Admin/Asistencia/index.tsx?t=1787530428254:110
[    1848ms] [LOG] 0 @ http://restaurant21.lobytech.test:3002/src/components/Modal/Admin/Asistencia/index.tsx?t=1787530428254:126
[    1848ms] [LOG] undefined @ http://restaurant21.lobytech.test:3002/src/components/Modal/Admin/Asistencia/index.tsx?t=1787530428254:162
[    1848ms] [LOG]  @ http://restaurant21.lobytech.test:3002/src/components/Modal/Admin/Asistencia/index.tsx?t=1787530428254:163
[    1848ms] [LOG] 844 @ http://restaurant21.lobytech.test:3002/src/components/Modal/Admin/Asistencia/index.tsx?t=1787530428254:202
[    1848ms] [LOG] 390 @ http://restaurant21.lobytech.test:3002/src/components/Modal/Admin/Asistencia/index.tsx?t=1787530428254:203
[    1849ms] [LOG] [] @ http://restaurant21.lobytech.test:3002/src/components/Modal/Admin/Fichas/index.tsx?t=1787493067224:37
[    1849ms] [LOG] [] @ http://restaurant21.lobytech.test:3002/src/components/Modal/Admin/Fichas/index.tsx?t=1787493067224:38
[    1849ms] [LOG] null @ http://restaurant21.lobytech.test:3002/src/components/Modal/Admin/Fichas/index.tsx?t=1787493067224:39
[    1849ms] [LOG] 844 @ http://restaurant21.lobytech.test:3002/src/components/Modal/Admin/Fichas/index.tsx?t=1787493067224:47
[    1849ms] [LOG] 844 @ http://restaurant21.lobytech.test:3002/src/components/Modal/Admin/Fichas/index.tsx?t=1787493067224:48
