[     726ms] [INFO] %cDownload the React DevTools for a better development experience: https://reactjs.org/link/react-devtools font-weight:bold @ http://restaurant21.lobytech.test:3002/node_modules/.vite/deps/chunk-GYWC62UC.js?v=23710b64:21535
[     817ms] [LOG] [] @ http://restaurant21.lobytech.test:3002/src/presentation/views/Modules/Admin/Views/Asistencia/index.tsx?t=1787530467484:46
[     818ms] [LOG] Sun Aug 23 2026 00:00:00 GMT-0500 (hora estándar de Perú) @ http://restaurant21.lobytech.test:3002/src/presentation/views/Modules/Admin/Views/Asistencia/index.tsx?t=1787530467484:115
[     819ms] [LOG] {turno: Turno Especial, diaSemana: 0} @ http://restaurant21.lobytech.test:3002/src/presentation/views/Modules/Admin/Views/Asistencia/index.tsx?t=1787530467484:129
[     819ms] [LOG] Sun Aug 23 2026 00:00:00 GMT-0500 (hora estándar de Perú) @ http://restaurant21.lobytech.test:3002/src/presentation/views/Modules/Admin/Views/Asistencia/index.tsx?t=1787530467484:115
[     819ms] [LOG] Sun Aug 23 2026 00:00:00 GMT-0500 (hora estándar de Perú) @ http://restaurant21.lobytech.test:3002/src/presentation/views/Modules/Admin/Views/Asistencia/index.tsx?t=1787530467484:115
[     820ms] [LOG] [] @ http://restaurant21.lobytech.test:3002/src/presentation/views/Modules/Admin/Views/Asistencia/index.tsx?t=1787530467484:198
[     821ms] [LOG] false @ http://restaurant21.lobytech.test:3002/src/components/Toggle/index.tsx:24
[     821ms] [LOG] () => {
    if (diaSemana === 0) {
      setCheckedTurno(false);
    } else {
      setCheckedTurno(!isTurno);
    }
  } @ http://restaurant21.lobytech.test:3002/src/components/Toggle/index.tsx:25
[     826ms] [ERROR] Warning: Each child in a list should have a unique "key" prop.%s%s See https://reactjs.org/link/warning-keys for more information.%s 

Check the render method of `Indicadores`.  
    at Indicador (http://restaurant21.lobytech.test:3002/src/presentation/views/Modules/Admin/Views/Asistencia/Indicadores/Indicador.tsx:20:3)
    at Indicadores (http://restaurant21.lobytech.test:3002/src/presentation/views/Modules/Admin/Views/Asistencia/Indicadores/Indicadores.tsx:20:3)
    at div
    at div
    at div
    at Asistencia (http://restaurant21.lobytech.test:3002/src/presentation/views/Modules/Admin/Views/Asistencia/index.tsx?t=1787530467484:42:20)
    at RenderedRoute (http://restaurant21.lobytech.test:3002/node_modules/.vite/deps/react-router-dom.js?v=23710b64:3310:5)
    at Outlet (http://restaurant21.lobytech.test:3002/node_modules/.vite/deps/react-router-dom.js?v=23710b64:3703:26)
    at div
    at div
    at div
    at LayoutView (http://restaurant21.lobytech.test:3002/src/components/Sidebar/index.tsx?t=1787527165311:31:20)
    at RenderedRoute (http://restaurant21.lobytech.test:3002/node_modules/.vite/deps/react-router-dom.js?v=23710b64:3310:5)
    at Routes (http://restaurant21.lobytech.test:3002/node_modules/.vite/deps/react-router-dom.js?v=23710b64:3763:5)
    at div
    at Router (http://restaurant21.lobytech.test:3002/node_modules/.vite/deps/react-router-dom.js?v=23710b64:3710:15)
    at BrowserRouter (http://restaurant21.lobytech.test:3002/node_modules/.vite/deps/react-router-dom.js?v=23710b64:4190:5)
    at Dashboard
    at QueryClientProvider2 (http://restaurant21.lobytech.test:3002/node_modules/.vite/deps/react-query.js?v=23710b64:2647:21)
    at Provider (http://restaurant21.lobytech.test:3002/node_modules/.vite/deps/react-redux.js?v=23710b64:1481:3)
    at App (http://restaurant21.lobytech.test:3002/src/App.tsx?t=1787530467484:31:7)
    at Provider (http://restaurant21.lobytech.test:3002/node_modules/.vite/deps/react-redux.js?v=23710b64:1481:3) @ http://restaurant21.lobytech.test:3002/node_modules/.vite/deps/react_jsx-dev-runtime.js?v=23710b64:63
[     830ms] [LOG] null @ http://restaurant21.lobytech.test:3002/src/presentation/views/Modules/Admin/Views/Asistencia/Dropdown/index.tsx?t=1787493067224:68
[     834ms] [LOG] null @ http://restaurant21.lobytech.test:3002/src/presentation/views/Modules/Admin/Views/Asistencia/Dropdown/index.tsx?t=1787493067224:68
[     836ms] [LOG] null @ http://restaurant21.lobytech.test:3002/src/presentation/views/Modules/Admin/Views/Asistencia/Dropdown/index.tsx?t=1787493067224:68
[     838ms] [LOG] null @ http://restaurant21.lobytech.test:3002/src/presentation/views/Modules/Admin/Views/Asistencia/Dropdown/index.tsx?t=1787493067224:68
[     839ms] [LOG] null @ http://restaurant21.lobytech.test:3002/src/presentation/views/Modules/Admin/Views/Asistencia/Dropdown/index.tsx?t=1787493067224:68
[     841ms] [LOG] null @ http://restaurant21.lobytech.test:3002/src/presentation/views/Modules/Admin/Views/Asistencia/Dropdown/index.tsx?t=1787493067224:68
[     842ms] [LOG] null @ http://restaurant21.lobytech.test:3002/src/presentation/views/Modules/Admin/Views/Asistencia/Dropdown/index.tsx?t=1787493067224:68
[     845ms] [LOG] null @ http://restaurant21.lobytech.test:3002/src/presentation/views/Modules/Admin/Views/Asistencia/Dropdown/index.tsx?t=1787493067224:68
[     846ms] [LOG] null @ http://restaurant21.lobytech.test:3002/src/presentation/views/Modules/Admin/Views/Asistencia/Dropdown/index.tsx?t=1787493067224:68
[     848ms] [LOG] null @ http://restaurant21.lobytech.test:3002/src/presentation/views/Modules/Admin/Views/Asistencia/Dropdown/index.tsx?t=1787493067224:68
[     849ms] [LOG] null @ http://restaurant21.lobytech.test:3002/src/presentation/views/Modules/Admin/Views/Asistencia/Dropdown/index.tsx?t=1787493067224:68
[     851ms] [LOG] null @ http://restaurant21.lobytech.test:3002/src/presentation/views/Modules/Admin/Views/Asistencia/Dropdown/index.tsx?t=1787493067224:68
[     852ms] [LOG] null @ http://restaurant21.lobytech.test:3002/src/presentation/views/Modules/Admin/Views/Asistencia/Dropdown/index.tsx?t=1787493067224:68
[     854ms] [LOG] null @ http://restaurant21.lobytech.test:3002/src/presentation/views/Modules/Admin/Views/Asistencia/Dropdown/index.tsx?t=1787493067224:68
[     856ms] [LOG] null @ http://restaurant21.lobytech.test:3002/src/presentation/views/Modules/Admin/Views/Asistencia/Dropdown/index.tsx?t=1787493067224:68
[     857ms] [LOG] null @ http://restaurant21.lobytech.test:3002/src/presentation/views/Modules/Admin/Views/Asistencia/Dropdown/index.tsx?t=1787493067224:68
[     858ms] [LOG] null @ http://restaurant21.lobytech.test:3002/src/presentation/views/Modules/Admin/Views/Asistencia/Dropdown/index.tsx?t=1787493067224:68
[     859ms] [LOG] null @ http://restaurant21.lobytech.test:3002/src/presentation/views/Modules/Admin/Views/Asistencia/Dropdown/index.tsx?t=1787493067224:68
[     860ms] [LOG] null @ http://restaurant21.lobytech.test:3002/src/presentation/views/Modules/Admin/Views/Asistencia/Dropdown/index.tsx?t=1787493067224:68
[     861ms] [LOG] null @ http://restaurant21.lobytech.test:3002/src/presentation/views/Modules/Admin/Views/Asistencia/Dropdown/index.tsx?t=1787493067224:68
[     863ms] [LOG] null @ http://restaurant21.lobytech.test:3002/src/presentation/views/Modules/Admin/Views/Asistencia/Dropdown/index.tsx?t=1787493067224:68
[     864ms] [LOG] null @ http://restaurant21.lobytech.test:3002/src/presentation/views/Modules/Admin/Views/Asistencia/Dropdown/index.tsx?t=1787493067224:68
[     866ms] [LOG] null @ http://restaurant21.lobytech.test:3002/src/presentation/views/Modules/Admin/Views/Asistencia/Dropdown/index.tsx?t=1787493067224:68
[     868ms] [LOG] null @ http://restaurant21.lobytech.test:3002/src/presentation/views/Modules/Admin/Views/Asistencia/Dropdown/index.tsx?t=1787493067224:68
[     869ms] [LOG] null @ http://restaurant21.lobytech.test:3002/src/presentation/views/Modules/Admin/Views/Asistencia/Dropdown/index.tsx?t=1787493067224:68
[     870ms] [LOG] null @ http://restaurant21.lobytech.test:3002/src/presentation/views/Modules/Admin/Views/Asistencia/Dropdown/index.tsx?t=1787493067224:68
[     871ms] [LOG] null @ http://restaurant21.lobytech.test:3002/src/presentation/views/Modules/Admin/Views/Asistencia/Dropdown/index.tsx?t=1787493067224:68
[     873ms] [LOG] null @ http://restaurant21.lobytech.test:3002/src/presentation/views/Modules/Admin/Views/Asistencia/Dropdown/index.tsx?t=1787493067224:68
[     873ms] [LOG] null @ http://restaurant21.lobytech.test:3002/src/presentation/views/Modules/Admin/Views/Asistencia/Dropdown/index.tsx?t=1787493067224:68
[     873ms] [LOG] null @ http://restaurant21.lobytech.test:3002/src/presentation/views/Modules/Admin/Views/Asistencia/Dropdown/index.tsx?t=1787493067224:68
[     874ms] [LOG] null @ http://restaurant21.lobytech.test:3002/src/presentation/views/Modules/Admin/Views/Asistencia/Dropdown/index.tsx?t=1787493067224:68
[     877ms] [LOG] null @ http://restaurant21.lobytech.test:3002/src/presentation/views/Modules/Admin/Views/Asistencia/Dropdown/index.tsx?t=1787493067224:68
[     878ms] [LOG] null @ http://restaurant21.lobytech.test:3002/src/presentation/views/Modules/Admin/Views/Asistencia/Dropdown/index.tsx?t=1787493067224:68
[     879ms] [LOG] null @ http://restaurant21.lobytech.test:3002/src/presentation/views/Modules/Admin/Views/Asistencia/Dropdown/index.tsx?t=1787493067224:68
[     880ms] [LOG] null @ http://restaurant21.lobytech.test:3002/src/presentation/views/Modules/Admin/Views/Asistencia/Dropdown/index.tsx?t=1787493067224:68
[     883ms] [LOG] null @ http://restaurant21.lobytech.test:3002/src/presentation/views/Modules/Admin/Views/Asistencia/Dropdown/index.tsx?t=1787493067224:68
[     884ms] [LOG] null @ http://restaurant21.lobytech.test:3002/src/presentation/views/Modules/Admin/Views/Asistencia/Dropdown/index.tsx?t=1787493067224:68
[     885ms] [LOG] null @ http://restaurant21.lobytech.test:3002/src/presentation/views/Modules/Admin/Views/Asistencia/Dropdown/index.tsx?t=1787493067224:68
[     886ms] [LOG] null @ http://restaurant21.lobytech.test:3002/src/presentation/views/Modules/Admin/Views/Asistencia/Dropdown/index.tsx?t=1787493067224:68
[     887ms] [LOG] null @ http://restaurant21.lobytech.test:3002/src/presentation/views/Modules/Admin/Views/Asistencia/Dropdown/index.tsx?t=1787493067224:68
[     888ms] [LOG] null @ http://restaurant21.lobytech.test:3002/src/presentation/views/Modules/Admin/Views/Asistencia/Dropdown/index.tsx?t=1787493067224:68
[     889ms] [LOG] null @ http://restaurant21.lobytech.test:3002/src/presentation/views/Modules/Admin/Views/Asistencia/Dropdown/index.tsx?t=1787493067224:68
[     889ms] [LOG] null @ http://restaurant21.lobytech.test:3002/src/presentation/views/Modules/Admin/Views/Asistencia/Dropdown/index.tsx?t=1787493067224:68
[     890ms] [LOG] null @ http://restaurant21.lobytech.test:3002/src/presentation/views/Modules/Admin/Views/Asistencia/Dropdown/index.tsx?t=1787493067224:68
[     890ms] [LOG] null @ http://restaurant21.lobytech.test:3002/src/presentation/views/Modules/Admin/Views/Asistencia/Dropdown/index.tsx?t=1787493067224:68
[     891ms] [LOG] null @ http://restaurant21.lobytech.test:3002/src/presentation/views/Modules/Admin/Views/Asistencia/Dropdown/index.tsx?t=1787493067224:68
[     892ms] [LOG] null @ http://restaurant21.lobytech.test:3002/src/presentation/views/Modules/Admin/Views/Asistencia/Dropdown/index.tsx?t=1787493067224:68
[     892ms] [LOG] null @ http://restaurant21.lobytech.test:3002/src/presentation/views/Modules/Admin/Views/Asistencia/Dropdown/index.tsx?t=1787493067224:68
[     892ms] [LOG] null @ http://restaurant21.lobytech.test:3002/src/presentation/views/Modules/Admin/Views/Asistencia/Dropdown/index.tsx?t=1787493067224:68
[     893ms] [LOG] null @ http://restaurant21.lobytech.test:3002/src/presentation/views/Modules/Admin/Views/Asistencia/Dropdown/index.tsx?t=1787493067224:68
[     893ms] [LOG] null @ http://restaurant21.lobytech.test:3002/src/presentation/views/Modules/Admin/Views/Asistencia/Dropdown/index.tsx?t=1787493067224:68
[     894ms] [LOG] null @ http://restaurant21.lobytech.test:3002/src/presentation/views/Modules/Admin/Views/Asistencia/Dropdown/index.tsx?t=1787493067224:68
[     895ms] [LOG] null @ http://restaurant21.lobytech.test:3002/src/presentation/views/Modules/Admin/Views/Asistencia/Dropdown/index.tsx?t=1787493067224:68
[     895ms] [LOG] null @ http://restaurant21.lobytech.test:3002/src/presentation/views/Modules/Admin/Views/Asistencia/Dropdown/index.tsx?t=1787493067224:68
[     896ms] [LOG] null @ http://restaurant21.lobytech.test:3002/src/presentation/views/Modules/Admin/Views/Asistencia/Dropdown/index.tsx?t=1787493067224:68
[     897ms] [LOG] null @ http://restaurant21.lobytech.test:3002/src/presentation/views/Modules/Admin/Views/Asistencia/Dropdown/index.tsx?t=1787493067224:68
[     898ms] [LOG] null @ http://restaurant21.lobytech.test:3002/src/presentation/views/Modules/Admin/Views/Asistencia/Dropdown/index.tsx?t=1787493067224:68
[     900ms] [LOG] null @ http://restaurant21.lobytech.test:3002/src/presentation/views/Modules/Admin/Views/Asistencia/Dropdown/index.tsx?t=1787493067224:68
[     901ms] [LOG] null @ http://restaurant21.lobytech.test:3002/src/presentation/views/Modules/Admin/Views/Asistencia/Dropdown/index.tsx?t=1787493067224:68
[     902ms] [LOG] null @ http://restaurant21.lobytech.test:3002/src/presentation/views/Modules/Admin/Views/Asistencia/Dropdown/index.tsx?t=1787493067224:68
[     903ms] [LOG] null @ http://restaurant21.lobytech.test:3002/src/presentation/views/Modules/Admin/Views/Asistencia/Dropdown/index.tsx?t=1787493067224:68
[     904ms] [LOG] null @ http://restaurant21.lobytech.test:3002/src/presentation/views/Modules/Admin/Views/Asistencia/Dropdown/index.tsx?t=1787493067224:68
[     904ms] [LOG] null @ http://restaurant21.lobytech.test:3002/src/presentation/views/Modules/Admin/Views/Asistencia/Dropdown/index.tsx?t=1787493067224:68
[     905ms] [LOG] null @ http://restaurant21.lobytech.test:3002/src/presentation/views/Modules/Admin/Views/Asistencia/Dropdown/index.tsx?t=1787493067224:68
[     905ms] [LOG] null @ http://restaurant21.lobytech.test:3002/src/presentation/views/Modules/Admin/Views/Asistencia/Dropdown/index.tsx?t=1787493067224:68
[     906ms] [LOG] null @ http://restaurant21.lobytech.test:3002/src/presentation/views/Modules/Admin/Views/Asistencia/Dropdown/index.tsx?t=1787493067224:68
[     907ms] [LOG] [] @ http://restaurant21.lobytech.test:3002/src/components/Modal/Admin/Asistencia/index.tsx?t=1787530428254:43
[     908ms] [LOG] [] @ http://restaurant21.lobytech.test:3002/src/components/Modal/Admin/Asistencia/index.tsx?t=1787530428254:50
[     908ms] [LOG] Sun Aug 23 2026 00:00:00 GMT-0500 (hora estándar de Perú) @ http://restaurant21.lobytech.test:3002/src/components/Modal/Admin/Asistencia/index.tsx?t=1787530428254:79
[     908ms] [LOG] 1 @ http://restaurant21.lobytech.test:3002/src/components/Modal/Admin/Asistencia/index.tsx?t=1787530428254:95
[     908ms] [LOG] {habitacionId: 0, habitacion: , anfitrionaId: 0, anfitriona: , turno: } @ http://restaurant21.lobytech.test:3002/src/components/Modal/Admin/Asistencia/index.tsx?t=1787530428254:108
[     908ms] [LOG] [] @ http://restaurant21.lobytech.test:3002/src/components/Modal/Admin/Asistencia/index.tsx?t=1787530428254:110
[     909ms] [LOG] 0 @ http://restaurant21.lobytech.test:3002/src/components/Modal/Admin/Asistencia/index.tsx?t=1787530428254:126
[     909ms] [LOG] [] @ http://restaurant21.lobytech.test:3002/src/components/Modal/Admin/Asistencia/index.tsx?t=1787530428254:162
[     909ms] [LOG]  @ http://restaurant21.lobytech.test:3002/src/components/Modal/Admin/Asistencia/index.tsx?t=1787530428254:163
[     909ms] [LOG] 844 @ http://restaurant21.lobytech.test:3002/src/components/Modal/Admin/Asistencia/index.tsx?t=1787530428254:202
[     909ms] [LOG] 390 @ http://restaurant21.lobytech.test:3002/src/components/Modal/Admin/Asistencia/index.tsx?t=1787530428254:203
[     911ms] [LOG] [] @ http://restaurant21.lobytech.test:3002/src/components/Modal/Admin/Fichas/index.tsx?t=1787493067224:37
[     912ms] [LOG] [] @ http://restaurant21.lobytech.test:3002/src/components/Modal/Admin/Fichas/index.tsx?t=1787493067224:38
[     912ms] [LOG] null @ http://restaurant21.lobytech.test:3002/src/components/Modal/Admin/Fichas/index.tsx?t=1787493067224:39
[     912ms] [LOG] 844 @ http://restaurant21.lobytech.test:3002/src/components/Modal/Admin/Fichas/index.tsx?t=1787493067224:47
[     912ms] [LOG] 844 @ http://restaurant21.lobytech.test:3002/src/components/Modal/Admin/Fichas/index.tsx?t=1787493067224:48
[    1041ms] [LOG] [] @ http://restaurant21.lobytech.test:3002/src/presentation/views/Modules/Admin/Views/Asistencia/index.tsx?t=1787530467484:46
[    1041ms] [LOG] Sun Aug 23 2026 00:00:00 GMT-0500 (hora estándar de Perú) @ http://restaurant21.lobytech.test:3002/src/presentation/views/Modules/Admin/Views/Asistencia/index.tsx?t=1787530467484:115
[    1042ms] [LOG] {turno: Turno Especial, diaSemana: 0} @ http://restaurant21.lobytech.test:3002/src/presentation/views/Modules/Admin/Views/Asistencia/index.tsx?t=1787530467484:129
[    1042ms] [LOG] Sun Aug 23 2026 00:00:00 GMT-0500 (hora estándar de Perú) @ http://restaurant21.lobytech.test:3002/src/presentation/views/Modules/Admin/Views/Asistencia/index.tsx?t=1787530467484:115
[    1042ms] [LOG] Sun Aug 23 2026 00:00:00 GMT-0500 (hora estándar de Perú) @ http://restaurant21.lobytech.test:3002/src/presentation/views/Modules/Admin/Views/Asistencia/index.tsx?t=1787530467484:115
[    1042ms] [LOG] [] @ http://restaurant21.lobytech.test:3002/src/presentation/views/Modules/Admin/Views/Asistencia/index.tsx?t=1787530467484:198
[    1043ms] [LOG] false @ http://restaurant21.lobytech.test:3002/src/components/Toggle/index.tsx:24
[    1043ms] [LOG] () => {
    if (diaSemana === 0) {
      setCheckedTurno(false);
    } else {
      setCheckedTurno(!isTurno);
    }
  } @ http://restaurant21.lobytech.test:3002/src/components/Toggle/index.tsx:25
[    1046ms] [LOG] null @ http://restaurant21.lobytech.test:3002/src/presentation/views/Modules/Admin/Views/Asistencia/Dropdown/index.tsx?t=1787493067224:68
[    1048ms] [LOG] null @ http://restaurant21.lobytech.test:3002/src/presentation/views/Modules/Admin/Views/Asistencia/Dropdown/index.tsx?t=1787493067224:68
[    1049ms] [LOG] null @ http://restaurant21.lobytech.test:3002/src/presentation/views/Modules/Admin/Views/Asistencia/Dropdown/index.tsx?t=1787493067224:68
[    1050ms] [LOG] null @ http://restaurant21.lobytech.test:3002/src/presentation/views/Modules/Admin/Views/Asistencia/Dropdown/index.tsx?t=1787493067224:68
[    1051ms] [LOG] null @ http://restaurant21.lobytech.test:3002/src/presentation/views/Modules/Admin/Views/Asistencia/Dropdown/index.tsx?t=1787493067224:68
[    1052ms] [LOG] null @ http://restaurant21.lobytech.test:3002/src/presentation/views/Modules/Admin/Views/Asistencia/Dropdown/index.tsx?t=1787493067224:68
[    1052ms] [LOG] null @ http://restaurant21.lobytech.test:3002/src/presentation/views/Modules/Admin/Views/Asistencia/Dropdown/index.tsx?t=1787493067224:68
[    1053ms] [LOG] null @ http://restaurant21.lobytech.test:3002/src/presentation/views/Modules/Admin/Views/Asistencia/Dropdown/index.tsx?t=1787493067224:68
[    1053ms] [LOG] null @ http://restaurant21.lobytech.test:3002/src/presentation/views/Modules/Admin/Views/Asistencia/Dropdown/index.tsx?t=1787493067224:68
[    1054ms] [LOG] null @ http://restaurant21.lobytech.test:3002/src/presentation/views/Modules/Admin/Views/Asistencia/Dropdown/index.tsx?t=1787493067224:68
[    1054ms] [LOG] null @ http://restaurant21.lobytech.test:3002/src/presentation/views/Modules/Admin/Views/Asistencia/Dropdown/index.tsx?t=1787493067224:68
[    1055ms] [LOG] null @ http://restaurant21.lobytech.test:3002/src/presentation/views/Modules/Admin/Views/Asistencia/Dropdown/index.tsx?t=1787493067224:68
[    1056ms] [LOG] null @ http://restaurant21.lobytech.test:3002/src/presentation/views/Modules/Admin/Views/Asistencia/Dropdown/index.tsx?t=1787493067224:68
[    1057ms] [LOG] null @ http://restaurant21.lobytech.test:3002/src/presentation/views/Modules/Admin/Views/Asistencia/Dropdown/index.tsx?t=1787493067224:68
[    1058ms] [LOG] null @ http://restaurant21.lobytech.test:3002/src/presentation/views/Modules/Admin/Views/Asistencia/Dropdown/index.tsx?t=1787493067224:68
[    1058ms] [LOG] null @ http://restaurant21.lobytech.test:3002/src/presentation/views/Modules/Admin/Views/Asistencia/Dropdown/index.tsx?t=1787493067224:68
[    1059ms] [LOG] null @ http://restaurant21.lobytech.test:3002/src/presentation/views/Modules/Admin/Views/Asistencia/Dropdown/index.tsx?t=1787493067224:68
[    1060ms] [LOG] null @ http://restaurant21.lobytech.test:3002/src/presentation/views/Modules/Admin/Views/Asistencia/Dropdown/index.tsx?t=1787493067224:68
[    1061ms] [LOG] null @ http://restaurant21.lobytech.test:3002/src/presentation/views/Modules/Admin/Views/Asistencia/Dropdown/index.tsx?t=1787493067224:68
[    1062ms] [LOG] null @ http://restaurant21.lobytech.test:3002/src/presentation/views/Modules/Admin/Views/Asistencia/Dropdown/index.tsx?t=1787493067224:68
[    1062ms] [LOG] null @ http://restaurant21.lobytech.test:3002/src/presentation/views/Modules/Admin/Views/Asistencia/Dropdown/index.tsx?t=1787493067224:68
[    1063ms] [LOG] null @ http://restaurant21.lobytech.test:3002/src/presentation/views/Modules/Admin/Views/Asistencia/Dropdown/index.tsx?t=1787493067224:68
[    1064ms] [LOG] null @ http://restaurant21.lobytech.test:3002/src/presentation/views/Modules/Admin/Views/Asistencia/Dropdown/index.tsx?t=1787493067224:68
[    1065ms] [LOG] null @ http://restaurant21.lobytech.test:3002/src/presentation/views/Modules/Admin/Views/Asistencia/Dropdown/index.tsx?t=1787493067224:68
[    1065ms] [LOG] null @ http://restaurant21.lobytech.test:3002/src/presentation/views/Modules/Admin/Views/Asistencia/Dropdown/index.tsx?t=1787493067224:68
[    1066ms] [LOG] null @ http://restaurant21.lobytech.test:3002/src/presentation/views/Modules/Admin/Views/Asistencia/Dropdown/index.tsx?t=1787493067224:68
[    1066ms] [LOG] null @ http://restaurant21.lobytech.test:3002/src/presentation/views/Modules/Admin/Views/Asistencia/Dropdown/index.tsx?t=1787493067224:68
[    1067ms] [LOG] null @ http://restaurant21.lobytech.test:3002/src/presentation/views/Modules/Admin/Views/Asistencia/Dropdown/index.tsx?t=1787493067224:68
[    1067ms] [LOG] null @ http://restaurant21.lobytech.test:3002/src/presentation/views/Modules/Admin/Views/Asistencia/Dropdown/index.tsx?t=1787493067224:68
[    1068ms] [LOG] null @ http://restaurant21.lobytech.test:3002/src/presentation/views/Modules/Admin/Views/Asistencia/Dropdown/index.tsx?t=1787493067224:68
[    1068ms] [LOG] null @ http://restaurant21.lobytech.test:3002/src/presentation/views/Modules/Admin/Views/Asistencia/Dropdown/index.tsx?t=1787493067224:68
[    1070ms] [LOG] null @ http://restaurant21.lobytech.test:3002/src/presentation/views/Modules/Admin/Views/Asistencia/Dropdown/index.tsx?t=1787493067224:68
[    1070ms] [LOG] null @ http://restaurant21.lobytech.test:3002/src/presentation/views/Modules/Admin/Views/Asistencia/Dropdown/index.tsx?t=1787493067224:68
[    1071ms] [LOG] null @ http://restaurant21.lobytech.test:3002/src/presentation/views/Modules/Admin/Views/Asistencia/Dropdown/index.tsx?t=1787493067224:68
[    1071ms] [LOG] null @ http://restaurant21.lobytech.test:3002/src/presentation/views/Modules/Admin/Views/Asistencia/Dropdown/index.tsx?t=1787493067224:68
[    1072ms] [LOG] null @ http://restaurant21.lobytech.test:3002/src/presentation/views/Modules/Admin/Views/Asistencia/Dropdown/index.tsx?t=1787493067224:68
[    1072ms] [LOG] null @ http://restaurant21.lobytech.test:3002/src/presentation/views/Modules/Admin/Views/Asistencia/Dropdown/index.tsx?t=1787493067224:68
[    1072ms] [LOG] null @ http://restaurant21.lobytech.test:3002/src/presentation/views/Modules/Admin/Views/Asistencia/Dropdown/index.tsx?t=1787493067224:68
[    1073ms] [LOG] null @ http://restaurant21.lobytech.test:3002/src/presentation/views/Modules/Admin/Views/Asistencia/Dropdown/index.tsx?t=1787493067224:68
[    1080ms] [LOG] null @ http://restaurant21.lobytech.test:3002/src/presentation/views/Modules/Admin/Views/Asistencia/Dropdown/index.tsx?t=1787493067224:68
[    1081ms] [LOG] null @ http://restaurant21.lobytech.test:3002/src/presentation/views/Modules/Admin/Views/Asistencia/Dropdown/index.tsx?t=1787493067224:68
[    1081ms] [LOG] null @ http://restaurant21.lobytech.test:3002/src/presentation/views/Modules/Admin/Views/Asistencia/Dropdown/index.tsx?t=1787493067224:68
[    1082ms] [LOG] null @ http://restaurant21.lobytech.test:3002/src/presentation/views/Modules/Admin/Views/Asistencia/Dropdown/index.tsx?t=1787493067224:68
[    1083ms] [LOG] null @ http://restaurant21.lobytech.test:3002/src/presentation/views/Modules/Admin/Views/Asistencia/Dropdown/index.tsx?t=1787493067224:68
[    1083ms] [LOG] null @ http://restaurant21.lobytech.test:3002/src/presentation/views/Modules/Admin/Views/Asistencia/Dropdown/index.tsx?t=1787493067224:68
[    1084ms] [LOG] null @ http://restaurant21.lobytech.test:3002/src/presentation/views/Modules/Admin/Views/Asistencia/Dropdown/index.tsx?t=1787493067224:68
[    1084ms] [LOG] null @ http://restaurant21.lobytech.test:3002/src/presentation/views/Modules/Admin/Views/Asistencia/Dropdown/index.tsx?t=1787493067224:68
[    1085ms] [LOG] null @ http://restaurant21.lobytech.test:3002/src/presentation/views/Modules/Admin/Views/Asistencia/Dropdown/index.tsx?t=1787493067224:68
[    1086ms] [LOG] null @ http://restaurant21.lobytech.test:3002/src/presentation/views/Modules/Admin/Views/Asistencia/Dropdown/index.tsx?t=1787493067224:68
[    1087ms] [LOG] null @ http://restaurant21.lobytech.test:3002/src/presentation/views/Modules/Admin/Views/Asistencia/Dropdown/index.tsx?t=1787493067224:68
[    1088ms] [LOG] null @ http://restaurant21.lobytech.test:3002/src/presentation/views/Modules/Admin/Views/Asistencia/Dropdown/index.tsx?t=1787493067224:68
[    1089ms] [LOG] null @ http://restaurant21.lobytech.test:3002/src/presentation/views/Modules/Admin/Views/Asistencia/Dropdown/index.tsx?t=1787493067224:68
[    1089ms] [LOG] null @ http://restaurant21.lobytech.test:3002/src/presentation/views/Modules/Admin/Views/Asistencia/Dropdown/index.tsx?t=1787493067224:68
[    1090ms] [LOG] null @ http://restaurant21.lobytech.test:3002/src/presentation/views/Modules/Admin/Views/Asistencia/Dropdown/index.tsx?t=1787493067224:68
[    1091ms] [LOG] null @ http://restaurant21.lobytech.test:3002/src/presentation/views/Modules/Admin/Views/Asistencia/Dropdown/index.tsx?t=1787493067224:68
[    1092ms] [LOG] null @ http://restaurant21.lobytech.test:3002/src/presentation/views/Modules/Admin/Views/Asistencia/Dropdown/index.tsx?t=1787493067224:68
[    1092ms] [LOG] null @ http://restaurant21.lobytech.test:3002/src/presentation/views/Modules/Admin/Views/Asistencia/Dropdown/index.tsx?t=1787493067224:68
[    1093ms] [LOG] null @ http://restaurant21.lobytech.test:3002/src/presentation/views/Modules/Admin/Views/Asistencia/Dropdown/index.tsx?t=1787493067224:68
[    1094ms] [LOG] null @ http://restaurant21.lobytech.test:3002/src/presentation/views/Modules/Admin/Views/Asistencia/Dropdown/index.tsx?t=1787493067224:68
[    1094ms] [LOG] null @ http://restaurant21.lobytech.test:3002/src/presentation/views/Modules/Admin/Views/Asistencia/Dropdown/index.tsx?t=1787493067224:68
[    1094ms] [LOG] null @ http://restaurant21.lobytech.test:3002/src/presentation/views/Modules/Admin/Views/Asistencia/Dropdown/index.tsx?t=1787493067224:68
[    1095ms] [LOG] null @ http://restaurant21.lobytech.test:3002/src/presentation/views/Modules/Admin/Views/Asistencia/Dropdown/index.tsx?t=1787493067224:68
[    1095ms] [LOG] null @ http://restaurant21.lobytech.test:3002/src/presentation/views/Modules/Admin/Views/Asistencia/Dropdown/index.tsx?t=1787493067224:68
[    1095ms] [LOG] null @ http://restaurant21.lobytech.test:3002/src/presentation/views/Modules/Admin/Views/Asistencia/Dropdown/index.tsx?t=1787493067224:68
[    1095ms] [LOG] null @ http://restaurant21.lobytech.test:3002/src/presentation/views/Modules/Admin/Views/Asistencia/Dropdown/index.tsx?t=1787493067224:68
[    1096ms] [LOG] null @ http://restaurant21.lobytech.test:3002/src/presentation/views/Modules/Admin/Views/Asistencia/Dropdown/index.tsx?t=1787493067224:68
[    1096ms] [LOG] [] @ http://restaurant21.lobytech.test:3002/src/components/Modal/Admin/Asistencia/index.tsx?t=1787530428254:43
[    1096ms] [LOG] [] @ http://restaurant21.lobytech.test:3002/src/components/Modal/Admin/Asistencia/index.tsx?t=1787530428254:50
[    1096ms] [LOG] Sun Aug 23 2026 00:00:00 GMT-0500 (hora estándar de Perú) @ http://restaurant21.lobytech.test:3002/src/components/Modal/Admin/Asistencia/index.tsx?t=1787530428254:79
[    1097ms] [LOG] 1 @ http://restaurant21.lobytech.test:3002/src/components/Modal/Admin/Asistencia/index.tsx?t=1787530428254:95
[    1097ms] [LOG] {habitacionId: 0, habitacion: , anfitrionaId: 0, anfitriona: , turno: } @ http://restaurant21.lobytech.test:3002/src/components/Modal/Admin/Asistencia/index.tsx?t=1787530428254:108
[    1097ms] [LOG] [] @ http://restaurant21.lobytech.test:3002/src/components/Modal/Admin/Asistencia/index.tsx?t=1787530428254:110
[    1097ms] [LOG] 0 @ http://restaurant21.lobytech.test:3002/src/components/Modal/Admin/Asistencia/index.tsx?t=1787530428254:126
[    1097ms] [LOG] [] @ http://restaurant21.lobytech.test:3002/src/components/Modal/Admin/Asistencia/index.tsx?t=1787530428254:162
[    1098ms] [LOG]  @ http://restaurant21.lobytech.test:3002/src/components/Modal/Admin/Asistencia/index.tsx?t=1787530428254:163
[    1098ms] [LOG] 844 @ http://restaurant21.lobytech.test:3002/src/components/Modal/Admin/Asistencia/index.tsx?t=1787530428254:202
[    1098ms] [LOG] 390 @ http://restaurant21.lobytech.test:3002/src/components/Modal/Admin/Asistencia/index.tsx?t=1787530428254:203
[    1099ms] [LOG] [] @ http://restaurant21.lobytech.test:3002/src/components/Modal/Admin/Fichas/index.tsx?t=1787493067224:37
[    1099ms] [LOG] [] @ http://restaurant21.lobytech.test:3002/src/components/Modal/Admin/Fichas/index.tsx?t=1787493067224:38
[    1099ms] [LOG] null @ http://restaurant21.lobytech.test:3002/src/components/Modal/Admin/Fichas/index.tsx?t=1787493067224:39
[    1100ms] [LOG] 844 @ http://restaurant21.lobytech.test:3002/src/components/Modal/Admin/Fichas/index.tsx?t=1787493067224:47
[    1100ms] [LOG] 844 @ http://restaurant21.lobytech.test:3002/src/components/Modal/Admin/Fichas/index.tsx?t=1787493067224:48
[    1107ms] [ERROR] Warning: Unexpected ref object provided for %s. Use either a ref-setter function or React.createRef().%s div 
    at div
    at div
    at DropdownPopover (http://restaurant21.lobytech.test:3002/src/presentation/views/Modules/Admin/Views/Asistencia/Dropdown/index.tsx?t=1787493067224:24:3)
    at td
    at tr
    at tbody
    at table
    at div
    at div
    at Piso1 (http://restaurant21.lobytech.test:3002/src/presentation/views/Modules/Admin/Views/Asistencia/Piso1/index.tsx?t=1787530467484:23:3)
    at div
    at div
    at Asistencia (http://restaurant21.lobytech.test:3002/src/presentation/views/Modules/Admin/Views/Asistencia/index.tsx?t=1787530467484:42:20)
    at RenderedRoute (http://restaurant21.lobytech.test:3002/node_modules/.vite/deps/react-router-dom.js?v=23710b64:3310:5)
    at Outlet (http://restaurant21.lobytech.test:3002/node_modules/.vite/deps/react-router-dom.js?v=23710b64:3703:26)
    at div
    at div
    at div
    at LayoutView (http://restaurant21.lobytech.test:3002/src/components/Sidebar/index.tsx?t=1787527165311:31:20)
    at RenderedRoute (http://restaurant21.lobytech.test:3002/node_modules/.vite/deps/react-router-dom.js?v=23710b64:3310:5)
    at Routes (http://restaurant21.lobytech.test:3002/node_modules/.vite/deps/react-router-dom.js?v=23710b64:3763:5)
    at div
    at Router (http://restaurant21.lobytech.test:3002/node_modules/.vite/deps/react-router-dom.js?v=23710b64:3710:15)
    at BrowserRouter (http://restaurant21.lobytech.test:3002/node_modules/.vite/deps/react-router-dom.js?v=23710b64:4190:5)
    at Dashboard
    at QueryClientProvider2 (http://restaurant21.lobytech.test:3002/node_modules/.vite/deps/react-query.js?v=23710b64:2647:21)
    at Provider (http://restaurant21.lobytech.test:3002/node_modules/.vite/deps/react-redux.js?v=23710b64:1481:3)
    at App (http://restaurant21.lobytech.test:3002/src/App.tsx?t=1787530467484:31:7)
    at Provider (http://restaurant21.lobytech.test:3002/node_modules/.vite/deps/react-redux.js?v=23710b64:1481:3) @ http://restaurant21.lobytech.test:3002/node_modules/.vite/deps/chunk-GYWC62UC.js?v=23710b64:520
[    1107ms] [ERROR] Warning: Unexpected ref object provided for %s. Use either a ref-setter function or React.createRef().%s div 
    at div
    at div
    at DropdownPopover (http://restaurant21.lobytech.test:3002/src/presentation/views/Modules/Admin/Views/Asistencia/Dropdown/index.tsx?t=1787493067224:24:3)
    at td
    at tr
    at tbody
    at table
    at div
    at div
    at Piso1 (http://restaurant21.lobytech.test:3002/src/presentation/views/Modules/Admin/Views/Asistencia/Piso1/index.tsx?t=1787530467484:23:3)
    at div
    at div
    at Asistencia (http://restaurant21.lobytech.test:3002/src/presentation/views/Modules/Admin/Views/Asistencia/index.tsx?t=1787530467484:42:20)
    at RenderedRoute (http://restaurant21.lobytech.test:3002/node_modules/.vite/deps/react-router-dom.js?v=23710b64:3310:5)
    at Outlet (http://restaurant21.lobytech.test:3002/node_modules/.vite/deps/react-router-dom.js?v=23710b64:3703:26)
    at div
    at div
    at div
    at LayoutView (http://restaurant21.lobytech.test:3002/src/components/Sidebar/index.tsx?t=1787527165311:31:20)
    at RenderedRoute (http://restaurant21.lobytech.test:3002/node_modules/.vite/deps/react-router-dom.js?v=23710b64:3310:5)
    at Routes (http://restaurant21.lobytech.test:3002/node_modules/.vite/deps/react-router-dom.js?v=23710b64:3763:5)
    at div
    at Router (http://restaurant21.lobytech.test:3002/node_modules/.vite/deps/react-router-dom.js?v=23710b64:3710:15)
    at BrowserRouter (http://restaurant21.lobytech.test:3002/node_modules/.vite/deps/react-router-dom.js?v=23710b64:4190:5)
    at Dashboard
    at QueryClientProvider2 (http://restaurant21.lobytech.test:3002/node_modules/.vite/deps/react-query.js?v=23710b64:2647:21)
    at Provider (http://restaurant21.lobytech.test:3002/node_modules/.vite/deps/react-redux.js?v=23710b64:1481:3)
    at App (http://restaurant21.lobytech.test:3002/src/App.tsx?t=1787530467484:31:7)
    at Provider (http://restaurant21.lobytech.test:3002/node_modules/.vite/deps/react-redux.js?v=23710b64:1481:3) @ http://restaurant21.lobytech.test:3002/node_modules/.vite/deps/chunk-GYWC62UC.js?v=23710b64:520
[    1108ms] [ERROR] Warning: Unexpected ref object provided for %s. Use either a ref-setter function or React.createRef().%s div 
    at div
    at div
    at DropdownPopover (http://restaurant21.lobytech.test:3002/src/presentation/views/Modules/Admin/Views/Asistencia/Dropdown/index.tsx?t=1787493067224:24:3)
    at td
    at tr
    at tbody
    at table
    at div
    at div
    at Piso1 (http://restaurant21.lobytech.test:3002/src/presentation/views/Modules/Admin/Views/Asistencia/Piso1/index.tsx?t=1787530467484:23:3)
    at div
    at div
    at Asistencia (http://restaurant21.lobytech.test:3002/src/presentation/views/Modules/Admin/Views/Asistencia/index.tsx?t=1787530467484:42:20)
    at RenderedRoute (http://restaurant21.lobytech.test:3002/node_modules/.vite/deps/react-router-dom.js?v=23710b64:3310:5)
    at Outlet (http://restaurant21.lobytech.test:3002/node_modules/.vite/deps/react-router-dom.js?v=23710b64:3703:26)
    at div
    at div
    at div
    at LayoutView (http://restaurant21.lobytech.test:3002/src/components/Sidebar/index.tsx?t=1787527165311:31:20)
    at RenderedRoute (http://restaurant21.lobytech.test:3002/node_modules/.vite/deps/react-router-dom.js?v=23710b64:3310:5)
    at Routes (http://restaurant21.lobytech.test:3002/node_modules/.vite/deps/react-router-dom.js?v=23710b64:3763:5)
    at div
    at Router (http://restaurant21.lobytech.test:3002/node_modules/.vite/deps/react-router-dom.js?v=23710b64:3710:15)
    at BrowserRouter (http://restaurant21.lobytech.test:3002/node_modules/.vite/deps/react-router-dom.js?v=23710b64:4190:5)
    at Dashboard
    at QueryClientProvider2 (http://restaurant21.lobytech.test:3002/node_modules/.vite/deps/react-query.js?v=23710b64:2647:21)
    at Provider (http://restaurant21.lobytech.test:3002/node_modules/.vite/deps/react-redux.js?v=23710b64:1481:3)
    at App (http://restaurant21.lobytech.test:3002/src/App.tsx?t=1787530467484:31:7)
    at Provider (http://restaurant21.lobytech.test:3002/node_modules/.vite/deps/react-redux.js?v=23710b64:1481:3) @ http://restaurant21.lobytech.test:3002/node_modules/.vite/deps/chunk-GYWC62UC.js?v=23710b64:520
[    1108ms] [ERROR] Warning: Unexpected ref object provided for %s. Use either a ref-setter function or React.createRef().%s div 
    at div
    at div
    at DropdownPopover (http://restaurant21.lobytech.test:3002/src/presentation/views/Modules/Admin/Views/Asistencia/Dropdown/index.tsx?t=1787493067224:24:3)
    at td
    at tr
    at tbody
    at table
    at div
    at div
    at Piso1 (http://restaurant21.lobytech.test:3002/src/presentation/views/Modules/Admin/Views/Asistencia/Piso1/index.tsx?t=1787530467484:23:3)
    at div
    at div
    at Asistencia (http://restaurant21.lobytech.test:3002/src/presentation/views/Modules/Admin/Views/Asistencia/index.tsx?t=1787530467484:42:20)
    at RenderedRoute (http://restaurant21.lobytech.test:3002/node_modules/.vite/deps/react-router-dom.js?v=23710b64:3310:5)
    at Outlet (http://restaurant21.lobytech.test:3002/node_modules/.vite/deps/react-router-dom.js?v=23710b64:3703:26)
    at div
    at div
    at div
    at LayoutView (http://restaurant21.lobytech.test:3002/src/components/Sidebar/index.tsx?t=1787527165311:31:20)
    at RenderedRoute (http://restaurant21.lobytech.test:3002/node_modules/.vite/deps/react-router-dom.js?v=23710b64:3310:5)
    at Routes (http://restaurant21.lobytech.test:3002/node_modules/.vite/deps/react-router-dom.js?v=23710b64:3763:5)
    at div
    at Router (http://restaurant21.lobytech.test:3002/node_modules/.vite/deps/react-router-dom.js?v=23710b64:3710:15)
    at BrowserRouter (http://restaurant21.lobytech.test:3002/node_modules/.vite/deps/react-router-dom.js?v=23710b64:4190:5)
    at Dashboard
    at QueryClientProvider2 (http://restaurant21.lobytech.test:3002/node_modules/.vite/deps/react-query.js?v=23710b64:2647:21)
    at Provider (http://restaurant21.lobytech.test:3002/node_modules/.vite/deps/react-redux.js?v=23710b64:1481:3)
    at App (http://restaurant21.lobytech.test:3002/src/App.tsx?t=1787530467484:31:7)
    at Provider (http://restaurant21.lobytech.test:3002/node_modules/.vite/deps/react-redux.js?v=23710b64:1481:3) @ http://restaurant21.lobytech.test:3002/node_modules/.vite/deps/chunk-GYWC62UC.js?v=23710b64:520
[    1108ms] [ERROR] Warning: Unexpected ref object provided for %s. Use either a ref-setter function or React.createRef().%s div 
    at div
    at div
    at DropdownPopover (http://restaurant21.lobytech.test:3002/src/presentation/views/Modules/Admin/Views/Asistencia/Dropdown/index.tsx?t=1787493067224:24:3)
    at td
    at tr
    at tbody
    at table
    at div
    at div
    at Piso1 (http://restaurant21.lobytech.test:3002/src/presentation/views/Modules/Admin/Views/Asistencia/Piso1/index.tsx?t=1787530467484:23:3)
    at div
    at div
    at Asistencia (http://restaurant21.lobytech.test:3002/src/presentation/views/Modules/Admin/Views/Asistencia/index.tsx?t=1787530467484:42:20)
    at RenderedRoute (http://restaurant21.lobytech.test:3002/node_modules/.vite/deps/react-router-dom.js?v=23710b64:3310:5)
    at Outlet (http://restaurant21.lobytech.test:3002/node_modules/.vite/deps/react-router-dom.js?v=23710b64:3703:26)
    at div
    at div
    at div
    at LayoutView (http://restaurant21.lobytech.test:3002/src/components/Sidebar/index.tsx?t=1787527165311:31:20)
    at RenderedRoute (http://restaurant21.lobytech.test:3002/node_modules/.vite/deps/react-router-dom.js?v=23710b64:3310:5)
    at Routes (http://restaurant21.lobytech.test:3002/node_modules/.vite/deps/react-router-dom.js?v=23710b64:3763:5)
    at div
    at Router (http://restaurant21.lobytech.test:3002/node_modules/.vite/deps/react-router-dom.js?v=23710b64:3710:15)
    at BrowserRouter (http://restaurant21.lobytech.test:3002/node_modules/.vite/deps/react-router-dom.js?v=23710b64:4190:5)
    at Dashboard
    at QueryClientProvider2 (http://restaurant21.lobytech.test:3002/node_modules/.vite/deps/react-query.js?v=23710b64:2647:21)
    at Provider (http://restaurant21.lobytech.test:3002/node_modules/.vite/deps/react-redux.js?v=23710b64:1481:3)
    at App (http://restaurant21.lobytech.test:3002/src/App.tsx?t=1787530467484:31:7)
    at Provider (http://restaurant21.lobytech.test:3002/node_modules/.vite/deps/react-redux.js?v=23710b64:1481:3) @ http://restaurant21.lobytech.test:3002/node_modules/.vite/deps/chunk-GYWC62UC.js?v=23710b64:520
[    1108ms] [ERROR] Warning: Unexpected ref object provided for %s. Use either a ref-setter function or React.createRef().%s div 
    at div
    at div
    at DropdownPopover (http://restaurant21.lobytech.test:3002/src/presentation/views/Modules/Admin/Views/Asistencia/Dropdown/index.tsx?t=1787493067224:24:3)
    at td
    at tr
    at tbody
    at table
    at div
    at div
    at Piso1 (http://restaurant21.lobytech.test:3002/src/presentation/views/Modules/Admin/Views/Asistencia/Piso1/index.tsx?t=1787530467484:23:3)
    at div
    at div
    at Asistencia (http://restaurant21.lobytech.test:3002/src/presentation/views/Modules/Admin/Views/Asistencia/index.tsx?t=1787530467484:42:20)
    at RenderedRoute (http://restaurant21.lobytech.test:3002/node_modules/.vite/deps/react-router-dom.js?v=23710b64:3310:5)
    at Outlet (http://restaurant21.lobytech.test:3002/node_modules/.vite/deps/react-router-dom.js?v=23710b64:3703:26)
    at div
    at div
    at div
    at LayoutView (http://restaurant21.lobytech.test:3002/src/components/Sidebar/index.tsx?t=1787527165311:31:20)
    at RenderedRoute (http://restaurant21.lobytech.test:3002/node_modules/.vite/deps/react-router-dom.js?v=23710b64:3310:5)
    at Routes (http://restaurant21.lobytech.test:3002/node_modules/.vite/deps/react-router-dom.js?v=23710b64:3763:5)
    at div
    at Router (http://restaurant21.lobytech.test:3002/node_modules/.vite/deps/react-router-dom.js?v=23710b64:3710:15)
    at BrowserRouter (http://restaurant21.lobytech.test:3002/node_modules/.vite/deps/react-router-dom.js?v=23710b64:4190:5)
    at Dashboard
    at QueryClientProvider2 (http://restaurant21.lobytech.test:3002/node_modules/.vite/deps/react-query.js?v=23710b64:2647:21)
    at Provider (http://restaurant21.lobytech.test:3002/node_modules/.vite/deps/react-redux.js?v=23710b64:1481:3)
    at App (http://restaurant21.lobytech.test:3002/src/App.tsx?t=1787530467484:31:7)
    at Provider (http://restaurant21.lobytech.test:3002/node_modules/.vite/deps/react-redux.js?v=23710b64:1481:3) @ http://restaurant21.lobytech.test:3002/node_modules/.vite/deps/chunk-GYWC62UC.js?v=23710b64:520
[    1108ms] [ERROR] Warning: Unexpected ref object provided for %s. Use either a ref-setter function or React.createRef().%s div 
    at div
    at div
    at DropdownPopover (http://restaurant21.lobytech.test:3002/src/presentation/views/Modules/Admin/Views/Asistencia/Dropdown/index.tsx?t=1787493067224:24:3)
    at td
    at tr
    at tbody
    at table
    at div
    at div
    at Piso1 (http://restaurant21.lobytech.test:3002/src/presentation/views/Modules/Admin/Views/Asistencia/Piso1/index.tsx?t=1787530467484:23:3)
    at div
    at div
    at Asistencia (http://restaurant21.lobytech.test:3002/src/presentation/views/Modules/Admin/Views/Asistencia/index.tsx?t=1787530467484:42:20)
    at RenderedRoute (http://restaurant21.lobytech.test:3002/node_modules/.vite/deps/react-router-dom.js?v=23710b64:3310:5)
    at Outlet (http://restaurant21.lobytech.test:3002/node_modules/.vite/deps/react-router-dom.js?v=23710b64:3703:26)
    at div
    at div
    at div
    at LayoutView (http://restaurant21.lobytech.test:3002/src/components/Sidebar/index.tsx?t=1787527165311:31:20)
    at RenderedRoute (http://restaurant21.lobytech.test:3002/node_modules/.vite/deps/react-router-dom.js?v=23710b64:3310:5)
    at Routes (http://restaurant21.lobytech.test:3002/node_modules/.vite/deps/react-router-dom.js?v=23710b64:3763:5)
    at div
    at Router (http://restaurant21.lobytech.test:3002/node_modules/.vite/deps/react-router-dom.js?v=23710b64:3710:15)
    at BrowserRouter (http://restaurant21.lobytech.test:3002/node_modules/.vite/deps/react-router-dom.js?v=23710b64:4190:5)
    at Dashboard
    at QueryClientProvider2 (http://restaurant21.lobytech.test:3002/node_modules/.vite/deps/react-query.js?v=23710b64:2647:21)
    at Provider (http://restaurant21.lobytech.test:3002/node_modules/.vite/deps/react-redux.js?v=23710b64:1481:3)
    at App (http://restaurant21.lobytech.test:3002/src/App.tsx?t=1787530467484:31:7)
    at Provider (http://restaurant21.lobytech.test:3002/node_modules/.vite/deps/react-redux.js?v=23710b64:1481:3) @ http://restaurant21.lobytech.test:3002/node_modules/.vite/deps/chunk-GYWC62UC.js?v=23710b64:520
[    1108ms] [ERROR] Warning: Unexpected ref object provided for %s. Use either a ref-setter function or React.createRef().%s div 
    at div
    at div
    at DropdownPopover (http://restaurant21.lobytech.test:3002/src/presentation/views/Modules/Admin/Views/Asistencia/Dropdown/index.tsx?t=1787493067224:24:3)
    at td
    at tr
    at tbody
    at table
    at div
    at div
    at Piso1 (http://restaurant21.lobytech.test:3002/src/presentation/views/Modules/Admin/Views/Asistencia/Piso1/index.tsx?t=1787530467484:23:3)
    at div
    at div
    at Asistencia (http://restaurant21.lobytech.test:3002/src/presentation/views/Modules/Admin/Views/Asistencia/index.tsx?t=1787530467484:42:20)
    at RenderedRoute (http://restaurant21.lobytech.test:3002/node_modules/.vite/deps/react-router-dom.js?v=23710b64:3310:5)
    at Outlet (http://restaurant21.lobytech.test:3002/node_modules/.vite/deps/react-router-dom.js?v=23710b64:3703:26)
    at div
    at div
    at div
    at LayoutView (http://restaurant21.lobytech.test:3002/src/components/Sidebar/index.tsx?t=1787527165311:31:20)
    at RenderedRoute (http://restaurant21.lobytech.test:3002/node_modules/.vite/deps/react-router-dom.js?v=23710b64:3310:5)
    at Routes (http://restaurant21.lobytech.test:3002/node_modules/.vite/deps/react-router-dom.js?v=23710b64:3763:5)
    at div
    at Router (http://restaurant21.lobytech.test:3002/node_modules/.vite/deps/react-router-dom.js?v=23710b64:3710:15)
    at BrowserRouter (http://restaurant21.lobytech.test:3002/node_modules/.vite/deps/react-router-dom.js?v=23710b64:4190:5)
    at Dashboard
    at QueryClientProvider2 (http://restaurant21.lobytech.test:3002/node_modules/.vite/deps/react-query.js?v=23710b64:2647:21)
    at Provider (http://restaurant21.lobytech.test:3002/node_modules/.vite/deps/react-redux.js?v=23710b64:1481:3)
    at App (http://restaurant21.lobytech.test:3002/src/App.tsx?t=1787530467484:31:7)
    at Provider (http://restaurant21.lobytech.test:3002/node_modules/.vite/deps/react-redux.js?v=23710b64:1481:3) @ http://restaurant21.lobytech.test:3002/node_modules/.vite/deps/chunk-GYWC62UC.js?v=23710b64:520
[    1108ms] [ERROR] Warning: Unexpected ref object provided for %s. Use either a ref-setter function or React.createRef().%s div 
    at div
    at div
    at DropdownPopover (http://restaurant21.lobytech.test:3002/src/presentation/views/Modules/Admin/Views/Asistencia/Dropdown/index.tsx?t=1787493067224:24:3)
    at td
    at tr
    at tbody
    at table
    at div
    at div
    at Piso1 (http://restaurant21.lobytech.test:3002/src/presentation/views/Modules/Admin/Views/Asistencia/Piso1/index.tsx?t=1787530467484:23:3)
    at div
    at div
    at Asistencia (http://restaurant21.lobytech.test:3002/src/presentation/views/Modules/Admin/Views/Asistencia/index.tsx?t=1787530467484:42:20)
    at RenderedRoute (http://restaurant21.lobytech.test:3002/node_modules/.vite/deps/react-router-dom.js?v=23710b64:3310:5)
    at Outlet (http://restaurant21.lobytech.test:3002/node_modules/.vite/deps/react-router-dom.js?v=23710b64:3703:26)
    at div
    at div
    at div
    at LayoutView (http://restaurant21.lobytech.test:3002/src/components/Sidebar/index.tsx?t=1787527165311:31:20)
    at RenderedRoute (http://restaurant21.lobytech.test:3002/node_modules/.vite/deps/react-router-dom.js?v=23710b64:3310:5)
    at Routes (http://restaurant21.lobytech.test:3002/node_modules/.vite/deps/react-router-dom.js?v=23710b64:3763:5)
    at div
    at Router (http://restaurant21.lobytech.test:3002/node_modules/.vite/deps/react-router-dom.js?v=23710b64:3710:15)
    at BrowserRouter (http://restaurant21.lobytech.test:3002/node_modules/.vite/deps/react-router-dom.js?v=23710b64:4190:5)
    at Dashboard
    at QueryClientProvider2 (http://restaurant21.lobytech.test:3002/node_modules/.vite/deps/react-query.js?v=23710b64:2647:21)
    at Provider (http://restaurant21.lobytech.test:3002/node_modules/.vite/deps/react-redux.js?v=23710b64:1481:3)
    at App (http://restaurant21.lobytech.test:3002/src/App.tsx?t=1787530467484:31:7)
    at Provider (http://restaurant21.lobytech.test:3002/node_modules/.vite/deps/react-redux.js?v=23710b64:1481:3) @ http://restaurant21.lobytech.test:3002/node_modules/.vite/deps/chunk-GYWC62UC.js?v=23710b64:520
[    1108ms] [ERROR] Warning: Unexpected ref object provided for %s. Use either a ref-setter function or React.createRef().%s div 
    at div
    at div
    at DropdownPopover (http://restaurant21.lobytech.test:3002/src/presentation/views/Modules/Admin/Views/Asistencia/Dropdown/index.tsx?t=1787493067224:24:3)
    at td
    at tr
    at tbody
    at table
    at div
    at div
    at Piso1 (http://restaurant21.lobytech.test:3002/src/presentation/views/Modules/Admin/Views/Asistencia/Piso1/index.tsx?t=1787530467484:23:3)
    at div
    at div
    at Asistencia (http://restaurant21.lobytech.test:3002/src/presentation/views/Modules/Admin/Views/Asistencia/index.tsx?t=1787530467484:42:20)
    at RenderedRoute (http://restaurant21.lobytech.test:3002/node_modules/.vite/deps/react-router-dom.js?v=23710b64:3310:5)
    at Outlet (http://restaurant21.lobytech.test:3002/node_modules/.vite/deps/react-router-dom.js?v=23710b64:3703:26)
    at div
    at div
    at div
    at LayoutView (http://restaurant21.lobytech.test:3002/src/components/Sidebar/index.tsx?t=1787527165311:31:20)
    at RenderedRoute (http://restaurant21.lobytech.test:3002/node_modules/.vite/deps/react-router-dom.js?v=23710b64:3310:5)
    at Routes (http://restaurant21.lobytech.test:3002/node_modules/.vite/deps/react-router-dom.js?v=23710b64:3763:5)
    at div
    at Router (http://restaurant21.lobytech.test:3002/node_modules/.vite/deps/react-router-dom.js?v=23710b64:3710:15)
    at BrowserRouter (http://restaurant21.lobytech.test:3002/node_modules/.vite/deps/react-router-dom.js?v=23710b64:4190:5)
    at Dashboard
    at QueryClientProvider2 (http://restaurant21.lobytech.test:3002/node_modules/.vite/deps/react-query.js?v=23710b64:2647:21)
    at Provider (http://restaurant21.lobytech.test:3002/node_modules/.vite/deps/react-redux.js?v=23710b64:1481:3)
    at App (http://restaurant21.lobytech.test:3002/src/App.tsx?t=1787530467484:31:7)
    at Provider (http://restaurant21.lobytech.test:3002/node_modules/.vite/deps/react-redux.js?v=23710b64:1481:3) @ http://restaurant21.lobytech.test:3002/node_modules/.vite/deps/chunk-GYWC62UC.js?v=23710b64:520
[    1108ms] [ERROR] Warning: Unexpected ref object provided for %s. Use either a ref-setter function or React.createRef().%s div 
    at div
    at div
    at DropdownPopover (http://restaurant21.lobytech.test:3002/src/presentation/views/Modules/Admin/Views/Asistencia/Dropdown/index.tsx?t=1787493067224:24:3)
    at td
    at tr
    at tbody
    at table
    at div
    at div
    at Piso1 (http://restaurant21.lobytech.test:3002/src/presentation/views/Modules/Admin/Views/Asistencia/Piso1/index.tsx?t=1787530467484:23:3)
    at div
    at div
    at Asistencia (http://restaurant21.lobytech.test:3002/src/presentation/views/Modules/Admin/Views/Asistencia/index.tsx?t=1787530467484:42:20)
    at RenderedRoute (http://restaurant21.lobytech.test:3002/node_modules/.vite/deps/react-router-dom.js?v=23710b64:3310:5)
    at Outlet (http://restaurant21.lobytech.test:3002/node_modules/.vite/deps/react-router-dom.js?v=23710b64:3703:26)
    at div
    at div
    at div
    at LayoutView (http://restaurant21.lobytech.test:3002/src/components/Sidebar/index.tsx?t=1787527165311:31:20)
    at RenderedRoute (http://restaurant21.lobytech.test:3002/node_modules/.vite/deps/react-router-dom.js?v=23710b64:3310:5)
    at Routes (http://restaurant21.lobytech.test:3002/node_modules/.vite/deps/react-router-dom.js?v=23710b64:3763:5)
    at div
    at Router (http://restaurant21.lobytech.test:3002/node_modules/.vite/deps/react-router-dom.js?v=23710b64:3710:15)
    at BrowserRouter (http://restaurant21.lobytech.test:3002/node_modules/.vite/deps/react-router-dom.js?v=23710b64:4190:5)
    at Dashboard
    at QueryClientProvider2 (http://restaurant21.lobytech.test:3002/node_modules/.vite/deps/react-query.js?v=23710b64:2647:21)
    at Provider (http://restaurant21.lobytech.test:3002/node_modules/.vite/deps/react-redux.js?v=23710b64:1481:3)
    at App (http://restaurant21.lobytech.test:3002/src/App.tsx?t=1787530467484:31:7)
    at Provider (http://restaurant21.lobytech.test:3002/node_modules/.vite/deps/react-redux.js?v=23710b64:1481:3) @ http://restaurant21.lobytech.test:3002/node_modules/.vite/deps/chunk-GYWC62UC.js?v=23710b64:520
[    1109ms] [ERROR] Warning: Unexpected ref object provided for %s. Use either a ref-setter function or React.createRef().%s div 
    at div
    at div
    at DropdownPopover (http://restaurant21.lobytech.test:3002/src/presentation/views/Modules/Admin/Views/Asistencia/Dropdown/index.tsx?t=1787493067224:24:3)
    at td
    at tr
    at tbody
    at table
    at div
    at div
    at Piso1 (http://restaurant21.lobytech.test:3002/src/presentation/views/Modules/Admin/Views/Asistencia/Piso1/index.tsx?t=1787530467484:23:3)
    at div
    at div
    at Asistencia (http://restaurant21.lobytech.test:3002/src/presentation/views/Modules/Admin/Views/Asistencia/index.tsx?t=1787530467484:42:20)
    at RenderedRoute (http://restaurant21.lobytech.test:3002/node_modules/.vite/deps/react-router-dom.js?v=23710b64:3310:5)
    at Outlet (http://restaurant21.lobytech.test:3002/node_modules/.vite/deps/react-router-dom.js?v=23710b64:3703:26)
    at div
    at div
    at div
    at LayoutView (http://restaurant21.lobytech.test:3002/src/components/Sidebar/index.tsx?t=1787527165311:31:20)
    at RenderedRoute (http://restaurant21.lobytech.test:3002/node_modules/.vite/deps/react-router-dom.js?v=23710b64:3310:5)
    at Routes (http://restaurant21.lobytech.test:3002/node_modules/.vite/deps/react-router-dom.js?v=23710b64:3763:5)
    at div
    at Router (http://restaurant21.lobytech.test:3002/node_modules/.vite/deps/react-router-dom.js?v=23710b64:3710:15)
    at BrowserRouter (http://restaurant21.lobytech.test:3002/node_modules/.vite/deps/react-router-dom.js?v=23710b64:4190:5)
    at Dashboard
    at QueryClientProvider2 (http://restaurant21.lobytech.test:3002/node_modules/.vite/deps/react-query.js?v=23710b64:2647:21)
    at Provider (http://restaurant21.lobytech.test:3002/node_modules/.vite/deps/react-redux.js?v=23710b64:1481:3)
    at App (http://restaurant21.lobytech.test:3002/src/App.tsx?t=1787530467484:31:7)
    at Provider (http://restaurant21.lobytech.test:3002/node_modules/.vite/deps/react-redux.js?v=23710b64:1481:3) @ http://restaurant21.lobytech.test:3002/node_modules/.vite/deps/chunk-GYWC62UC.js?v=23710b64:520
[    1109ms] [ERROR] Warning: Unexpected ref object provided for %s. Use either a ref-setter function or React.createRef().%s div 
    at div
    at div
    at DropdownPopover (http://restaurant21.lobytech.test:3002/src/presentation/views/Modules/Admin/Views/Asistencia/Dropdown/index.tsx?t=1787493067224:24:3)
    at td
    at tr
    at tbody
    at table
    at div
    at div
    at Piso1 (http://restaurant21.lobytech.test:3002/src/presentation/views/Modules/Admin/Views/Asistencia/Piso1/index.tsx?t=1787530467484:23:3)
    at div
    at div
    at Asistencia (http://restaurant21.lobytech.test:3002/src/presentation/views/Modules/Admin/Views/Asistencia/index.tsx?t=1787530467484:42:20)
    at RenderedRoute (http://restaurant21.lobytech.test:3002/node_modules/.vite/deps/react-router-dom.js?v=23710b64:3310:5)
    at Outlet (http://restaurant21.lobytech.test:3002/node_modules/.vite/deps/react-router-dom.js?v=23710b64:3703:26)
    at div
    at div
    at div
    at LayoutView (http://restaurant21.lobytech.test:3002/src/components/Sidebar/index.tsx?t=1787527165311:31:20)
    at RenderedRoute (http://restaurant21.lobytech.test:3002/node_modules/.vite/deps/react-router-dom.js?v=23710b64:3310:5)
    at Routes (http://restaurant21.lobytech.test:3002/node_modules/.vite/deps/react-router-dom.js?v=23710b64:3763:5)
    at div
    at Router (http://restaurant21.lobytech.test:3002/node_modules/.vite/deps/react-router-dom.js?v=23710b64:3710:15)
    at BrowserRouter (http://restaurant21.lobytech.test:3002/node_modules/.vite/deps/react-router-dom.js?v=23710b64:4190:5)
    at Dashboard
    at QueryClientProvider2 (http://restaurant21.lobytech.test:3002/node_modules/.vite/deps/react-query.js?v=23710b64:2647:21)
    at Provider (http://restaurant21.lobytech.test:3002/node_modules/.vite/deps/react-redux.js?v=23710b64:1481:3)
    at App (http://restaurant21.lobytech.test:3002/src/App.tsx?t=1787530467484:31:7)
    at Provider (http://restaurant21.lobytech.test:3002/node_modules/.vite/deps/react-redux.js?v=23710b64:1481:3) @ http://restaurant21.lobytech.test:3002/node_modules/.vite/deps/chunk-GYWC62UC.js?v=23710b64:520
[    1109ms] [ERROR] Warning: Unexpected ref object provided for %s. Use either a ref-setter function or React.createRef().%s div 
    at div
    at div
    at DropdownPopover (http://restaurant21.lobytech.test:3002/src/presentation/views/Modules/Admin/Views/Asistencia/Dropdown/index.tsx?t=1787493067224:24:3)
    at td
    at tr
    at tbody
    at table
    at div
    at div
    at Piso1 (http://restaurant21.lobytech.test:3002/src/presentation/views/Modules/Admin/Views/Asistencia/Piso1/index.tsx?t=1787530467484:23:3)
    at div
    at div
    at Asistencia (http://restaurant21.lobytech.test:3002/src/presentation/views/Modules/Admin/Views/Asistencia/index.tsx?t=1787530467484:42:20)
    at RenderedRoute (http://restaurant21.lobytech.test:3002/node_modules/.vite/deps/react-router-dom.js?v=23710b64:3310:5)
    at Outlet (http://restaurant21.lobytech.test:3002/node_modules/.vite/deps/react-router-dom.js?v=23710b64:3703:26)
    at div
    at div
    at div
    at LayoutView (http://restaurant21.lobytech.test:3002/src/components/Sidebar/index.tsx?t=1787527165311:31:20)
    at RenderedRoute (http://restaurant21.lobytech.test:3002/node_modules/.vite/deps/react-router-dom.js?v=23710b64:3310:5)
    at Routes (http://restaurant21.lobytech.test:3002/node_modules/.vite/deps/react-router-dom.js?v=23710b64:3763:5)
    at div
    at Router (http://restaurant21.lobytech.test:3002/node_modules/.vite/deps/react-router-dom.js?v=23710b64:3710:15)
    at BrowserRouter (http://restaurant21.lobytech.test:3002/node_modules/.vite/deps/react-router-dom.js?v=23710b64:4190:5)
    at Dashboard
    at QueryClientProvider2 (http://restaurant21.lobytech.test:3002/node_modules/.vite/deps/react-query.js?v=23710b64:2647:21)
    at Provider (http://restaurant21.lobytech.test:3002/node_modules/.vite/deps/react-redux.js?v=23710b64:1481:3)
    at App (http://restaurant21.lobytech.test:3002/src/App.tsx?t=1787530467484:31:7)
    at Provider (http://restaurant21.lobytech.test:3002/node_modules/.vite/deps/react-redux.js?v=23710b64:1481:3) @ http://restaurant21.lobytech.test:3002/node_modules/.vite/deps/chunk-GYWC62UC.js?v=23710b64:520
[    1109ms] [ERROR] Warning: Unexpected ref object provided for %s. Use either a ref-setter function or React.createRef().%s div 
    at div
    at div
    at DropdownPopover (http://restaurant21.lobytech.test:3002/src/presentation/views/Modules/Admin/Views/Asistencia/Dropdown/index.tsx?t=1787493067224:24:3)
    at td
    at tr
    at tbody
    at table
    at div
    at div
    at Piso1 (http://restaurant21.lobytech.test:3002/src/presentation/views/Modules/Admin/Views/Asistencia/Piso1/index.tsx?t=1787530467484:23:3)
    at div
    at div
    at Asistencia (http://restaurant21.lobytech.test:3002/src/presentation/views/Modules/Admin/Views/Asistencia/index.tsx?t=1787530467484:42:20)
    at RenderedRoute (http://restaurant21.lobytech.test:3002/node_modules/.vite/deps/react-router-dom.js?v=23710b64:3310:5)
    at Outlet (http://restaurant21.lobytech.test:3002/node_modules/.vite/deps/react-router-dom.js?v=23710b64:3703:26)
    at div
    at div
    at div
    at LayoutView (http://restaurant21.lobytech.test:3002/src/components/Sidebar/index.tsx?t=1787527165311:31:20)
    at RenderedRoute (http://restaurant21.lobytech.test:3002/node_modules/.vite/deps/react-router-dom.js?v=23710b64:3310:5)
    at Routes (http://restaurant21.lobytech.test:3002/node_modules/.vite/deps/react-router-dom.js?v=23710b64:3763:5)
    at div
    at Router (http://restaurant21.lobytech.test:3002/node_modules/.vite/deps/react-router-dom.js?v=23710b64:3710:15)
    at BrowserRouter (http://restaurant21.lobytech.test:3002/node_modules/.vite/deps/react-router-dom.js?v=23710b64:4190:5)
    at Dashboard
    at QueryClientProvider2 (http://restaurant21.lobytech.test:3002/node_modules/.vite/deps/react-query.js?v=23710b64:2647:21)
    at Provider (http://restaurant21.lobytech.test:3002/node_modules/.vite/deps/react-redux.js?v=23710b64:1481:3)
    at App (http://restaurant21.lobytech.test:3002/src/App.tsx?t=1787530467484:31:7)
    at Provider (http://restaurant21.lobytech.test:3002/node_modules/.vite/deps/react-redux.js?v=23710b64:1481:3) @ http://restaurant21.lobytech.test:3002/node_modules/.vite/deps/chunk-GYWC62UC.js?v=23710b64:520
[    1109ms] [ERROR] Warning: Unexpected ref object provided for %s. Use either a ref-setter function or React.createRef().%s div 
    at div
    at div
    at DropdownPopover (http://restaurant21.lobytech.test:3002/src/presentation/views/Modules/Admin/Views/Asistencia/Dropdown/index.tsx?t=1787493067224:24:3)
    at td
    at tr
    at tbody
    at table
    at div
    at div
    at Piso1 (http://restaurant21.lobytech.test:3002/src/presentation/views/Modules/Admin/Views/Asistencia/Piso1/index.tsx?t=1787530467484:23:3)
    at div
    at div
    at Asistencia (http://restaurant21.lobytech.test:3002/src/presentation/views/Modules/Admin/Views/Asistencia/index.tsx?t=1787530467484:42:20)
    at RenderedRoute (http://restaurant21.lobytech.test:3002/node_modules/.vite/deps/react-router-dom.js?v=23710b64:3310:5)
    at Outlet (http://restaurant21.lobytech.test:3002/node_modules/.vite/deps/react-router-dom.js?v=23710b64:3703:26)
    at div
    at div
    at div
    at LayoutView (http://restaurant21.lobytech.test:3002/src/components/Sidebar/index.tsx?t=1787527165311:31:20)
    at RenderedRoute (http://restaurant21.lobytech.test:3002/node_modules/.vite/deps/react-router-dom.js?v=23710b64:3310:5)
    at Routes (http://restaurant21.lobytech.test:3002/node_modules/.vite/deps/react-router-dom.js?v=23710b64:3763:5)
    at div
    at Router (http://restaurant21.lobytech.test:3002/node_modules/.vite/deps/react-router-dom.js?v=23710b64:3710:15)
    at BrowserRouter (http://restaurant21.lobytech.test:3002/node_modules/.vite/deps/react-router-dom.js?v=23710b64:4190:5)
    at Dashboard
    at QueryClientProvider2 (http://restaurant21.lobytech.test:3002/node_modules/.vite/deps/react-query.js?v=23710b64:2647:21)
    at Provider (http://restaurant21.lobytech.test:3002/node_modules/.vite/deps/react-redux.js?v=23710b64:1481:3)
    at App (http://restaurant21.lobytech.test:3002/src/App.tsx?t=1787530467484:31:7)
    at Provider (http://restaurant21.lobytech.test:3002/node_modules/.vite/deps/react-redux.js?v=23710b64:1481:3) @ http://restaurant21.lobytech.test:3002/node_modules/.vite/deps/chunk-GYWC62UC.js?v=23710b64:520
[    1109ms] [ERROR] Warning: Unexpected ref object provided for %s. Use either a ref-setter function or React.createRef().%s div 
    at div
    at div
    at DropdownPopover (http://restaurant21.lobytech.test:3002/src/presentation/views/Modules/Admin/Views/Asistencia/Dropdown/index.tsx?t=1787493067224:24:3)
    at td
    at tr
    at tbody
    at table
    at div
    at div
    at Piso1 (http://restaurant21.lobytech.test:3002/src/presentation/views/Modules/Admin/Views/Asistencia/Piso1/index.tsx?t=1787530467484:23:3)
    at div
    at div
    at Asistencia (http://restaurant21.lobytech.test:3002/src/presentation/views/Modules/Admin/Views/Asistencia/index.tsx?t=1787530467484:42:20)
    at RenderedRoute (http://restaurant21.lobytech.test:3002/node_modules/.vite/deps/react-router-dom.js?v=23710b64:3310:5)
    at Outlet (http://restaurant21.lobytech.test:3002/node_modules/.vite/deps/react-router-dom.js?v=23710b64:3703:26)
    at div
    at div
    at div
    at LayoutView (http://restaurant21.lobytech.test:3002/src/components/Sidebar/index.tsx?t=1787527165311:31:20)
    at RenderedRoute (http://restaurant21.lobytech.test:3002/node_modules/.vite/deps/react-router-dom.js?v=23710b64:3310:5)
    at Routes (http://restaurant21.lobytech.test:3002/node_modules/.vite/deps/react-router-dom.js?v=23710b64:3763:5)
    at div
    at Router (http://restaurant21.lobytech.test:3002/node_modules/.vite/deps/react-router-dom.js?v=23710b64:3710:15)
    at BrowserRouter (http://restaurant21.lobytech.test:3002/node_modules/.vite/deps/react-router-dom.js?v=23710b64:4190:5)
    at Dashboard
    at QueryClientProvider2 (http://restaurant21.lobytech.test:3002/node_modules/.vite/deps/react-query.js?v=23710b64:2647:21)
    at Provider (http://restaurant21.lobytech.test:3002/node_modules/.vite/deps/react-redux.js?v=23710b64:1481:3)
    at App (http://restaurant21.lobytech.test:3002/src/App.tsx?t=1787530467484:31:7)
    at Provider (http://restaurant21.lobytech.test:3002/node_modules/.vite/deps/react-redux.js?v=23710b64:1481:3) @ http://restaurant21.lobytech.test:3002/node_modules/.vite/deps/chunk-GYWC62UC.js?v=23710b64:520
[    1109ms] [ERROR] Warning: Unexpected ref object provided for %s. Use either a ref-setter function or React.createRef().%s div 
    at div
    at div
    at DropdownPopover (http://restaurant21.lobytech.test:3002/src/presentation/views/Modules/Admin/Views/Asistencia/Dropdown/index.tsx?t=1787493067224:24:3)
    at td
    at tr
    at tbody
    at table
    at div
    at div
    at Piso1 (http://restaurant21.lobytech.test:3002/src/presentation/views/Modules/Admin/Views/Asistencia/Piso1/index.tsx?t=1787530467484:23:3)
    at div
    at div
    at Asistencia (http://restaurant21.lobytech.test:3002/src/presentation/views/Modules/Admin/Views/Asistencia/index.tsx?t=1787530467484:42:20)
    at RenderedRoute (http://restaurant21.lobytech.test:3002/node_modules/.vite/deps/react-router-dom.js?v=23710b64:3310:5)
    at Outlet (http://restaurant21.lobytech.test:3002/node_modules/.vite/deps/react-router-dom.js?v=23710b64:3703:26)
    at div
    at div
    at div
    at LayoutView (http://restaurant21.lobytech.test:3002/src/components/Sidebar/index.tsx?t=1787527165311:31:20)
    at RenderedRoute (http://restaurant21.lobytech.test:3002/node_modules/.vite/deps/react-router-dom.js?v=23710b64:3310:5)
    at Routes (http://restaurant21.lobytech.test:3002/node_modules/.vite/deps/react-router-dom.js?v=23710b64:3763:5)
    at div
    at Router (http://restaurant21.lobytech.test:3002/node_modules/.vite/deps/react-router-dom.js?v=23710b64:3710:15)
    at BrowserRouter (http://restaurant21.lobytech.test:3002/node_modules/.vite/deps/react-router-dom.js?v=23710b64:4190:5)
    at Dashboard
    at QueryClientProvider2 (http://restaurant21.lobytech.test:3002/node_modules/.vite/deps/react-query.js?v=23710b64:2647:21)
    at Provider (http://restaurant21.lobytech.test:3002/node_modules/.vite/deps/react-redux.js?v=23710b64:1481:3)
    at App (http://restaurant21.lobytech.test:3002/src/App.tsx?t=1787530467484:31:7)
    at Provider (http://restaurant21.lobytech.test:3002/node_modules/.vite/deps/react-redux.js?v=23710b64:1481:3) @ http://restaurant21.lobytech.test:3002/node_modules/.vite/deps/chunk-GYWC62UC.js?v=23710b64:520
[    1109ms] [ERROR] Warning: Unexpected ref object provided for %s. Use either a ref-setter function or React.createRef().%s div 
    at div
    at div
    at DropdownPopover (http://restaurant21.lobytech.test:3002/src/presentation/views/Modules/Admin/Views/Asistencia/Dropdown/index.tsx?t=1787493067224:24:3)
    at td
    at tr
    at tbody
    at table
    at div
    at div
    at Piso1 (http://restaurant21.lobytech.test:3002/src/presentation/views/Modules/Admin/Views/Asistencia/Piso1/index.tsx?t=1787530467484:23:3)
    at div
    at div
    at Asistencia (http://restaurant21.lobytech.test:3002/src/presentation/views/Modules/Admin/Views/Asistencia/index.tsx?t=1787530467484:42:20)
    at RenderedRoute (http://restaurant21.lobytech.test:3002/node_modules/.vite/deps/react-router-dom.js?v=23710b64:3310:5)
    at Outlet (http://restaurant21.lobytech.test:3002/node_modules/.vite/deps/react-router-dom.js?v=23710b64:3703:26)
    at div
    at div
    at div
    at LayoutView (http://restaurant21.lobytech.test:3002/src/components/Sidebar/index.tsx?t=1787527165311:31:20)
    at RenderedRoute (http://restaurant21.lobytech.test:3002/node_modules/.vite/deps/react-router-dom.js?v=23710b64:3310:5)
    at Routes (http://restaurant21.lobytech.test:3002/node_modules/.vite/deps/react-router-dom.js?v=23710b64:3763:5)
    at div
    at Router (http://restaurant21.lobytech.test:3002/node_modules/.vite/deps/react-router-dom.js?v=23710b64:3710:15)
    at BrowserRouter (http://restaurant21.lobytech.test:3002/node_modules/.vite/deps/react-router-dom.js?v=23710b64:4190:5)
    at Dashboard
    at QueryClientProvider2 (http://restaurant21.lobytech.test:3002/node_modules/.vite/deps/react-query.js?v=23710b64:2647:21)
    at Provider (http://restaurant21.lobytech.test:3002/node_modules/.vite/deps/react-redux.js?v=23710b64:1481:3)
    at App (http://restaurant21.lobytech.test:3002/src/App.tsx?t=1787530467484:31:7)
    at Provider (http://restaurant21.lobytech.test:3002/node_modules/.vite/deps/react-redux.js?v=23710b64:1481:3) @ http://restaurant21.lobytech.test:3002/node_modules/.vite/deps/chunk-GYWC62UC.js?v=23710b64:520
[    1109ms] [ERROR] Warning: Unexpected ref object provided for %s. Use either a ref-setter function or React.createRef().%s div 
    at div
    at div
    at DropdownPopover (http://restaurant21.lobytech.test:3002/src/presentation/views/Modules/Admin/Views/Asistencia/Dropdown/index.tsx?t=1787493067224:24:3)
    at td
    at tr
    at tbody
    at table
    at div
    at div
    at Piso1 (http://restaurant21.lobytech.test:3002/src/presentation/views/Modules/Admin/Views/Asistencia/Piso1/index.tsx?t=1787530467484:23:3)
    at div
    at div
    at Asistencia (http://restaurant21.lobytech.test:3002/src/presentation/views/Modules/Admin/Views/Asistencia/index.tsx?t=1787530467484:42:20)
    at RenderedRoute (http://restaurant21.lobytech.test:3002/node_modules/.vite/deps/react-router-dom.js?v=23710b64:3310:5)
    at Outlet (http://restaurant21.lobytech.test:3002/node_modules/.vite/deps/react-router-dom.js?v=23710b64:3703:26)
    at div
    at div
    at div
    at LayoutView (http://restaurant21.lobytech.test:3002/src/components/Sidebar/index.tsx?t=1787527165311:31:20)
    at RenderedRoute (http://restaurant21.lobytech.test:3002/node_modules/.vite/deps/react-router-dom.js?v=23710b64:3310:5)
    at Routes (http://restaurant21.lobytech.test:3002/node_modules/.vite/deps/react-router-dom.js?v=23710b64:3763:5)
    at div
    at Router (http://restaurant21.lobytech.test:3002/node_modules/.vite/deps/react-router-dom.js?v=23710b64:3710:15)
    at BrowserRouter (http://restaurant21.lobytech.test:3002/node_modules/.vite/deps/react-router-dom.js?v=23710b64:4190:5)
    at Dashboard
    at QueryClientProvider2 (http://restaurant21.lobytech.test:3002/node_modules/.vite/deps/react-query.js?v=23710b64:2647:21)
    at Provider (http://restaurant21.lobytech.test:3002/node_modules/.vite/deps/react-redux.js?v=23710b64:1481:3)
    at App (http://restaurant21.lobytech.test:3002/src/App.tsx?t=1787530467484:31:7)
    at Provider (http://restaurant21.lobytech.test:3002/node_modules/.vite/deps/react-redux.js?v=23710b64:1481:3) @ http://restaurant21.lobytech.test:3002/node_modules/.vite/deps/chunk-GYWC62UC.js?v=23710b64:520
[    1109ms] [ERROR] Warning: Unexpected ref object provided for %s. Use either a ref-setter function or React.createRef().%s div 
    at div
    at div
    at DropdownPopover (http://restaurant21.lobytech.test:3002/src/presentation/views/Modules/Admin/Views/Asistencia/Dropdown/index.tsx?t=1787493067224:24:3)
    at td
    at tr
    at tbody
    at table
    at div
    at div
    at Piso1 (http://restaurant21.lobytech.test:3002/src/presentation/views/Modules/Admin/Views/Asistencia/Piso1/index.tsx?t=1787530467484:23:3)
    at div
    at div
    at Asistencia (http://restaurant21.lobytech.test:3002/src/presentation/views/Modules/Admin/Views/Asistencia/index.tsx?t=1787530467484:42:20)
    at RenderedRoute (http://restaurant21.lobytech.test:3002/node_modules/.vite/deps/react-router-dom.js?v=23710b64:3310:5)
    at Outlet (http://restaurant21.lobytech.test:3002/node_modules/.vite/deps/react-router-dom.js?v=23710b64:3703:26)
    at div
    at div
    at div
    at LayoutView (http://restaurant21.lobytech.test:3002/src/components/Sidebar/index.tsx?t=1787527165311:31:20)
    at RenderedRoute (http://restaurant21.lobytech.test:3002/node_modules/.vite/deps/react-router-dom.js?v=23710b64:3310:5)
    at Routes (http://restaurant21.lobytech.test:3002/node_modules/.vite/deps/react-router-dom.js?v=23710b64:3763:5)
    at div
    at Router (http://restaurant21.lobytech.test:3002/node_modules/.vite/deps/react-router-dom.js?v=23710b64:3710:15)
    at BrowserRouter (http://restaurant21.lobytech.test:3002/node_modules/.vite/deps/react-router-dom.js?v=23710b64:4190:5)
    at Dashboard
    at QueryClientProvider2 (http://restaurant21.lobytech.test:3002/node_modules/.vite/deps/react-query.js?v=23710b64:2647:21)
    at Provider (http://restaurant21.lobytech.test:3002/node_modules/.vite/deps/react-redux.js?v=23710b64:1481:3)
    at App (http://restaurant21.lobytech.test:3002/src/App.tsx?t=1787530467484:31:7)
    at Provider (http://restaurant21.lobytech.test:3002/node_modules/.vite/deps/react-redux.js?v=23710b64:1481:3) @ http://restaurant21.lobytech.test:3002/node_modules/.vite/deps/chunk-GYWC62UC.js?v=23710b64:520
[    1110ms] [ERROR] Warning: Unexpected ref object provided for %s. Use either a ref-setter function or React.createRef().%s div 
    at div
    at div
    at DropdownPopover (http://restaurant21.lobytech.test:3002/src/presentation/views/Modules/Admin/Views/Asistencia/Dropdown/index.tsx?t=1787493067224:24:3)
    at td
    at tr
    at tbody
    at table
    at div
    at div
    at Piso1 (http://restaurant21.lobytech.test:3002/src/presentation/views/Modules/Admin/Views/Asistencia/Piso1/index.tsx?t=1787530467484:23:3)
    at div
    at div
    at Asistencia (http://restaurant21.lobytech.test:3002/src/presentation/views/Modules/Admin/Views/Asistencia/index.tsx?t=1787530467484:42:20)
    at RenderedRoute (http://restaurant21.lobytech.test:3002/node_modules/.vite/deps/react-router-dom.js?v=23710b64:3310:5)
    at Outlet (http://restaurant21.lobytech.test:3002/node_modules/.vite/deps/react-router-dom.js?v=23710b64:3703:26)
    at div
    at div
    at div
    at LayoutView (http://restaurant21.lobytech.test:3002/src/components/Sidebar/index.tsx?t=1787527165311:31:20)
    at RenderedRoute (http://restaurant21.lobytech.test:3002/node_modules/.vite/deps/react-router-dom.js?v=23710b64:3310:5)
    at Routes (http://restaurant21.lobytech.test:3002/node_modules/.vite/deps/react-router-dom.js?v=23710b64:3763:5)
    at div
    at Router (http://restaurant21.lobytech.test:3002/node_modules/.vite/deps/react-router-dom.js?v=23710b64:3710:15)
    at BrowserRouter (http://restaurant21.lobytech.test:3002/node_modules/.vite/deps/react-router-dom.js?v=23710b64:4190:5)
    at Dashboard
    at QueryClientProvider2 (http://restaurant21.lobytech.test:3002/node_modules/.vite/deps/react-query.js?v=23710b64:2647:21)
    at Provider (http://restaurant21.lobytech.test:3002/node_modules/.vite/deps/react-redux.js?v=23710b64:1481:3)
    at App (http://restaurant21.lobytech.test:3002/src/App.tsx?t=1787530467484:31:7)
    at Provider (http://restaurant21.lobytech.test:3002/node_modules/.vite/deps/react-redux.js?v=23710b64:1481:3) @ http://restaurant21.lobytech.test:3002/node_modules/.vite/deps/chunk-GYWC62UC.js?v=23710b64:520
[    1110ms] [ERROR] Warning: Unexpected ref object provided for %s. Use either a ref-setter function or React.createRef().%s div 
    at div
    at div
    at DropdownPopover (http://restaurant21.lobytech.test:3002/src/presentation/views/Modules/Admin/Views/Asistencia/Dropdown/index.tsx?t=1787493067224:24:3)
    at td
    at tr
    at tbody
    at table
    at div
    at div
    at Piso1 (http://restaurant21.lobytech.test:3002/src/presentation/views/Modules/Admin/Views/Asistencia/Piso1/index.tsx?t=1787530467484:23:3)
    at div
    at div
    at Asistencia (http://restaurant21.lobytech.test:3002/src/presentation/views/Modules/Admin/Views/Asistencia/index.tsx?t=1787530467484:42:20)
    at RenderedRoute (http://restaurant21.lobytech.test:3002/node_modules/.vite/deps/react-router-dom.js?v=23710b64:3310:5)
    at Outlet (http://restaurant21.lobytech.test:3002/node_modules/.vite/deps/react-router-dom.js?v=23710b64:3703:26)
    at div
    at div
    at div
    at LayoutView (http://restaurant21.lobytech.test:3002/src/components/Sidebar/index.tsx?t=1787527165311:31:20)
    at RenderedRoute (http://restaurant21.lobytech.test:3002/node_modules/.vite/deps/react-router-dom.js?v=23710b64:3310:5)
    at Routes (http://restaurant21.lobytech.test:3002/node_modules/.vite/deps/react-router-dom.js?v=23710b64:3763:5)
    at div
    at Router (http://restaurant21.lobytech.test:3002/node_modules/.vite/deps/react-router-dom.js?v=23710b64:3710:15)
    at BrowserRouter (http://restaurant21.lobytech.test:3002/node_modules/.vite/deps/react-router-dom.js?v=23710b64:4190:5)
    at Dashboard
    at QueryClientProvider2 (http://restaurant21.lobytech.test:3002/node_modules/.vite/deps/react-query.js?v=23710b64:2647:21)
    at Provider (http://restaurant21.lobytech.test:3002/node_modules/.vite/deps/react-redux.js?v=23710b64:1481:3)
    at App (http://restaurant21.lobytech.test:3002/src/App.tsx?t=1787530467484:31:7)
    at Provider (http://restaurant21.lobytech.test:3002/node_modules/.vite/deps/react-redux.js?v=23710b64:1481:3) @ http://restaurant21.lobytech.test:3002/node_modules/.vite/deps/chunk-GYWC62UC.js?v=23710b64:520
[    1110ms] [ERROR] Warning: Unexpected ref object provided for %s. Use either a ref-setter function or React.createRef().%s div 
    at div
    at div
    at DropdownPopover (http://restaurant21.lobytech.test:3002/src/presentation/views/Modules/Admin/Views/Asistencia/Dropdown/index.tsx?t=1787493067224:24:3)
    at td
    at tr
    at tbody
    at table
    at div
    at div
    at Piso1 (http://restaurant21.lobytech.test:3002/src/presentation/views/Modules/Admin/Views/Asistencia/Piso1/index.tsx?t=1787530467484:23:3)
    at div
    at div
    at Asistencia (http://restaurant21.lobytech.test:3002/src/presentation/views/Modules/Admin/Views/Asistencia/index.tsx?t=1787530467484:42:20)
    at RenderedRoute (http://restaurant21.lobytech.test:3002/node_modules/.vite/deps/react-router-dom.js?v=23710b64:3310:5)
    at Outlet (http://restaurant21.lobytech.test:3002/node_modules/.vite/deps/react-router-dom.js?v=23710b64:3703:26)
    at div
    at div
    at div
    at LayoutView (http://restaurant21.lobytech.test:3002/src/components/Sidebar/index.tsx?t=1787527165311:31:20)
    at RenderedRoute (http://restaurant21.lobytech.test:3002/node_modules/.vite/deps/react-router-dom.js?v=23710b64:3310:5)
    at Routes (http://restaurant21.lobytech.test:3002/node_modules/.vite/deps/react-router-dom.js?v=23710b64:3763:5)
    at div
    at Router (http://restaurant21.lobytech.test:3002/node_modules/.vite/deps/react-router-dom.js?v=23710b64:3710:15)
    at BrowserRouter (http://restaurant21.lobytech.test:3002/node_modules/.vite/deps/react-router-dom.js?v=23710b64:4190:5)
    at Dashboard
    at QueryClientProvider2 (http://restaurant21.lobytech.test:3002/node_modules/.vite/deps/react-query.js?v=23710b64:2647:21)
    at Provider (http://restaurant21.lobytech.test:3002/node_modules/.vite/deps/react-redux.js?v=23710b64:1481:3)
    at App (http://restaurant21.lobytech.test:3002/src/App.tsx?t=1787530467484:31:7)
    at Provider (http://restaurant21.lobytech.test:3002/node_modules/.vite/deps/react-redux.js?v=23710b64:1481:3) @ http://restaurant21.lobytech.test:3002/node_modules/.vite/deps/chunk-GYWC62UC.js?v=23710b64:520
[    1110ms] [ERROR] Warning: Unexpected ref object provided for %s. Use either a ref-setter function or React.createRef().%s div 
    at div
    at div
    at DropdownPopover (http://restaurant21.lobytech.test:3002/src/presentation/views/Modules/Admin/Views/Asistencia/Dropdown/index.tsx?t=1787493067224:24:3)
    at td
    at tr
    at tbody
    at table
    at div
    at div
    at Piso1 (http://restaurant21.lobytech.test:3002/src/presentation/views/Modules/Admin/Views/Asistencia/Piso1/index.tsx?t=1787530467484:23:3)
    at div
    at div
    at Asistencia (http://restaurant21.lobytech.test:3002/src/presentation/views/Modules/Admin/Views/Asistencia/index.tsx?t=1787530467484:42:20)
    at RenderedRoute (http://restaurant21.lobytech.test:3002/node_modules/.vite/deps/react-router-dom.js?v=23710b64:3310:5)
    at Outlet (http://restaurant21.lobytech.test:3002/node_modules/.vite/deps/react-router-dom.js?v=23710b64:3703:26)
    at div
    at div
    at div
    at LayoutView (http://restaurant21.lobytech.test:3002/src/components/Sidebar/index.tsx?t=1787527165311:31:20)
    at RenderedRoute (http://restaurant21.lobytech.test:3002/node_modules/.vite/deps/react-router-dom.js?v=23710b64:3310:5)
    at Routes (http://restaurant21.lobytech.test:3002/node_modules/.vite/deps/react-router-dom.js?v=23710b64:3763:5)
    at div
    at Router (http://restaurant21.lobytech.test:3002/node_modules/.vite/deps/react-router-dom.js?v=23710b64:3710:15)
    at BrowserRouter (http://restaurant21.lobytech.test:3002/node_modules/.vite/deps/react-router-dom.js?v=23710b64:4190:5)
    at Dashboard
    at QueryClientProvider2 (http://restaurant21.lobytech.test:3002/node_modules/.vite/deps/react-query.js?v=23710b64:2647:21)
    at Provider (http://restaurant21.lobytech.test:3002/node_modules/.vite/deps/react-redux.js?v=23710b64:1481:3)
    at App (http://restaurant21.lobytech.test:3002/src/App.tsx?t=1787530467484:31:7)
    at Provider (http://restaurant21.lobytech.test:3002/node_modules/.vite/deps/react-redux.js?v=23710b64:1481:3) @ http://restaurant21.lobytech.test:3002/node_modules/.vite/deps/chunk-GYWC62UC.js?v=23710b64:520
[    1110ms] [ERROR] Warning: Unexpected ref object provided for %s. Use either a ref-setter function or React.createRef().%s div 
    at div
    at div
    at DropdownPopover (http://restaurant21.lobytech.test:3002/src/presentation/views/Modules/Admin/Views/Asistencia/Dropdown/index.tsx?t=1787493067224:24:3)
    at td
    at tr
    at tbody
    at table
    at div
    at div
    at Piso1 (http://restaurant21.lobytech.test:3002/src/presentation/views/Modules/Admin/Views/Asistencia/Piso1/index.tsx?t=1787530467484:23:3)
    at div
    at div
    at Asistencia (http://restaurant21.lobytech.test:3002/src/presentation/views/Modules/Admin/Views/Asistencia/index.tsx?t=1787530467484:42:20)
    at RenderedRoute (http://restaurant21.lobytech.test:3002/node_modules/.vite/deps/react-router-dom.js?v=23710b64:3310:5)
    at Outlet (http://restaurant21.lobytech.test:3002/node_modules/.vite/deps/react-router-dom.js?v=23710b64:3703:26)
    at div
    at div
    at div
    at LayoutView (http://restaurant21.lobytech.test:3002/src/components/Sidebar/index.tsx?t=1787527165311:31:20)
    at RenderedRoute (http://restaurant21.lobytech.test:3002/node_modules/.vite/deps/react-router-dom.js?v=23710b64:3310:5)
    at Routes (http://restaurant21.lobytech.test:3002/node_modules/.vite/deps/react-router-dom.js?v=23710b64:3763:5)
    at div
    at Router (http://restaurant21.lobytech.test:3002/node_modules/.vite/deps/react-router-dom.js?v=23710b64:3710:15)
    at BrowserRouter (http://restaurant21.lobytech.test:3002/node_modules/.vite/deps/react-router-dom.js?v=23710b64:4190:5)
    at Dashboard
    at QueryClientProvider2 (http://restaurant21.lobytech.test:3002/node_modules/.vite/deps/react-query.js?v=23710b64:2647:21)
    at Provider (http://restaurant21.lobytech.test:3002/node_modules/.vite/deps/react-redux.js?v=23710b64:1481:3)
    at App (http://restaurant21.lobytech.test:3002/src/App.tsx?t=1787530467484:31:7)
    at Provider (http://restaurant21.lobytech.test:3002/node_modules/.vite/deps/react-redux.js?v=23710b64:1481:3) @ http://restaurant21.lobytech.test:3002/node_modules/.vite/deps/chunk-GYWC62UC.js?v=23710b64:520
[    1111ms] [ERROR] Warning: Unexpected ref object provided for %s. Use either a ref-setter function or React.createRef().%s div 
    at div
    at div
    at DropdownPopover (http://restaurant21.lobytech.test:3002/src/presentation/views/Modules/Admin/Views/Asistencia/Dropdown/index.tsx?t=1787493067224:24:3)
    at td
    at tr
    at tbody
    at table
    at div
    at div
    at Piso1 (http://restaurant21.lobytech.test:3002/src/presentation/views/Modules/Admin/Views/Asistencia/Piso1/index.tsx?t=1787530467484:23:3)
    at div
    at div
    at Asistencia (http://restaurant21.lobytech.test:3002/src/presentation/views/Modules/Admin/Views/Asistencia/index.tsx?t=1787530467484:42:20)
    at RenderedRoute (http://restaurant21.lobytech.test:3002/node_modules/.vite/deps/react-router-dom.js?v=23710b64:3310:5)
    at Outlet (http://restaurant21.lobytech.test:3002/node_modules/.vite/deps/react-router-dom.js?v=23710b64:3703:26)
    at div
    at div
    at div
    at LayoutView (http://restaurant21.lobytech.test:3002/src/components/Sidebar/index.tsx?t=1787527165311:31:20)
    at RenderedRoute (http://restaurant21.lobytech.test:3002/node_modules/.vite/deps/react-router-dom.js?v=23710b64:3310:5)
    at Routes (http://restaurant21.lobytech.test:3002/node_modules/.vite/deps/react-router-dom.js?v=23710b64:3763:5)
    at div
    at Router (http://restaurant21.lobytech.test:3002/node_modules/.vite/deps/react-router-dom.js?v=23710b64:3710:15)
    at BrowserRouter (http://restaurant21.lobytech.test:3002/node_modules/.vite/deps/react-router-dom.js?v=23710b64:4190:5)
    at Dashboard
    at QueryClientProvider2 (http://restaurant21.lobytech.test:3002/node_modules/.vite/deps/react-query.js?v=23710b64:2647:21)
    at Provider (http://restaurant21.lobytech.test:3002/node_modules/.vite/deps/react-redux.js?v=23710b64:1481:3)
    at App (http://restaurant21.lobytech.test:3002/src/App.tsx?t=1787530467484:31:7)
    at Provider (http://restaurant21.lobytech.test:3002/node_modules/.vite/deps/react-redux.js?v=23710b64:1481:3) @ http://restaurant21.lobytech.test:3002/node_modules/.vite/deps/chunk-GYWC62UC.js?v=23710b64:520
[    1111ms] [ERROR] Warning: Unexpected ref object provided for %s. Use either a ref-setter function or React.createRef().%s div 
    at div
    at div
    at DropdownPopover (http://restaurant21.lobytech.test:3002/src/presentation/views/Modules/Admin/Views/Asistencia/Dropdown/index.tsx?t=1787493067224:24:3)
    at td
    at tr
    at tbody
    at table
    at div
    at div
    at Piso1 (http://restaurant21.lobytech.test:3002/src/presentation/views/Modules/Admin/Views/Asistencia/Piso1/index.tsx?t=1787530467484:23:3)
    at div
    at div
    at Asistencia (http://restaurant21.lobytech.test:3002/src/presentation/views/Modules/Admin/Views/Asistencia/index.tsx?t=1787530467484:42:20)
    at RenderedRoute (http://restaurant21.lobytech.test:3002/node_modules/.vite/deps/react-router-dom.js?v=23710b64:3310:5)
    at Outlet (http://restaurant21.lobytech.test:3002/node_modules/.vite/deps/react-router-dom.js?v=23710b64:3703:26)
    at div
    at div
    at div
    at LayoutView (http://restaurant21.lobytech.test:3002/src/components/Sidebar/index.tsx?t=1787527165311:31:20)
    at RenderedRoute (http://restaurant21.lobytech.test:3002/node_modules/.vite/deps/react-router-dom.js?v=23710b64:3310:5)
    at Routes (http://restaurant21.lobytech.test:3002/node_modules/.vite/deps/react-router-dom.js?v=23710b64:3763:5)
    at div
    at Router (http://restaurant21.lobytech.test:3002/node_modules/.vite/deps/react-router-dom.js?v=23710b64:3710:15)
    at BrowserRouter (http://restaurant21.lobytech.test:3002/node_modules/.vite/deps/react-router-dom.js?v=23710b64:4190:5)
    at Dashboard
    at QueryClientProvider2 (http://restaurant21.lobytech.test:3002/node_modules/.vite/deps/react-query.js?v=23710b64:2647:21)
    at Provider (http://restaurant21.lobytech.test:3002/node_modules/.vite/deps/react-redux.js?v=23710b64:1481:3)
    at App (http://restaurant21.lobytech.test:3002/src/App.tsx?t=1787530467484:31:7)
    at Provider (http://restaurant21.lobytech.test:3002/node_modules/.vite/deps/react-redux.js?v=23710b64:1481:3) @ http://restaurant21.lobytech.test:3002/node_modules/.vite/deps/chunk-GYWC62UC.js?v=23710b64:520
[    1111ms] [ERROR] Warning: Unexpected ref object provided for %s. Use either a ref-setter function or React.createRef().%s div 
    at div
    at div
    at DropdownPopover (http://restaurant21.lobytech.test:3002/src/presentation/views/Modules/Admin/Views/Asistencia/Dropdown/index.tsx?t=1787493067224:24:3)
    at td
    at tr
    at tbody
    at table
    at div
    at div
    at Piso1 (http://restaurant21.lobytech.test:3002/src/presentation/views/Modules/Admin/Views/Asistencia/Piso1/index.tsx?t=1787530467484:23:3)
    at div
    at div
    at Asistencia (http://restaurant21.lobytech.test:3002/src/presentation/views/Modules/Admin/Views/Asistencia/index.tsx?t=1787530467484:42:20)
    at RenderedRoute (http://restaurant21.lobytech.test:3002/node_modules/.vite/deps/react-router-dom.js?v=23710b64:3310:5)
    at Outlet (http://restaurant21.lobytech.test:3002/node_modules/.vite/deps/react-router-dom.js?v=23710b64:3703:26)
    at div
    at div
    at div
    at LayoutView (http://restaurant21.lobytech.test:3002/src/components/Sidebar/index.tsx?t=1787527165311:31:20)
    at RenderedRoute (http://restaurant21.lobytech.test:3002/node_modules/.vite/deps/react-router-dom.js?v=23710b64:3310:5)
    at Routes (http://restaurant21.lobytech.test:3002/node_modules/.vite/deps/react-router-dom.js?v=23710b64:3763:5)
    at div
    at Router (http://restaurant21.lobytech.test:3002/node_modules/.vite/deps/react-router-dom.js?v=23710b64:3710:15)
    at BrowserRouter (http://restaurant21.lobytech.test:3002/node_modules/.vite/deps/react-router-dom.js?v=23710b64:4190:5)
    at Dashboard
    at QueryClientProvider2 (http://restaurant21.lobytech.test:3002/node_modules/.vite/deps/react-query.js?v=23710b64:2647:21)
    at Provider (http://restaurant21.lobytech.test:3002/node_modules/.vite/deps/react-redux.js?v=23710b64:1481:3)
    at App (http://restaurant21.lobytech.test:3002/src/App.tsx?t=1787530467484:31:7)
    at Provider (http://restaurant21.lobytech.test:3002/node_modules/.vite/deps/react-redux.js?v=23710b64:1481:3) @ http://restaurant21.lobytech.test:3002/node_modules/.vite/deps/chunk-GYWC62UC.js?v=23710b64:520
[    1111ms] [ERROR] Warning: Unexpected ref object provided for %s. Use either a ref-setter function or React.createRef().%s div 
    at div
    at div
    at DropdownPopover (http://restaurant21.lobytech.test:3002/src/presentation/views/Modules/Admin/Views/Asistencia/Dropdown/index.tsx?t=1787493067224:24:3)
    at td
    at tr
    at tbody
    at table
    at div
    at div
    at Piso1 (http://restaurant21.lobytech.test:3002/src/presentation/views/Modules/Admin/Views/Asistencia/Piso1/index.tsx?t=1787530467484:23:3)
    at div
    at div
    at Asistencia (http://restaurant21.lobytech.test:3002/src/presentation/views/Modules/Admin/Views/Asistencia/index.tsx?t=1787530467484:42:20)
    at RenderedRoute (http://restaurant21.lobytech.test:3002/node_modules/.vite/deps/react-router-dom.js?v=23710b64:3310:5)
    at Outlet (http://restaurant21.lobytech.test:3002/node_modules/.vite/deps/react-router-dom.js?v=23710b64:3703:26)
    at div
    at div
    at div
    at LayoutView (http://restaurant21.lobytech.test:3002/src/components/Sidebar/index.tsx?t=1787527165311:31:20)
    at RenderedRoute (http://restaurant21.lobytech.test:3002/node_modules/.vite/deps/react-router-dom.js?v=23710b64:3310:5)
    at Routes (http://restaurant21.lobytech.test:3002/node_modules/.vite/deps/react-router-dom.js?v=23710b64:3763:5)
    at div
    at Router (http://restaurant21.lobytech.test:3002/node_modules/.vite/deps/react-router-dom.js?v=23710b64:3710:15)
    at BrowserRouter (http://restaurant21.lobytech.test:3002/node_modules/.vite/deps/react-router-dom.js?v=23710b64:4190:5)
    at Dashboard
    at QueryClientProvider2 (http://restaurant21.lobytech.test:3002/node_modules/.vite/deps/react-query.js?v=23710b64:2647:21)
    at Provider (http://restaurant21.lobytech.test:3002/node_modules/.vite/deps/react-redux.js?v=23710b64:1481:3)
    at App (http://restaurant21.lobytech.test:3002/src/App.tsx?t=1787530467484:31:7)
    at Provider (http://restaurant21.lobytech.test:3002/node_modules/.vite/deps/react-redux.js?v=23710b64:1481:3) @ http://restaurant21.lobytech.test:3002/node_modules/.vite/deps/chunk-GYWC62UC.js?v=23710b64:520
[    1114ms] [ERROR] Warning: Unexpected ref object provided for %s. Use either a ref-setter function or React.createRef().%s div 
    at div
    at div
    at DropdownPopover (http://restaurant21.lobytech.test:3002/src/presentation/views/Modules/Admin/Views/Asistencia/Dropdown/index.tsx?t=1787493067224:24:3)
    at td
    at tr
    at tbody
    at table
    at div
    at div
    at Piso2 (http://restaurant21.lobytech.test:3002/src/presentation/views/Modules/Admin/Views/Asistencia/Piso2/index.tsx?t=1787530467484:23:3)
    at div
    at div
    at Asistencia (http://restaurant21.lobytech.test:3002/src/presentation/views/Modules/Admin/Views/Asistencia/index.tsx?t=1787530467484:42:20)
    at RenderedRoute (http://restaurant21.lobytech.test:3002/node_modules/.vite/deps/react-router-dom.js?v=23710b64:3310:5)
    at Outlet (http://restaurant21.lobytech.test:3002/node_modules/.vite/deps/react-router-dom.js?v=23710b64:3703:26)
    at div
    at div
    at div
    at LayoutView (http://restaurant21.lobytech.test:3002/src/components/Sidebar/index.tsx?t=1787527165311:31:20)
    at RenderedRoute (http://restaurant21.lobytech.test:3002/node_modules/.vite/deps/react-router-dom.js?v=23710b64:3310:5)
    at Routes (http://restaurant21.lobytech.test:3002/node_modules/.vite/deps/react-router-dom.js?v=23710b64:3763:5)
    at div
    at Router (http://restaurant21.lobytech.test:3002/node_modules/.vite/deps/react-router-dom.js?v=23710b64:3710:15)
    at BrowserRouter (http://restaurant21.lobytech.test:3002/node_modules/.vite/deps/react-router-dom.js?v=23710b64:4190:5)
    at Dashboard
    at QueryClientProvider2 (http://restaurant21.lobytech.test:3002/node_modules/.vite/deps/react-query.js?v=23710b64:2647:21)
    at Provider (http://restaurant21.lobytech.test:3002/node_modules/.vite/deps/react-redux.js?v=23710b64:1481:3)
    at App (http://restaurant21.lobytech.test:3002/src/App.tsx?t=1787530467484:31:7)
    at Provider (http://restaurant21.lobytech.test:3002/node_modules/.vite/deps/react-redux.js?v=23710b64:1481:3) @ http://restaurant21.lobytech.test:3002/node_modules/.vite/deps/chunk-GYWC62UC.js?v=23710b64:520
[    1115ms] [ERROR] Warning: Unexpected ref object provided for %s. Use either a ref-setter function or React.createRef().%s div 
    at div
    at div
    at DropdownPopover (http://restaurant21.lobytech.test:3002/src/presentation/views/Modules/Admin/Views/Asistencia/Dropdown/index.tsx?t=1787493067224:24:3)
    at td
    at tr
    at tbody
    at table
    at div
    at div
    at Piso2 (http://restaurant21.lobytech.test:3002/src/presentation/views/Modules/Admin/Views/Asistencia/Piso2/index.tsx?t=1787530467484:23:3)
    at div
    at div
    at Asistencia (http://restaurant21.lobytech.test:3002/src/presentation/views/Modules/Admin/Views/Asistencia/index.tsx?t=1787530467484:42:20)
    at RenderedRoute (http://restaurant21.lobytech.test:3002/node_modules/.vite/deps/react-router-dom.js?v=23710b64:3310:5)
    at Outlet (http://restaurant21.lobytech.test:3002/node_modules/.vite/deps/react-router-dom.js?v=23710b64:3703:26)
    at div
    at div
    at div
    at LayoutView (http://restaurant21.lobytech.test:3002/src/components/Sidebar/index.tsx?t=1787527165311:31:20)
    at RenderedRoute (http://restaurant21.lobytech.test:3002/node_modules/.vite/deps/react-router-dom.js?v=23710b64:3310:5)
    at Routes (http://restaurant21.lobytech.test:3002/node_modules/.vite/deps/react-router-dom.js?v=23710b64:3763:5)
    at div
    at Router (http://restaurant21.lobytech.test:3002/node_modules/.vite/deps/react-router-dom.js?v=23710b64:3710:15)
    at BrowserRouter (http://restaurant21.lobytech.test:3002/node_modules/.vite/deps/react-router-dom.js?v=23710b64:4190:5)
    at Dashboard
    at QueryClientProvider2 (http://restaurant21.lobytech.test:3002/node_modules/.vite/deps/react-query.js?v=23710b64:2647:21)
    at Provider (http://restaurant21.lobytech.test:3002/node_modules/.vite/deps/react-redux.js?v=23710b64:1481:3)
    at App (http://restaurant21.lobytech.test:3002/src/App.tsx?t=1787530467484:31:7)
    at Provider (http://restaurant21.lobytech.test:3002/node_modules/.vite/deps/react-redux.js?v=23710b64:1481:3) @ http://restaurant21.lobytech.test:3002/node_modules/.vite/deps/chunk-GYWC62UC.js?v=23710b64:520
[    1115ms] [ERROR] Warning: Unexpected ref object provided for %s. Use either a ref-setter function or React.createRef().%s div 
    at div
    at div
    at DropdownPopover (http://restaurant21.lobytech.test:3002/src/presentation/views/Modules/Admin/Views/Asistencia/Dropdown/index.tsx?t=1787493067224:24:3)
    at td
    at tr
    at tbody
    at table
    at div
    at div
    at Piso2 (http://restaurant21.lobytech.test:3002/src/presentation/views/Modules/Admin/Views/Asistencia/Piso2/index.tsx?t=1787530467484:23:3)
    at div
    at div
    at Asistencia (http://restaurant21.lobytech.test:3002/src/presentation/views/Modules/Admin/Views/Asistencia/index.tsx?t=1787530467484:42:20)
    at RenderedRoute (http://restaurant21.lobytech.test:3002/node_modules/.vite/deps/react-router-dom.js?v=23710b64:3310:5)
    at Outlet (http://restaurant21.lobytech.test:3002/node_modules/.vite/deps/react-router-dom.js?v=23710b64:3703:26)
    at div
    at div
    at div
    at LayoutView (http://restaurant21.lobytech.test:3002/src/components/Sidebar/index.tsx?t=1787527165311:31:20)
    at RenderedRoute (http://restaurant21.lobytech.test:3002/node_modules/.vite/deps/react-router-dom.js?v=23710b64:3310:5)
    at Routes (http://restaurant21.lobytech.test:3002/node_modules/.vite/deps/react-router-dom.js?v=23710b64:3763:5)
    at div
    at Router (http://restaurant21.lobytech.test:3002/node_modules/.vite/deps/react-router-dom.js?v=23710b64:3710:15)
    at BrowserRouter (http://restaurant21.lobytech.test:3002/node_modules/.vite/deps/react-router-dom.js?v=23710b64:4190:5)
    at Dashboard
    at QueryClientProvider2 (http://restaurant21.lobytech.test:3002/node_modules/.vite/deps/react-query.js?v=23710b64:2647:21)
    at Provider (http://restaurant21.lobytech.test:3002/node_modules/.vite/deps/react-redux.js?v=23710b64:1481:3)
    at App (http://restaurant21.lobytech.test:3002/src/App.tsx?t=1787530467484:31:7)
    at Provider (http://restaurant21.lobytech.test:3002/node_modules/.vite/deps/react-redux.js?v=23710b64:1481:3) @ http://restaurant21.lobytech.test:3002/node_modules/.vite/deps/chunk-GYWC62UC.js?v=23710b64:520
[    1115ms] [ERROR] Warning: Unexpected ref object provided for %s. Use either a ref-setter function or React.createRef().%s div 
    at div
    at div
    at DropdownPopover (http://restaurant21.lobytech.test:3002/src/presentation/views/Modules/Admin/Views/Asistencia/Dropdown/index.tsx?t=1787493067224:24:3)
    at td
    at tr
    at tbody
    at table
    at div
    at div
    at Piso2 (http://restaurant21.lobytech.test:3002/src/presentation/views/Modules/Admin/Views/Asistencia/Piso2/index.tsx?t=1787530467484:23:3)
    at div
    at div
    at Asistencia (http://restaurant21.lobytech.test:3002/src/presentation/views/Modules/Admin/Views/Asistencia/index.tsx?t=1787530467484:42:20)
    at RenderedRoute (http://restaurant21.lobytech.test:3002/node_modules/.vite/deps/react-router-dom.js?v=23710b64:3310:5)
    at Outlet (http://restaurant21.lobytech.test:3002/node_modules/.vite/deps/react-router-dom.js?v=23710b64:3703:26)
    at div
    at div
    at div
    at LayoutView (http://restaurant21.lobytech.test:3002/src/components/Sidebar/index.tsx?t=1787527165311:31:20)
    at RenderedRoute (http://restaurant21.lobytech.test:3002/node_modules/.vite/deps/react-router-dom.js?v=23710b64:3310:5)
    at Routes (http://restaurant21.lobytech.test:3002/node_modules/.vite/deps/react-router-dom.js?v=23710b64:3763:5)
    at div
    at Router (http://restaurant21.lobytech.test:3002/node_modules/.vite/deps/react-router-dom.js?v=23710b64:3710:15)
    at BrowserRouter (http://restaurant21.lobytech.test:3002/node_modules/.vite/deps/react-router-dom.js?v=23710b64:4190:5)
    at Dashboard
    at QueryClientProvider2 (http://restaurant21.lobytech.test:3002/node_modules/.vite/deps/react-query.js?v=23710b64:2647:21)
    at Provider (http://restaurant21.lobytech.test:3002/node_modules/.vite/deps/react-redux.js?v=23710b64:1481:3)
    at App (http://restaurant21.lobytech.test:3002/src/App.tsx?t=1787530467484:31:7)
    at Provider (http://restaurant21.lobytech.test:3002/node_modules/.vite/deps/react-redux.js?v=23710b64:1481:3) @ http://restaurant21.lobytech.test:3002/node_modules/.vite/deps/chunk-GYWC62UC.js?v=23710b64:520
[    1115ms] [ERROR] Warning: Unexpected ref object provided for %s. Use either a ref-setter function or React.createRef().%s div 
    at div
    at div
    at DropdownPopover (http://restaurant21.lobytech.test:3002/src/presentation/views/Modules/Admin/Views/Asistencia/Dropdown/index.tsx?t=1787493067224:24:3)
    at td
    at tr
    at tbody
    at table
    at div
    at div
    at Piso2 (http://restaurant21.lobytech.test:3002/src/presentation/views/Modules/Admin/Views/Asistencia/Piso2/index.tsx?t=1787530467484:23:3)
    at div
    at div
    at Asistencia (http://restaurant21.lobytech.test:3002/src/presentation/views/Modules/Admin/Views/Asistencia/index.tsx?t=1787530467484:42:20)
    at RenderedRoute (http://restaurant21.lobytech.test:3002/node_modules/.vite/deps/react-router-dom.js?v=23710b64:3310:5)
    at Outlet (http://restaurant21.lobytech.test:3002/node_modules/.vite/deps/react-router-dom.js?v=23710b64:3703:26)
    at div
    at div
    at div
    at LayoutView (http://restaurant21.lobytech.test:3002/src/components/Sidebar/index.tsx?t=1787527165311:31:20)
    at RenderedRoute (http://restaurant21.lobytech.test:3002/node_modules/.vite/deps/react-router-dom.js?v=23710b64:3310:5)
    at Routes (http://restaurant21.lobytech.test:3002/node_modules/.vite/deps/react-router-dom.js?v=23710b64:3763:5)
    at div
    at Router (http://restaurant21.lobytech.test:3002/node_modules/.vite/deps/react-router-dom.js?v=23710b64:3710:15)
    at BrowserRouter (http://restaurant21.lobytech.test:3002/node_modules/.vite/deps/react-router-dom.js?v=23710b64:4190:5)
    at Dashboard
    at QueryClientProvider2 (http://restaurant21.lobytech.test:3002/node_modules/.vite/deps/react-query.js?v=23710b64:2647:21)
    at Provider (http://restaurant21.lobytech.test:3002/node_modules/.vite/deps/react-redux.js?v=23710b64:1481:3)
    at App (http://restaurant21.lobytech.test:3002/src/App.tsx?t=1787530467484:31:7)
    at Provider (http://restaurant21.lobytech.test:3002/node_modules/.vite/deps/react-redux.js?v=23710b64:1481:3) @ http://restaurant21.lobytech.test:3002/node_modules/.vite/deps/chunk-GYWC62UC.js?v=23710b64:520
[    1115ms] [ERROR] Warning: Unexpected ref object provided for %s. Use either a ref-setter function or React.createRef().%s div 
    at div
    at div
    at DropdownPopover (http://restaurant21.lobytech.test:3002/src/presentation/views/Modules/Admin/Views/Asistencia/Dropdown/index.tsx?t=1787493067224:24:3)
    at td
    at tr
    at tbody
    at table
    at div
    at div
    at Piso2 (http://restaurant21.lobytech.test:3002/src/presentation/views/Modules/Admin/Views/Asistencia/Piso2/index.tsx?t=1787530467484:23:3)
    at div
    at div
    at Asistencia (http://restaurant21.lobytech.test:3002/src/presentation/views/Modules/Admin/Views/Asistencia/index.tsx?t=1787530467484:42:20)
    at RenderedRoute (http://restaurant21.lobytech.test:3002/node_modules/.vite/deps/react-router-dom.js?v=23710b64:3310:5)
    at Outlet (http://restaurant21.lobytech.test:3002/node_modules/.vite/deps/react-router-dom.js?v=23710b64:3703:26)
    at div
    at div
    at div
    at LayoutView (http://restaurant21.lobytech.test:3002/src/components/Sidebar/index.tsx?t=1787527165311:31:20)
    at RenderedRoute (http://restaurant21.lobytech.test:3002/node_modules/.vite/deps/react-router-dom.js?v=23710b64:3310:5)
    at Routes (http://restaurant21.lobytech.test:3002/node_modules/.vite/deps/react-router-dom.js?v=23710b64:3763:5)
    at div
    at Router (http://restaurant21.lobytech.test:3002/node_modules/.vite/deps/react-router-dom.js?v=23710b64:3710:15)
    at BrowserRouter (http://restaurant21.lobytech.test:3002/node_modules/.vite/deps/react-router-dom.js?v=23710b64:4190:5)
    at Dashboard
    at QueryClientProvider2 (http://restaurant21.lobytech.test:3002/node_modules/.vite/deps/react-query.js?v=23710b64:2647:21)
    at Provider (http://restaurant21.lobytech.test:3002/node_modules/.vite/deps/react-redux.js?v=23710b64:1481:3)
    at App (http://restaurant21.lobytech.test:3002/src/App.tsx?t=1787530467484:31:7)
    at Provider (http://restaurant21.lobytech.test:3002/node_modules/.vite/deps/react-redux.js?v=23710b64:1481:3) @ http://restaurant21.lobytech.test:3002/node_modules/.vite/deps/chunk-GYWC62UC.js?v=23710b64:520
[    1115ms] [ERROR] Warning: Unexpected ref object provided for %s. Use either a ref-setter function or React.createRef().%s div 
    at div
    at div
    at DropdownPopover (http://restaurant21.lobytech.test:3002/src/presentation/views/Modules/Admin/Views/Asistencia/Dropdown/index.tsx?t=1787493067224:24:3)
    at td
    at tr
    at tbody
    at table
    at div
    at div
    at Piso2 (http://restaurant21.lobytech.test:3002/src/presentation/views/Modules/Admin/Views/Asistencia/Piso2/index.tsx?t=1787530467484:23:3)
    at div
    at div
    at Asistencia (http://restaurant21.lobytech.test:3002/src/presentation/views/Modules/Admin/Views/Asistencia/index.tsx?t=1787530467484:42:20)
    at RenderedRoute (http://restaurant21.lobytech.test:3002/node_modules/.vite/deps/react-router-dom.js?v=23710b64:3310:5)
    at Outlet (http://restaurant21.lobytech.test:3002/node_modules/.vite/deps/react-router-dom.js?v=23710b64:3703:26)
    at div
    at div
    at div
    at LayoutView (http://restaurant21.lobytech.test:3002/src/components/Sidebar/index.tsx?t=1787527165311:31:20)
    at RenderedRoute (http://restaurant21.lobytech.test:3002/node_modules/.vite/deps/react-router-dom.js?v=23710b64:3310:5)
    at Routes (http://restaurant21.lobytech.test:3002/node_modules/.vite/deps/react-router-dom.js?v=23710b64:3763:5)
    at div
    at Router (http://restaurant21.lobytech.test:3002/node_modules/.vite/deps/react-router-dom.js?v=23710b64:3710:15)
    at BrowserRouter (http://restaurant21.lobytech.test:3002/node_modules/.vite/deps/react-router-dom.js?v=23710b64:4190:5)
    at Dashboard
    at QueryClientProvider2 (http://restaurant21.lobytech.test:3002/node_modules/.vite/deps/react-query.js?v=23710b64:2647:21)
    at Provider (http://restaurant21.lobytech.test:3002/node_modules/.vite/deps/react-redux.js?v=23710b64:1481:3)
    at App (http://restaurant21.lobytech.test:3002/src/App.tsx?t=1787530467484:31:7)
    at Provider (http://restaurant21.lobytech.test:3002/node_modules/.vite/deps/react-redux.js?v=23710b64:1481:3) @ http://restaurant21.lobytech.test:3002/node_modules/.vite/deps/chunk-GYWC62UC.js?v=23710b64:520
[    1116ms] [ERROR] Warning: Unexpected ref object provided for %s. Use either a ref-setter function or React.createRef().%s div 
    at div
    at div
    at DropdownPopover (http://restaurant21.lobytech.test:3002/src/presentation/views/Modules/Admin/Views/Asistencia/Dropdown/index.tsx?t=1787493067224:24:3)
    at td
    at tr
    at tbody
    at table
    at div
    at div
    at Piso2 (http://restaurant21.lobytech.test:3002/src/presentation/views/Modules/Admin/Views/Asistencia/Piso2/index.tsx?t=1787530467484:23:3)
    at div
    at div
    at Asistencia (http://restaurant21.lobytech.test:3002/src/presentation/views/Modules/Admin/Views/Asistencia/index.tsx?t=1787530467484:42:20)
    at RenderedRoute (http://restaurant21.lobytech.test:3002/node_modules/.vite/deps/react-router-dom.js?v=23710b64:3310:5)
    at Outlet (http://restaurant21.lobytech.test:3002/node_modules/.vite/deps/react-router-dom.js?v=23710b64:3703:26)
    at div
    at div
    at div
    at LayoutView (http://restaurant21.lobytech.test:3002/src/components/Sidebar/index.tsx?t=1787527165311:31:20)
    at RenderedRoute (http://restaurant21.lobytech.test:3002/node_modules/.vite/deps/react-router-dom.js?v=23710b64:3310:5)
    at Routes (http://restaurant21.lobytech.test:3002/node_modules/.vite/deps/react-router-dom.js?v=23710b64:3763:5)
    at div
    at Router (http://restaurant21.lobytech.test:3002/node_modules/.vite/deps/react-router-dom.js?v=23710b64:3710:15)
    at BrowserRouter (http://restaurant21.lobytech.test:3002/node_modules/.vite/deps/react-router-dom.js?v=23710b64:4190:5)
    at Dashboard
    at QueryClientProvider2 (http://restaurant21.lobytech.test:3002/node_modules/.vite/deps/react-query.js?v=23710b64:2647:21)
    at Provider (http://restaurant21.lobytech.test:3002/node_modules/.vite/deps/react-redux.js?v=23710b64:1481:3)
    at App (http://restaurant21.lobytech.test:3002/src/App.tsx?t=1787530467484:31:7)
    at Provider (http://restaurant21.lobytech.test:3002/node_modules/.vite/deps/react-redux.js?v=23710b64:1481:3) @ http://restaurant21.lobytech.test:3002/node_modules/.vite/deps/chunk-GYWC62UC.js?v=23710b64:520
[    1116ms] [ERROR] Warning: Unexpected ref object provided for %s. Use either a ref-setter function or React.createRef().%s div 
    at div
    at div
    at DropdownPopover (http://restaurant21.lobytech.test:3002/src/presentation/views/Modules/Admin/Views/Asistencia/Dropdown/index.tsx?t=1787493067224:24:3)
    at td
    at tr
    at tbody
    at table
    at div
    at div
    at Piso2 (http://restaurant21.lobytech.test:3002/src/presentation/views/Modules/Admin/Views/Asistencia/Piso2/index.tsx?t=1787530467484:23:3)
    at div
    at div
    at Asistencia (http://restaurant21.lobytech.test:3002/src/presentation/views/Modules/Admin/Views/Asistencia/index.tsx?t=1787530467484:42:20)
    at RenderedRoute (http://restaurant21.lobytech.test:3002/node_modules/.vite/deps/react-router-dom.js?v=23710b64:3310:5)
    at Outlet (http://restaurant21.lobytech.test:3002/node_modules/.vite/deps/react-router-dom.js?v=23710b64:3703:26)
    at div
    at div
    at div
    at LayoutView (http://restaurant21.lobytech.test:3002/src/components/Sidebar/index.tsx?t=1787527165311:31:20)
    at RenderedRoute (http://restaurant21.lobytech.test:3002/node_modules/.vite/deps/react-router-dom.js?v=23710b64:3310:5)
    at Routes (http://restaurant21.lobytech.test:3002/node_modules/.vite/deps/react-router-dom.js?v=23710b64:3763:5)
    at div
    at Router (http://restaurant21.lobytech.test:3002/node_modules/.vite/deps/react-router-dom.js?v=23710b64:3710:15)
    at BrowserRouter (http://restaurant21.lobytech.test:3002/node_modules/.vite/deps/react-router-dom.js?v=23710b64:4190:5)
    at Dashboard
    at QueryClientProvider2 (http://restaurant21.lobytech.test:3002/node_modules/.vite/deps/react-query.js?v=23710b64:2647:21)
    at Provider (http://restaurant21.lobytech.test:3002/node_modules/.vite/deps/react-redux.js?v=23710b64:1481:3)
    at App (http://restaurant21.lobytech.test:3002/src/App.tsx?t=1787530467484:31:7)
    at Provider (http://restaurant21.lobytech.test:3002/node_modules/.vite/deps/react-redux.js?v=23710b64:1481:3) @ http://restaurant21.lobytech.test:3002/node_modules/.vite/deps/chunk-GYWC62UC.js?v=23710b64:520
[    1116ms] [ERROR] Warning: Unexpected ref object provided for %s. Use either a ref-setter function or React.createRef().%s div 
    at div
    at div
    at DropdownPopover (http://restaurant21.lobytech.test:3002/src/presentation/views/Modules/Admin/Views/Asistencia/Dropdown/index.tsx?t=1787493067224:24:3)
    at td
    at tr
    at tbody
    at table
    at div
    at div
    at Piso2 (http://restaurant21.lobytech.test:3002/src/presentation/views/Modules/Admin/Views/Asistencia/Piso2/index.tsx?t=1787530467484:23:3)
    at div
    at div
    at Asistencia (http://restaurant21.lobytech.test:3002/src/presentation/views/Modules/Admin/Views/Asistencia/index.tsx?t=1787530467484:42:20)
    at RenderedRoute (http://restaurant21.lobytech.test:3002/node_modules/.vite/deps/react-router-dom.js?v=23710b64:3310:5)
    at Outlet (http://restaurant21.lobytech.test:3002/node_modules/.vite/deps/react-router-dom.js?v=23710b64:3703:26)
    at div
    at div
    at div
    at LayoutView (http://restaurant21.lobytech.test:3002/src/components/Sidebar/index.tsx?t=1787527165311:31:20)
    at RenderedRoute (http://restaurant21.lobytech.test:3002/node_modules/.vite/deps/react-router-dom.js?v=23710b64:3310:5)
    at Routes (http://restaurant21.lobytech.test:3002/node_modules/.vite/deps/react-router-dom.js?v=23710b64:3763:5)
    at div
    at Router (http://restaurant21.lobytech.test:3002/node_modules/.vite/deps/react-router-dom.js?v=23710b64:3710:15)
    at BrowserRouter (http://restaurant21.lobytech.test:3002/node_modules/.vite/deps/react-router-dom.js?v=23710b64:4190:5)
    at Dashboard
    at QueryClientProvider2 (http://restaurant21.lobytech.test:3002/node_modules/.vite/deps/react-query.js?v=23710b64:2647:21)
    at Provider (http://restaurant21.lobytech.test:3002/node_modules/.vite/deps/react-redux.js?v=23710b64:1481:3)
    at App (http://restaurant21.lobytech.test:3002/src/App.tsx?t=1787530467484:31:7)
    at Provider (http://restaurant21.lobytech.test:3002/node_modules/.vite/deps/react-redux.js?v=23710b64:1481:3) @ http://restaurant21.lobytech.test:3002/node_modules/.vite/deps/chunk-GYWC62UC.js?v=23710b64:520
[    1116ms] [ERROR] Warning: Unexpected ref object provided for %s. Use either a ref-setter function or React.createRef().%s div 
    at div
    at div
    at DropdownPopover (http://restaurant21.lobytech.test:3002/src/presentation/views/Modules/Admin/Views/Asistencia/Dropdown/index.tsx?t=1787493067224:24:3)
    at td
    at tr
    at tbody
    at table
    at div
    at div
    at Piso2 (http://restaurant21.lobytech.test:3002/src/presentation/views/Modules/Admin/Views/Asistencia/Piso2/index.tsx?t=1787530467484:23:3)
    at div
    at div
    at Asistencia (http://restaurant21.lobytech.test:3002/src/presentation/views/Modules/Admin/Views/Asistencia/index.tsx?t=1787530467484:42:20)
    at RenderedRoute (http://restaurant21.lobytech.test:3002/node_modules/.vite/deps/react-router-dom.js?v=23710b64:3310:5)
    at Outlet (http://restaurant21.lobytech.test:3002/node_modules/.vite/deps/react-router-dom.js?v=23710b64:3703:26)
    at div
    at div
    at div
    at LayoutView (http://restaurant21.lobytech.test:3002/src/components/Sidebar/index.tsx?t=1787527165311:31:20)
    at RenderedRoute (http://restaurant21.lobytech.test:3002/node_modules/.vite/deps/react-router-dom.js?v=23710b64:3310:5)
    at Routes (http://restaurant21.lobytech.test:3002/node_modules/.vite/deps/react-router-dom.js?v=23710b64:3763:5)
    at div
    at Router (http://restaurant21.lobytech.test:3002/node_modules/.vite/deps/react-router-dom.js?v=23710b64:3710:15)
    at BrowserRouter (http://restaurant21.lobytech.test:3002/node_modules/.vite/deps/react-router-dom.js?v=23710b64:4190:5)
    at Dashboard
    at QueryClientProvider2 (http://restaurant21.lobytech.test:3002/node_modules/.vite/deps/react-query.js?v=23710b64:2647:21)
    at Provider (http://restaurant21.lobytech.test:3002/node_modules/.vite/deps/react-redux.js?v=23710b64:1481:3)
    at App (http://restaurant21.lobytech.test:3002/src/App.tsx?t=1787530467484:31:7)
    at Provider (http://restaurant21.lobytech.test:3002/node_modules/.vite/deps/react-redux.js?v=23710b64:1481:3) @ http://restaurant21.lobytech.test:3002/node_modules/.vite/deps/chunk-GYWC62UC.js?v=23710b64:520
[    1116ms] [ERROR] Warning: Unexpected ref object provided for %s. Use either a ref-setter function or React.createRef().%s div 
    at div
    at div
    at DropdownPopover (http://restaurant21.lobytech.test:3002/src/presentation/views/Modules/Admin/Views/Asistencia/Dropdown/index.tsx?t=1787493067224:24:3)
    at td
    at tr
    at tbody
    at table
    at div
    at div
    at Piso2 (http://restaurant21.lobytech.test:3002/src/presentation/views/Modules/Admin/Views/Asistencia/Piso2/index.tsx?t=1787530467484:23:3)
    at div
    at div
    at Asistencia (http://restaurant21.lobytech.test:3002/src/presentation/views/Modules/Admin/Views/Asistencia/index.tsx?t=1787530467484:42:20)
    at RenderedRoute (http://restaurant21.lobytech.test:3002/node_modules/.vite/deps/react-router-dom.js?v=23710b64:3310:5)
    at Outlet (http://restaurant21.lobytech.test:3002/node_modules/.vite/deps/react-router-dom.js?v=23710b64:3703:26)
    at div
    at div
    at div
    at LayoutView (http://restaurant21.lobytech.test:3002/src/components/Sidebar/index.tsx?t=1787527165311:31:20)
    at RenderedRoute (http://restaurant21.lobytech.test:3002/node_modules/.vite/deps/react-router-dom.js?v=23710b64:3310:5)
    at Routes (http://restaurant21.lobytech.test:3002/node_modules/.vite/deps/react-router-dom.js?v=23710b64:3763:5)
    at div
    at Router (http://restaurant21.lobytech.test:3002/node_modules/.vite/deps/react-router-dom.js?v=23710b64:3710:15)
    at BrowserRouter (http://restaurant21.lobytech.test:3002/node_modules/.vite/deps/react-router-dom.js?v=23710b64:4190:5)
    at Dashboard
    at QueryClientProvider2 (http://restaurant21.lobytech.test:3002/node_modules/.vite/deps/react-query.js?v=23710b64:2647:21)
    at Provider (http://restaurant21.lobytech.test:3002/node_modules/.vite/deps/react-redux.js?v=23710b64:1481:3)
    at App (http://restaurant21.lobytech.test:3002/src/App.tsx?t=1787530467484:31:7)
    at Provider (http://restaurant21.lobytech.test:3002/node_modules/.vite/deps/react-redux.js?v=23710b64:1481:3) @ http://restaurant21.lobytech.test:3002/node_modules/.vite/deps/chunk-GYWC62UC.js?v=23710b64:520
[    1116ms] [ERROR] Warning: Unexpected ref object provided for %s. Use either a ref-setter function or React.createRef().%s div 
    at div
    at div
    at DropdownPopover (http://restaurant21.lobytech.test:3002/src/presentation/views/Modules/Admin/Views/Asistencia/Dropdown/index.tsx?t=1787493067224:24:3)
    at td
    at tr
    at tbody
    at table
    at div
    at div
    at Piso2 (http://restaurant21.lobytech.test:3002/src/presentation/views/Modules/Admin/Views/Asistencia/Piso2/index.tsx?t=1787530467484:23:3)
    at div
    at div
    at Asistencia (http://restaurant21.lobytech.test:3002/src/presentation/views/Modules/Admin/Views/Asistencia/index.tsx?t=1787530467484:42:20)
    at RenderedRoute (http://restaurant21.lobytech.test:3002/node_modules/.vite/deps/react-router-dom.js?v=23710b64:3310:5)
    at Outlet (http://restaurant21.lobytech.test:3002/node_modules/.vite/deps/react-router-dom.js?v=23710b64:3703:26)
    at div
    at div
    at div
    at LayoutView (http://restaurant21.lobytech.test:3002/src/components/Sidebar/index.tsx?t=1787527165311:31:20)
    at RenderedRoute (http://restaurant21.lobytech.test:3002/node_modules/.vite/deps/react-router-dom.js?v=23710b64:3310:5)
    at Routes (http://restaurant21.lobytech.test:3002/node_modules/.vite/deps/react-router-dom.js?v=23710b64:3763:5)
    at div
    at Router (http://restaurant21.lobytech.test:3002/node_modules/.vite/deps/react-router-dom.js?v=23710b64:3710:15)
    at BrowserRouter (http://restaurant21.lobytech.test:3002/node_modules/.vite/deps/react-router-dom.js?v=23710b64:4190:5)
    at Dashboard
    at QueryClientProvider2 (http://restaurant21.lobytech.test:3002/node_modules/.vite/deps/react-query.js?v=23710b64:2647:21)
    at Provider (http://restaurant21.lobytech.test:3002/node_modules/.vite/deps/react-redux.js?v=23710b64:1481:3)
    at App (http://restaurant21.lobytech.test:3002/src/App.tsx?t=1787530467484:31:7)
    at Provider (http://restaurant21.lobytech.test:3002/node_modules/.vite/deps/react-redux.js?v=23710b64:1481:3) @ http://restaurant21.lobytech.test:3002/node_modules/.vite/deps/chunk-GYWC62UC.js?v=23710b64:520
[    1117ms] [ERROR] Warning: Unexpected ref object provided for %s. Use either a ref-setter function or React.createRef().%s div 
    at div
    at div
    at DropdownPopover (http://restaurant21.lobytech.test:3002/src/presentation/views/Modules/Admin/Views/Asistencia/Dropdown/index.tsx?t=1787493067224:24:3)
    at td
    at tr
    at tbody
    at table
    at div
    at div
    at Piso2 (http://restaurant21.lobytech.test:3002/src/presentation/views/Modules/Admin/Views/Asistencia/Piso2/index.tsx?t=1787530467484:23:3)
    at div
    at div
    at Asistencia (http://restaurant21.lobytech.test:3002/src/presentation/views/Modules/Admin/Views/Asistencia/index.tsx?t=1787530467484:42:20)
    at RenderedRoute (http://restaurant21.lobytech.test:3002/node_modules/.vite/deps/react-router-dom.js?v=23710b64:3310:5)
    at Outlet (http://restaurant21.lobytech.test:3002/node_modules/.vite/deps/react-router-dom.js?v=23710b64:3703:26)
    at div
    at div
    at div
    at LayoutView (http://restaurant21.lobytech.test:3002/src/components/Sidebar/index.tsx?t=1787527165311:31:20)
    at RenderedRoute (http://restaurant21.lobytech.test:3002/node_modules/.vite/deps/react-router-dom.js?v=23710b64:3310:5)
    at Routes (http://restaurant21.lobytech.test:3002/node_modules/.vite/deps/react-router-dom.js?v=23710b64:3763:5)
    at div
    at Router (http://restaurant21.lobytech.test:3002/node_modules/.vite/deps/react-router-dom.js?v=23710b64:3710:15)
    at BrowserRouter (http://restaurant21.lobytech.test:3002/node_modules/.vite/deps/react-router-dom.js?v=23710b64:4190:5)
    at Dashboard
    at QueryClientProvider2 (http://restaurant21.lobytech.test:3002/node_modules/.vite/deps/react-query.js?v=23710b64:2647:21)
    at Provider (http://restaurant21.lobytech.test:3002/node_modules/.vite/deps/react-redux.js?v=23710b64:1481:3)
    at App (http://restaurant21.lobytech.test:3002/src/App.tsx?t=1787530467484:31:7)
    at Provider (http://restaurant21.lobytech.test:3002/node_modules/.vite/deps/react-redux.js?v=23710b64:1481:3) @ http://restaurant21.lobytech.test:3002/node_modules/.vite/deps/chunk-GYWC62UC.js?v=23710b64:520
[    1117ms] [ERROR] Warning: Unexpected ref object provided for %s. Use either a ref-setter function or React.createRef().%s div 
    at div
    at div
    at DropdownPopover (http://restaurant21.lobytech.test:3002/src/presentation/views/Modules/Admin/Views/Asistencia/Dropdown/index.tsx?t=1787493067224:24:3)
    at td
    at tr
    at tbody
    at table
    at div
    at div
    at Piso2 (http://restaurant21.lobytech.test:3002/src/presentation/views/Modules/Admin/Views/Asistencia/Piso2/index.tsx?t=1787530467484:23:3)
    at div
    at div
    at Asistencia (http://restaurant21.lobytech.test:3002/src/presentation/views/Modules/Admin/Views/Asistencia/index.tsx?t=1787530467484:42:20)
    at RenderedRoute (http://restaurant21.lobytech.test:3002/node_modules/.vite/deps/react-router-dom.js?v=23710b64:3310:5)
    at Outlet (http://restaurant21.lobytech.test:3002/node_modules/.vite/deps/react-router-dom.js?v=23710b64:3703:26)
    at div
    at div
    at div
    at LayoutView (http://restaurant21.lobytech.test:3002/src/components/Sidebar/index.tsx?t=1787527165311:31:20)
    at RenderedRoute (http://restaurant21.lobytech.test:3002/node_modules/.vite/deps/react-router-dom.js?v=23710b64:3310:5)
    at Routes (http://restaurant21.lobytech.test:3002/node_modules/.vite/deps/react-router-dom.js?v=23710b64:3763:5)
    at div
    at Router (http://restaurant21.lobytech.test:3002/node_modules/.vite/deps/react-router-dom.js?v=23710b64:3710:15)
    at BrowserRouter (http://restaurant21.lobytech.test:3002/node_modules/.vite/deps/react-router-dom.js?v=23710b64:4190:5)
    at Dashboard
    at QueryClientProvider2 (http://restaurant21.lobytech.test:3002/node_modules/.vite/deps/react-query.js?v=23710b64:2647:21)
    at Provider (http://restaurant21.lobytech.test:3002/node_modules/.vite/deps/react-redux.js?v=23710b64:1481:3)
    at App (http://restaurant21.lobytech.test:3002/src/App.tsx?t=1787530467484:31:7)
    at Provider (http://restaurant21.lobytech.test:3002/node_modules/.vite/deps/react-redux.js?v=23710b64:1481:3) @ http://restaurant21.lobytech.test:3002/node_modules/.vite/deps/chunk-GYWC62UC.js?v=23710b64:520
[    1117ms] [ERROR] Warning: Unexpected ref object provided for %s. Use either a ref-setter function or React.createRef().%s div 
    at div
    at div
    at DropdownPopover (http://restaurant21.lobytech.test:3002/src/presentation/views/Modules/Admin/Views/Asistencia/Dropdown/index.tsx?t=1787493067224:24:3)
    at td
    at tr
    at tbody
    at table
    at div
    at div
    at Piso2 (http://restaurant21.lobytech.test:3002/src/presentation/views/Modules/Admin/Views/Asistencia/Piso2/index.tsx?t=1787530467484:23:3)
    at div
    at div
    at Asistencia (http://restaurant21.lobytech.test:3002/src/presentation/views/Modules/Admin/Views/Asistencia/index.tsx?t=1787530467484:42:20)
    at RenderedRoute (http://restaurant21.lobytech.test:3002/node_modules/.vite/deps/react-router-dom.js?v=23710b64:3310:5)
    at Outlet (http://restaurant21.lobytech.test:3002/node_modules/.vite/deps/react-router-dom.js?v=23710b64:3703:26)
    at div
    at div
    at div
    at LayoutView (http://restaurant21.lobytech.test:3002/src/components/Sidebar/index.tsx?t=1787527165311:31:20)
    at RenderedRoute (http://restaurant21.lobytech.test:3002/node_modules/.vite/deps/react-router-dom.js?v=23710b64:3310:5)
    at Routes (http://restaurant21.lobytech.test:3002/node_modules/.vite/deps/react-router-dom.js?v=23710b64:3763:5)
    at div
    at Router (http://restaurant21.lobytech.test:3002/node_modules/.vite/deps/react-router-dom.js?v=23710b64:3710:15)
    at BrowserRouter (http://restaurant21.lobytech.test:3002/node_modules/.vite/deps/react-router-dom.js?v=23710b64:4190:5)
    at Dashboard
    at QueryClientProvider2 (http://restaurant21.lobytech.test:3002/node_modules/.vite/deps/react-query.js?v=23710b64:2647:21)
    at Provider (http://restaurant21.lobytech.test:3002/node_modules/.vite/deps/react-redux.js?v=23710b64:1481:3)
    at App (http://restaurant21.lobytech.test:3002/src/App.tsx?t=1787530467484:31:7)
    at Provider (http://restaurant21.lobytech.test:3002/node_modules/.vite/deps/react-redux.js?v=23710b64:1481:3) @ http://restaurant21.lobytech.test:3002/node_modules/.vite/deps/chunk-GYWC62UC.js?v=23710b64:520
[    1117ms] [ERROR] Warning: Unexpected ref object provided for %s. Use either a ref-setter function or React.createRef().%s div 
    at div
    at div
    at DropdownPopover (http://restaurant21.lobytech.test:3002/src/presentation/views/Modules/Admin/Views/Asistencia/Dropdown/index.tsx?t=1787493067224:24:3)
    at td
    at tr
    at tbody
    at table
    at div
    at div
    at Piso2 (http://restaurant21.lobytech.test:3002/src/presentation/views/Modules/Admin/Views/Asistencia/Piso2/index.tsx?t=1787530467484:23:3)
    at div
    at div
    at Asistencia (http://restaurant21.lobytech.test:3002/src/presentation/views/Modules/Admin/Views/Asistencia/index.tsx?t=1787530467484:42:20)
    at RenderedRoute (http://restaurant21.lobytech.test:3002/node_modules/.vite/deps/react-router-dom.js?v=23710b64:3310:5)
    at Outlet (http://restaurant21.lobytech.test:3002/node_modules/.vite/deps/react-router-dom.js?v=23710b64:3703:26)
    at div
    at div
    at div
    at LayoutView (http://restaurant21.lobytech.test:3002/src/components/Sidebar/index.tsx?t=1787527165311:31:20)
    at RenderedRoute (http://restaurant21.lobytech.test:3002/node_modules/.vite/deps/react-router-dom.js?v=23710b64:3310:5)
    at Routes (http://restaurant21.lobytech.test:3002/node_modules/.vite/deps/react-router-dom.js?v=23710b64:3763:5)
    at div
    at Router (http://restaurant21.lobytech.test:3002/node_modules/.vite/deps/react-router-dom.js?v=23710b64:3710:15)
    at BrowserRouter (http://restaurant21.lobytech.test:3002/node_modules/.vite/deps/react-router-dom.js?v=23710b64:4190:5)
    at Dashboard
    at QueryClientProvider2 (http://restaurant21.lobytech.test:3002/node_modules/.vite/deps/react-query.js?v=23710b64:2647:21)
    at Provider (http://restaurant21.lobytech.test:3002/node_modules/.vite/deps/react-redux.js?v=23710b64:1481:3)
    at App (http://restaurant21.lobytech.test:3002/src/App.tsx?t=1787530467484:31:7)
    at Provider (http://restaurant21.lobytech.test:3002/node_modules/.vite/deps/react-redux.js?v=23710b64:1481:3) @ http://restaurant21.lobytech.test:3002/node_modules/.vite/deps/chunk-GYWC62UC.js?v=23710b64:520
[    1117ms] [ERROR] Warning: Unexpected ref object provided for %s. Use either a ref-setter function or React.createRef().%s div 
    at div
    at div
    at DropdownPopover (http://restaurant21.lobytech.test:3002/src/presentation/views/Modules/Admin/Views/Asistencia/Dropdown/index.tsx?t=1787493067224:24:3)
    at td
    at tr
    at tbody
    at table
    at div
    at div
    at Piso2 (http://restaurant21.lobytech.test:3002/src/presentation/views/Modules/Admin/Views/Asistencia/Piso2/index.tsx?t=1787530467484:23:3)
    at div
    at div
    at Asistencia (http://restaurant21.lobytech.test:3002/src/presentation/views/Modules/Admin/Views/Asistencia/index.tsx?t=1787530467484:42:20)
    at RenderedRoute (http://restaurant21.lobytech.test:3002/node_modules/.vite/deps/react-router-dom.js?v=23710b64:3310:5)
    at Outlet (http://restaurant21.lobytech.test:3002/node_modules/.vite/deps/react-router-dom.js?v=23710b64:3703:26)
    at div
    at div
    at div
    at LayoutView (http://restaurant21.lobytech.test:3002/src/components/Sidebar/index.tsx?t=1787527165311:31:20)
    at RenderedRoute (http://restaurant21.lobytech.test:3002/node_modules/.vite/deps/react-router-dom.js?v=23710b64:3310:5)
    at Routes (http://restaurant21.lobytech.test:3002/node_modules/.vite/deps/react-router-dom.js?v=23710b64:3763:5)
    at div
    at Router (http://restaurant21.lobytech.test:3002/node_modules/.vite/deps/react-router-dom.js?v=23710b64:3710:15)
    at BrowserRouter (http://restaurant21.lobytech.test:3002/node_modules/.vite/deps/react-router-dom.js?v=23710b64:4190:5)
    at Dashboard
    at QueryClientProvider2 (http://restaurant21.lobytech.test:3002/node_modules/.vite/deps/react-query.js?v=23710b64:2647:21)
    at Provider (http://restaurant21.lobytech.test:3002/node_modules/.vite/deps/react-redux.js?v=23710b64:1481:3)
    at App (http://restaurant21.lobytech.test:3002/src/App.tsx?t=1787530467484:31:7)
    at Provider (http://restaurant21.lobytech.test:3002/node_modules/.vite/deps/react-redux.js?v=23710b64:1481:3) @ http://restaurant21.lobytech.test:3002/node_modules/.vite/deps/chunk-GYWC62UC.js?v=23710b64:520
[    1117ms] [ERROR] Warning: Unexpected ref object provided for %s. Use either a ref-setter function or React.createRef().%s div 
    at div
    at div
    at DropdownPopover (http://restaurant21.lobytech.test:3002/src/presentation/views/Modules/Admin/Views/Asistencia/Dropdown/index.tsx?t=1787493067224:24:3)
    at td
    at tr
    at tbody
    at table
    at div
    at div
    at Piso2 (http://restaurant21.lobytech.test:3002/src/presentation/views/Modules/Admin/Views/Asistencia/Piso2/index.tsx?t=1787530467484:23:3)
    at div
    at div
    at Asistencia (http://restaurant21.lobytech.test:3002/src/presentation/views/Modules/Admin/Views/Asistencia/index.tsx?t=1787530467484:42:20)
    at RenderedRoute (http://restaurant21.lobytech.test:3002/node_modules/.vite/deps/react-router-dom.js?v=23710b64:3310:5)
    at Outlet (http://restaurant21.lobytech.test:3002/node_modules/.vite/deps/react-router-dom.js?v=23710b64:3703:26)
    at div
    at div
    at div
    at LayoutView (http://restaurant21.lobytech.test:3002/src/components/Sidebar/index.tsx?t=1787527165311:31:20)
    at RenderedRoute (http://restaurant21.lobytech.test:3002/node_modules/.vite/deps/react-router-dom.js?v=23710b64:3310:5)
    at Routes (http://restaurant21.lobytech.test:3002/node_modules/.vite/deps/react-router-dom.js?v=23710b64:3763:5)
    at div
    at Router (http://restaurant21.lobytech.test:3002/node_modules/.vite/deps/react-router-dom.js?v=23710b64:3710:15)
    at BrowserRouter (http://restaurant21.lobytech.test:3002/node_modules/.vite/deps/react-router-dom.js?v=23710b64:4190:5)
    at Dashboard
    at QueryClientProvider2 (http://restaurant21.lobytech.test:3002/node_modules/.vite/deps/react-query.js?v=23710b64:2647:21)
    at Provider (http://restaurant21.lobytech.test:3002/node_modules/.vite/deps/react-redux.js?v=23710b64:1481:3)
    at App (http://restaurant21.lobytech.test:3002/src/App.tsx?t=1787530467484:31:7)
    at Provider (http://restaurant21.lobytech.test:3002/node_modules/.vite/deps/react-redux.js?v=23710b64:1481:3) @ http://restaurant21.lobytech.test:3002/node_modules/.vite/deps/chunk-GYWC62UC.js?v=23710b64:520
[    1118ms] [ERROR] Warning: Unexpected ref object provided for %s. Use either a ref-setter function or React.createRef().%s div 
    at div
    at div
    at DropdownPopover (http://restaurant21.lobytech.test:3002/src/presentation/views/Modules/Admin/Views/Asistencia/Dropdown/index.tsx?t=1787493067224:24:3)
    at td
    at tr
    at tbody
    at table
    at div
    at div
    at Piso2 (http://restaurant21.lobytech.test:3002/src/presentation/views/Modules/Admin/Views/Asistencia/Piso2/index.tsx?t=1787530467484:23:3)
    at div
    at div
    at Asistencia (http://restaurant21.lobytech.test:3002/src/presentation/views/Modules/Admin/Views/Asistencia/index.tsx?t=1787530467484:42:20)
    at RenderedRoute (http://restaurant21.lobytech.test:3002/node_modules/.vite/deps/react-router-dom.js?v=23710b64:3310:5)
    at Outlet (http://restaurant21.lobytech.test:3002/node_modules/.vite/deps/react-router-dom.js?v=23710b64:3703:26)
    at div
    at div
    at div
    at LayoutView (http://restaurant21.lobytech.test:3002/src/components/Sidebar/index.tsx?t=1787527165311:31:20)
    at RenderedRoute (http://restaurant21.lobytech.test:3002/node_modules/.vite/deps/react-router-dom.js?v=23710b64:3310:5)
    at Routes (http://restaurant21.lobytech.test:3002/node_modules/.vite/deps/react-router-dom.js?v=23710b64:3763:5)
    at div
    at Router (http://restaurant21.lobytech.test:3002/node_modules/.vite/deps/react-router-dom.js?v=23710b64:3710:15)
    at BrowserRouter (http://restaurant21.lobytech.test:3002/node_modules/.vite/deps/react-router-dom.js?v=23710b64:4190:5)
    at Dashboard
    at QueryClientProvider2 (http://restaurant21.lobytech.test:3002/node_modules/.vite/deps/react-query.js?v=23710b64:2647:21)
    at Provider (http://restaurant21.lobytech.test:3002/node_modules/.vite/deps/react-redux.js?v=23710b64:1481:3)
    at App (http://restaurant21.lobytech.test:3002/src/App.tsx?t=1787530467484:31:7)
    at Provider (http://restaurant21.lobytech.test:3002/node_modules/.vite/deps/react-redux.js?v=23710b64:1481:3) @ http://restaurant21.lobytech.test:3002/node_modules/.vite/deps/chunk-GYWC62UC.js?v=23710b64:520
[    1118ms] [ERROR] Warning: Unexpected ref object provided for %s. Use either a ref-setter function or React.createRef().%s div 
    at div
    at div
    at DropdownPopover (http://restaurant21.lobytech.test:3002/src/presentation/views/Modules/Admin/Views/Asistencia/Dropdown/index.tsx?t=1787493067224:24:3)
    at td
    at tr
    at tbody
    at table
    at div
    at div
    at Piso2 (http://restaurant21.lobytech.test:3002/src/presentation/views/Modules/Admin/Views/Asistencia/Piso2/index.tsx?t=1787530467484:23:3)
    at div
    at div
    at Asistencia (http://restaurant21.lobytech.test:3002/src/presentation/views/Modules/Admin/Views/Asistencia/index.tsx?t=1787530467484:42:20)
    at RenderedRoute (http://restaurant21.lobytech.test:3002/node_modules/.vite/deps/react-router-dom.js?v=23710b64:3310:5)
    at Outlet (http://restaurant21.lobytech.test:3002/node_modules/.vite/deps/react-router-dom.js?v=23710b64:3703:26)
    at div
    at div
    at div
    at LayoutView (http://restaurant21.lobytech.test:3002/src/components/Sidebar/index.tsx?t=1787527165311:31:20)
    at RenderedRoute (http://restaurant21.lobytech.test:3002/node_modules/.vite/deps/react-router-dom.js?v=23710b64:3310:5)
    at Routes (http://restaurant21.lobytech.test:3002/node_modules/.vite/deps/react-router-dom.js?v=23710b64:3763:5)
    at div
    at Router (http://restaurant21.lobytech.test:3002/node_modules/.vite/deps/react-router-dom.js?v=23710b64:3710:15)
    at BrowserRouter (http://restaurant21.lobytech.test:3002/node_modules/.vite/deps/react-router-dom.js?v=23710b64:4190:5)
    at Dashboard
    at QueryClientProvider2 (http://restaurant21.lobytech.test:3002/node_modules/.vite/deps/react-query.js?v=23710b64:2647:21)
    at Provider (http://restaurant21.lobytech.test:3002/node_modules/.vite/deps/react-redux.js?v=23710b64:1481:3)
    at App (http://restaurant21.lobytech.test:3002/src/App.tsx?t=1787530467484:31:7)
    at Provider (http://restaurant21.lobytech.test:3002/node_modules/.vite/deps/react-redux.js?v=23710b64:1481:3) @ http://restaurant21.lobytech.test:3002/node_modules/.vite/deps/chunk-GYWC62UC.js?v=23710b64:520
[    1118ms] [ERROR] Warning: Unexpected ref object provided for %s. Use either a ref-setter function or React.createRef().%s div 
    at div
    at div
    at DropdownPopover (http://restaurant21.lobytech.test:3002/src/presentation/views/Modules/Admin/Views/Asistencia/Dropdown/index.tsx?t=1787493067224:24:3)
    at td
    at tr
    at tbody
    at table
    at div
    at div
    at Piso2 (http://restaurant21.lobytech.test:3002/src/presentation/views/Modules/Admin/Views/Asistencia/Piso2/index.tsx?t=1787530467484:23:3)
    at div
    at div
    at Asistencia (http://restaurant21.lobytech.test:3002/src/presentation/views/Modules/Admin/Views/Asistencia/index.tsx?t=1787530467484:42:20)
    at RenderedRoute (http://restaurant21.lobytech.test:3002/node_modules/.vite/deps/react-router-dom.js?v=23710b64:3310:5)
    at Outlet (http://restaurant21.lobytech.test:3002/node_modules/.vite/deps/react-router-dom.js?v=23710b64:3703:26)
    at div
    at div
    at div
    at LayoutView (http://restaurant21.lobytech.test:3002/src/components/Sidebar/index.tsx?t=1787527165311:31:20)
    at RenderedRoute (http://restaurant21.lobytech.test:3002/node_modules/.vite/deps/react-router-dom.js?v=23710b64:3310:5)
    at Routes (http://restaurant21.lobytech.test:3002/node_modules/.vite/deps/react-router-dom.js?v=23710b64:3763:5)
    at div
    at Router (http://restaurant21.lobytech.test:3002/node_modules/.vite/deps/react-router-dom.js?v=23710b64:3710:15)
    at BrowserRouter (http://restaurant21.lobytech.test:3002/node_modules/.vite/deps/react-router-dom.js?v=23710b64:4190:5)
    at Dashboard
    at QueryClientProvider2 (http://restaurant21.lobytech.test:3002/node_modules/.vite/deps/react-query.js?v=23710b64:2647:21)
    at Provider (http://restaurant21.lobytech.test:3002/node_modules/.vite/deps/react-redux.js?v=23710b64:1481:3)
    at App (http://restaurant21.lobytech.test:3002/src/App.tsx?t=1787530467484:31:7)
    at Provider (http://restaurant21.lobytech.test:3002/node_modules/.vite/deps/react-redux.js?v=23710b64:1481:3) @ http://restaurant21.lobytech.test:3002/node_modules/.vite/deps/chunk-GYWC62UC.js?v=23710b64:520
[    1118ms] [ERROR] Warning: Unexpected ref object provided for %s. Use either a ref-setter function or React.createRef().%s div 
    at div
    at div
    at DropdownPopover (http://restaurant21.lobytech.test:3002/src/presentation/views/Modules/Admin/Views/Asistencia/Dropdown/index.tsx?t=1787493067224:24:3)
    at td
    at tr
    at tbody
    at table
    at div
    at div
    at Piso2 (http://restaurant21.lobytech.test:3002/src/presentation/views/Modules/Admin/Views/Asistencia/Piso2/index.tsx?t=1787530467484:23:3)
    at div
    at div
    at Asistencia (http://restaurant21.lobytech.test:3002/src/presentation/views/Modules/Admin/Views/Asistencia/index.tsx?t=1787530467484:42:20)
    at RenderedRoute (http://restaurant21.lobytech.test:3002/node_modules/.vite/deps/react-router-dom.js?v=23710b64:3310:5)
    at Outlet (http://restaurant21.lobytech.test:3002/node_modules/.vite/deps/react-router-dom.js?v=23710b64:3703:26)
    at div
    at div
    at div
    at LayoutView (http://restaurant21.lobytech.test:3002/src/components/Sidebar/index.tsx?t=1787527165311:31:20)
    at RenderedRoute (http://restaurant21.lobytech.test:3002/node_modules/.vite/deps/react-router-dom.js?v=23710b64:3310:5)
    at Routes (http://restaurant21.lobytech.test:3002/node_modules/.vite/deps/react-router-dom.js?v=23710b64:3763:5)
    at div
    at Router (http://restaurant21.lobytech.test:3002/node_modules/.vite/deps/react-router-dom.js?v=23710b64:3710:15)
    at BrowserRouter (http://restaurant21.lobytech.test:3002/node_modules/.vite/deps/react-router-dom.js?v=23710b64:4190:5)
    at Dashboard
    at QueryClientProvider2 (http://restaurant21.lobytech.test:3002/node_modules/.vite/deps/react-query.js?v=23710b64:2647:21)
    at Provider (http://restaurant21.lobytech.test:3002/node_modules/.vite/deps/react-redux.js?v=23710b64:1481:3)
    at App (http://restaurant21.lobytech.test:3002/src/App.tsx?t=1787530467484:31:7)
    at Provider (http://restaurant21.lobytech.test:3002/node_modules/.vite/deps/react-redux.js?v=23710b64:1481:3) @ http://restaurant21.lobytech.test:3002/node_modules/.vite/deps/chunk-GYWC62UC.js?v=23710b64:520
[    1118ms] [ERROR] Warning: Unexpected ref object provided for %s. Use either a ref-setter function or React.createRef().%s div 
    at div
    at div
    at DropdownPopover (http://restaurant21.lobytech.test:3002/src/presentation/views/Modules/Admin/Views/Asistencia/Dropdown/index.tsx?t=1787493067224:24:3)
    at td
    at tr
    at tbody
    at table
    at div
    at div
    at Piso2 (http://restaurant21.lobytech.test:3002/src/presentation/views/Modules/Admin/Views/Asistencia/Piso2/index.tsx?t=1787530467484:23:3)
    at div
    at div
    at Asistencia (http://restaurant21.lobytech.test:3002/src/presentation/views/Modules/Admin/Views/Asistencia/index.tsx?t=1787530467484:42:20)
    at RenderedRoute (http://restaurant21.lobytech.test:3002/node_modules/.vite/deps/react-router-dom.js?v=23710b64:3310:5)
    at Outlet (http://restaurant21.lobytech.test:3002/node_modules/.vite/deps/react-router-dom.js?v=23710b64:3703:26)
    at div
    at div
    at div
    at LayoutView (http://restaurant21.lobytech.test:3002/src/components/Sidebar/index.tsx?t=1787527165311:31:20)
    at RenderedRoute (http://restaurant21.lobytech.test:3002/node_modules/.vite/deps/react-router-dom.js?v=23710b64:3310:5)
    at Routes (http://restaurant21.lobytech.test:3002/node_modules/.vite/deps/react-router-dom.js?v=23710b64:3763:5)
    at div
    at Router (http://restaurant21.lobytech.test:3002/node_modules/.vite/deps/react-router-dom.js?v=23710b64:3710:15)
    at BrowserRouter (http://restaurant21.lobytech.test:3002/node_modules/.vite/deps/react-router-dom.js?v=23710b64:4190:5)
    at Dashboard
    at QueryClientProvider2 (http://restaurant21.lobytech.test:3002/node_modules/.vite/deps/react-query.js?v=23710b64:2647:21)
    at Provider (http://restaurant21.lobytech.test:3002/node_modules/.vite/deps/react-redux.js?v=23710b64:1481:3)
    at App (http://restaurant21.lobytech.test:3002/src/App.tsx?t=1787530467484:31:7)
    at Provider (http://restaurant21.lobytech.test:3002/node_modules/.vite/deps/react-redux.js?v=23710b64:1481:3) @ http://restaurant21.lobytech.test:3002/node_modules/.vite/deps/chunk-GYWC62UC.js?v=23710b64:520
[    1118ms] [ERROR] Warning: Unexpected ref object provided for %s. Use either a ref-setter function or React.createRef().%s div 
    at div
    at div
    at DropdownPopover (http://restaurant21.lobytech.test:3002/src/presentation/views/Modules/Admin/Views/Asistencia/Dropdown/index.tsx?t=1787493067224:24:3)
    at td
    at tr
    at tbody
    at table
    at div
    at div
    at Piso2 (http://restaurant21.lobytech.test:3002/src/presentation/views/Modules/Admin/Views/Asistencia/Piso2/index.tsx?t=1787530467484:23:3)
    at div
    at div
    at Asistencia (http://restaurant21.lobytech.test:3002/src/presentation/views/Modules/Admin/Views/Asistencia/index.tsx?t=1787530467484:42:20)
    at RenderedRoute (http://restaurant21.lobytech.test:3002/node_modules/.vite/deps/react-router-dom.js?v=23710b64:3310:5)
    at Outlet (http://restaurant21.lobytech.test:3002/node_modules/.vite/deps/react-router-dom.js?v=23710b64:3703:26)
    at div
    at div
    at div
    at LayoutView (http://restaurant21.lobytech.test:3002/src/components/Sidebar/index.tsx?t=1787527165311:31:20)
    at RenderedRoute (http://restaurant21.lobytech.test:3002/node_modules/.vite/deps/react-router-dom.js?v=23710b64:3310:5)
    at Routes (http://restaurant21.lobytech.test:3002/node_modules/.vite/deps/react-router-dom.js?v=23710b64:3763:5)
    at div
    at Router (http://restaurant21.lobytech.test:3002/node_modules/.vite/deps/react-router-dom.js?v=23710b64:3710:15)
    at BrowserRouter (http://restaurant21.lobytech.test:3002/node_modules/.vite/deps/react-router-dom.js?v=23710b64:4190:5)
    at Dashboard
    at QueryClientProvider2 (http://restaurant21.lobytech.test:3002/node_modules/.vite/deps/react-query.js?v=23710b64:2647:21)
    at Provider (http://restaurant21.lobytech.test:3002/node_modules/.vite/deps/react-redux.js?v=23710b64:1481:3)
    at App (http://restaurant21.lobytech.test:3002/src/App.tsx?t=1787530467484:31:7)
    at Provider (http://restaurant21.lobytech.test:3002/node_modules/.vite/deps/react-redux.js?v=23710b64:1481:3) @ http://restaurant21.lobytech.test:3002/node_modules/.vite/deps/chunk-GYWC62UC.js?v=23710b64:520
[    1118ms] [ERROR] Warning: Unexpected ref object provided for %s. Use either a ref-setter function or React.createRef().%s div 
    at div
    at div
    at DropdownPopover (http://restaurant21.lobytech.test:3002/src/presentation/views/Modules/Admin/Views/Asistencia/Dropdown/index.tsx?t=1787493067224:24:3)
    at td
    at tr
    at tbody
    at table
    at div
    at div
    at Piso2 (http://restaurant21.lobytech.test:3002/src/presentation/views/Modules/Admin/Views/Asistencia/Piso2/index.tsx?t=1787530467484:23:3)
    at div
    at div
    at Asistencia (http://restaurant21.lobytech.test:3002/src/presentation/views/Modules/Admin/Views/Asistencia/index.tsx?t=1787530467484:42:20)
    at RenderedRoute (http://restaurant21.lobytech.test:3002/node_modules/.vite/deps/react-router-dom.js?v=23710b64:3310:5)
    at Outlet (http://restaurant21.lobytech.test:3002/node_modules/.vite/deps/react-router-dom.js?v=23710b64:3703:26)
    at div
    at div
    at div
    at LayoutView (http://restaurant21.lobytech.test:3002/src/components/Sidebar/index.tsx?t=1787527165311:31:20)
    at RenderedRoute (http://restaurant21.lobytech.test:3002/node_modules/.vite/deps/react-router-dom.js?v=23710b64:3310:5)
    at Routes (http://restaurant21.lobytech.test:3002/node_modules/.vite/deps/react-router-dom.js?v=23710b64:3763:5)
    at div
    at Router (http://restaurant21.lobytech.test:3002/node_modules/.vite/deps/react-router-dom.js?v=23710b64:3710:15)
    at BrowserRouter (http://restaurant21.lobytech.test:3002/node_modules/.vite/deps/react-router-dom.js?v=23710b64:4190:5)
    at Dashboard
    at QueryClientProvider2 (http://restaurant21.lobytech.test:3002/node_modules/.vite/deps/react-query.js?v=23710b64:2647:21)
    at Provider (http://restaurant21.lobytech.test:3002/node_modules/.vite/deps/react-redux.js?v=23710b64:1481:3)
    at App (http://restaurant21.lobytech.test:3002/src/App.tsx?t=1787530467484:31:7)
    at Provider (http://restaurant21.lobytech.test:3002/node_modules/.vite/deps/react-redux.js?v=23710b64:1481:3) @ http://restaurant21.lobytech.test:3002/node_modules/.vite/deps/chunk-GYWC62UC.js?v=23710b64:520
[    1118ms] [ERROR] Warning: Unexpected ref object provided for %s. Use either a ref-setter function or React.createRef().%s div 
    at div
    at div
    at DropdownPopover (http://restaurant21.lobytech.test:3002/src/presentation/views/Modules/Admin/Views/Asistencia/Dropdown/index.tsx?t=1787493067224:24:3)
    at td
    at tr
    at tbody
    at table
    at div
    at div
    at Piso2 (http://restaurant21.lobytech.test:3002/src/presentation/views/Modules/Admin/Views/Asistencia/Piso2/index.tsx?t=1787530467484:23:3)
    at div
    at div
    at Asistencia (http://restaurant21.lobytech.test:3002/src/presentation/views/Modules/Admin/Views/Asistencia/index.tsx?t=1787530467484:42:20)
    at RenderedRoute (http://restaurant21.lobytech.test:3002/node_modules/.vite/deps/react-router-dom.js?v=23710b64:3310:5)
    at Outlet (http://restaurant21.lobytech.test:3002/node_modules/.vite/deps/react-router-dom.js?v=23710b64:3703:26)
    at div
    at div
    at div
    at LayoutView (http://restaurant21.lobytech.test:3002/src/components/Sidebar/index.tsx?t=1787527165311:31:20)
    at RenderedRoute (http://restaurant21.lobytech.test:3002/node_modules/.vite/deps/react-router-dom.js?v=23710b64:3310:5)
    at Routes (http://restaurant21.lobytech.test:3002/node_modules/.vite/deps/react-router-dom.js?v=23710b64:3763:5)
    at div
    at Router (http://restaurant21.lobytech.test:3002/node_modules/.vite/deps/react-router-dom.js?v=23710b64:3710:15)
    at BrowserRouter (http://restaurant21.lobytech.test:3002/node_modules/.vite/deps/react-router-dom.js?v=23710b64:4190:5)
    at Dashboard
    at QueryClientProvider2 (http://restaurant21.lobytech.test:3002/node_modules/.vite/deps/react-query.js?v=23710b64:2647:21)
    at Provider (http://restaurant21.lobytech.test:3002/node_modules/.vite/deps/react-redux.js?v=23710b64:1481:3)
    at App (http://restaurant21.lobytech.test:3002/src/App.tsx?t=1787530467484:31:7)
    at Provider (http://restaurant21.lobytech.test:3002/node_modules/.vite/deps/react-redux.js?v=23710b64:1481:3) @ http://restaurant21.lobytech.test:3002/node_modules/.vite/deps/chunk-GYWC62UC.js?v=23710b64:520
[    1119ms] [ERROR] Warning: Unexpected ref object provided for %s. Use either a ref-setter function or React.createRef().%s div 
    at div
    at div
    at DropdownPopover (http://restaurant21.lobytech.test:3002/src/presentation/views/Modules/Admin/Views/Asistencia/Dropdown/index.tsx?t=1787493067224:24:3)
    at td
    at tr
    at tbody
    at table
    at div
    at div
    at Piso2 (http://restaurant21.lobytech.test:3002/src/presentation/views/Modules/Admin/Views/Asistencia/Piso2/index.tsx?t=1787530467484:23:3)
    at div
    at div
    at Asistencia (http://restaurant21.lobytech.test:3002/src/presentation/views/Modules/Admin/Views/Asistencia/index.tsx?t=1787530467484:42:20)
    at RenderedRoute (http://restaurant21.lobytech.test:3002/node_modules/.vite/deps/react-router-dom.js?v=23710b64:3310:5)
    at Outlet (http://restaurant21.lobytech.test:3002/node_modules/.vite/deps/react-router-dom.js?v=23710b64:3703:26)
    at div
    at div
    at div
    at LayoutView (http://restaurant21.lobytech.test:3002/src/components/Sidebar/index.tsx?t=1787527165311:31:20)
    at RenderedRoute (http://restaurant21.lobytech.test:3002/node_modules/.vite/deps/react-router-dom.js?v=23710b64:3310:5)
    at Routes (http://restaurant21.lobytech.test:3002/node_modules/.vite/deps/react-router-dom.js?v=23710b64:3763:5)
    at div
    at Router (http://restaurant21.lobytech.test:3002/node_modules/.vite/deps/react-router-dom.js?v=23710b64:3710:15)
    at BrowserRouter (http://restaurant21.lobytech.test:3002/node_modules/.vite/deps/react-router-dom.js?v=23710b64:4190:5)
    at Dashboard
    at QueryClientProvider2 (http://restaurant21.lobytech.test:3002/node_modules/.vite/deps/react-query.js?v=23710b64:2647:21)
    at Provider (http://restaurant21.lobytech.test:3002/node_modules/.vite/deps/react-redux.js?v=23710b64:1481:3)
    at App (http://restaurant21.lobytech.test:3002/src/App.tsx?t=1787530467484:31:7)
    at Provider (http://restaurant21.lobytech.test:3002/node_modules/.vite/deps/react-redux.js?v=23710b64:1481:3) @ http://restaurant21.lobytech.test:3002/node_modules/.vite/deps/chunk-GYWC62UC.js?v=23710b64:520
[    1119ms] [ERROR] Warning: Unexpected ref object provided for %s. Use either a ref-setter function or React.createRef().%s div 
    at div
    at div
    at DropdownPopover (http://restaurant21.lobytech.test:3002/src/presentation/views/Modules/Admin/Views/Asistencia/Dropdown/index.tsx?t=1787493067224:24:3)
    at td
    at tr
    at tbody
    at table
    at div
    at div
    at Piso2 (http://restaurant21.lobytech.test:3002/src/presentation/views/Modules/Admin/Views/Asistencia/Piso2/index.tsx?t=1787530467484:23:3)
    at div
    at div
    at Asistencia (http://restaurant21.lobytech.test:3002/src/presentation/views/Modules/Admin/Views/Asistencia/index.tsx?t=1787530467484:42:20)
    at RenderedRoute (http://restaurant21.lobytech.test:3002/node_modules/.vite/deps/react-router-dom.js?v=23710b64:3310:5)
    at Outlet (http://restaurant21.lobytech.test:3002/node_modules/.vite/deps/react-router-dom.js?v=23710b64:3703:26)
    at div
    at div
    at div
    at LayoutView (http://restaurant21.lobytech.test:3002/src/components/Sidebar/index.tsx?t=1787527165311:31:20)
    at RenderedRoute (http://restaurant21.lobytech.test:3002/node_modules/.vite/deps/react-router-dom.js?v=23710b64:3310:5)
    at Routes (http://restaurant21.lobytech.test:3002/node_modules/.vite/deps/react-router-dom.js?v=23710b64:3763:5)
    at div
    at Router (http://restaurant21.lobytech.test:3002/node_modules/.vite/deps/react-router-dom.js?v=23710b64:3710:15)
    at BrowserRouter (http://restaurant21.lobytech.test:3002/node_modules/.vite/deps/react-router-dom.js?v=23710b64:4190:5)
    at Dashboard
    at QueryClientProvider2 (http://restaurant21.lobytech.test:3002/node_modules/.vite/deps/react-query.js?v=23710b64:2647:21)
    at Provider (http://restaurant21.lobytech.test:3002/node_modules/.vite/deps/react-redux.js?v=23710b64:1481:3)
    at App (http://restaurant21.lobytech.test:3002/src/App.tsx?t=1787530467484:31:7)
    at Provider (http://restaurant21.lobytech.test:3002/node_modules/.vite/deps/react-redux.js?v=23710b64:1481:3) @ http://restaurant21.lobytech.test:3002/node_modules/.vite/deps/chunk-GYWC62UC.js?v=23710b64:520
[    1119ms] [ERROR] Warning: Unexpected ref object provided for %s. Use either a ref-setter function or React.createRef().%s div 
    at div
    at div
    at DropdownPopover (http://restaurant21.lobytech.test:3002/src/presentation/views/Modules/Admin/Views/Asistencia/Dropdown/index.tsx?t=1787493067224:24:3)
    at td
    at tr
    at tbody
    at table
    at div
    at div
    at Piso2 (http://restaurant21.lobytech.test:3002/src/presentation/views/Modules/Admin/Views/Asistencia/Piso2/index.tsx?t=1787530467484:23:3)
    at div
    at div
    at Asistencia (http://restaurant21.lobytech.test:3002/src/presentation/views/Modules/Admin/Views/Asistencia/index.tsx?t=1787530467484:42:20)
    at RenderedRoute (http://restaurant21.lobytech.test:3002/node_modules/.vite/deps/react-router-dom.js?v=23710b64:3310:5)
    at Outlet (http://restaurant21.lobytech.test:3002/node_modules/.vite/deps/react-router-dom.js?v=23710b64:3703:26)
    at div
    at div
    at div
    at LayoutView (http://restaurant21.lobytech.test:3002/src/components/Sidebar/index.tsx?t=1787527165311:31:20)
    at RenderedRoute (http://restaurant21.lobytech.test:3002/node_modules/.vite/deps/react-router-dom.js?v=23710b64:3310:5)
    at Routes (http://restaurant21.lobytech.test:3002/node_modules/.vite/deps/react-router-dom.js?v=23710b64:3763:5)
    at div
    at Router (http://restaurant21.lobytech.test:3002/node_modules/.vite/deps/react-router-dom.js?v=23710b64:3710:15)
    at BrowserRouter (http://restaurant21.lobytech.test:3002/node_modules/.vite/deps/react-router-dom.js?v=23710b64:4190:5)
    at Dashboard
    at QueryClientProvider2 (http://restaurant21.lobytech.test:3002/node_modules/.vite/deps/react-query.js?v=23710b64:2647:21)
    at Provider (http://restaurant21.lobytech.test:3002/node_modules/.vite/deps/react-redux.js?v=23710b64:1481:3)
    at App (http://restaurant21.lobytech.test:3002/src/App.tsx?t=1787530467484:31:7)
    at Provider (http://restaurant21.lobytech.test:3002/node_modules/.vite/deps/react-redux.js?v=23710b64:1481:3) @ http://restaurant21.lobytech.test:3002/node_modules/.vite/deps/chunk-GYWC62UC.js?v=23710b64:520
[    1119ms] [ERROR] Warning: Unexpected ref object provided for %s. Use either a ref-setter function or React.createRef().%s div 
    at div
    at div
    at DropdownPopover (http://restaurant21.lobytech.test:3002/src/presentation/views/Modules/Admin/Views/Asistencia/Dropdown/index.tsx?t=1787493067224:24:3)
    at td
    at tr
    at tbody
    at table
    at div
    at div
    at Piso2 (http://restaurant21.lobytech.test:3002/src/presentation/views/Modules/Admin/Views/Asistencia/Piso2/index.tsx?t=1787530467484:23:3)
    at div
    at div
    at Asistencia (http://restaurant21.lobytech.test:3002/src/presentation/views/Modules/Admin/Views/Asistencia/index.tsx?t=1787530467484:42:20)
    at RenderedRoute (http://restaurant21.lobytech.test:3002/node_modules/.vite/deps/react-router-dom.js?v=23710b64:3310:5)
    at Outlet (http://restaurant21.lobytech.test:3002/node_modules/.vite/deps/react-router-dom.js?v=23710b64:3703:26)
    at div
    at div
    at div
    at LayoutView (http://restaurant21.lobytech.test:3002/src/components/Sidebar/index.tsx?t=1787527165311:31:20)
    at RenderedRoute (http://restaurant21.lobytech.test:3002/node_modules/.vite/deps/react-router-dom.js?v=23710b64:3310:5)
    at Routes (http://restaurant21.lobytech.test:3002/node_modules/.vite/deps/react-router-dom.js?v=23710b64:3763:5)
    at div
    at Router (http://restaurant21.lobytech.test:3002/node_modules/.vite/deps/react-router-dom.js?v=23710b64:3710:15)
    at BrowserRouter (http://restaurant21.lobytech.test:3002/node_modules/.vite/deps/react-router-dom.js?v=23710b64:4190:5)
    at Dashboard
    at QueryClientProvider2 (http://restaurant21.lobytech.test:3002/node_modules/.vite/deps/react-query.js?v=23710b64:2647:21)
    at Provider (http://restaurant21.lobytech.test:3002/node_modules/.vite/deps/react-redux.js?v=23710b64:1481:3)
    at App (http://restaurant21.lobytech.test:3002/src/App.tsx?t=1787530467484:31:7)
    at Provider (http://restaurant21.lobytech.test:3002/node_modules/.vite/deps/react-redux.js?v=23710b64:1481:3) @ http://restaurant21.lobytech.test:3002/node_modules/.vite/deps/chunk-GYWC62UC.js?v=23710b64:520
[    1119ms] [ERROR] Warning: Unexpected ref object provided for %s. Use either a ref-setter function or React.createRef().%s div 
    at div
    at div
    at DropdownPopover (http://restaurant21.lobytech.test:3002/src/presentation/views/Modules/Admin/Views/Asistencia/Dropdown/index.tsx?t=1787493067224:24:3)
    at td
    at tr
    at tbody
    at table
    at div
    at div
    at Piso2 (http://restaurant21.lobytech.test:3002/src/presentation/views/Modules/Admin/Views/Asistencia/Piso2/index.tsx?t=1787530467484:23:3)
    at div
    at div
    at Asistencia (http://restaurant21.lobytech.test:3002/src/presentation/views/Modules/Admin/Views/Asistencia/index.tsx?t=1787530467484:42:20)
    at RenderedRoute (http://restaurant21.lobytech.test:3002/node_modules/.vite/deps/react-router-dom.js?v=23710b64:3310:5)
    at Outlet (http://restaurant21.lobytech.test:3002/node_modules/.vite/deps/react-router-dom.js?v=23710b64:3703:26)
    at div
    at div
    at div
    at LayoutView (http://restaurant21.lobytech.test:3002/src/components/Sidebar/index.tsx?t=1787527165311:31:20)
    at RenderedRoute (http://restaurant21.lobytech.test:3002/node_modules/.vite/deps/react-router-dom.js?v=23710b64:3310:5)
    at Routes (http://restaurant21.lobytech.test:3002/node_modules/.vite/deps/react-router-dom.js?v=23710b64:3763:5)
    at div
    at Router (http://restaurant21.lobytech.test:3002/node_modules/.vite/deps/react-router-dom.js?v=23710b64:3710:15)
    at BrowserRouter (http://restaurant21.lobytech.test:3002/node_modules/.vite/deps/react-router-dom.js?v=23710b64:4190:5)
    at Dashboard
    at QueryClientProvider2 (http://restaurant21.lobytech.test:3002/node_modules/.vite/deps/react-query.js?v=23710b64:2647:21)
    at Provider (http://restaurant21.lobytech.test:3002/node_modules/.vite/deps/react-redux.js?v=23710b64:1481:3)
    at App (http://restaurant21.lobytech.test:3002/src/App.tsx?t=1787530467484:31:7)
    at Provider (http://restaurant21.lobytech.test:3002/node_modules/.vite/deps/react-redux.js?v=23710b64:1481:3) @ http://restaurant21.lobytech.test:3002/node_modules/.vite/deps/chunk-GYWC62UC.js?v=23710b64:520
[    1119ms] [ERROR] Warning: Unexpected ref object provided for %s. Use either a ref-setter function or React.createRef().%s div 
    at div
    at div
    at DropdownPopover (http://restaurant21.lobytech.test:3002/src/presentation/views/Modules/Admin/Views/Asistencia/Dropdown/index.tsx?t=1787493067224:24:3)
    at td
    at tr
    at tbody
    at table
    at div
    at div
    at Piso2 (http://restaurant21.lobytech.test:3002/src/presentation/views/Modules/Admin/Views/Asistencia/Piso2/index.tsx?t=1787530467484:23:3)
    at div
    at div
    at Asistencia (http://restaurant21.lobytech.test:3002/src/presentation/views/Modules/Admin/Views/Asistencia/index.tsx?t=1787530467484:42:20)
    at RenderedRoute (http://restaurant21.lobytech.test:3002/node_modules/.vite/deps/react-router-dom.js?v=23710b64:3310:5)
    at Outlet (http://restaurant21.lobytech.test:3002/node_modules/.vite/deps/react-router-dom.js?v=23710b64:3703:26)
    at div
    at div
    at div
    at LayoutView (http://restaurant21.lobytech.test:3002/src/components/Sidebar/index.tsx?t=1787527165311:31:20)
    at RenderedRoute (http://restaurant21.lobytech.test:3002/node_modules/.vite/deps/react-router-dom.js?v=23710b64:3310:5)
    at Routes (http://restaurant21.lobytech.test:3002/node_modules/.vite/deps/react-router-dom.js?v=23710b64:3763:5)
    at div
    at Router (http://restaurant21.lobytech.test:3002/node_modules/.vite/deps/react-router-dom.js?v=23710b64:3710:15)
    at BrowserRouter (http://restaurant21.lobytech.test:3002/node_modules/.vite/deps/react-router-dom.js?v=23710b64:4190:5)
    at Dashboard
    at QueryClientProvider2 (http://restaurant21.lobytech.test:3002/node_modules/.vite/deps/react-query.js?v=23710b64:2647:21)
    at Provider (http://restaurant21.lobytech.test:3002/node_modules/.vite/deps/react-redux.js?v=23710b64:1481:3)
    at App (http://restaurant21.lobytech.test:3002/src/App.tsx?t=1787530467484:31:7)
    at Provider (http://restaurant21.lobytech.test:3002/node_modules/.vite/deps/react-redux.js?v=23710b64:1481:3) @ http://restaurant21.lobytech.test:3002/node_modules/.vite/deps/chunk-GYWC62UC.js?v=23710b64:520
[    1119ms] [ERROR] Warning: Unexpected ref object provided for %s. Use either a ref-setter function or React.createRef().%s div 
    at div
    at div
    at DropdownPopover (http://restaurant21.lobytech.test:3002/src/presentation/views/Modules/Admin/Views/Asistencia/Dropdown/index.tsx?t=1787493067224:24:3)
    at td
    at tr
    at tbody
    at table
    at div
    at div
    at Piso2 (http://restaurant21.lobytech.test:3002/src/presentation/views/Modules/Admin/Views/Asistencia/Piso2/index.tsx?t=1787530467484:23:3)
    at div
    at div
    at Asistencia (http://restaurant21.lobytech.test:3002/src/presentation/views/Modules/Admin/Views/Asistencia/index.tsx?t=1787530467484:42:20)
    at RenderedRoute (http://restaurant21.lobytech.test:3002/node_modules/.vite/deps/react-router-dom.js?v=23710b64:3310:5)
    at Outlet (http://restaurant21.lobytech.test:3002/node_modules/.vite/deps/react-router-dom.js?v=23710b64:3703:26)
    at div
    at div
    at div
    at LayoutView (http://restaurant21.lobytech.test:3002/src/components/Sidebar/index.tsx?t=1787527165311:31:20)
    at RenderedRoute (http://restaurant21.lobytech.test:3002/node_modules/.vite/deps/react-router-dom.js?v=23710b64:3310:5)
    at Routes (http://restaurant21.lobytech.test:3002/node_modules/.vite/deps/react-router-dom.js?v=23710b64:3763:5)
    at div
    at Router (http://restaurant21.lobytech.test:3002/node_modules/.vite/deps/react-router-dom.js?v=23710b64:3710:15)
    at BrowserRouter (http://restaurant21.lobytech.test:3002/node_modules/.vite/deps/react-router-dom.js?v=23710b64:4190:5)
    at Dashboard
    at QueryClientProvider2 (http://restaurant21.lobytech.test:3002/node_modules/.vite/deps/react-query.js?v=23710b64:2647:21)
    at Provider (http://restaurant21.lobytech.test:3002/node_modules/.vite/deps/react-redux.js?v=23710b64:1481:3)
    at App (http://restaurant21.lobytech.test:3002/src/App.tsx?t=1787530467484:31:7)
    at Provider (http://restaurant21.lobytech.test:3002/node_modules/.vite/deps/react-redux.js?v=23710b64:1481:3) @ http://restaurant21.lobytech.test:3002/node_modules/.vite/deps/chunk-GYWC62UC.js?v=23710b64:520
[    1119ms] [ERROR] Warning: Unexpected ref object provided for %s. Use either a ref-setter function or React.createRef().%s div 
    at div
    at div
    at DropdownPopover (http://restaurant21.lobytech.test:3002/src/presentation/views/Modules/Admin/Views/Asistencia/Dropdown/index.tsx?t=1787493067224:24:3)
    at td
    at tr
    at tbody
    at table
    at div
    at div
    at Piso2 (http://restaurant21.lobytech.test:3002/src/presentation/views/Modules/Admin/Views/Asistencia/Piso2/index.tsx?t=1787530467484:23:3)
    at div
    at div
    at Asistencia (http://restaurant21.lobytech.test:3002/src/presentation/views/Modules/Admin/Views/Asistencia/index.tsx?t=1787530467484:42:20)
    at RenderedRoute (http://restaurant21.lobytech.test:3002/node_modules/.vite/deps/react-router-dom.js?v=23710b64:3310:5)
    at Outlet (http://restaurant21.lobytech.test:3002/node_modules/.vite/deps/react-router-dom.js?v=23710b64:3703:26)
    at div
    at div
    at div
    at LayoutView (http://restaurant21.lobytech.test:3002/src/components/Sidebar/index.tsx?t=1787527165311:31:20)
    at RenderedRoute (http://restaurant21.lobytech.test:3002/node_modules/.vite/deps/react-router-dom.js?v=23710b64:3310:5)
    at Routes (http://restaurant21.lobytech.test:3002/node_modules/.vite/deps/react-router-dom.js?v=23710b64:3763:5)
    at div
    at Router (http://restaurant21.lobytech.test:3002/node_modules/.vite/deps/react-router-dom.js?v=23710b64:3710:15)
    at BrowserRouter (http://restaurant21.lobytech.test:3002/node_modules/.vite/deps/react-router-dom.js?v=23710b64:4190:5)
    at Dashboard
    at QueryClientProvider2 (http://restaurant21.lobytech.test:3002/node_modules/.vite/deps/react-query.js?v=23710b64:2647:21)
    at Provider (http://restaurant21.lobytech.test:3002/node_modules/.vite/deps/react-redux.js?v=23710b64:1481:3)
    at App (http://restaurant21.lobytech.test:3002/src/App.tsx?t=1787530467484:31:7)
    at Provider (http://restaurant21.lobytech.test:3002/node_modules/.vite/deps/react-redux.js?v=23710b64:1481:3) @ http://restaurant21.lobytech.test:3002/node_modules/.vite/deps/chunk-GYWC62UC.js?v=23710b64:520
[    1159ms] [LOG] [] @ http://restaurant21.lobytech.test:3002/src/presentation/views/Modules/Admin/Views/Asistencia/index.tsx?t=1787530467484:46
[    1160ms] [LOG] Sun Aug 23 2026 00:00:00 GMT-0500 (hora estándar de Perú) @ http://restaurant21.lobytech.test:3002/src/presentation/views/Modules/Admin/Views/Asistencia/index.tsx?t=1787530467484:115
[    1161ms] [LOG] {turno: Turno Especial, diaSemana: 0} @ http://restaurant21.lobytech.test:3002/src/presentation/views/Modules/Admin/Views/Asistencia/index.tsx?t=1787530467484:129
[    1161ms] [LOG] Sun Aug 23 2026 00:00:00 GMT-0500 (hora estándar de Perú) @ http://restaurant21.lobytech.test:3002/src/presentation/views/Modules/Admin/Views/Asistencia/index.tsx?t=1787530467484:115
[    1161ms] [LOG] Sun Aug 23 2026 00:00:00 GMT-0500 (hora estándar de Perú) @ http://restaurant21.lobytech.test:3002/src/presentation/views/Modules/Admin/Views/Asistencia/index.tsx?t=1787530467484:115
[    1161ms] [LOG] [] @ http://restaurant21.lobytech.test:3002/src/presentation/views/Modules/Admin/Views/Asistencia/index.tsx?t=1787530467484:198
[    1161ms] [LOG] false @ http://restaurant21.lobytech.test:3002/src/components/Toggle/index.tsx:24
[    1161ms] [LOG] () => {
    if (diaSemana === 0) {
      setCheckedTurno(false);
    } else {
      setCheckedTurno(!isTurno);
    }
  } @ http://restaurant21.lobytech.test:3002/src/components/Toggle/index.tsx:25
[    1164ms] [LOG] null @ http://restaurant21.lobytech.test:3002/src/presentation/views/Modules/Admin/Views/Asistencia/Dropdown/index.tsx?t=1787493067224:68
[    1165ms] [LOG] null @ http://restaurant21.lobytech.test:3002/src/presentation/views/Modules/Admin/Views/Asistencia/Dropdown/index.tsx?t=1787493067224:68
[    1166ms] [LOG] null @ http://restaurant21.lobytech.test:3002/src/presentation/views/Modules/Admin/Views/Asistencia/Dropdown/index.tsx?t=1787493067224:68
[    1167ms] [LOG] null @ http://restaurant21.lobytech.test:3002/src/presentation/views/Modules/Admin/Views/Asistencia/Dropdown/index.tsx?t=1787493067224:68
[    1168ms] [LOG] null @ http://restaurant21.lobytech.test:3002/src/presentation/views/Modules/Admin/Views/Asistencia/Dropdown/index.tsx?t=1787493067224:68
[    1168ms] [LOG] null @ http://restaurant21.lobytech.test:3002/src/presentation/views/Modules/Admin/Views/Asistencia/Dropdown/index.tsx?t=1787493067224:68
[    1169ms] [LOG] null @ http://restaurant21.lobytech.test:3002/src/presentation/views/Modules/Admin/Views/Asistencia/Dropdown/index.tsx?t=1787493067224:68
[    1170ms] [LOG] null @ http://restaurant21.lobytech.test:3002/src/presentation/views/Modules/Admin/Views/Asistencia/Dropdown/index.tsx?t=1787493067224:68
[    1170ms] [LOG] null @ http://restaurant21.lobytech.test:3002/src/presentation/views/Modules/Admin/Views/Asistencia/Dropdown/index.tsx?t=1787493067224:68
[    1171ms] [LOG] null @ http://restaurant21.lobytech.test:3002/src/presentation/views/Modules/Admin/Views/Asistencia/Dropdown/index.tsx?t=1787493067224:68
[    1171ms] [LOG] null @ http://restaurant21.lobytech.test:3002/src/presentation/views/Modules/Admin/Views/Asistencia/Dropdown/index.tsx?t=1787493067224:68
[    1172ms] [LOG] null @ http://restaurant21.lobytech.test:3002/src/presentation/views/Modules/Admin/Views/Asistencia/Dropdown/index.tsx?t=1787493067224:68
[    1173ms] [LOG] null @ http://restaurant21.lobytech.test:3002/src/presentation/views/Modules/Admin/Views/Asistencia/Dropdown/index.tsx?t=1787493067224:68
[    1173ms] [LOG] null @ http://restaurant21.lobytech.test:3002/src/presentation/views/Modules/Admin/Views/Asistencia/Dropdown/index.tsx?t=1787493067224:68
[    1174ms] [LOG] null @ http://restaurant21.lobytech.test:3002/src/presentation/views/Modules/Admin/Views/Asistencia/Dropdown/index.tsx?t=1787493067224:68
[    1175ms] [LOG] null @ http://restaurant21.lobytech.test:3002/src/presentation/views/Modules/Admin/Views/Asistencia/Dropdown/index.tsx?t=1787493067224:68
[    1176ms] [LOG] null @ http://restaurant21.lobytech.test:3002/src/presentation/views/Modules/Admin/Views/Asistencia/Dropdown/index.tsx?t=1787493067224:68
[    1177ms] [LOG] null @ http://restaurant21.lobytech.test:3002/src/presentation/views/Modules/Admin/Views/Asistencia/Dropdown/index.tsx?t=1787493067224:68
[    1177ms] [LOG] null @ http://restaurant21.lobytech.test:3002/src/presentation/views/Modules/Admin/Views/Asistencia/Dropdown/index.tsx?t=1787493067224:68
[    1178ms] [LOG] null @ http://restaurant21.lobytech.test:3002/src/presentation/views/Modules/Admin/Views/Asistencia/Dropdown/index.tsx?t=1787493067224:68
[    1179ms] [LOG] null @ http://restaurant21.lobytech.test:3002/src/presentation/views/Modules/Admin/Views/Asistencia/Dropdown/index.tsx?t=1787493067224:68
[    1179ms] [LOG] null @ http://restaurant21.lobytech.test:3002/src/presentation/views/Modules/Admin/Views/Asistencia/Dropdown/index.tsx?t=1787493067224:68
[    1180ms] [LOG] null @ http://restaurant21.lobytech.test:3002/src/presentation/views/Modules/Admin/Views/Asistencia/Dropdown/index.tsx?t=1787493067224:68
[    1181ms] [LOG] null @ http://restaurant21.lobytech.test:3002/src/presentation/views/Modules/Admin/Views/Asistencia/Dropdown/index.tsx?t=1787493067224:68
[    1181ms] [LOG] null @ http://restaurant21.lobytech.test:3002/src/presentation/views/Modules/Admin/Views/Asistencia/Dropdown/index.tsx?t=1787493067224:68
[    1182ms] [LOG] null @ http://restaurant21.lobytech.test:3002/src/presentation/views/Modules/Admin/Views/Asistencia/Dropdown/index.tsx?t=1787493067224:68
[    1182ms] [LOG] null @ http://restaurant21.lobytech.test:3002/src/presentation/views/Modules/Admin/Views/Asistencia/Dropdown/index.tsx?t=1787493067224:68
[    1183ms] [LOG] null @ http://restaurant21.lobytech.test:3002/src/presentation/views/Modules/Admin/Views/Asistencia/Dropdown/index.tsx?t=1787493067224:68
[    1183ms] [LOG] null @ http://restaurant21.lobytech.test:3002/src/presentation/views/Modules/Admin/Views/Asistencia/Dropdown/index.tsx?t=1787493067224:68
[    1184ms] [LOG] null @ http://restaurant21.lobytech.test:3002/src/presentation/views/Modules/Admin/Views/Asistencia/Dropdown/index.tsx?t=1787493067224:68
[    1184ms] [LOG] null @ http://restaurant21.lobytech.test:3002/src/presentation/views/Modules/Admin/Views/Asistencia/Dropdown/index.tsx?t=1787493067224:68
[    1185ms] [LOG] null @ http://restaurant21.lobytech.test:3002/src/presentation/views/Modules/Admin/Views/Asistencia/Dropdown/index.tsx?t=1787493067224:68
[    1186ms] [LOG] null @ http://restaurant21.lobytech.test:3002/src/presentation/views/Modules/Admin/Views/Asistencia/Dropdown/index.tsx?t=1787493067224:68
[    1186ms] [LOG] null @ http://restaurant21.lobytech.test:3002/src/presentation/views/Modules/Admin/Views/Asistencia/Dropdown/index.tsx?t=1787493067224:68
[    1187ms] [LOG] null @ http://restaurant21.lobytech.test:3002/src/presentation/views/Modules/Admin/Views/Asistencia/Dropdown/index.tsx?t=1787493067224:68
[    1187ms] [LOG] null @ http://restaurant21.lobytech.test:3002/src/presentation/views/Modules/Admin/Views/Asistencia/Dropdown/index.tsx?t=1787493067224:68
[    1187ms] [LOG] null @ http://restaurant21.lobytech.test:3002/src/presentation/views/Modules/Admin/Views/Asistencia/Dropdown/index.tsx?t=1787493067224:68
[    1188ms] [LOG] null @ http://restaurant21.lobytech.test:3002/src/presentation/views/Modules/Admin/Views/Asistencia/Dropdown/index.tsx?t=1787493067224:68
[    1189ms] [LOG] null @ http://restaurant21.lobytech.test:3002/src/presentation/views/Modules/Admin/Views/Asistencia/Dropdown/index.tsx?t=1787493067224:68
[    1190ms] [LOG] null @ http://restaurant21.lobytech.test:3002/src/presentation/views/Modules/Admin/Views/Asistencia/Dropdown/index.tsx?t=1787493067224:68
[    1190ms] [LOG] null @ http://restaurant21.lobytech.test:3002/src/presentation/views/Modules/Admin/Views/Asistencia/Dropdown/index.tsx?t=1787493067224:68
[    1191ms] [LOG] null @ http://restaurant21.lobytech.test:3002/src/presentation/views/Modules/Admin/Views/Asistencia/Dropdown/index.tsx?t=1787493067224:68
[    1192ms] [LOG] null @ http://restaurant21.lobytech.test:3002/src/presentation/views/Modules/Admin/Views/Asistencia/Dropdown/index.tsx?t=1787493067224:68
[    1192ms] [LOG] null @ http://restaurant21.lobytech.test:3002/src/presentation/views/Modules/Admin/Views/Asistencia/Dropdown/index.tsx?t=1787493067224:68
[    1193ms] [LOG] null @ http://restaurant21.lobytech.test:3002/src/presentation/views/Modules/Admin/Views/Asistencia/Dropdown/index.tsx?t=1787493067224:68
[    1193ms] [LOG] null @ http://restaurant21.lobytech.test:3002/src/presentation/views/Modules/Admin/Views/Asistencia/Dropdown/index.tsx?t=1787493067224:68
[    1194ms] [LOG] null @ http://restaurant21.lobytech.test:3002/src/presentation/views/Modules/Admin/Views/Asistencia/Dropdown/index.tsx?t=1787493067224:68
[    1195ms] [LOG] null @ http://restaurant21.lobytech.test:3002/src/presentation/views/Modules/Admin/Views/Asistencia/Dropdown/index.tsx?t=1787493067224:68
[    1196ms] [LOG] null @ http://restaurant21.lobytech.test:3002/src/presentation/views/Modules/Admin/Views/Asistencia/Dropdown/index.tsx?t=1787493067224:68
[    1197ms] [LOG] null @ http://restaurant21.lobytech.test:3002/src/presentation/views/Modules/Admin/Views/Asistencia/Dropdown/index.tsx?t=1787493067224:68
[    1198ms] [LOG] null @ http://restaurant21.lobytech.test:3002/src/presentation/views/Modules/Admin/Views/Asistencia/Dropdown/index.tsx?t=1787493067224:68
[    1199ms] [LOG] null @ http://restaurant21.lobytech.test:3002/src/presentation/views/Modules/Admin/Views/Asistencia/Dropdown/index.tsx?t=1787493067224:68
[    1200ms] [LOG] null @ http://restaurant21.lobytech.test:3002/src/presentation/views/Modules/Admin/Views/Asistencia/Dropdown/index.tsx?t=1787493067224:68
[    1201ms] [LOG] null @ http://restaurant21.lobytech.test:3002/src/presentation/views/Modules/Admin/Views/Asistencia/Dropdown/index.tsx?t=1787493067224:68
[    1202ms] [LOG] null @ http://restaurant21.lobytech.test:3002/src/presentation/views/Modules/Admin/Views/Asistencia/Dropdown/index.tsx?t=1787493067224:68
[    1203ms] [LOG] null @ http://restaurant21.lobytech.test:3002/src/presentation/views/Modules/Admin/Views/Asistencia/Dropdown/index.tsx?t=1787493067224:68
[    1204ms] [LOG] null @ http://restaurant21.lobytech.test:3002/src/presentation/views/Modules/Admin/Views/Asistencia/Dropdown/index.tsx?t=1787493067224:68
[    1204ms] [LOG] null @ http://restaurant21.lobytech.test:3002/src/presentation/views/Modules/Admin/Views/Asistencia/Dropdown/index.tsx?t=1787493067224:68
[    1205ms] [LOG] null @ http://restaurant21.lobytech.test:3002/src/presentation/views/Modules/Admin/Views/Asistencia/Dropdown/index.tsx?t=1787493067224:68
[    1206ms] [LOG] null @ http://restaurant21.lobytech.test:3002/src/presentation/views/Modules/Admin/Views/Asistencia/Dropdown/index.tsx?t=1787493067224:68
[    1206ms] [LOG] null @ http://restaurant21.lobytech.test:3002/src/presentation/views/Modules/Admin/Views/Asistencia/Dropdown/index.tsx?t=1787493067224:68
[    1207ms] [LOG] null @ http://restaurant21.lobytech.test:3002/src/presentation/views/Modules/Admin/Views/Asistencia/Dropdown/index.tsx?t=1787493067224:68
[    1208ms] [LOG] null @ http://restaurant21.lobytech.test:3002/src/presentation/views/Modules/Admin/Views/Asistencia/Dropdown/index.tsx?t=1787493067224:68
[    1208ms] [LOG] null @ http://restaurant21.lobytech.test:3002/src/presentation/views/Modules/Admin/Views/Asistencia/Dropdown/index.tsx?t=1787493067224:68
[    1208ms] [LOG] null @ http://restaurant21.lobytech.test:3002/src/presentation/views/Modules/Admin/Views/Asistencia/Dropdown/index.tsx?t=1787493067224:68
[    1209ms] [LOG] null @ http://restaurant21.lobytech.test:3002/src/presentation/views/Modules/Admin/Views/Asistencia/Dropdown/index.tsx?t=1787493067224:68
[    1209ms] [LOG] [] @ http://restaurant21.lobytech.test:3002/src/components/Modal/Admin/Asistencia/index.tsx?t=1787530428254:43
[    1209ms] [LOG] [] @ http://restaurant21.lobytech.test:3002/src/components/Modal/Admin/Asistencia/index.tsx?t=1787530428254:50
[    1210ms] [LOG] Sun Aug 23 2026 00:00:00 GMT-0500 (hora estándar de Perú) @ http://restaurant21.lobytech.test:3002/src/components/Modal/Admin/Asistencia/index.tsx?t=1787530428254:79
[    1210ms] [LOG] 1 @ http://restaurant21.lobytech.test:3002/src/components/Modal/Admin/Asistencia/index.tsx?t=1787530428254:95
[    1210ms] [LOG] {habitacionId: 0, habitacion: , anfitrionaId: 0, anfitriona: , turno: } @ http://restaurant21.lobytech.test:3002/src/components/Modal/Admin/Asistencia/index.tsx?t=1787530428254:108
[    1211ms] [LOG] [] @ http://restaurant21.lobytech.test:3002/src/components/Modal/Admin/Asistencia/index.tsx?t=1787530428254:110
[    1211ms] [LOG] 0 @ http://restaurant21.lobytech.test:3002/src/components/Modal/Admin/Asistencia/index.tsx?t=1787530428254:126
[    1211ms] [LOG] [] @ http://restaurant21.lobytech.test:3002/src/components/Modal/Admin/Asistencia/index.tsx?t=1787530428254:162
[    1211ms] [LOG]  @ http://restaurant21.lobytech.test:3002/src/components/Modal/Admin/Asistencia/index.tsx?t=1787530428254:163
[    1211ms] [LOG] 844 @ http://restaurant21.lobytech.test:3002/src/components/Modal/Admin/Asistencia/index.tsx?t=1787530428254:202
[    1211ms] [LOG] 390 @ http://restaurant21.lobytech.test:3002/src/components/Modal/Admin/Asistencia/index.tsx?t=1787530428254:203
[    1212ms] [LOG] [] @ http://restaurant21.lobytech.test:3002/src/components/Modal/Admin/Fichas/index.tsx?t=1787493067224:37
[    1212ms] [LOG] [] @ http://restaurant21.lobytech.test:3002/src/components/Modal/Admin/Fichas/index.tsx?t=1787493067224:38
[    1212ms] [LOG] null @ http://restaurant21.lobytech.test:3002/src/components/Modal/Admin/Fichas/index.tsx?t=1787493067224:39
[    1212ms] [LOG] 844 @ http://restaurant21.lobytech.test:3002/src/components/Modal/Admin/Fichas/index.tsx?t=1787493067224:47
[    1212ms] [LOG] 844 @ http://restaurant21.lobytech.test:3002/src/components/Modal/Admin/Fichas/index.tsx?t=1787493067224:48
[    1220ms] [ERROR] Failed to load resource: the server responded with a status of 500 (Internal Server Error) @ http://localhost:5002/api/facturacion/listar-fichas?fecha=23/08/2026:0
[    1220ms] [LOG] AxiosError @ http://restaurant21.lobytech.test:3002/src/utils/axios.ts:19
[    1221ms] [LOG] AxiosError @ http://restaurant21.lobytech.test:3002/src/redux/reducers/Admin/asistencia/asistencia.reducer.ts:374
[    1223ms] [LOG] [] @ http://restaurant21.lobytech.test:3002/src/presentation/views/Modules/Admin/Views/Asistencia/index.tsx?t=1787530467484:46
[    1223ms] [LOG] Sun Aug 23 2026 00:00:00 GMT-0500 (hora estándar de Perú) @ http://restaurant21.lobytech.test:3002/src/presentation/views/Modules/Admin/Views/Asistencia/index.tsx?t=1787530467484:115
[    1224ms] [LOG] {turno: Turno Especial, diaSemana: 0} @ http://restaurant21.lobytech.test:3002/src/presentation/views/Modules/Admin/Views/Asistencia/index.tsx?t=1787530467484:129
[    1224ms] [LOG] Sun Aug 23 2026 00:00:00 GMT-0500 (hora estándar de Perú) @ http://restaurant21.lobytech.test:3002/src/presentation/views/Modules/Admin/Views/Asistencia/index.tsx?t=1787530467484:115
[    1225ms] [LOG] Sun Aug 23 2026 00:00:00 GMT-0500 (hora estándar de Perú) @ http://restaurant21.lobytech.test:3002/src/presentation/views/Modules/Admin/Views/Asistencia/index.tsx?t=1787530467484:115
[    1225ms] [LOG] [] @ http://restaurant21.lobytech.test:3002/src/presentation/views/Modules/Admin/Views/Asistencia/index.tsx?t=1787530467484:198
[    1225ms] [LOG] false @ http://restaurant21.lobytech.test:3002/src/components/Toggle/index.tsx:24
[    1226ms] [LOG] () => {
    if (diaSemana === 0) {
      setCheckedTurno(false);
    } else {
      setCheckedTurno(!isTurno);
    }
  } @ http://restaurant21.lobytech.test:3002/src/components/Toggle/index.tsx:25
[    1228ms] [LOG] null @ http://restaurant21.lobytech.test:3002/src/presentation/views/Modules/Admin/Views/Asistencia/Dropdown/index.tsx?t=1787493067224:68
[    1229ms] [LOG] null @ http://restaurant21.lobytech.test:3002/src/presentation/views/Modules/Admin/Views/Asistencia/Dropdown/index.tsx?t=1787493067224:68
[    1229ms] [LOG] null @ http://restaurant21.lobytech.test:3002/src/presentation/views/Modules/Admin/Views/Asistencia/Dropdown/index.tsx?t=1787493067224:68
[    1230ms] [LOG] null @ http://restaurant21.lobytech.test:3002/src/presentation/views/Modules/Admin/Views/Asistencia/Dropdown/index.tsx?t=1787493067224:68
[    1230ms] [LOG] null @ http://restaurant21.lobytech.test:3002/src/presentation/views/Modules/Admin/Views/Asistencia/Dropdown/index.tsx?t=1787493067224:68
[    1232ms] [LOG] null @ http://restaurant21.lobytech.test:3002/src/presentation/views/Modules/Admin/Views/Asistencia/Dropdown/index.tsx?t=1787493067224:68
[    1233ms] [LOG] null @ http://restaurant21.lobytech.test:3002/src/presentation/views/Modules/Admin/Views/Asistencia/Dropdown/index.tsx?t=1787493067224:68
[    1233ms] [LOG] null @ http://restaurant21.lobytech.test:3002/src/presentation/views/Modules/Admin/Views/Asistencia/Dropdown/index.tsx?t=1787493067224:68
[    1234ms] [LOG] null @ http://restaurant21.lobytech.test:3002/src/presentation/views/Modules/Admin/Views/Asistencia/Dropdown/index.tsx?t=1787493067224:68
[    1235ms] [LOG] null @ http://restaurant21.lobytech.test:3002/src/presentation/views/Modules/Admin/Views/Asistencia/Dropdown/index.tsx?t=1787493067224:68
[    1235ms] [LOG] null @ http://restaurant21.lobytech.test:3002/src/presentation/views/Modules/Admin/Views/Asistencia/Dropdown/index.tsx?t=1787493067224:68
[    1236ms] [LOG] null @ http://restaurant21.lobytech.test:3002/src/presentation/views/Modules/Admin/Views/Asistencia/Dropdown/index.tsx?t=1787493067224:68
[    1237ms] [LOG] null @ http://restaurant21.lobytech.test:3002/src/presentation/views/Modules/Admin/Views/Asistencia/Dropdown/index.tsx?t=1787493067224:68
[    1238ms] [LOG] null @ http://restaurant21.lobytech.test:3002/src/presentation/views/Modules/Admin/Views/Asistencia/Dropdown/index.tsx?t=1787493067224:68
[    1238ms] [LOG] null @ http://restaurant21.lobytech.test:3002/src/presentation/views/Modules/Admin/Views/Asistencia/Dropdown/index.tsx?t=1787493067224:68
[    1238ms] [LOG] null @ http://restaurant21.lobytech.test:3002/src/presentation/views/Modules/Admin/Views/Asistencia/Dropdown/index.tsx?t=1787493067224:68
[    1239ms] [LOG] null @ http://restaurant21.lobytech.test:3002/src/presentation/views/Modules/Admin/Views/Asistencia/Dropdown/index.tsx?t=1787493067224:68
[    1239ms] [LOG] null @ http://restaurant21.lobytech.test:3002/src/presentation/views/Modules/Admin/Views/Asistencia/Dropdown/index.tsx?t=1787493067224:68
[    1239ms] [LOG] null @ http://restaurant21.lobytech.test:3002/src/presentation/views/Modules/Admin/Views/Asistencia/Dropdown/index.tsx?t=1787493067224:68
[    1240ms] [LOG] null @ http://restaurant21.lobytech.test:3002/src/presentation/views/Modules/Admin/Views/Asistencia/Dropdown/index.tsx?t=1787493067224:68
[    1240ms] [LOG] null @ http://restaurant21.lobytech.test:3002/src/presentation/views/Modules/Admin/Views/Asistencia/Dropdown/index.tsx?t=1787493067224:68
[    1240ms] [LOG] null @ http://restaurant21.lobytech.test:3002/src/presentation/views/Modules/Admin/Views/Asistencia/Dropdown/index.tsx?t=1787493067224:68
[    1241ms] [LOG] null @ http://restaurant21.lobytech.test:3002/src/presentation/views/Modules/Admin/Views/Asistencia/Dropdown/index.tsx?t=1787493067224:68
[    1241ms] [LOG] null @ http://restaurant21.lobytech.test:3002/src/presentation/views/Modules/Admin/Views/Asistencia/Dropdown/index.tsx?t=1787493067224:68
[    1241ms] [LOG] null @ http://restaurant21.lobytech.test:3002/src/presentation/views/Modules/Admin/Views/Asistencia/Dropdown/index.tsx?t=1787493067224:68
[    1242ms] [LOG] null @ http://restaurant21.lobytech.test:3002/src/presentation/views/Modules/Admin/Views/Asistencia/Dropdown/index.tsx?t=1787493067224:68
[    1242ms] [LOG] null @ http://restaurant21.lobytech.test:3002/src/presentation/views/Modules/Admin/Views/Asistencia/Dropdown/index.tsx?t=1787493067224:68
[    1242ms] [LOG] null @ http://restaurant21.lobytech.test:3002/src/presentation/views/Modules/Admin/Views/Asistencia/Dropdown/index.tsx?t=1787493067224:68
[    1243ms] [LOG] null @ http://restaurant21.lobytech.test:3002/src/presentation/views/Modules/Admin/Views/Asistencia/Dropdown/index.tsx?t=1787493067224:68
[    1243ms] [LOG] null @ http://restaurant21.lobytech.test:3002/src/presentation/views/Modules/Admin/Views/Asistencia/Dropdown/index.tsx?t=1787493067224:68
[    1244ms] [LOG] null @ http://restaurant21.lobytech.test:3002/src/presentation/views/Modules/Admin/Views/Asistencia/Dropdown/index.tsx?t=1787493067224:68
[    1246ms] [LOG] null @ http://restaurant21.lobytech.test:3002/src/presentation/views/Modules/Admin/Views/Asistencia/Dropdown/index.tsx?t=1787493067224:68
[    1246ms] [LOG] null @ http://restaurant21.lobytech.test:3002/src/presentation/views/Modules/Admin/Views/Asistencia/Dropdown/index.tsx?t=1787493067224:68
[    1247ms] [LOG] null @ http://restaurant21.lobytech.test:3002/src/presentation/views/Modules/Admin/Views/Asistencia/Dropdown/index.tsx?t=1787493067224:68
[    1248ms] [LOG] null @ http://restaurant21.lobytech.test:3002/src/presentation/views/Modules/Admin/Views/Asistencia/Dropdown/index.tsx?t=1787493067224:68
[    1249ms] [LOG] null @ http://restaurant21.lobytech.test:3002/src/presentation/views/Modules/Admin/Views/Asistencia/Dropdown/index.tsx?t=1787493067224:68
[    1250ms] [LOG] null @ http://restaurant21.lobytech.test:3002/src/presentation/views/Modules/Admin/Views/Asistencia/Dropdown/index.tsx?t=1787493067224:68
[    1250ms] [LOG] null @ http://restaurant21.lobytech.test:3002/src/presentation/views/Modules/Admin/Views/Asistencia/Dropdown/index.tsx?t=1787493067224:68
[    1251ms] [LOG] null @ http://restaurant21.lobytech.test:3002/src/presentation/views/Modules/Admin/Views/Asistencia/Dropdown/index.tsx?t=1787493067224:68
[    1251ms] [LOG] null @ http://restaurant21.lobytech.test:3002/src/presentation/views/Modules/Admin/Views/Asistencia/Dropdown/index.tsx?t=1787493067224:68
[    1252ms] [LOG] null @ http://restaurant21.lobytech.test:3002/src/presentation/views/Modules/Admin/Views/Asistencia/Dropdown/index.tsx?t=1787493067224:68
[    1253ms] [LOG] null @ http://restaurant21.lobytech.test:3002/src/presentation/views/Modules/Admin/Views/Asistencia/Dropdown/index.tsx?t=1787493067224:68
[    1253ms] [LOG] null @ http://restaurant21.lobytech.test:3002/src/presentation/views/Modules/Admin/Views/Asistencia/Dropdown/index.tsx?t=1787493067224:68
[    1254ms] [LOG] null @ http://restaurant21.lobytech.test:3002/src/presentation/views/Modules/Admin/Views/Asistencia/Dropdown/index.tsx?t=1787493067224:68
[    1254ms] [LOG] null @ http://restaurant21.lobytech.test:3002/src/presentation/views/Modules/Admin/Views/Asistencia/Dropdown/index.tsx?t=1787493067224:68
[    1255ms] [LOG] null @ http://restaurant21.lobytech.test:3002/src/presentation/views/Modules/Admin/Views/Asistencia/Dropdown/index.tsx?t=1787493067224:68
[    1255ms] [LOG] null @ http://restaurant21.lobytech.test:3002/src/presentation/views/Modules/Admin/Views/Asistencia/Dropdown/index.tsx?t=1787493067224:68
[    1256ms] [LOG] null @ http://restaurant21.lobytech.test:3002/src/presentation/views/Modules/Admin/Views/Asistencia/Dropdown/index.tsx?t=1787493067224:68
[    1256ms] [LOG] null @ http://restaurant21.lobytech.test:3002/src/presentation/views/Modules/Admin/Views/Asistencia/Dropdown/index.tsx?t=1787493067224:68
[    1257ms] [LOG] null @ http://restaurant21.lobytech.test:3002/src/presentation/views/Modules/Admin/Views/Asistencia/Dropdown/index.tsx?t=1787493067224:68
[    1257ms] [LOG] null @ http://restaurant21.lobytech.test:3002/src/presentation/views/Modules/Admin/Views/Asistencia/Dropdown/index.tsx?t=1787493067224:68
[    1257ms] [LOG] null @ http://restaurant21.lobytech.test:3002/src/presentation/views/Modules/Admin/Views/Asistencia/Dropdown/index.tsx?t=1787493067224:68
[    1258ms] [LOG] null @ http://restaurant21.lobytech.test:3002/src/presentation/views/Modules/Admin/Views/Asistencia/Dropdown/index.tsx?t=1787493067224:68
[    1258ms] [LOG] null @ http://restaurant21.lobytech.test:3002/src/presentation/views/Modules/Admin/Views/Asistencia/Dropdown/index.tsx?t=1787493067224:68
[    1258ms] [LOG] null @ http://restaurant21.lobytech.test:3002/src/presentation/views/Modules/Admin/Views/Asistencia/Dropdown/index.tsx?t=1787493067224:68
[    1259ms] [LOG] null @ http://restaurant21.lobytech.test:3002/src/presentation/views/Modules/Admin/Views/Asistencia/Dropdown/index.tsx?t=1787493067224:68
[    1259ms] [LOG] null @ http://restaurant21.lobytech.test:3002/src/presentation/views/Modules/Admin/Views/Asistencia/Dropdown/index.tsx?t=1787493067224:68
[    1259ms] [LOG] null @ http://restaurant21.lobytech.test:3002/src/presentation/views/Modules/Admin/Views/Asistencia/Dropdown/index.tsx?t=1787493067224:68
[    1260ms] [LOG] null @ http://restaurant21.lobytech.test:3002/src/presentation/views/Modules/Admin/Views/Asistencia/Dropdown/index.tsx?t=1787493067224:68
[    1260ms] [LOG] null @ http://restaurant21.lobytech.test:3002/src/presentation/views/Modules/Admin/Views/Asistencia/Dropdown/index.tsx?t=1787493067224:68
[    1261ms] [LOG] null @ http://restaurant21.lobytech.test:3002/src/presentation/views/Modules/Admin/Views/Asistencia/Dropdown/index.tsx?t=1787493067224:68
[    1261ms] [LOG] null @ http://restaurant21.lobytech.test:3002/src/presentation/views/Modules/Admin/Views/Asistencia/Dropdown/index.tsx?t=1787493067224:68
[    1261ms] [LOG] null @ http://restaurant21.lobytech.test:3002/src/presentation/views/Modules/Admin/Views/Asistencia/Dropdown/index.tsx?t=1787493067224:68
[    1262ms] [LOG] null @ http://restaurant21.lobytech.test:3002/src/presentation/views/Modules/Admin/Views/Asistencia/Dropdown/index.tsx?t=1787493067224:68
[    1262ms] [LOG] null @ http://restaurant21.lobytech.test:3002/src/presentation/views/Modules/Admin/Views/Asistencia/Dropdown/index.tsx?t=1787493067224:68
[    1262ms] [LOG] null @ http://restaurant21.lobytech.test:3002/src/presentation/views/Modules/Admin/Views/Asistencia/Dropdown/index.tsx?t=1787493067224:68
[    1263ms] [LOG] [] @ http://restaurant21.lobytech.test:3002/src/components/Modal/Admin/Asistencia/index.tsx?t=1787530428254:43
[    1263ms] [LOG] [] @ http://restaurant21.lobytech.test:3002/src/components/Modal/Admin/Asistencia/index.tsx?t=1787530428254:50
[    1263ms] [LOG] Sun Aug 23 2026 00:00:00 GMT-0500 (hora estándar de Perú) @ http://restaurant21.lobytech.test:3002/src/components/Modal/Admin/Asistencia/index.tsx?t=1787530428254:79
[    1263ms] [LOG] 1 @ http://restaurant21.lobytech.test:3002/src/components/Modal/Admin/Asistencia/index.tsx?t=1787530428254:95
[    1263ms] [LOG] {habitacionId: 0, habitacion: , anfitrionaId: 0, anfitriona: , turno: } @ http://restaurant21.lobytech.test:3002/src/components/Modal/Admin/Asistencia/index.tsx?t=1787530428254:108
[    1263ms] [LOG] [] @ http://restaurant21.lobytech.test:3002/src/components/Modal/Admin/Asistencia/index.tsx?t=1787530428254:110
[    1264ms] [LOG] 0 @ http://restaurant21.lobytech.test:3002/src/components/Modal/Admin/Asistencia/index.tsx?t=1787530428254:126
[    1264ms] [LOG] [] @ http://restaurant21.lobytech.test:3002/src/components/Modal/Admin/Asistencia/index.tsx?t=1787530428254:162
[    1264ms] [LOG]  @ http://restaurant21.lobytech.test:3002/src/components/Modal/Admin/Asistencia/index.tsx?t=1787530428254:163
[    1264ms] [LOG] 844 @ http://restaurant21.lobytech.test:3002/src/components/Modal/Admin/Asistencia/index.tsx?t=1787530428254:202
[    1264ms] [LOG] 390 @ http://restaurant21.lobytech.test:3002/src/components/Modal/Admin/Asistencia/index.tsx?t=1787530428254:203
[    1265ms] [LOG] [] @ http://restaurant21.lobytech.test:3002/src/components/Modal/Admin/Fichas/index.tsx?t=1787493067224:37
[    1265ms] [LOG] [] @ http://restaurant21.lobytech.test:3002/src/components/Modal/Admin/Fichas/index.tsx?t=1787493067224:38
[    1265ms] [LOG] null @ http://restaurant21.lobytech.test:3002/src/components/Modal/Admin/Fichas/index.tsx?t=1787493067224:39
[    1265ms] [LOG] 844 @ http://restaurant21.lobytech.test:3002/src/components/Modal/Admin/Fichas/index.tsx?t=1787493067224:47
[    1265ms] [LOG] 844 @ http://restaurant21.lobytech.test:3002/src/components/Modal/Admin/Fichas/index.tsx?t=1787493067224:48
[    1306ms] [LOG] {code: 1, message: Success, data: Array(0), status: 200} @ http://restaurant21.lobytech.test:3002/src/redux/reducers/Admin/asistencia/asistencia.reducer.ts:196
[    1307ms] [LOG] [] @ http://restaurant21.lobytech.test:3002/src/presentation/views/Modules/Admin/Views/Asistencia/index.tsx?t=1787530467484:46
[    1307ms] [LOG] Sun Aug 23 2026 00:00:00 GMT-0500 (hora estándar de Perú) @ http://restaurant21.lobytech.test:3002/src/presentation/views/Modules/Admin/Views/Asistencia/index.tsx?t=1787530467484:115
[    1307ms] [LOG] {turno: Turno Especial, diaSemana: 0} @ http://restaurant21.lobytech.test:3002/src/presentation/views/Modules/Admin/Views/Asistencia/index.tsx?t=1787530467484:129
[    1308ms] [LOG] Sun Aug 23 2026 00:00:00 GMT-0500 (hora estándar de Perú) @ http://restaurant21.lobytech.test:3002/src/presentation/views/Modules/Admin/Views/Asistencia/index.tsx?t=1787530467484:115
[    1308ms] [LOG] Sun Aug 23 2026 00:00:00 GMT-0500 (hora estándar de Perú) @ http://restaurant21.lobytech.test:3002/src/presentation/views/Modules/Admin/Views/Asistencia/index.tsx?t=1787530467484:115
[    1308ms] [LOG] [] @ http://restaurant21.lobytech.test:3002/src/presentation/views/Modules/Admin/Views/Asistencia/index.tsx?t=1787530467484:198
[    1308ms] [LOG] false @ http://restaurant21.lobytech.test:3002/src/components/Toggle/index.tsx:24
[    1309ms] [LOG] () => {
    if (diaSemana === 0) {
      setCheckedTurno(false);
    } else {
      setCheckedTurno(!isTurno);
    }
  } @ http://restaurant21.lobytech.test:3002/src/components/Toggle/index.tsx:25
[    1310ms] [LOG] null @ http://restaurant21.lobytech.test:3002/src/presentation/views/Modules/Admin/Views/Asistencia/Dropdown/index.tsx?t=1787493067224:68
[    1311ms] [LOG] null @ http://restaurant21.lobytech.test:3002/src/presentation/views/Modules/Admin/Views/Asistencia/Dropdown/index.tsx?t=1787493067224:68
[    1311ms] [LOG] null @ http://restaurant21.lobytech.test:3002/src/presentation/views/Modules/Admin/Views/Asistencia/Dropdown/index.tsx?t=1787493067224:68
[    1312ms] [LOG] null @ http://restaurant21.lobytech.test:3002/src/presentation/views/Modules/Admin/Views/Asistencia/Dropdown/index.tsx?t=1787493067224:68
[    1312ms] [LOG] null @ http://restaurant21.lobytech.test:3002/src/presentation/views/Modules/Admin/Views/Asistencia/Dropdown/index.tsx?t=1787493067224:68
[    1313ms] [LOG] null @ http://restaurant21.lobytech.test:3002/src/presentation/views/Modules/Admin/Views/Asistencia/Dropdown/index.tsx?t=1787493067224:68
[    1313ms] [LOG] null @ http://restaurant21.lobytech.test:3002/src/presentation/views/Modules/Admin/Views/Asistencia/Dropdown/index.tsx?t=1787493067224:68
[    1315ms] [LOG] null @ http://restaurant21.lobytech.test:3002/src/presentation/views/Modules/Admin/Views/Asistencia/Dropdown/index.tsx?t=1787493067224:68
[    1315ms] [LOG] null @ http://restaurant21.lobytech.test:3002/src/presentation/views/Modules/Admin/Views/Asistencia/Dropdown/index.tsx?t=1787493067224:68
[    1316ms] [LOG] null @ http://restaurant21.lobytech.test:3002/src/presentation/views/Modules/Admin/Views/Asistencia/Dropdown/index.tsx?t=1787493067224:68
[    1317ms] [LOG] null @ http://restaurant21.lobytech.test:3002/src/presentation/views/Modules/Admin/Views/Asistencia/Dropdown/index.tsx?t=1787493067224:68
[    1318ms] [LOG] null @ http://restaurant21.lobytech.test:3002/src/presentation/views/Modules/Admin/Views/Asistencia/Dropdown/index.tsx?t=1787493067224:68
[    1319ms] [LOG] null @ http://restaurant21.lobytech.test:3002/src/presentation/views/Modules/Admin/Views/Asistencia/Dropdown/index.tsx?t=1787493067224:68
[    1320ms] [LOG] null @ http://restaurant21.lobytech.test:3002/src/presentation/views/Modules/Admin/Views/Asistencia/Dropdown/index.tsx?t=1787493067224:68
[    1321ms] [LOG] null @ http://restaurant21.lobytech.test:3002/src/presentation/views/Modules/Admin/Views/Asistencia/Dropdown/index.tsx?t=1787493067224:68
[    1321ms] [LOG] null @ http://restaurant21.lobytech.test:3002/src/presentation/views/Modules/Admin/Views/Asistencia/Dropdown/index.tsx?t=1787493067224:68
[    1322ms] [LOG] null @ http://restaurant21.lobytech.test:3002/src/presentation/views/Modules/Admin/Views/Asistencia/Dropdown/index.tsx?t=1787493067224:68
[    1322ms] [LOG] null @ http://restaurant21.lobytech.test:3002/src/presentation/views/Modules/Admin/Views/Asistencia/Dropdown/index.tsx?t=1787493067224:68
[    1323ms] [LOG] null @ http://restaurant21.lobytech.test:3002/src/presentation/views/Modules/Admin/Views/Asistencia/Dropdown/index.tsx?t=1787493067224:68
[    1323ms] [LOG] null @ http://restaurant21.lobytech.test:3002/src/presentation/views/Modules/Admin/Views/Asistencia/Dropdown/index.tsx?t=1787493067224:68
[    1324ms] [LOG] null @ http://restaurant21.lobytech.test:3002/src/presentation/views/Modules/Admin/Views/Asistencia/Dropdown/index.tsx?t=1787493067224:68
[    1324ms] [LOG] null @ http://restaurant21.lobytech.test:3002/src/presentation/views/Modules/Admin/Views/Asistencia/Dropdown/index.tsx?t=1787493067224:68
[    1324ms] [LOG] null @ http://restaurant21.lobytech.test:3002/src/presentation/views/Modules/Admin/Views/Asistencia/Dropdown/index.tsx?t=1787493067224:68
[    1325ms] [LOG] null @ http://restaurant21.lobytech.test:3002/src/presentation/views/Modules/Admin/Views/Asistencia/Dropdown/index.tsx?t=1787493067224:68
[    1332ms] [LOG] null @ http://restaurant21.lobytech.test:3002/src/presentation/views/Modules/Admin/Views/Asistencia/Dropdown/index.tsx?t=1787493067224:68
[    1332ms] [LOG] null @ http://restaurant21.lobytech.test:3002/src/presentation/views/Modules/Admin/Views/Asistencia/Dropdown/index.tsx?t=1787493067224:68
[    1333ms] [LOG] null @ http://restaurant21.lobytech.test:3002/src/presentation/views/Modules/Admin/Views/Asistencia/Dropdown/index.tsx?t=1787493067224:68
[    1334ms] [LOG] null @ http://restaurant21.lobytech.test:3002/src/presentation/views/Modules/Admin/Views/Asistencia/Dropdown/index.tsx?t=1787493067224:68
[    1334ms] [LOG] null @ http://restaurant21.lobytech.test:3002/src/presentation/views/Modules/Admin/Views/Asistencia/Dropdown/index.tsx?t=1787493067224:68
[    1335ms] [LOG] null @ http://restaurant21.lobytech.test:3002/src/presentation/views/Modules/Admin/Views/Asistencia/Dropdown/index.tsx?t=1787493067224:68
[    1335ms] [LOG] null @ http://restaurant21.lobytech.test:3002/src/presentation/views/Modules/Admin/Views/Asistencia/Dropdown/index.tsx?t=1787493067224:68
[    1337ms] [LOG] null @ http://restaurant21.lobytech.test:3002/src/presentation/views/Modules/Admin/Views/Asistencia/Dropdown/index.tsx?t=1787493067224:68
[    1338ms] [LOG] null @ http://restaurant21.lobytech.test:3002/src/presentation/views/Modules/Admin/Views/Asistencia/Dropdown/index.tsx?t=1787493067224:68
[    1339ms] [LOG] null @ http://restaurant21.lobytech.test:3002/src/presentation/views/Modules/Admin/Views/Asistencia/Dropdown/index.tsx?t=1787493067224:68
[    1339ms] [LOG] null @ http://restaurant21.lobytech.test:3002/src/presentation/views/Modules/Admin/Views/Asistencia/Dropdown/index.tsx?t=1787493067224:68
[    1340ms] [LOG] null @ http://restaurant21.lobytech.test:3002/src/presentation/views/Modules/Admin/Views/Asistencia/Dropdown/index.tsx?t=1787493067224:68
[    1340ms] [LOG] null @ http://restaurant21.lobytech.test:3002/src/presentation/views/Modules/Admin/Views/Asistencia/Dropdown/index.tsx?t=1787493067224:68
[    1341ms] [LOG] null @ http://restaurant21.lobytech.test:3002/src/presentation/views/Modules/Admin/Views/Asistencia/Dropdown/index.tsx?t=1787493067224:68
[    1342ms] [LOG] null @ http://restaurant21.lobytech.test:3002/src/presentation/views/Modules/Admin/Views/Asistencia/Dropdown/index.tsx?t=1787493067224:68
[    1343ms] [LOG] null @ http://restaurant21.lobytech.test:3002/src/presentation/views/Modules/Admin/Views/Asistencia/Dropdown/index.tsx?t=1787493067224:68
[    1344ms] [LOG] null @ http://restaurant21.lobytech.test:3002/src/presentation/views/Modules/Admin/Views/Asistencia/Dropdown/index.tsx?t=1787493067224:68
[    1345ms] [LOG] null @ http://restaurant21.lobytech.test:3002/src/presentation/views/Modules/Admin/Views/Asistencia/Dropdown/index.tsx?t=1787493067224:68
[    1345ms] [LOG] null @ http://restaurant21.lobytech.test:3002/src/presentation/views/Modules/Admin/Views/Asistencia/Dropdown/index.tsx?t=1787493067224:68
[    1346ms] [LOG] null @ http://restaurant21.lobytech.test:3002/src/presentation/views/Modules/Admin/Views/Asistencia/Dropdown/index.tsx?t=1787493067224:68
[    1347ms] [LOG] null @ http://restaurant21.lobytech.test:3002/src/presentation/views/Modules/Admin/Views/Asistencia/Dropdown/index.tsx?t=1787493067224:68
[    1348ms] [LOG] null @ http://restaurant21.lobytech.test:3002/src/presentation/views/Modules/Admin/Views/Asistencia/Dropdown/index.tsx?t=1787493067224:68
[    1349ms] [LOG] null @ http://restaurant21.lobytech.test:3002/src/presentation/views/Modules/Admin/Views/Asistencia/Dropdown/index.tsx?t=1787493067224:68
[    1349ms] [LOG] null @ http://restaurant21.lobytech.test:3002/src/presentation/views/Modules/Admin/Views/Asistencia/Dropdown/index.tsx?t=1787493067224:68
[    1350ms] [LOG] null @ http://restaurant21.lobytech.test:3002/src/presentation/views/Modules/Admin/Views/Asistencia/Dropdown/index.tsx?t=1787493067224:68
[    1350ms] [LOG] null @ http://restaurant21.lobytech.test:3002/src/presentation/views/Modules/Admin/Views/Asistencia/Dropdown/index.tsx?t=1787493067224:68
[    1350ms] [LOG] null @ http://restaurant21.lobytech.test:3002/src/presentation/views/Modules/Admin/Views/Asistencia/Dropdown/index.tsx?t=1787493067224:68
[    1351ms] [LOG] null @ http://restaurant21.lobytech.test:3002/src/presentation/views/Modules/Admin/Views/Asistencia/Dropdown/index.tsx?t=1787493067224:68
[    1351ms] [LOG] null @ http://restaurant21.lobytech.test:3002/src/presentation/views/Modules/Admin/Views/Asistencia/Dropdown/index.tsx?t=1787493067224:68
[    1352ms] [LOG] null @ http://restaurant21.lobytech.test:3002/src/presentation/views/Modules/Admin/Views/Asistencia/Dropdown/index.tsx?t=1787493067224:68
[    1352ms] [LOG] null @ http://restaurant21.lobytech.test:3002/src/presentation/views/Modules/Admin/Views/Asistencia/Dropdown/index.tsx?t=1787493067224:68
[    1353ms] [LOG] null @ http://restaurant21.lobytech.test:3002/src/presentation/views/Modules/Admin/Views/Asistencia/Dropdown/index.tsx?t=1787493067224:68
[    1354ms] [LOG] null @ http://restaurant21.lobytech.test:3002/src/presentation/views/Modules/Admin/Views/Asistencia/Dropdown/index.tsx?t=1787493067224:68
[    1354ms] [LOG] null @ http://restaurant21.lobytech.test:3002/src/presentation/views/Modules/Admin/Views/Asistencia/Dropdown/index.tsx?t=1787493067224:68
[    1354ms] [LOG] null @ http://restaurant21.lobytech.test:3002/src/presentation/views/Modules/Admin/Views/Asistencia/Dropdown/index.tsx?t=1787493067224:68
[    1355ms] [LOG] null @ http://restaurant21.lobytech.test:3002/src/presentation/views/Modules/Admin/Views/Asistencia/Dropdown/index.tsx?t=1787493067224:68
[    1355ms] [LOG] null @ http://restaurant21.lobytech.test:3002/src/presentation/views/Modules/Admin/Views/Asistencia/Dropdown/index.tsx?t=1787493067224:68
[    1356ms] [LOG] null @ http://restaurant21.lobytech.test:3002/src/presentation/views/Modules/Admin/Views/Asistencia/Dropdown/index.tsx?t=1787493067224:68
[    1356ms] [LOG] null @ http://restaurant21.lobytech.test:3002/src/presentation/views/Modules/Admin/Views/Asistencia/Dropdown/index.tsx?t=1787493067224:68
[    1356ms] [LOG] null @ http://restaurant21.lobytech.test:3002/src/presentation/views/Modules/Admin/Views/Asistencia/Dropdown/index.tsx?t=1787493067224:68
[    1357ms] [LOG] null @ http://restaurant21.lobytech.test:3002/src/presentation/views/Modules/Admin/Views/Asistencia/Dropdown/index.tsx?t=1787493067224:68
[    1357ms] [LOG] null @ http://restaurant21.lobytech.test:3002/src/presentation/views/Modules/Admin/Views/Asistencia/Dropdown/index.tsx?t=1787493067224:68
[    1357ms] [LOG] [] @ http://restaurant21.lobytech.test:3002/src/components/Modal/Admin/Asistencia/index.tsx?t=1787530428254:43
[    1357ms] [LOG] [] @ http://restaurant21.lobytech.test:3002/src/components/Modal/Admin/Asistencia/index.tsx?t=1787530428254:50
[    1357ms] [LOG] Sun Aug 23 2026 00:00:00 GMT-0500 (hora estándar de Perú) @ http://restaurant21.lobytech.test:3002/src/components/Modal/Admin/Asistencia/index.tsx?t=1787530428254:79
[    1358ms] [LOG] 1 @ http://restaurant21.lobytech.test:3002/src/components/Modal/Admin/Asistencia/index.tsx?t=1787530428254:95
[    1358ms] [LOG] {habitacionId: 0, habitacion: , anfitrionaId: 0, anfitriona: , turno: } @ http://restaurant21.lobytech.test:3002/src/components/Modal/Admin/Asistencia/index.tsx?t=1787530428254:108
[    1358ms] [LOG] [] @ http://restaurant21.lobytech.test:3002/src/components/Modal/Admin/Asistencia/index.tsx?t=1787530428254:110
[    1358ms] [LOG] 0 @ http://restaurant21.lobytech.test:3002/src/components/Modal/Admin/Asistencia/index.tsx?t=1787530428254:126
[    1358ms] [LOG] [] @ http://restaurant21.lobytech.test:3002/src/components/Modal/Admin/Asistencia/index.tsx?t=1787530428254:162
[    1359ms] [LOG]  @ http://restaurant21.lobytech.test:3002/src/components/Modal/Admin/Asistencia/index.tsx?t=1787530428254:163
[    1359ms] [LOG] 844 @ http://restaurant21.lobytech.test:3002/src/components/Modal/Admin/Asistencia/index.tsx?t=1787530428254:202
[    1359ms] [LOG] 390 @ http://restaurant21.lobytech.test:3002/src/components/Modal/Admin/Asistencia/index.tsx?t=1787530428254:203
[    1359ms] [LOG] [] @ http://restaurant21.lobytech.test:3002/src/components/Modal/Admin/Fichas/index.tsx?t=1787493067224:37
[    1360ms] [LOG] [] @ http://restaurant21.lobytech.test:3002/src/components/Modal/Admin/Fichas/index.tsx?t=1787493067224:38
[    1360ms] [LOG] null @ http://restaurant21.lobytech.test:3002/src/components/Modal/Admin/Fichas/index.tsx?t=1787493067224:39
[    1360ms] [LOG] 844 @ http://restaurant21.lobytech.test:3002/src/components/Modal/Admin/Fichas/index.tsx?t=1787493067224:47
[    1360ms] [LOG] 844 @ http://restaurant21.lobytech.test:3002/src/components/Modal/Admin/Fichas/index.tsx?t=1787493067224:48
[    1480ms] [LOG] {code: 1, message: Success, data: Object, status: 200} @ http://restaurant21.lobytech.test:3002/src/redux/reducers/Admin/clientes-proveedores/clientesProveedoresAnfitrionas.reducer.ts:250
[    1483ms] [LOG] [] @ http://restaurant21.lobytech.test:3002/src/components/Modal/Admin/Asistencia/index.tsx?t=1787530428254:43
[    1483ms] [LOG] [] @ http://restaurant21.lobytech.test:3002/src/components/Modal/Admin/Asistencia/index.tsx?t=1787530428254:50
[    1484ms] [LOG] Sun Aug 23 2026 00:00:00 GMT-0500 (hora estándar de Perú) @ http://restaurant21.lobytech.test:3002/src/components/Modal/Admin/Asistencia/index.tsx?t=1787530428254:79
[    1484ms] [LOG] 1 @ http://restaurant21.lobytech.test:3002/src/components/Modal/Admin/Asistencia/index.tsx?t=1787530428254:95
[    1484ms] [LOG] {habitacionId: 0, habitacion: , anfitrionaId: 0, anfitriona: , turno: } @ http://restaurant21.lobytech.test:3002/src/components/Modal/Admin/Asistencia/index.tsx?t=1787530428254:108
[    1484ms] [LOG] [] @ http://restaurant21.lobytech.test:3002/src/components/Modal/Admin/Asistencia/index.tsx?t=1787530428254:110
[    1484ms] [LOG] 0 @ http://restaurant21.lobytech.test:3002/src/components/Modal/Admin/Asistencia/index.tsx?t=1787530428254:126
[    1484ms] [LOG] undefined @ http://restaurant21.lobytech.test:3002/src/components/Modal/Admin/Asistencia/index.tsx?t=1787530428254:162
[    1484ms] [LOG]  @ http://restaurant21.lobytech.test:3002/src/components/Modal/Admin/Asistencia/index.tsx?t=1787530428254:163
[    1484ms] [LOG] 844 @ http://restaurant21.lobytech.test:3002/src/components/Modal/Admin/Asistencia/index.tsx?t=1787530428254:202
[    1485ms] [LOG] 390 @ http://restaurant21.lobytech.test:3002/src/components/Modal/Admin/Asistencia/index.tsx?t=1787530428254:203
[    1489ms] [ERROR] Failed to load resource: the server responded with a status of 404 (Not Found) @ http://localhost:5002/api/productos/listar?CategoriaId=2&GrupoId=16&Value=&Page=1&Amount=100:0
[    1489ms] [LOG] AxiosError @ http://restaurant21.lobytech.test:3002/src/utils/axios.ts:19
[    1490ms] [LOG] AxiosError @ http://restaurant21.lobytech.test:3002/src/redux/reducers/Admin/productos/producto.reducer.ts:364
[    1491ms] [LOG] [] @ http://restaurant21.lobytech.test:3002/src/components/Modal/Admin/Asistencia/index.tsx?t=1787530428254:43
[    1491ms] [LOG] [] @ http://restaurant21.lobytech.test:3002/src/components/Modal/Admin/Asistencia/index.tsx?t=1787530428254:50
[    1491ms] [LOG] Sun Aug 23 2026 00:00:00 GMT-0500 (hora estándar de Perú) @ http://restaurant21.lobytech.test:3002/src/components/Modal/Admin/Asistencia/index.tsx?t=1787530428254:79
[    1491ms] [LOG] 1 @ http://restaurant21.lobytech.test:3002/src/components/Modal/Admin/Asistencia/index.tsx?t=1787530428254:95
[    1491ms] [LOG] {habitacionId: 0, habitacion: , anfitrionaId: 0, anfitriona: , turno: } @ http://restaurant21.lobytech.test:3002/src/components/Modal/Admin/Asistencia/index.tsx?t=1787530428254:108
[    1491ms] [LOG] [] @ http://restaurant21.lobytech.test:3002/src/components/Modal/Admin/Asistencia/index.tsx?t=1787530428254:110
[    1492ms] [LOG] 0 @ http://restaurant21.lobytech.test:3002/src/components/Modal/Admin/Asistencia/index.tsx?t=1787530428254:126
[    1492ms] [LOG] undefined @ http://restaurant21.lobytech.test:3002/src/components/Modal/Admin/Asistencia/index.tsx?t=1787530428254:162
[    1492ms] [LOG]  @ http://restaurant21.lobytech.test:3002/src/components/Modal/Admin/Asistencia/index.tsx?t=1787530428254:163
[    1492ms] [LOG] 844 @ http://restaurant21.lobytech.test:3002/src/components/Modal/Admin/Asistencia/index.tsx?t=1787530428254:202
[    1492ms] [LOG] 390 @ http://restaurant21.lobytech.test:3002/src/components/Modal/Admin/Asistencia/index.tsx?t=1787530428254:203
[    1555ms] [LOG] {code: 1, message: Success, data: Array(66), status: 200} @ http://restaurant21.lobytech.test:3002/src/redux/reducers/Admin/asistencia/asistencia.reducer.ts:222
[    1557ms] [LOG] [] @ http://restaurant21.lobytech.test:3002/src/presentation/views/Modules/Admin/Views/Asistencia/index.tsx?t=1787530467484:46
[    1557ms] [LOG] Sun Aug 23 2026 00:00:00 GMT-0500 (hora estándar de Perú) @ http://restaurant21.lobytech.test:3002/src/presentation/views/Modules/Admin/Views/Asistencia/index.tsx?t=1787530467484:115
[    1557ms] [LOG] {turno: Turno Especial, diaSemana: 0} @ http://restaurant21.lobytech.test:3002/src/presentation/views/Modules/Admin/Views/Asistencia/index.tsx?t=1787530467484:129
[    1558ms] [LOG] Sun Aug 23 2026 00:00:00 GMT-0500 (hora estándar de Perú) @ http://restaurant21.lobytech.test:3002/src/presentation/views/Modules/Admin/Views/Asistencia/index.tsx?t=1787530467484:115
[    1558ms] [LOG] Sun Aug 23 2026 00:00:00 GMT-0500 (hora estándar de Perú) @ http://restaurant21.lobytech.test:3002/src/presentation/views/Modules/Admin/Views/Asistencia/index.tsx?t=1787530467484:115
[    1558ms] [LOG] [] @ http://restaurant21.lobytech.test:3002/src/presentation/views/Modules/Admin/Views/Asistencia/index.tsx?t=1787530467484:198
[    1559ms] [LOG] false @ http://restaurant21.lobytech.test:3002/src/components/Toggle/index.tsx:24
[    1559ms] [LOG] () => {
    if (diaSemana === 0) {
      setCheckedTurno(false);
    } else {
      setCheckedTurno(!isTurno);
    }
  } @ http://restaurant21.lobytech.test:3002/src/components/Toggle/index.tsx:25
[    1560ms] [LOG] null @ http://restaurant21.lobytech.test:3002/src/presentation/views/Modules/Admin/Views/Asistencia/Dropdown/index.tsx?t=1787493067224:68
[    1560ms] [LOG] null @ http://restaurant21.lobytech.test:3002/src/presentation/views/Modules/Admin/Views/Asistencia/Dropdown/index.tsx?t=1787493067224:68
[    1561ms] [LOG] null @ http://restaurant21.lobytech.test:3002/src/presentation/views/Modules/Admin/Views/Asistencia/Dropdown/index.tsx?t=1787493067224:68
[    1561ms] [LOG] null @ http://restaurant21.lobytech.test:3002/src/presentation/views/Modules/Admin/Views/Asistencia/Dropdown/index.tsx?t=1787493067224:68
[    1562ms] [LOG] null @ http://restaurant21.lobytech.test:3002/src/presentation/views/Modules/Admin/Views/Asistencia/Dropdown/index.tsx?t=1787493067224:68
[    1562ms] [LOG] null @ http://restaurant21.lobytech.test:3002/src/presentation/views/Modules/Admin/Views/Asistencia/Dropdown/index.tsx?t=1787493067224:68
[    1563ms] [LOG] null @ http://restaurant21.lobytech.test:3002/src/presentation/views/Modules/Admin/Views/Asistencia/Dropdown/index.tsx?t=1787493067224:68
[    1563ms] [LOG] null @ http://restaurant21.lobytech.test:3002/src/presentation/views/Modules/Admin/Views/Asistencia/Dropdown/index.tsx?t=1787493067224:68
[    1564ms] [LOG] null @ http://restaurant21.lobytech.test:3002/src/presentation/views/Modules/Admin/Views/Asistencia/Dropdown/index.tsx?t=1787493067224:68
[    1565ms] [LOG] null @ http://restaurant21.lobytech.test:3002/src/presentation/views/Modules/Admin/Views/Asistencia/Dropdown/index.tsx?t=1787493067224:68
[    1565ms] [LOG] null @ http://restaurant21.lobytech.test:3002/src/presentation/views/Modules/Admin/Views/Asistencia/Dropdown/index.tsx?t=1787493067224:68
[    1566ms] [LOG] null @ http://restaurant21.lobytech.test:3002/src/presentation/views/Modules/Admin/Views/Asistencia/Dropdown/index.tsx?t=1787493067224:68
[    1566ms] [LOG] null @ http://restaurant21.lobytech.test:3002/src/presentation/views/Modules/Admin/Views/Asistencia/Dropdown/index.tsx?t=1787493067224:68
[    1567ms] [LOG] null @ http://restaurant21.lobytech.test:3002/src/presentation/views/Modules/Admin/Views/Asistencia/Dropdown/index.tsx?t=1787493067224:68
[    1567ms] [LOG] null @ http://restaurant21.lobytech.test:3002/src/presentation/views/Modules/Admin/Views/Asistencia/Dropdown/index.tsx?t=1787493067224:68
[    1567ms] [LOG] null @ http://restaurant21.lobytech.test:3002/src/presentation/views/Modules/Admin/Views/Asistencia/Dropdown/index.tsx?t=1787493067224:68
[    1568ms] [LOG] null @ http://restaurant21.lobytech.test:3002/src/presentation/views/Modules/Admin/Views/Asistencia/Dropdown/index.tsx?t=1787493067224:68
[    1568ms] [LOG] null @ http://restaurant21.lobytech.test:3002/src/presentation/views/Modules/Admin/Views/Asistencia/Dropdown/index.tsx?t=1787493067224:68
[    1569ms] [LOG] null @ http://restaurant21.lobytech.test:3002/src/presentation/views/Modules/Admin/Views/Asistencia/Dropdown/index.tsx?t=1787493067224:68
[    1569ms] [LOG] null @ http://restaurant21.lobytech.test:3002/src/presentation/views/Modules/Admin/Views/Asistencia/Dropdown/index.tsx?t=1787493067224:68
[    1569ms] [LOG] null @ http://restaurant21.lobytech.test:3002/src/presentation/views/Modules/Admin/Views/Asistencia/Dropdown/index.tsx?t=1787493067224:68
[    1570ms] [LOG] null @ http://restaurant21.lobytech.test:3002/src/presentation/views/Modules/Admin/Views/Asistencia/Dropdown/index.tsx?t=1787493067224:68
[    1570ms] [LOG] null @ http://restaurant21.lobytech.test:3002/src/presentation/views/Modules/Admin/Views/Asistencia/Dropdown/index.tsx?t=1787493067224:68
[    1571ms] [LOG] null @ http://restaurant21.lobytech.test:3002/src/presentation/views/Modules/Admin/Views/Asistencia/Dropdown/index.tsx?t=1787493067224:68
[    1571ms] [LOG] null @ http://restaurant21.lobytech.test:3002/src/presentation/views/Modules/Admin/Views/Asistencia/Dropdown/index.tsx?t=1787493067224:68
[    1572ms] [LOG] null @ http://restaurant21.lobytech.test:3002/src/presentation/views/Modules/Admin/Views/Asistencia/Dropdown/index.tsx?t=1787493067224:68
[    1572ms] [LOG] null @ http://restaurant21.lobytech.test:3002/src/presentation/views/Modules/Admin/Views/Asistencia/Dropdown/index.tsx?t=1787493067224:68
[    1572ms] [LOG] null @ http://restaurant21.lobytech.test:3002/src/presentation/views/Modules/Admin/Views/Asistencia/Dropdown/index.tsx?t=1787493067224:68
[    1573ms] [LOG] null @ http://restaurant21.lobytech.test:3002/src/presentation/views/Modules/Admin/Views/Asistencia/Dropdown/index.tsx?t=1787493067224:68
[    1573ms] [LOG] null @ http://restaurant21.lobytech.test:3002/src/presentation/views/Modules/Admin/Views/Asistencia/Dropdown/index.tsx?t=1787493067224:68
[    1573ms] [LOG] null @ http://restaurant21.lobytech.test:3002/src/presentation/views/Modules/Admin/Views/Asistencia/Dropdown/index.tsx?t=1787493067224:68
[    1574ms] [LOG] null @ http://restaurant21.lobytech.test:3002/src/presentation/views/Modules/Admin/Views/Asistencia/Dropdown/index.tsx?t=1787493067224:68
[    1575ms] [LOG] null @ http://restaurant21.lobytech.test:3002/src/presentation/views/Modules/Admin/Views/Asistencia/Dropdown/index.tsx?t=1787493067224:68
[    1575ms] [LOG] null @ http://restaurant21.lobytech.test:3002/src/presentation/views/Modules/Admin/Views/Asistencia/Dropdown/index.tsx?t=1787493067224:68
[    1576ms] [LOG] null @ http://restaurant21.lobytech.test:3002/src/presentation/views/Modules/Admin/Views/Asistencia/Dropdown/index.tsx?t=1787493067224:68
[    1576ms] [LOG] null @ http://restaurant21.lobytech.test:3002/src/presentation/views/Modules/Admin/Views/Asistencia/Dropdown/index.tsx?t=1787493067224:68
[    1577ms] [LOG] null @ http://restaurant21.lobytech.test:3002/src/presentation/views/Modules/Admin/Views/Asistencia/Dropdown/index.tsx?t=1787493067224:68
[    1577ms] [LOG] null @ http://restaurant21.lobytech.test:3002/src/presentation/views/Modules/Admin/Views/Asistencia/Dropdown/index.tsx?t=1787493067224:68
[    1578ms] [LOG] null @ http://restaurant21.lobytech.test:3002/src/presentation/views/Modules/Admin/Views/Asistencia/Dropdown/index.tsx?t=1787493067224:68
[    1578ms] [LOG] null @ http://restaurant21.lobytech.test:3002/src/presentation/views/Modules/Admin/Views/Asistencia/Dropdown/index.tsx?t=1787493067224:68
[    1579ms] [LOG] null @ http://restaurant21.lobytech.test:3002/src/presentation/views/Modules/Admin/Views/Asistencia/Dropdown/index.tsx?t=1787493067224:68
[    1579ms] [LOG] null @ http://restaurant21.lobytech.test:3002/src/presentation/views/Modules/Admin/Views/Asistencia/Dropdown/index.tsx?t=1787493067224:68
[    1580ms] [LOG] null @ http://restaurant21.lobytech.test:3002/src/presentation/views/Modules/Admin/Views/Asistencia/Dropdown/index.tsx?t=1787493067224:68
[    1580ms] [LOG] null @ http://restaurant21.lobytech.test:3002/src/presentation/views/Modules/Admin/Views/Asistencia/Dropdown/index.tsx?t=1787493067224:68
[    1581ms] [LOG] null @ http://restaurant21.lobytech.test:3002/src/presentation/views/Modules/Admin/Views/Asistencia/Dropdown/index.tsx?t=1787493067224:68
[    1582ms] [LOG] null @ http://restaurant21.lobytech.test:3002/src/presentation/views/Modules/Admin/Views/Asistencia/Dropdown/index.tsx?t=1787493067224:68
[    1583ms] [LOG] null @ http://restaurant21.lobytech.test:3002/src/presentation/views/Modules/Admin/Views/Asistencia/Dropdown/index.tsx?t=1787493067224:68
[    1583ms] [LOG] null @ http://restaurant21.lobytech.test:3002/src/presentation/views/Modules/Admin/Views/Asistencia/Dropdown/index.tsx?t=1787493067224:68
[    1584ms] [LOG] null @ http://restaurant21.lobytech.test:3002/src/presentation/views/Modules/Admin/Views/Asistencia/Dropdown/index.tsx?t=1787493067224:68
[    1584ms] [LOG] null @ http://restaurant21.lobytech.test:3002/src/presentation/views/Modules/Admin/Views/Asistencia/Dropdown/index.tsx?t=1787493067224:68
[    1585ms] [LOG] null @ http://restaurant21.lobytech.test:3002/src/presentation/views/Modules/Admin/Views/Asistencia/Dropdown/index.tsx?t=1787493067224:68
[    1585ms] [LOG] null @ http://restaurant21.lobytech.test:3002/src/presentation/views/Modules/Admin/Views/Asistencia/Dropdown/index.tsx?t=1787493067224:68
[    1586ms] [LOG] null @ http://restaurant21.lobytech.test:3002/src/presentation/views/Modules/Admin/Views/Asistencia/Dropdown/index.tsx?t=1787493067224:68
[    1586ms] [LOG] null @ http://restaurant21.lobytech.test:3002/src/presentation/views/Modules/Admin/Views/Asistencia/Dropdown/index.tsx?t=1787493067224:68
[    1586ms] [LOG] null @ http://restaurant21.lobytech.test:3002/src/presentation/views/Modules/Admin/Views/Asistencia/Dropdown/index.tsx?t=1787493067224:68
[    1587ms] [LOG] null @ http://restaurant21.lobytech.test:3002/src/presentation/views/Modules/Admin/Views/Asistencia/Dropdown/index.tsx?t=1787493067224:68
[    1587ms] [LOG] null @ http://restaurant21.lobytech.test:3002/src/presentation/views/Modules/Admin/Views/Asistencia/Dropdown/index.tsx?t=1787493067224:68
[    1588ms] [LOG] null @ http://restaurant21.lobytech.test:3002/src/presentation/views/Modules/Admin/Views/Asistencia/Dropdown/index.tsx?t=1787493067224:68
[    1588ms] [LOG] null @ http://restaurant21.lobytech.test:3002/src/presentation/views/Modules/Admin/Views/Asistencia/Dropdown/index.tsx?t=1787493067224:68
[    1588ms] [LOG] null @ http://restaurant21.lobytech.test:3002/src/presentation/views/Modules/Admin/Views/Asistencia/Dropdown/index.tsx?t=1787493067224:68
[    1588ms] [LOG] null @ http://restaurant21.lobytech.test:3002/src/presentation/views/Modules/Admin/Views/Asistencia/Dropdown/index.tsx?t=1787493067224:68
[    1589ms] [LOG] null @ http://restaurant21.lobytech.test:3002/src/presentation/views/Modules/Admin/Views/Asistencia/Dropdown/index.tsx?t=1787493067224:68
[    1589ms] [LOG] null @ http://restaurant21.lobytech.test:3002/src/presentation/views/Modules/Admin/Views/Asistencia/Dropdown/index.tsx?t=1787493067224:68
[    1589ms] [LOG] null @ http://restaurant21.lobytech.test:3002/src/presentation/views/Modules/Admin/Views/Asistencia/Dropdown/index.tsx?t=1787493067224:68
[    1589ms] [LOG] null @ http://restaurant21.lobytech.test:3002/src/presentation/views/Modules/Admin/Views/Asistencia/Dropdown/index.tsx?t=1787493067224:68
[    1590ms] [LOG] null @ http://restaurant21.lobytech.test:3002/src/presentation/views/Modules/Admin/Views/Asistencia/Dropdown/index.tsx?t=1787493067224:68
[    1590ms] [LOG] [Object, Object, Object, Object, Object, Object, Object, Object, Object, Object, Object, Object, Object, Object, Object, Object, Object, Object, Object, Object, Object, Object, Object, Object, Object, Object, Object, Object, Object, Object, Object, Object, Object, Object, Object, Object, Object, Object, Object, Object, Object, Object, Object, Object, Object, Object, Object, Object, Object, Object, Object, Object, Object, Object, Object, Object, Object, Object, Object, Object, Object, Object, Object, Object, Object, Object] @ http://restaurant21.lobytech.test:3002/src/components/Modal/Admin/Asistencia/index.tsx?t=1787530428254:43
[    1590ms] [LOG] [] @ http://restaurant21.lobytech.test:3002/src/components/Modal/Admin/Asistencia/index.tsx?t=1787530428254:50
[    1591ms] [LOG] Sun Aug 23 2026 00:00:00 GMT-0500 (hora estándar de Perú) @ http://restaurant21.lobytech.test:3002/src/components/Modal/Admin/Asistencia/index.tsx?t=1787530428254:79
[    1591ms] [LOG] 1 @ http://restaurant21.lobytech.test:3002/src/components/Modal/Admin/Asistencia/index.tsx?t=1787530428254:95
[    1591ms] [LOG] {habitacionId: 0, habitacion: , anfitrionaId: 0, anfitriona: , turno: } @ http://restaurant21.lobytech.test:3002/src/components/Modal/Admin/Asistencia/index.tsx?t=1787530428254:108
[    1591ms] [LOG] [] @ http://restaurant21.lobytech.test:3002/src/components/Modal/Admin/Asistencia/index.tsx?t=1787530428254:110
[    1592ms] [LOG] 0 @ http://restaurant21.lobytech.test:3002/src/components/Modal/Admin/Asistencia/index.tsx?t=1787530428254:126
[    1592ms] [LOG] undefined @ http://restaurant21.lobytech.test:3002/src/components/Modal/Admin/Asistencia/index.tsx?t=1787530428254:162
[    1592ms] [LOG]  @ http://restaurant21.lobytech.test:3002/src/components/Modal/Admin/Asistencia/index.tsx?t=1787530428254:163
[    1592ms] [LOG] 844 @ http://restaurant21.lobytech.test:3002/src/components/Modal/Admin/Asistencia/index.tsx?t=1787530428254:202
[    1592ms] [LOG] 390 @ http://restaurant21.lobytech.test:3002/src/components/Modal/Admin/Asistencia/index.tsx?t=1787530428254:203
[    1594ms] [LOG] [] @ http://restaurant21.lobytech.test:3002/src/components/Modal/Admin/Fichas/index.tsx?t=1787493067224:37
[    1594ms] [LOG] [] @ http://restaurant21.lobytech.test:3002/src/components/Modal/Admin/Fichas/index.tsx?t=1787493067224:38
[    1594ms] [LOG] null @ http://restaurant21.lobytech.test:3002/src/components/Modal/Admin/Fichas/index.tsx?t=1787493067224:39
[    1594ms] [LOG] 844 @ http://restaurant21.lobytech.test:3002/src/components/Modal/Admin/Fichas/index.tsx?t=1787493067224:47
[    1594ms] [LOG] 844 @ http://restaurant21.lobytech.test:3002/src/components/Modal/Admin/Fichas/index.tsx?t=1787493067224:48
[   42804ms] [LOG] [] @ http://restaurant21.lobytech.test:3002/src/presentation/views/Modules/Admin/Views/Asistencia/index.tsx?t=1787530514201:46
[   42805ms] [LOG] Sun Aug 23 2026 00:00:00 GMT-0500 (hora estándar de Perú) @ http://restaurant21.lobytech.test:3002/src/presentation/views/Modules/Admin/Views/Asistencia/index.tsx?t=1787530514201:115
[   42805ms] [LOG] {turno: Turno Especial, diaSemana: 0} @ http://restaurant21.lobytech.test:3002/src/presentation/views/Modules/Admin/Views/Asistencia/index.tsx?t=1787530514201:129
[   42806ms] [LOG] Sun Aug 23 2026 00:00:00 GMT-0500 (hora estándar de Perú) @ http://restaurant21.lobytech.test:3002/src/presentation/views/Modules/Admin/Views/Asistencia/index.tsx?t=1787530514201:115
[   42806ms] [LOG] Sun Aug 23 2026 00:00:00 GMT-0500 (hora estándar de Perú) @ http://restaurant21.lobytech.test:3002/src/presentation/views/Modules/Admin/Views/Asistencia/index.tsx?t=1787530514201:115
[   42806ms] [LOG] [] @ http://restaurant21.lobytech.test:3002/src/presentation/views/Modules/Admin/Views/Asistencia/index.tsx?t=1787530514201:198
[   42807ms] [LOG] false @ http://restaurant21.lobytech.test:3002/src/components/Toggle/index.tsx:24
[   42807ms] [LOG] () => {
    if (diaSemana === 0) {
      setCheckedTurno(false);
    } else {
      setCheckedTurno(!isTurno);
    }
  } @ http://restaurant21.lobytech.test:3002/src/components/Toggle/index.tsx:25
[   42812ms] [LOG] null @ http://restaurant21.lobytech.test:3002/src/presentation/views/Modules/Admin/Views/Asistencia/Dropdown/index.tsx?t=1787493067224:68
[   42813ms] [LOG] null @ http://restaurant21.lobytech.test:3002/src/presentation/views/Modules/Admin/Views/Asistencia/Dropdown/index.tsx?t=1787493067224:68
[   42814ms] [LOG] null @ http://restaurant21.lobytech.test:3002/src/presentation/views/Modules/Admin/Views/Asistencia/Dropdown/index.tsx?t=1787493067224:68
[   42815ms] [LOG] null @ http://restaurant21.lobytech.test:3002/src/presentation/views/Modules/Admin/Views/Asistencia/Dropdown/index.tsx?t=1787493067224:68
[   42816ms] [LOG] null @ http://restaurant21.lobytech.test:3002/src/presentation/views/Modules/Admin/Views/Asistencia/Dropdown/index.tsx?t=1787493067224:68
[   42817ms] [LOG] null @ http://restaurant21.lobytech.test:3002/src/presentation/views/Modules/Admin/Views/Asistencia/Dropdown/index.tsx?t=1787493067224:68
[   42819ms] [LOG] null @ http://restaurant21.lobytech.test:3002/src/presentation/views/Modules/Admin/Views/Asistencia/Dropdown/index.tsx?t=1787493067224:68
[   42819ms] [LOG] null @ http://restaurant21.lobytech.test:3002/src/presentation/views/Modules/Admin/Views/Asistencia/Dropdown/index.tsx?t=1787493067224:68
[   42820ms] [LOG] null @ http://restaurant21.lobytech.test:3002/src/presentation/views/Modules/Admin/Views/Asistencia/Dropdown/index.tsx?t=1787493067224:68
[   42821ms] [LOG] null @ http://restaurant21.lobytech.test:3002/src/presentation/views/Modules/Admin/Views/Asistencia/Dropdown/index.tsx?t=1787493067224:68
[   42822ms] [LOG] null @ http://restaurant21.lobytech.test:3002/src/presentation/views/Modules/Admin/Views/Asistencia/Dropdown/index.tsx?t=1787493067224:68
[   42822ms] [LOG] null @ http://restaurant21.lobytech.test:3002/src/presentation/views/Modules/Admin/Views/Asistencia/Dropdown/index.tsx?t=1787493067224:68
[   42823ms] [LOG] null @ http://restaurant21.lobytech.test:3002/src/presentation/views/Modules/Admin/Views/Asistencia/Dropdown/index.tsx?t=1787493067224:68
[   42823ms] [LOG] null @ http://restaurant21.lobytech.test:3002/src/presentation/views/Modules/Admin/Views/Asistencia/Dropdown/index.tsx?t=1787493067224:68
[   42823ms] [LOG] null @ http://restaurant21.lobytech.test:3002/src/presentation/views/Modules/Admin/Views/Asistencia/Dropdown/index.tsx?t=1787493067224:68
[   42824ms] [LOG] null @ http://restaurant21.lobytech.test:3002/src/presentation/views/Modules/Admin/Views/Asistencia/Dropdown/index.tsx?t=1787493067224:68
[   42824ms] [LOG] null @ http://restaurant21.lobytech.test:3002/src/presentation/views/Modules/Admin/Views/Asistencia/Dropdown/index.tsx?t=1787493067224:68
[   42825ms] [LOG] null @ http://restaurant21.lobytech.test:3002/src/presentation/views/Modules/Admin/Views/Asistencia/Dropdown/index.tsx?t=1787493067224:68
[   42826ms] [LOG] null @ http://restaurant21.lobytech.test:3002/src/presentation/views/Modules/Admin/Views/Asistencia/Dropdown/index.tsx?t=1787493067224:68
[   42827ms] [LOG] null @ http://restaurant21.lobytech.test:3002/src/presentation/views/Modules/Admin/Views/Asistencia/Dropdown/index.tsx?t=1787493067224:68
[   42828ms] [LOG] null @ http://restaurant21.lobytech.test:3002/src/presentation/views/Modules/Admin/Views/Asistencia/Dropdown/index.tsx?t=1787493067224:68
[   42829ms] [LOG] null @ http://restaurant21.lobytech.test:3002/src/presentation/views/Modules/Admin/Views/Asistencia/Dropdown/index.tsx?t=1787493067224:68
[   42830ms] [LOG] null @ http://restaurant21.lobytech.test:3002/src/presentation/views/Modules/Admin/Views/Asistencia/Dropdown/index.tsx?t=1787493067224:68
[   42831ms] [LOG] null @ http://restaurant21.lobytech.test:3002/src/presentation/views/Modules/Admin/Views/Asistencia/Dropdown/index.tsx?t=1787493067224:68
[   42835ms] [LOG] null @ http://restaurant21.lobytech.test:3002/src/presentation/views/Modules/Admin/Views/Asistencia/Dropdown/index.tsx?t=1787493067224:68
[   42836ms] [LOG] null @ http://restaurant21.lobytech.test:3002/src/presentation/views/Modules/Admin/Views/Asistencia/Dropdown/index.tsx?t=1787493067224:68
[   42837ms] [LOG] null @ http://restaurant21.lobytech.test:3002/src/presentation/views/Modules/Admin/Views/Asistencia/Dropdown/index.tsx?t=1787493067224:68
[   42838ms] [LOG] null @ http://restaurant21.lobytech.test:3002/src/presentation/views/Modules/Admin/Views/Asistencia/Dropdown/index.tsx?t=1787493067224:68
[   42839ms] [LOG] null @ http://restaurant21.lobytech.test:3002/src/presentation/views/Modules/Admin/Views/Asistencia/Dropdown/index.tsx?t=1787493067224:68
[   42840ms] [LOG] null @ http://restaurant21.lobytech.test:3002/src/presentation/views/Modules/Admin/Views/Asistencia/Dropdown/index.tsx?t=1787493067224:68
[   42841ms] [LOG] null @ http://restaurant21.lobytech.test:3002/src/presentation/views/Modules/Admin/Views/Asistencia/Dropdown/index.tsx?t=1787493067224:68
[   42845ms] [LOG] null @ http://restaurant21.lobytech.test:3002/src/presentation/views/Modules/Admin/Views/Asistencia/Dropdown/index.tsx?t=1787493067224:68
[   42846ms] [LOG] null @ http://restaurant21.lobytech.test:3002/src/presentation/views/Modules/Admin/Views/Asistencia/Dropdown/index.tsx?t=1787493067224:68
[   42846ms] [LOG] null @ http://restaurant21.lobytech.test:3002/src/presentation/views/Modules/Admin/Views/Asistencia/Dropdown/index.tsx?t=1787493067224:68
[   42846ms] [LOG] null @ http://restaurant21.lobytech.test:3002/src/presentation/views/Modules/Admin/Views/Asistencia/Dropdown/index.tsx?t=1787493067224:68
[   42847ms] [LOG] null @ http://restaurant21.lobytech.test:3002/src/presentation/views/Modules/Admin/Views/Asistencia/Dropdown/index.tsx?t=1787493067224:68
[   42848ms] [LOG] null @ http://restaurant21.lobytech.test:3002/src/presentation/views/Modules/Admin/Views/Asistencia/Dropdown/index.tsx?t=1787493067224:68
[   42848ms] [LOG] null @ http://restaurant21.lobytech.test:3002/src/presentation/views/Modules/Admin/Views/Asistencia/Dropdown/index.tsx?t=1787493067224:68
[   42848ms] [LOG] null @ http://restaurant21.lobytech.test:3002/src/presentation/views/Modules/Admin/Views/Asistencia/Dropdown/index.tsx?t=1787493067224:68
[   42849ms] [LOG] null @ http://restaurant21.lobytech.test:3002/src/presentation/views/Modules/Admin/Views/Asistencia/Dropdown/index.tsx?t=1787493067224:68
[   42849ms] [LOG] null @ http://restaurant21.lobytech.test:3002/src/presentation/views/Modules/Admin/Views/Asistencia/Dropdown/index.tsx?t=1787493067224:68
[   42850ms] [LOG] null @ http://restaurant21.lobytech.test:3002/src/presentation/views/Modules/Admin/Views/Asistencia/Dropdown/index.tsx?t=1787493067224:68
[   42851ms] [LOG] null @ http://restaurant21.lobytech.test:3002/src/presentation/views/Modules/Admin/Views/Asistencia/Dropdown/index.tsx?t=1787493067224:68
[   42852ms] [LOG] null @ http://restaurant21.lobytech.test:3002/src/presentation/views/Modules/Admin/Views/Asistencia/Dropdown/index.tsx?t=1787493067224:68
[   42853ms] [LOG] null @ http://restaurant21.lobytech.test:3002/src/presentation/views/Modules/Admin/Views/Asistencia/Dropdown/index.tsx?t=1787493067224:68
[   42854ms] [LOG] null @ http://restaurant21.lobytech.test:3002/src/presentation/views/Modules/Admin/Views/Asistencia/Dropdown/index.tsx?t=1787493067224:68
[   42854ms] [LOG] null @ http://restaurant21.lobytech.test:3002/src/presentation/views/Modules/Admin/Views/Asistencia/Dropdown/index.tsx?t=1787493067224:68
[   42855ms] [LOG] null @ http://restaurant21.lobytech.test:3002/src/presentation/views/Modules/Admin/Views/Asistencia/Dropdown/index.tsx?t=1787493067224:68
[   42855ms] [LOG] null @ http://restaurant21.lobytech.test:3002/src/presentation/views/Modules/Admin/Views/Asistencia/Dropdown/index.tsx?t=1787493067224:68
[   42855ms] [LOG] null @ http://restaurant21.lobytech.test:3002/src/presentation/views/Modules/Admin/Views/Asistencia/Dropdown/index.tsx?t=1787493067224:68
[   42857ms] [LOG] null @ http://restaurant21.lobytech.test:3002/src/presentation/views/Modules/Admin/Views/Asistencia/Dropdown/index.tsx?t=1787493067224:68
[   42858ms] [LOG] null @ http://restaurant21.lobytech.test:3002/src/presentation/views/Modules/Admin/Views/Asistencia/Dropdown/index.tsx?t=1787493067224:68
[   42859ms] [LOG] null @ http://restaurant21.lobytech.test:3002/src/presentation/views/Modules/Admin/Views/Asistencia/Dropdown/index.tsx?t=1787493067224:68
[   42860ms] [LOG] null @ http://restaurant21.lobytech.test:3002/src/presentation/views/Modules/Admin/Views/Asistencia/Dropdown/index.tsx?t=1787493067224:68
[   42861ms] [LOG] null @ http://restaurant21.lobytech.test:3002/src/presentation/views/Modules/Admin/Views/Asistencia/Dropdown/index.tsx?t=1787493067224:68
[   42861ms] [LOG] null @ http://restaurant21.lobytech.test:3002/src/presentation/views/Modules/Admin/Views/Asistencia/Dropdown/index.tsx?t=1787493067224:68
[   42862ms] [LOG] null @ http://restaurant21.lobytech.test:3002/src/presentation/views/Modules/Admin/Views/Asistencia/Dropdown/index.tsx?t=1787493067224:68
[   42863ms] [LOG] null @ http://restaurant21.lobytech.test:3002/src/presentation/views/Modules/Admin/Views/Asistencia/Dropdown/index.tsx?t=1787493067224:68
[   42863ms] [LOG] null @ http://restaurant21.lobytech.test:3002/src/presentation/views/Modules/Admin/Views/Asistencia/Dropdown/index.tsx?t=1787493067224:68
[   42864ms] [LOG] null @ http://restaurant21.lobytech.test:3002/src/presentation/views/Modules/Admin/Views/Asistencia/Dropdown/index.tsx?t=1787493067224:68
[   42866ms] [LOG] null @ http://restaurant21.lobytech.test:3002/src/presentation/views/Modules/Admin/Views/Asistencia/Dropdown/index.tsx?t=1787493067224:68
[   42866ms] [LOG] null @ http://restaurant21.lobytech.test:3002/src/presentation/views/Modules/Admin/Views/Asistencia/Dropdown/index.tsx?t=1787493067224:68
[   42867ms] [LOG] null @ http://restaurant21.lobytech.test:3002/src/presentation/views/Modules/Admin/Views/Asistencia/Dropdown/index.tsx?t=1787493067224:68
[   42868ms] [LOG] null @ http://restaurant21.lobytech.test:3002/src/presentation/views/Modules/Admin/Views/Asistencia/Dropdown/index.tsx?t=1787493067224:68
[   42869ms] [LOG] null @ http://restaurant21.lobytech.test:3002/src/presentation/views/Modules/Admin/Views/Asistencia/Dropdown/index.tsx?t=1787493067224:68
[   42869ms] [LOG] null @ http://restaurant21.lobytech.test:3002/src/presentation/views/Modules/Admin/Views/Asistencia/Dropdown/index.tsx?t=1787493067224:68
[   42870ms] [LOG] [Object, Object, Object, Object, Object, Object, Object, Object, Object, Object, Object, Object, Object, Object, Object, Object, Object, Object, Object, Object, Object, Object, Object, Object, Object, Object, Object, Object, Object, Object, Object, Object, Object, Object, Object, Object, Object, Object, Object, Object, Object, Object, Object, Object, Object, Object, Object, Object, Object, Object, Object, Object, Object, Object, Object, Object, Object, Object, Object, Object, Object, Object, Object, Object, Object, Object] @ http://restaurant21.lobytech.test:3002/src/components/Modal/Admin/Asistencia/index.tsx?t=1787530428254:43
[   42871ms] [LOG] [] @ http://restaurant21.lobytech.test:3002/src/components/Modal/Admin/Asistencia/index.tsx?t=1787530428254:50
[   42871ms] [LOG] Sun Aug 23 2026 00:00:00 GMT-0500 (hora estándar de Perú) @ http://restaurant21.lobytech.test:3002/src/components/Modal/Admin/Asistencia/index.tsx?t=1787530428254:79
[   42872ms] [LOG] 1 @ http://restaurant21.lobytech.test:3002/src/components/Modal/Admin/Asistencia/index.tsx?t=1787530428254:95
[   42872ms] [LOG] {habitacionId: 0, habitacion: , anfitrionaId: 0, anfitriona: , turno: } @ http://restaurant21.lobytech.test:3002/src/components/Modal/Admin/Asistencia/index.tsx?t=1787530428254:108
[   42872ms] [LOG] [] @ http://restaurant21.lobytech.test:3002/src/components/Modal/Admin/Asistencia/index.tsx?t=1787530428254:110
[   42872ms] [LOG] 0 @ http://restaurant21.lobytech.test:3002/src/components/Modal/Admin/Asistencia/index.tsx?t=1787530428254:126
[   42872ms] [LOG] undefined @ http://restaurant21.lobytech.test:3002/src/components/Modal/Admin/Asistencia/index.tsx?t=1787530428254:162
[   42873ms] [LOG]  @ http://restaurant21.lobytech.test:3002/src/components/Modal/Admin/Asistencia/index.tsx?t=1787530428254:163
[   42873ms] [LOG] 844 @ http://restaurant21.lobytech.test:3002/src/components/Modal/Admin/Asistencia/index.tsx?t=1787530428254:202
[   42873ms] [LOG] 390 @ http://restaurant21.lobytech.test:3002/src/components/Modal/Admin/Asistencia/index.tsx?t=1787530428254:203
[   42874ms] [LOG] [] @ http://restaurant21.lobytech.test:3002/src/components/Modal/Admin/Fichas/index.tsx?t=1787493067224:37
[   42874ms] [LOG] [] @ http://restaurant21.lobytech.test:3002/src/components/Modal/Admin/Fichas/index.tsx?t=1787493067224:38
[   42875ms] [LOG] null @ http://restaurant21.lobytech.test:3002/src/components/Modal/Admin/Fichas/index.tsx?t=1787493067224:39
[   42875ms] [LOG] 844 @ http://restaurant21.lobytech.test:3002/src/components/Modal/Admin/Fichas/index.tsx?t=1787493067224:47
[   42875ms] [LOG] 844 @ http://restaurant21.lobytech.test:3002/src/components/Modal/Admin/Fichas/index.tsx?t=1787493067224:48
[   42961ms] [ERROR] Failed to load resource: the server responded with a status of 500 (Internal Server Error) @ http://localhost:5002/api/facturacion/listar-fichas?fecha=23/08/2026:0
[   42962ms] [LOG] AxiosError @ http://restaurant21.lobytech.test:3002/src/utils/axios.ts:19
[   42963ms] [LOG] AxiosError @ http://restaurant21.lobytech.test:3002/src/redux/reducers/Admin/asistencia/asistencia.reducer.ts:374
[   42965ms] [LOG] [] @ http://restaurant21.lobytech.test:3002/src/presentation/views/Modules/Admin/Views/Asistencia/index.tsx?t=1787530514201:46
[   42966ms] [LOG] Sun Aug 23 2026 00:00:00 GMT-0500 (hora estándar de Perú) @ http://restaurant21.lobytech.test:3002/src/presentation/views/Modules/Admin/Views/Asistencia/index.tsx?t=1787530514201:115
[   42966ms] [LOG] {turno: Turno Especial, diaSemana: 0} @ http://restaurant21.lobytech.test:3002/src/presentation/views/Modules/Admin/Views/Asistencia/index.tsx?t=1787530514201:129
[   42966ms] [LOG] Sun Aug 23 2026 00:00:00 GMT-0500 (hora estándar de Perú) @ http://restaurant21.lobytech.test:3002/src/presentation/views/Modules/Admin/Views/Asistencia/index.tsx?t=1787530514201:115
[   42967ms] [LOG] Sun Aug 23 2026 00:00:00 GMT-0500 (hora estándar de Perú) @ http://restaurant21.lobytech.test:3002/src/presentation/views/Modules/Admin/Views/Asistencia/index.tsx?t=1787530514201:115
[   42967ms] [LOG] [] @ http://restaurant21.lobytech.test:3002/src/presentation/views/Modules/Admin/Views/Asistencia/index.tsx?t=1787530514201:198
[   42968ms] [LOG] false @ http://restaurant21.lobytech.test:3002/src/components/Toggle/index.tsx:24
[   42968ms] [LOG] () => {
    if (diaSemana === 0) {
      setCheckedTurno(false);
    } else {
      setCheckedTurno(!isTurno);
    }
  } @ http://restaurant21.lobytech.test:3002/src/components/Toggle/index.tsx:25
[   42972ms] [LOG] null @ http://restaurant21.lobytech.test:3002/src/presentation/views/Modules/Admin/Views/Asistencia/Dropdown/index.tsx?t=1787493067224:68
[   42973ms] [LOG] null @ http://restaurant21.lobytech.test:3002/src/presentation/views/Modules/Admin/Views/Asistencia/Dropdown/index.tsx?t=1787493067224:68
[   42974ms] [LOG] null @ http://restaurant21.lobytech.test:3002/src/presentation/views/Modules/Admin/Views/Asistencia/Dropdown/index.tsx?t=1787493067224:68
[   42975ms] [LOG] null @ http://restaurant21.lobytech.test:3002/src/presentation/views/Modules/Admin/Views/Asistencia/Dropdown/index.tsx?t=1787493067224:68
[   42976ms] [LOG] null @ http://restaurant21.lobytech.test:3002/src/presentation/views/Modules/Admin/Views/Asistencia/Dropdown/index.tsx?t=1787493067224:68
[   42977ms] [LOG] null @ http://restaurant21.lobytech.test:3002/src/presentation/views/Modules/Admin/Views/Asistencia/Dropdown/index.tsx?t=1787493067224:68
[   42979ms] [LOG] null @ http://restaurant21.lobytech.test:3002/src/presentation/views/Modules/Admin/Views/Asistencia/Dropdown/index.tsx?t=1787493067224:68
[   42980ms] [LOG] null @ http://restaurant21.lobytech.test:3002/src/presentation/views/Modules/Admin/Views/Asistencia/Dropdown/index.tsx?t=1787493067224:68
[   42981ms] [LOG] null @ http://restaurant21.lobytech.test:3002/src/presentation/views/Modules/Admin/Views/Asistencia/Dropdown/index.tsx?t=1787493067224:68
[   42982ms] [LOG] null @ http://restaurant21.lobytech.test:3002/src/presentation/views/Modules/Admin/Views/Asistencia/Dropdown/index.tsx?t=1787493067224:68
[   42983ms] [LOG] null @ http://restaurant21.lobytech.test:3002/src/presentation/views/Modules/Admin/Views/Asistencia/Dropdown/index.tsx?t=1787493067224:68
[   42984ms] [LOG] null @ http://restaurant21.lobytech.test:3002/src/presentation/views/Modules/Admin/Views/Asistencia/Dropdown/index.tsx?t=1787493067224:68
[   42984ms] [LOG] null @ http://restaurant21.lobytech.test:3002/src/presentation/views/Modules/Admin/Views/Asistencia/Dropdown/index.tsx?t=1787493067224:68
[   42985ms] [LOG] null @ http://restaurant21.lobytech.test:3002/src/presentation/views/Modules/Admin/Views/Asistencia/Dropdown/index.tsx?t=1787493067224:68
[   42986ms] [LOG] null @ http://restaurant21.lobytech.test:3002/src/presentation/views/Modules/Admin/Views/Asistencia/Dropdown/index.tsx?t=1787493067224:68
[   42986ms] [LOG] null @ http://restaurant21.lobytech.test:3002/src/presentation/views/Modules/Admin/Views/Asistencia/Dropdown/index.tsx?t=1787493067224:68
[   42987ms] [LOG] null @ http://restaurant21.lobytech.test:3002/src/presentation/views/Modules/Admin/Views/Asistencia/Dropdown/index.tsx?t=1787493067224:68
[   42988ms] [LOG] null @ http://restaurant21.lobytech.test:3002/src/presentation/views/Modules/Admin/Views/Asistencia/Dropdown/index.tsx?t=1787493067224:68
[   42988ms] [LOG] null @ http://restaurant21.lobytech.test:3002/src/presentation/views/Modules/Admin/Views/Asistencia/Dropdown/index.tsx?t=1787493067224:68
[   42989ms] [LOG] null @ http://restaurant21.lobytech.test:3002/src/presentation/views/Modules/Admin/Views/Asistencia/Dropdown/index.tsx?t=1787493067224:68
[   42989ms] [LOG] null @ http://restaurant21.lobytech.test:3002/src/presentation/views/Modules/Admin/Views/Asistencia/Dropdown/index.tsx?t=1787493067224:68
[   42989ms] [LOG] null @ http://restaurant21.lobytech.test:3002/src/presentation/views/Modules/Admin/Views/Asistencia/Dropdown/index.tsx?t=1787493067224:68
[   42990ms] [LOG] null @ http://restaurant21.lobytech.test:3002/src/presentation/views/Modules/Admin/Views/Asistencia/Dropdown/index.tsx?t=1787493067224:68
[   42990ms] [LOG] null @ http://restaurant21.lobytech.test:3002/src/presentation/views/Modules/Admin/Views/Asistencia/Dropdown/index.tsx?t=1787493067224:68
[   42990ms] [LOG] null @ http://restaurant21.lobytech.test:3002/src/presentation/views/Modules/Admin/Views/Asistencia/Dropdown/index.tsx?t=1787493067224:68
[   42991ms] [LOG] null @ http://restaurant21.lobytech.test:3002/src/presentation/views/Modules/Admin/Views/Asistencia/Dropdown/index.tsx?t=1787493067224:68
[   42991ms] [LOG] null @ http://restaurant21.lobytech.test:3002/src/presentation/views/Modules/Admin/Views/Asistencia/Dropdown/index.tsx?t=1787493067224:68
[   42991ms] [LOG] null @ http://restaurant21.lobytech.test:3002/src/presentation/views/Modules/Admin/Views/Asistencia/Dropdown/index.tsx?t=1787493067224:68
[   42992ms] [LOG] null @ http://restaurant21.lobytech.test:3002/src/presentation/views/Modules/Admin/Views/Asistencia/Dropdown/index.tsx?t=1787493067224:68
[   42992ms] [LOG] null @ http://restaurant21.lobytech.test:3002/src/presentation/views/Modules/Admin/Views/Asistencia/Dropdown/index.tsx?t=1787493067224:68
[   42993ms] [LOG] null @ http://restaurant21.lobytech.test:3002/src/presentation/views/Modules/Admin/Views/Asistencia/Dropdown/index.tsx?t=1787493067224:68
[   42996ms] [LOG] null @ http://restaurant21.lobytech.test:3002/src/presentation/views/Modules/Admin/Views/Asistencia/Dropdown/index.tsx?t=1787493067224:68
[   42997ms] [LOG] null @ http://restaurant21.lobytech.test:3002/src/presentation/views/Modules/Admin/Views/Asistencia/Dropdown/index.tsx?t=1787493067224:68
[   42998ms] [LOG] null @ http://restaurant21.lobytech.test:3002/src/presentation/views/Modules/Admin/Views/Asistencia/Dropdown/index.tsx?t=1787493067224:68
[   43000ms] [LOG] null @ http://restaurant21.lobytech.test:3002/src/presentation/views/Modules/Admin/Views/Asistencia/Dropdown/index.tsx?t=1787493067224:68
[   43000ms] [LOG] null @ http://restaurant21.lobytech.test:3002/src/presentation/views/Modules/Admin/Views/Asistencia/Dropdown/index.tsx?t=1787493067224:68
[   43001ms] [LOG] null @ http://restaurant21.lobytech.test:3002/src/presentation/views/Modules/Admin/Views/Asistencia/Dropdown/index.tsx?t=1787493067224:68
[   43001ms] [LOG] null @ http://restaurant21.lobytech.test:3002/src/presentation/views/Modules/Admin/Views/Asistencia/Dropdown/index.tsx?t=1787493067224:68
[   43002ms] [LOG] null @ http://restaurant21.lobytech.test:3002/src/presentation/views/Modules/Admin/Views/Asistencia/Dropdown/index.tsx?t=1787493067224:68
[   43002ms] [LOG] null @ http://restaurant21.lobytech.test:3002/src/presentation/views/Modules/Admin/Views/Asistencia/Dropdown/index.tsx?t=1787493067224:68
[   43002ms] [LOG] null @ http://restaurant21.lobytech.test:3002/src/presentation/views/Modules/Admin/Views/Asistencia/Dropdown/index.tsx?t=1787493067224:68
[   43003ms] [LOG] null @ http://restaurant21.lobytech.test:3002/src/presentation/views/Modules/Admin/Views/Asistencia/Dropdown/index.tsx?t=1787493067224:68
[   43003ms] [LOG] null @ http://restaurant21.lobytech.test:3002/src/presentation/views/Modules/Admin/Views/Asistencia/Dropdown/index.tsx?t=1787493067224:68
[   43003ms] [LOG] null @ http://restaurant21.lobytech.test:3002/src/presentation/views/Modules/Admin/Views/Asistencia/Dropdown/index.tsx?t=1787493067224:68
[   43004ms] [LOG] null @ http://restaurant21.lobytech.test:3002/src/presentation/views/Modules/Admin/Views/Asistencia/Dropdown/index.tsx?t=1787493067224:68
[   43004ms] [LOG] null @ http://restaurant21.lobytech.test:3002/src/presentation/views/Modules/Admin/Views/Asistencia/Dropdown/index.tsx?t=1787493067224:68
[   43005ms] [LOG] null @ http://restaurant21.lobytech.test:3002/src/presentation/views/Modules/Admin/Views/Asistencia/Dropdown/index.tsx?t=1787493067224:68
[   43005ms] [LOG] null @ http://restaurant21.lobytech.test:3002/src/presentation/views/Modules/Admin/Views/Asistencia/Dropdown/index.tsx?t=1787493067224:68
[   43005ms] [LOG] null @ http://restaurant21.lobytech.test:3002/src/presentation/views/Modules/Admin/Views/Asistencia/Dropdown/index.tsx?t=1787493067224:68
[   43006ms] [LOG] null @ http://restaurant21.lobytech.test:3002/src/presentation/views/Modules/Admin/Views/Asistencia/Dropdown/index.tsx?t=1787493067224:68
[   43006ms] [LOG] null @ http://restaurant21.lobytech.test:3002/src/presentation/views/Modules/Admin/Views/Asistencia/Dropdown/index.tsx?t=1787493067224:68
[   43006ms] [LOG] null @ http://restaurant21.lobytech.test:3002/src/presentation/views/Modules/Admin/Views/Asistencia/Dropdown/index.tsx?t=1787493067224:68
[   43007ms] [LOG] null @ http://restaurant21.lobytech.test:3002/src/presentation/views/Modules/Admin/Views/Asistencia/Dropdown/index.tsx?t=1787493067224:68
[   43007ms] [LOG] null @ http://restaurant21.lobytech.test:3002/src/presentation/views/Modules/Admin/Views/Asistencia/Dropdown/index.tsx?t=1787493067224:68
[   43007ms] [LOG] null @ http://restaurant21.lobytech.test:3002/src/presentation/views/Modules/Admin/Views/Asistencia/Dropdown/index.tsx?t=1787493067224:68
[   43008ms] [LOG] null @ http://restaurant21.lobytech.test:3002/src/presentation/views/Modules/Admin/Views/Asistencia/Dropdown/index.tsx?t=1787493067224:68
[   43008ms] [LOG] null @ http://restaurant21.lobytech.test:3002/src/presentation/views/Modules/Admin/Views/Asistencia/Dropdown/index.tsx?t=1787493067224:68
[   43009ms] [LOG] null @ http://restaurant21.lobytech.test:3002/src/presentation/views/Modules/Admin/Views/Asistencia/Dropdown/index.tsx?t=1787493067224:68
[   43010ms] [LOG] null @ http://restaurant21.lobytech.test:3002/src/presentation/views/Modules/Admin/Views/Asistencia/Dropdown/index.tsx?t=1787493067224:68
[   43010ms] [LOG] null @ http://restaurant21.lobytech.test:3002/src/presentation/views/Modules/Admin/Views/Asistencia/Dropdown/index.tsx?t=1787493067224:68
[   43010ms] [LOG] null @ http://restaurant21.lobytech.test:3002/src/presentation/views/Modules/Admin/Views/Asistencia/Dropdown/index.tsx?t=1787493067224:68
[   43011ms] [LOG] null @ http://restaurant21.lobytech.test:3002/src/presentation/views/Modules/Admin/Views/Asistencia/Dropdown/index.tsx?t=1787493067224:68
[   43012ms] [LOG] null @ http://restaurant21.lobytech.test:3002/src/presentation/views/Modules/Admin/Views/Asistencia/Dropdown/index.tsx?t=1787493067224:68
[   43013ms] [LOG] null @ http://restaurant21.lobytech.test:3002/src/presentation/views/Modules/Admin/Views/Asistencia/Dropdown/index.tsx?t=1787493067224:68
[   43014ms] [LOG] null @ http://restaurant21.lobytech.test:3002/src/presentation/views/Modules/Admin/Views/Asistencia/Dropdown/index.tsx?t=1787493067224:68
[   43016ms] [LOG] null @ http://restaurant21.lobytech.test:3002/src/presentation/views/Modules/Admin/Views/Asistencia/Dropdown/index.tsx?t=1787493067224:68
[   43016ms] [LOG] [Object, Object, Object, Object, Object, Object, Object, Object, Object, Object, Object, Object, Object, Object, Object, Object, Object, Object, Object, Object, Object, Object, Object, Object, Object, Object, Object, Object, Object, Object, Object, Object, Object, Object, Object, Object, Object, Object, Object, Object, Object, Object, Object, Object, Object, Object, Object, Object, Object, Object, Object, Object, Object, Object, Object, Object, Object, Object, Object, Object, Object, Object, Object, Object, Object, Object] @ http://restaurant21.lobytech.test:3002/src/components/Modal/Admin/Asistencia/index.tsx?t=1787530428254:43
[   43017ms] [LOG] [] @ http://restaurant21.lobytech.test:3002/src/components/Modal/Admin/Asistencia/index.tsx?t=1787530428254:50
[   43018ms] [LOG] Sun Aug 23 2026 00:00:00 GMT-0500 (hora estándar de Perú) @ http://restaurant21.lobytech.test:3002/src/components/Modal/Admin/Asistencia/index.tsx?t=1787530428254:79
[   43018ms] [LOG] 1 @ http://restaurant21.lobytech.test:3002/src/components/Modal/Admin/Asistencia/index.tsx?t=1787530428254:95
[   43018ms] [LOG] {habitacionId: 0, habitacion: , anfitrionaId: 0, anfitriona: , turno: } @ http://restaurant21.lobytech.test:3002/src/components/Modal/Admin/Asistencia/index.tsx?t=1787530428254:108
[   43018ms] [LOG] [] @ http://restaurant21.lobytech.test:3002/src/components/Modal/Admin/Asistencia/index.tsx?t=1787530428254:110
[   43019ms] [LOG] 0 @ http://restaurant21.lobytech.test:3002/src/components/Modal/Admin/Asistencia/index.tsx?t=1787530428254:126
[   43019ms] [LOG] undefined @ http://restaurant21.lobytech.test:3002/src/components/Modal/Admin/Asistencia/index.tsx?t=1787530428254:162
[   43019ms] [LOG]  @ http://restaurant21.lobytech.test:3002/src/components/Modal/Admin/Asistencia/index.tsx?t=1787530428254:163
[   43020ms] [LOG] 844 @ http://restaurant21.lobytech.test:3002/src/components/Modal/Admin/Asistencia/index.tsx?t=1787530428254:202
[   43020ms] [LOG] 390 @ http://restaurant21.lobytech.test:3002/src/components/Modal/Admin/Asistencia/index.tsx?t=1787530428254:203
[   43021ms] [LOG] [] @ http://restaurant21.lobytech.test:3002/src/components/Modal/Admin/Fichas/index.tsx?t=1787493067224:37
[   43022ms] [LOG] [] @ http://restaurant21.lobytech.test:3002/src/components/Modal/Admin/Fichas/index.tsx?t=1787493067224:38
[   43022ms] [LOG] null @ http://restaurant21.lobytech.test:3002/src/components/Modal/Admin/Fichas/index.tsx?t=1787493067224:39
[   43022ms] [LOG] 844 @ http://restaurant21.lobytech.test:3002/src/components/Modal/Admin/Fichas/index.tsx?t=1787493067224:47
[   43023ms] [LOG] 844 @ http://restaurant21.lobytech.test:3002/src/components/Modal/Admin/Fichas/index.tsx?t=1787493067224:48
[   43198ms] [LOG] {code: 1, message: Success, data: Array(0), status: 200} @ http://restaurant21.lobytech.test:3002/src/redux/reducers/Admin/asistencia/asistencia.reducer.ts:196
[   43200ms] [LOG] [] @ http://restaurant21.lobytech.test:3002/src/presentation/views/Modules/Admin/Views/Asistencia/index.tsx?t=1787530514201:46
[   43200ms] [LOG] Sun Aug 23 2026 00:00:00 GMT-0500 (hora estándar de Perú) @ http://restaurant21.lobytech.test:3002/src/presentation/views/Modules/Admin/Views/Asistencia/index.tsx?t=1787530514201:115
[   43201ms] [LOG] {turno: Turno Especial, diaSemana: 0} @ http://restaurant21.lobytech.test:3002/src/presentation/views/Modules/Admin/Views/Asistencia/index.tsx?t=1787530514201:129
[   43201ms] [LOG] Sun Aug 23 2026 00:00:00 GMT-0500 (hora estándar de Perú) @ http://restaurant21.lobytech.test:3002/src/presentation/views/Modules/Admin/Views/Asistencia/index.tsx?t=1787530514201:115
[   43201ms] [LOG] Sun Aug 23 2026 00:00:00 GMT-0500 (hora estándar de Perú) @ http://restaurant21.lobytech.test:3002/src/presentation/views/Modules/Admin/Views/Asistencia/index.tsx?t=1787530514201:115
[   43201ms] [LOG] [] @ http://restaurant21.lobytech.test:3002/src/presentation/views/Modules/Admin/Views/Asistencia/index.tsx?t=1787530514201:198
[   43202ms] [LOG] false @ http://restaurant21.lobytech.test:3002/src/components/Toggle/index.tsx:24
[   43202ms] [LOG] () => {
    if (diaSemana === 0) {
      setCheckedTurno(false);
    } else {
      setCheckedTurno(!isTurno);
    }
  } @ http://restaurant21.lobytech.test:3002/src/components/Toggle/index.tsx:25
[   43203ms] [LOG] null @ http://restaurant21.lobytech.test:3002/src/presentation/views/Modules/Admin/Views/Asistencia/Dropdown/index.tsx?t=1787493067224:68
[   43204ms] [LOG] null @ http://restaurant21.lobytech.test:3002/src/presentation/views/Modules/Admin/Views/Asistencia/Dropdown/index.tsx?t=1787493067224:68
[   43204ms] [LOG] null @ http://restaurant21.lobytech.test:3002/src/presentation/views/Modules/Admin/Views/Asistencia/Dropdown/index.tsx?t=1787493067224:68
[   43205ms] [LOG] null @ http://restaurant21.lobytech.test:3002/src/presentation/views/Modules/Admin/Views/Asistencia/Dropdown/index.tsx?t=1787493067224:68
[   43205ms] [LOG] null @ http://restaurant21.lobytech.test:3002/src/presentation/views/Modules/Admin/Views/Asistencia/Dropdown/index.tsx?t=1787493067224:68
[   43205ms] [LOG] null @ http://restaurant21.lobytech.test:3002/src/presentation/views/Modules/Admin/Views/Asistencia/Dropdown/index.tsx?t=1787493067224:68
[   43206ms] [LOG] null @ http://restaurant21.lobytech.test:3002/src/presentation/views/Modules/Admin/Views/Asistencia/Dropdown/index.tsx?t=1787493067224:68
[   43206ms] [LOG] null @ http://restaurant21.lobytech.test:3002/src/presentation/views/Modules/Admin/Views/Asistencia/Dropdown/index.tsx?t=1787493067224:68
[   43207ms] [LOG] null @ http://restaurant21.lobytech.test:3002/src/presentation/views/Modules/Admin/Views/Asistencia/Dropdown/index.tsx?t=1787493067224:68
[   43208ms] [LOG] null @ http://restaurant21.lobytech.test:3002/src/presentation/views/Modules/Admin/Views/Asistencia/Dropdown/index.tsx?t=1787493067224:68
[   43208ms] [LOG] null @ http://restaurant21.lobytech.test:3002/src/presentation/views/Modules/Admin/Views/Asistencia/Dropdown/index.tsx?t=1787493067224:68
[   43208ms] [LOG] null @ http://restaurant21.lobytech.test:3002/src/presentation/views/Modules/Admin/Views/Asistencia/Dropdown/index.tsx?t=1787493067224:68
[   43209ms] [LOG] null @ http://restaurant21.lobytech.test:3002/src/presentation/views/Modules/Admin/Views/Asistencia/Dropdown/index.tsx?t=1787493067224:68
[   43210ms] [LOG] null @ http://restaurant21.lobytech.test:3002/src/presentation/views/Modules/Admin/Views/Asistencia/Dropdown/index.tsx?t=1787493067224:68
[   43210ms] [LOG] null @ http://restaurant21.lobytech.test:3002/src/presentation/views/Modules/Admin/Views/Asistencia/Dropdown/index.tsx?t=1787493067224:68
[   43210ms] [LOG] null @ http://restaurant21.lobytech.test:3002/src/presentation/views/Modules/Admin/Views/Asistencia/Dropdown/index.tsx?t=1787493067224:68
[   43211ms] [LOG] null @ http://restaurant21.lobytech.test:3002/src/presentation/views/Modules/Admin/Views/Asistencia/Dropdown/index.tsx?t=1787493067224:68
[   43212ms] [LOG] null @ http://restaurant21.lobytech.test:3002/src/presentation/views/Modules/Admin/Views/Asistencia/Dropdown/index.tsx?t=1787493067224:68
[   43213ms] [LOG] null @ http://restaurant21.lobytech.test:3002/src/presentation/views/Modules/Admin/Views/Asistencia/Dropdown/index.tsx?t=1787493067224:68
[   43215ms] [LOG] null @ http://restaurant21.lobytech.test:3002/src/presentation/views/Modules/Admin/Views/Asistencia/Dropdown/index.tsx?t=1787493067224:68
[   43215ms] [LOG] null @ http://restaurant21.lobytech.test:3002/src/presentation/views/Modules/Admin/Views/Asistencia/Dropdown/index.tsx?t=1787493067224:68
[   43216ms] [LOG] null @ http://restaurant21.lobytech.test:3002/src/presentation/views/Modules/Admin/Views/Asistencia/Dropdown/index.tsx?t=1787493067224:68
[   43216ms] [LOG] null @ http://restaurant21.lobytech.test:3002/src/presentation/views/Modules/Admin/Views/Asistencia/Dropdown/index.tsx?t=1787493067224:68
[   43217ms] [LOG] null @ http://restaurant21.lobytech.test:3002/src/presentation/views/Modules/Admin/Views/Asistencia/Dropdown/index.tsx?t=1787493067224:68
[   43217ms] [LOG] null @ http://restaurant21.lobytech.test:3002/src/presentation/views/Modules/Admin/Views/Asistencia/Dropdown/index.tsx?t=1787493067224:68
[   43218ms] [LOG] null @ http://restaurant21.lobytech.test:3002/src/presentation/views/Modules/Admin/Views/Asistencia/Dropdown/index.tsx?t=1787493067224:68
[   43219ms] [LOG] null @ http://restaurant21.lobytech.test:3002/src/presentation/views/Modules/Admin/Views/Asistencia/Dropdown/index.tsx?t=1787493067224:68
[   43220ms] [LOG] null @ http://restaurant21.lobytech.test:3002/src/presentation/views/Modules/Admin/Views/Asistencia/Dropdown/index.tsx?t=1787493067224:68
[   43221ms] [LOG] null @ http://restaurant21.lobytech.test:3002/src/presentation/views/Modules/Admin/Views/Asistencia/Dropdown/index.tsx?t=1787493067224:68
[   43222ms] [LOG] null @ http://restaurant21.lobytech.test:3002/src/presentation/views/Modules/Admin/Views/Asistencia/Dropdown/index.tsx?t=1787493067224:68
[   43222ms] [LOG] null @ http://restaurant21.lobytech.test:3002/src/presentation/views/Modules/Admin/Views/Asistencia/Dropdown/index.tsx?t=1787493067224:68
[   43223ms] [LOG] null @ http://restaurant21.lobytech.test:3002/src/presentation/views/Modules/Admin/Views/Asistencia/Dropdown/index.tsx?t=1787493067224:68
[   43224ms] [LOG] null @ http://restaurant21.lobytech.test:3002/src/presentation/views/Modules/Admin/Views/Asistencia/Dropdown/index.tsx?t=1787493067224:68
[   43224ms] [LOG] null @ http://restaurant21.lobytech.test:3002/src/presentation/views/Modules/Admin/Views/Asistencia/Dropdown/index.tsx?t=1787493067224:68
[   43225ms] [LOG] null @ http://restaurant21.lobytech.test:3002/src/presentation/views/Modules/Admin/Views/Asistencia/Dropdown/index.tsx?t=1787493067224:68
[   43225ms] [LOG] null @ http://restaurant21.lobytech.test:3002/src/presentation/views/Modules/Admin/Views/Asistencia/Dropdown/index.tsx?t=1787493067224:68
[   43226ms] [LOG] null @ http://restaurant21.lobytech.test:3002/src/presentation/views/Modules/Admin/Views/Asistencia/Dropdown/index.tsx?t=1787493067224:68
[   43226ms] [LOG] null @ http://restaurant21.lobytech.test:3002/src/presentation/views/Modules/Admin/Views/Asistencia/Dropdown/index.tsx?t=1787493067224:68
[   43227ms] [LOG] null @ http://restaurant21.lobytech.test:3002/src/presentation/views/Modules/Admin/Views/Asistencia/Dropdown/index.tsx?t=1787493067224:68
[   43227ms] [LOG] null @ http://restaurant21.lobytech.test:3002/src/presentation/views/Modules/Admin/Views/Asistencia/Dropdown/index.tsx?t=1787493067224:68
[   43227ms] [LOG] null @ http://restaurant21.lobytech.test:3002/src/presentation/views/Modules/Admin/Views/Asistencia/Dropdown/index.tsx?t=1787493067224:68
[   43228ms] [LOG] null @ http://restaurant21.lobytech.test:3002/src/presentation/views/Modules/Admin/Views/Asistencia/Dropdown/index.tsx?t=1787493067224:68
[   43228ms] [LOG] null @ http://restaurant21.lobytech.test:3002/src/presentation/views/Modules/Admin/Views/Asistencia/Dropdown/index.tsx?t=1787493067224:68
[   43228ms] [LOG] null @ http://restaurant21.lobytech.test:3002/src/presentation/views/Modules/Admin/Views/Asistencia/Dropdown/index.tsx?t=1787493067224:68
[   43229ms] [LOG] null @ http://restaurant21.lobytech.test:3002/src/presentation/views/Modules/Admin/Views/Asistencia/Dropdown/index.tsx?t=1787493067224:68
[   43230ms] [LOG] null @ http://restaurant21.lobytech.test:3002/src/presentation/views/Modules/Admin/Views/Asistencia/Dropdown/index.tsx?t=1787493067224:68
[   43233ms] [LOG] null @ http://restaurant21.lobytech.test:3002/src/presentation/views/Modules/Admin/Views/Asistencia/Dropdown/index.tsx?t=1787493067224:68
[   43234ms] [LOG] null @ http://restaurant21.lobytech.test:3002/src/presentation/views/Modules/Admin/Views/Asistencia/Dropdown/index.tsx?t=1787493067224:68
[   43236ms] [LOG] null @ http://restaurant21.lobytech.test:3002/src/presentation/views/Modules/Admin/Views/Asistencia/Dropdown/index.tsx?t=1787493067224:68
[   43236ms] [LOG] null @ http://restaurant21.lobytech.test:3002/src/presentation/views/Modules/Admin/Views/Asistencia/Dropdown/index.tsx?t=1787493067224:68
[   43236ms] [LOG] null @ http://restaurant21.lobytech.test:3002/src/presentation/views/Modules/Admin/Views/Asistencia/Dropdown/index.tsx?t=1787493067224:68
[   43237ms] [LOG] null @ http://restaurant21.lobytech.test:3002/src/presentation/views/Modules/Admin/Views/Asistencia/Dropdown/index.tsx?t=1787493067224:68
[   43237ms] [LOG] null @ http://restaurant21.lobytech.test:3002/src/presentation/views/Modules/Admin/Views/Asistencia/Dropdown/index.tsx?t=1787493067224:68
[   43238ms] [LOG] null @ http://restaurant21.lobytech.test:3002/src/presentation/views/Modules/Admin/Views/Asistencia/Dropdown/index.tsx?t=1787493067224:68
[   43239ms] [LOG] null @ http://restaurant21.lobytech.test:3002/src/presentation/views/Modules/Admin/Views/Asistencia/Dropdown/index.tsx?t=1787493067224:68
[   43239ms] [LOG] null @ http://restaurant21.lobytech.test:3002/src/presentation/views/Modules/Admin/Views/Asistencia/Dropdown/index.tsx?t=1787493067224:68
[   43240ms] [LOG] null @ http://restaurant21.lobytech.test:3002/src/presentation/views/Modules/Admin/Views/Asistencia/Dropdown/index.tsx?t=1787493067224:68
[   43241ms] [LOG] null @ http://restaurant21.lobytech.test:3002/src/presentation/views/Modules/Admin/Views/Asistencia/Dropdown/index.tsx?t=1787493067224:68
[   43242ms] [LOG] null @ http://restaurant21.lobytech.test:3002/src/presentation/views/Modules/Admin/Views/Asistencia/Dropdown/index.tsx?t=1787493067224:68
[   43243ms] [LOG] null @ http://restaurant21.lobytech.test:3002/src/presentation/views/Modules/Admin/Views/Asistencia/Dropdown/index.tsx?t=1787493067224:68
[   43244ms] [LOG] null @ http://restaurant21.lobytech.test:3002/src/presentation/views/Modules/Admin/Views/Asistencia/Dropdown/index.tsx?t=1787493067224:68
[   43244ms] [LOG] null @ http://restaurant21.lobytech.test:3002/src/presentation/views/Modules/Admin/Views/Asistencia/Dropdown/index.tsx?t=1787493067224:68
[   43245ms] [LOG] null @ http://restaurant21.lobytech.test:3002/src/presentation/views/Modules/Admin/Views/Asistencia/Dropdown/index.tsx?t=1787493067224:68
[   43246ms] [LOG] null @ http://restaurant21.lobytech.test:3002/src/presentation/views/Modules/Admin/Views/Asistencia/Dropdown/index.tsx?t=1787493067224:68
[   43247ms] [LOG] null @ http://restaurant21.lobytech.test:3002/src/presentation/views/Modules/Admin/Views/Asistencia/Dropdown/index.tsx?t=1787493067224:68
[   43248ms] [LOG] null @ http://restaurant21.lobytech.test:3002/src/presentation/views/Modules/Admin/Views/Asistencia/Dropdown/index.tsx?t=1787493067224:68
[   43248ms] [LOG] [Object, Object, Object, Object, Object, Object, Object, Object, Object, Object, Object, Object, Object, Object, Object, Object, Object, Object, Object, Object, Object, Object, Object, Object, Object, Object, Object, Object, Object, Object, Object, Object, Object, Object, Object, Object, Object, Object, Object, Object, Object, Object, Object, Object, Object, Object, Object, Object, Object, Object, Object, Object, Object, Object, Object, Object, Object, Object, Object, Object, Object, Object, Object, Object, Object, Object] @ http://restaurant21.lobytech.test:3002/src/components/Modal/Admin/Asistencia/index.tsx?t=1787530428254:43
[   43248ms] [LOG] [] @ http://restaurant21.lobytech.test:3002/src/components/Modal/Admin/Asistencia/index.tsx?t=1787530428254:50
[   43249ms] [LOG] Sun Aug 23 2026 00:00:00 GMT-0500 (hora estándar de Perú) @ http://restaurant21.lobytech.test:3002/src/components/Modal/Admin/Asistencia/index.tsx?t=1787530428254:79
[   43249ms] [LOG] 1 @ http://restaurant21.lobytech.test:3002/src/components/Modal/Admin/Asistencia/index.tsx?t=1787530428254:95
[   43249ms] [LOG] {habitacionId: 0, habitacion: , anfitrionaId: 0, anfitriona: , turno: } @ http://restaurant21.lobytech.test:3002/src/components/Modal/Admin/Asistencia/index.tsx?t=1787530428254:108
[   43249ms] [LOG] [] @ http://restaurant21.lobytech.test:3002/src/components/Modal/Admin/Asistencia/index.tsx?t=1787530428254:110
[   43249ms] [LOG] 0 @ http://restaurant21.lobytech.test:3002/src/components/Modal/Admin/Asistencia/index.tsx?t=1787530428254:126
[   43249ms] [LOG] undefined @ http://restaurant21.lobytech.test:3002/src/components/Modal/Admin/Asistencia/index.tsx?t=1787530428254:162
[   43249ms] [LOG]  @ http://restaurant21.lobytech.test:3002/src/components/Modal/Admin/Asistencia/index.tsx?t=1787530428254:163
[   43249ms] [LOG] 844 @ http://restaurant21.lobytech.test:3002/src/components/Modal/Admin/Asistencia/index.tsx?t=1787530428254:202
[   43249ms] [LOG] 390 @ http://restaurant21.lobytech.test:3002/src/components/Modal/Admin/Asistencia/index.tsx?t=1787530428254:203
[   43250ms] [LOG] [] @ http://restaurant21.lobytech.test:3002/src/components/Modal/Admin/Fichas/index.tsx?t=1787493067224:37
[   43250ms] [LOG] [] @ http://restaurant21.lobytech.test:3002/src/components/Modal/Admin/Fichas/index.tsx?t=1787493067224:38
[   43250ms] [LOG] null @ http://restaurant21.lobytech.test:3002/src/components/Modal/Admin/Fichas/index.tsx?t=1787493067224:39
[   43251ms] [LOG] 844 @ http://restaurant21.lobytech.test:3002/src/components/Modal/Admin/Fichas/index.tsx?t=1787493067224:47
[   43251ms] [LOG] 844 @ http://restaurant21.lobytech.test:3002/src/components/Modal/Admin/Fichas/index.tsx?t=1787493067224:48
[   43388ms] [ERROR] Failed to load resource: the server responded with a status of 404 (Not Found) @ http://localhost:5002/api/productos/listar?CategoriaId=2&GrupoId=16&Value=&Page=1&Amount=100:0
[   43389ms] [LOG] AxiosError @ http://restaurant21.lobytech.test:3002/src/utils/axios.ts:19
[   43390ms] [LOG] AxiosError @ http://restaurant21.lobytech.test:3002/src/redux/reducers/Admin/productos/producto.reducer.ts:364
[   43392ms] [LOG] [Object, Object, Object, Object, Object, Object, Object, Object, Object, Object, Object, Object, Object, Object, Object, Object, Object, Object, Object, Object, Object, Object, Object, Object, Object, Object, Object, Object, Object, Object, Object, Object, Object, Object, Object, Object, Object, Object, Object, Object, Object, Object, Object, Object, Object, Object, Object, Object, Object, Object, Object, Object, Object, Object, Object, Object, Object, Object, Object, Object, Object, Object, Object, Object, Object, Object] @ http://restaurant21.lobytech.test:3002/src/components/Modal/Admin/Asistencia/index.tsx?t=1787530428254:43
[   43392ms] [LOG] [] @ http://restaurant21.lobytech.test:3002/src/components/Modal/Admin/Asistencia/index.tsx?t=1787530428254:50
[   43393ms] [LOG] Sun Aug 23 2026 00:00:00 GMT-0500 (hora estándar de Perú) @ http://restaurant21.lobytech.test:3002/src/components/Modal/Admin/Asistencia/index.tsx?t=1787530428254:79
[   43393ms] [LOG] 1 @ http://restaurant21.lobytech.test:3002/src/components/Modal/Admin/Asistencia/index.tsx?t=1787530428254:95
[   43393ms] [LOG] {habitacionId: 0, habitacion: , anfitrionaId: 0, anfitriona: , turno: } @ http://restaurant21.lobytech.test:3002/src/components/Modal/Admin/Asistencia/index.tsx?t=1787530428254:108
[   43393ms] [LOG] [] @ http://restaurant21.lobytech.test:3002/src/components/Modal/Admin/Asistencia/index.tsx?t=1787530428254:110
[   43394ms] [LOG] 0 @ http://restaurant21.lobytech.test:3002/src/components/Modal/Admin/Asistencia/index.tsx?t=1787530428254:126
[   43394ms] [LOG] undefined @ http://restaurant21.lobytech.test:3002/src/components/Modal/Admin/Asistencia/index.tsx?t=1787530428254:162
[   43394ms] [LOG]  @ http://restaurant21.lobytech.test:3002/src/components/Modal/Admin/Asistencia/index.tsx?t=1787530428254:163
[   43394ms] [LOG] 844 @ http://restaurant21.lobytech.test:3002/src/components/Modal/Admin/Asistencia/index.tsx?t=1787530428254:202
[   43394ms] [LOG] 390 @ http://restaurant21.lobytech.test:3002/src/components/Modal/Admin/Asistencia/index.tsx?t=1787530428254:203
[   43404ms] [LOG] {code: 1, message: Success, data: Object, status: 200} @ http://restaurant21.lobytech.test:3002/src/redux/reducers/Admin/clientes-proveedores/clientesProveedoresAnfitrionas.reducer.ts:250
[   43405ms] [LOG] [Object, Object, Object, Object, Object, Object, Object, Object, Object, Object, Object, Object, Object, Object, Object, Object, Object, Object, Object, Object, Object, Object, Object, Object, Object, Object, Object, Object, Object, Object, Object, Object, Object, Object, Object, Object, Object, Object, Object, Object, Object, Object, Object, Object, Object, Object, Object, Object, Object, Object, Object, Object, Object, Object, Object, Object, Object, Object, Object, Object, Object, Object, Object, Object, Object, Object] @ http://restaurant21.lobytech.test:3002/src/components/Modal/Admin/Asistencia/index.tsx?t=1787530428254:43
[   43406ms] [LOG] [] @ http://restaurant21.lobytech.test:3002/src/components/Modal/Admin/Asistencia/index.tsx?t=1787530428254:50
[   43407ms] [LOG] Sun Aug 23 2026 00:00:00 GMT-0500 (hora estándar de Perú) @ http://restaurant21.lobytech.test:3002/src/components/Modal/Admin/Asistencia/index.tsx?t=1787530428254:79
[   43407ms] [LOG] 1 @ http://restaurant21.lobytech.test:3002/src/components/Modal/Admin/Asistencia/index.tsx?t=1787530428254:95
[   43407ms] [LOG] {habitacionId: 0, habitacion: , anfitrionaId: 0, anfitriona: , turno: } @ http://restaurant21.lobytech.test:3002/src/components/Modal/Admin/Asistencia/index.tsx?t=1787530428254:108
[   43408ms] [LOG] [] @ http://restaurant21.lobytech.test:3002/src/components/Modal/Admin/Asistencia/index.tsx?t=1787530428254:110
[   43408ms] [LOG] 0 @ http://restaurant21.lobytech.test:3002/src/components/Modal/Admin/Asistencia/index.tsx?t=1787530428254:126
[   43409ms] [LOG] undefined @ http://restaurant21.lobytech.test:3002/src/components/Modal/Admin/Asistencia/index.tsx?t=1787530428254:162
[   43410ms] [LOG]  @ http://restaurant21.lobytech.test:3002/src/components/Modal/Admin/Asistencia/index.tsx?t=1787530428254:163
[   43410ms] [LOG] 844 @ http://restaurant21.lobytech.test:3002/src/components/Modal/Admin/Asistencia/index.tsx?t=1787530428254:202
[   43410ms] [LOG] 390 @ http://restaurant21.lobytech.test:3002/src/components/Modal/Admin/Asistencia/index.tsx?t=1787530428254:203
[   43600ms] [LOG] {code: 1, message: Success, data: Array(66), status: 200} @ http://restaurant21.lobytech.test:3002/src/redux/reducers/Admin/asistencia/asistencia.reducer.ts:222
[   43602ms] [LOG] [] @ http://restaurant21.lobytech.test:3002/src/presentation/views/Modules/Admin/Views/Asistencia/index.tsx?t=1787530514201:46
[   43602ms] [LOG] Sun Aug 23 2026 00:00:00 GMT-0500 (hora estándar de Perú) @ http://restaurant21.lobytech.test:3002/src/presentation/views/Modules/Admin/Views/Asistencia/index.tsx?t=1787530514201:115
[   43603ms] [LOG] {turno: Turno Especial, diaSemana: 0} @ http://restaurant21.lobytech.test:3002/src/presentation/views/Modules/Admin/Views/Asistencia/index.tsx?t=1787530514201:129
[   43603ms] [LOG] Sun Aug 23 2026 00:00:00 GMT-0500 (hora estándar de Perú) @ http://restaurant21.lobytech.test:3002/src/presentation/views/Modules/Admin/Views/Asistencia/index.tsx?t=1787530514201:115
[   43603ms] [LOG] Sun Aug 23 2026 00:00:00 GMT-0500 (hora estándar de Perú) @ http://restaurant21.lobytech.test:3002/src/presentation/views/Modules/Admin/Views/Asistencia/index.tsx?t=1787530514201:115
[   43603ms] [LOG] [] @ http://restaurant21.lobytech.test:3002/src/presentation/views/Modules/Admin/Views/Asistencia/index.tsx?t=1787530514201:198
[   43604ms] [LOG] false @ http://restaurant21.lobytech.test:3002/src/components/Toggle/index.tsx:24
[   43604ms] [LOG] () => {
    if (diaSemana === 0) {
      setCheckedTurno(false);
    } else {
      setCheckedTurno(!isTurno);
    }
  } @ http://restaurant21.lobytech.test:3002/src/components/Toggle/index.tsx:25
[   43607ms] [LOG] null @ http://restaurant21.lobytech.test:3002/src/presentation/views/Modules/Admin/Views/Asistencia/Dropdown/index.tsx?t=1787493067224:68
[   43607ms] [LOG] null @ http://restaurant21.lobytech.test:3002/src/presentation/views/Modules/Admin/Views/Asistencia/Dropdown/index.tsx?t=1787493067224:68
[   43608ms] [LOG] null @ http://restaurant21.lobytech.test:3002/src/presentation/views/Modules/Admin/Views/Asistencia/Dropdown/index.tsx?t=1787493067224:68
[   43609ms] [LOG] null @ http://restaurant21.lobytech.test:3002/src/presentation/views/Modules/Admin/Views/Asistencia/Dropdown/index.tsx?t=1787493067224:68
[   43610ms] [LOG] null @ http://restaurant21.lobytech.test:3002/src/presentation/views/Modules/Admin/Views/Asistencia/Dropdown/index.tsx?t=1787493067224:68
[   43610ms] [LOG] null @ http://restaurant21.lobytech.test:3002/src/presentation/views/Modules/Admin/Views/Asistencia/Dropdown/index.tsx?t=1787493067224:68
[   43611ms] [LOG] null @ http://restaurant21.lobytech.test:3002/src/presentation/views/Modules/Admin/Views/Asistencia/Dropdown/index.tsx?t=1787493067224:68
[   43613ms] [LOG] null @ http://restaurant21.lobytech.test:3002/src/presentation/views/Modules/Admin/Views/Asistencia/Dropdown/index.tsx?t=1787493067224:68
[   43614ms] [LOG] null @ http://restaurant21.lobytech.test:3002/src/presentation/views/Modules/Admin/Views/Asistencia/Dropdown/index.tsx?t=1787493067224:68
[   43615ms] [LOG] null @ http://restaurant21.lobytech.test:3002/src/presentation/views/Modules/Admin/Views/Asistencia/Dropdown/index.tsx?t=1787493067224:68
[   43616ms] [LOG] null @ http://restaurant21.lobytech.test:3002/src/presentation/views/Modules/Admin/Views/Asistencia/Dropdown/index.tsx?t=1787493067224:68
[   43618ms] [LOG] null @ http://restaurant21.lobytech.test:3002/src/presentation/views/Modules/Admin/Views/Asistencia/Dropdown/index.tsx?t=1787493067224:68
[   43620ms] [LOG] null @ http://restaurant21.lobytech.test:3002/src/presentation/views/Modules/Admin/Views/Asistencia/Dropdown/index.tsx?t=1787493067224:68
[   43620ms] [LOG] null @ http://restaurant21.lobytech.test:3002/src/presentation/views/Modules/Admin/Views/Asistencia/Dropdown/index.tsx?t=1787493067224:68
[   43621ms] [LOG] null @ http://restaurant21.lobytech.test:3002/src/presentation/views/Modules/Admin/Views/Asistencia/Dropdown/index.tsx?t=1787493067224:68
[   43621ms] [LOG] null @ http://restaurant21.lobytech.test:3002/src/presentation/views/Modules/Admin/Views/Asistencia/Dropdown/index.tsx?t=1787493067224:68
[   43622ms] [LOG] null @ http://restaurant21.lobytech.test:3002/src/presentation/views/Modules/Admin/Views/Asistencia/Dropdown/index.tsx?t=1787493067224:68
[   43622ms] [LOG] null @ http://restaurant21.lobytech.test:3002/src/presentation/views/Modules/Admin/Views/Asistencia/Dropdown/index.tsx?t=1787493067224:68
[   43623ms] [LOG] null @ http://restaurant21.lobytech.test:3002/src/presentation/views/Modules/Admin/Views/Asistencia/Dropdown/index.tsx?t=1787493067224:68
[   43624ms] [LOG] null @ http://restaurant21.lobytech.test:3002/src/presentation/views/Modules/Admin/Views/Asistencia/Dropdown/index.tsx?t=1787493067224:68
[   43625ms] [LOG] null @ http://restaurant21.lobytech.test:3002/src/presentation/views/Modules/Admin/Views/Asistencia/Dropdown/index.tsx?t=1787493067224:68
[   43627ms] [LOG] null @ http://restaurant21.lobytech.test:3002/src/presentation/views/Modules/Admin/Views/Asistencia/Dropdown/index.tsx?t=1787493067224:68
[   43628ms] [LOG] null @ http://restaurant21.lobytech.test:3002/src/presentation/views/Modules/Admin/Views/Asistencia/Dropdown/index.tsx?t=1787493067224:68
[   43629ms] [LOG] null @ http://restaurant21.lobytech.test:3002/src/presentation/views/Modules/Admin/Views/Asistencia/Dropdown/index.tsx?t=1787493067224:68
[   43630ms] [LOG] null @ http://restaurant21.lobytech.test:3002/src/presentation/views/Modules/Admin/Views/Asistencia/Dropdown/index.tsx?t=1787493067224:68
[   43631ms] [LOG] null @ http://restaurant21.lobytech.test:3002/src/presentation/views/Modules/Admin/Views/Asistencia/Dropdown/index.tsx?t=1787493067224:68
[   43632ms] [LOG] null @ http://restaurant21.lobytech.test:3002/src/presentation/views/Modules/Admin/Views/Asistencia/Dropdown/index.tsx?t=1787493067224:68
[   43633ms] [LOG] null @ http://restaurant21.lobytech.test:3002/src/presentation/views/Modules/Admin/Views/Asistencia/Dropdown/index.tsx?t=1787493067224:68
[   43633ms] [LOG] null @ http://restaurant21.lobytech.test:3002/src/presentation/views/Modules/Admin/Views/Asistencia/Dropdown/index.tsx?t=1787493067224:68
[   43634ms] [LOG] null @ http://restaurant21.lobytech.test:3002/src/presentation/views/Modules/Admin/Views/Asistencia/Dropdown/index.tsx?t=1787493067224:68
[   43635ms] [LOG] null @ http://restaurant21.lobytech.test:3002/src/presentation/views/Modules/Admin/Views/Asistencia/Dropdown/index.tsx?t=1787493067224:68
[   43636ms] [LOG] null @ http://restaurant21.lobytech.test:3002/src/presentation/views/Modules/Admin/Views/Asistencia/Dropdown/index.tsx?t=1787493067224:68
[   43637ms] [LOG] null @ http://restaurant21.lobytech.test:3002/src/presentation/views/Modules/Admin/Views/Asistencia/Dropdown/index.tsx?t=1787493067224:68
[   43637ms] [LOG] null @ http://restaurant21.lobytech.test:3002/src/presentation/views/Modules/Admin/Views/Asistencia/Dropdown/index.tsx?t=1787493067224:68
[   43638ms] [LOG] null @ http://restaurant21.lobytech.test:3002/src/presentation/views/Modules/Admin/Views/Asistencia/Dropdown/index.tsx?t=1787493067224:68
[   43638ms] [LOG] null @ http://restaurant21.lobytech.test:3002/src/presentation/views/Modules/Admin/Views/Asistencia/Dropdown/index.tsx?t=1787493067224:68
[   43639ms] [LOG] null @ http://restaurant21.lobytech.test:3002/src/presentation/views/Modules/Admin/Views/Asistencia/Dropdown/index.tsx?t=1787493067224:68
[   43639ms] [LOG] null @ http://restaurant21.lobytech.test:3002/src/presentation/views/Modules/Admin/Views/Asistencia/Dropdown/index.tsx?t=1787493067224:68
[   43639ms] [LOG] null @ http://restaurant21.lobytech.test:3002/src/presentation/views/Modules/Admin/Views/Asistencia/Dropdown/index.tsx?t=1787493067224:68
[   43640ms] [LOG] null @ http://restaurant21.lobytech.test:3002/src/presentation/views/Modules/Admin/Views/Asistencia/Dropdown/index.tsx?t=1787493067224:68
[   43640ms] [LOG] null @ http://restaurant21.lobytech.test:3002/src/presentation/views/Modules/Admin/Views/Asistencia/Dropdown/index.tsx?t=1787493067224:68
[   43641ms] [LOG] null @ http://restaurant21.lobytech.test:3002/src/presentation/views/Modules/Admin/Views/Asistencia/Dropdown/index.tsx?t=1787493067224:68
[   43641ms] [LOG] null @ http://restaurant21.lobytech.test:3002/src/presentation/views/Modules/Admin/Views/Asistencia/Dropdown/index.tsx?t=1787493067224:68
[   43642ms] [LOG] null @ http://restaurant21.lobytech.test:3002/src/presentation/views/Modules/Admin/Views/Asistencia/Dropdown/index.tsx?t=1787493067224:68
[   43642ms] [LOG] null @ http://restaurant21.lobytech.test:3002/src/presentation/views/Modules/Admin/Views/Asistencia/Dropdown/index.tsx?t=1787493067224:68
[   43643ms] [LOG] null @ http://restaurant21.lobytech.test:3002/src/presentation/views/Modules/Admin/Views/Asistencia/Dropdown/index.tsx?t=1787493067224:68
[   43643ms] [LOG] null @ http://restaurant21.lobytech.test:3002/src/presentation/views/Modules/Admin/Views/Asistencia/Dropdown/index.tsx?t=1787493067224:68
[   43643ms] [LOG] null @ http://restaurant21.lobytech.test:3002/src/presentation/views/Modules/Admin/Views/Asistencia/Dropdown/index.tsx?t=1787493067224:68
[   43644ms] [LOG] null @ http://restaurant21.lobytech.test:3002/src/presentation/views/Modules/Admin/Views/Asistencia/Dropdown/index.tsx?t=1787493067224:68
[   43644ms] [LOG] null @ http://restaurant21.lobytech.test:3002/src/presentation/views/Modules/Admin/Views/Asistencia/Dropdown/index.tsx?t=1787493067224:68
[   43645ms] [LOG] null @ http://restaurant21.lobytech.test:3002/src/presentation/views/Modules/Admin/Views/Asistencia/Dropdown/index.tsx?t=1787493067224:68
[   43645ms] [LOG] null @ http://restaurant21.lobytech.test:3002/src/presentation/views/Modules/Admin/Views/Asistencia/Dropdown/index.tsx?t=1787493067224:68
[   43645ms] [LOG] null @ http://restaurant21.lobytech.test:3002/src/presentation/views/Modules/Admin/Views/Asistencia/Dropdown/index.tsx?t=1787493067224:68
[   43646ms] [LOG] null @ http://restaurant21.lobytech.test:3002/src/presentation/views/Modules/Admin/Views/Asistencia/Dropdown/index.tsx?t=1787493067224:68
[   43646ms] [LOG] null @ http://restaurant21.lobytech.test:3002/src/presentation/views/Modules/Admin/Views/Asistencia/Dropdown/index.tsx?t=1787493067224:68
[   43647ms] [LOG] null @ http://restaurant21.lobytech.test:3002/src/presentation/views/Modules/Admin/Views/Asistencia/Dropdown/index.tsx?t=1787493067224:68
[   43648ms] [LOG] null @ http://restaurant21.lobytech.test:3002/src/presentation/views/Modules/Admin/Views/Asistencia/Dropdown/index.tsx?t=1787493067224:68
[   43649ms] [LOG] null @ http://restaurant21.lobytech.test:3002/src/presentation/views/Modules/Admin/Views/Asistencia/Dropdown/index.tsx?t=1787493067224:68
[   43650ms] [LOG] null @ http://restaurant21.lobytech.test:3002/src/presentation/views/Modules/Admin/Views/Asistencia/Dropdown/index.tsx?t=1787493067224:68
[   43651ms] [LOG] null @ http://restaurant21.lobytech.test:3002/src/presentation/views/Modules/Admin/Views/Asistencia/Dropdown/index.tsx?t=1787493067224:68
[   43651ms] [LOG] null @ http://restaurant21.lobytech.test:3002/src/presentation/views/Modules/Admin/Views/Asistencia/Dropdown/index.tsx?t=1787493067224:68
[   43652ms] [LOG] null @ http://restaurant21.lobytech.test:3002/src/presentation/views/Modules/Admin/Views/Asistencia/Dropdown/index.tsx?t=1787493067224:68
[   43653ms] [LOG] null @ http://restaurant21.lobytech.test:3002/src/presentation/views/Modules/Admin/Views/Asistencia/Dropdown/index.tsx?t=1787493067224:68
[   43654ms] [LOG] null @ http://restaurant21.lobytech.test:3002/src/presentation/views/Modules/Admin/Views/Asistencia/Dropdown/index.tsx?t=1787493067224:68
[   43655ms] [LOG] null @ http://restaurant21.lobytech.test:3002/src/presentation/views/Modules/Admin/Views/Asistencia/Dropdown/index.tsx?t=1787493067224:68
[   43655ms] [LOG] null @ http://restaurant21.lobytech.test:3002/src/presentation/views/Modules/Admin/Views/Asistencia/Dropdown/index.tsx?t=1787493067224:68
[   43656ms] [LOG] [Object, Object, Object, Object, Object, Object, Object, Object, Object, Object, Object, Object, Object, Object, Object, Object, Object, Object, Object, Object, Object, Object, Object, Object, Object, Object, Object, Object, Object, Object, Object, Object, Object, Object, Object, Object, Object, Object, Object, Object, Object, Object, Object, Object, Object, Object, Object, Object, Object, Object, Object, Object, Object, Object, Object, Object, Object, Object, Object, Object, Object, Object, Object, Object, Object, Object] @ http://restaurant21.lobytech.test:3002/src/components/Modal/Admin/Asistencia/index.tsx?t=1787530428254:43
[   43657ms] [LOG] [] @ http://restaurant21.lobytech.test:3002/src/components/Modal/Admin/Asistencia/index.tsx?t=1787530428254:50
[   43657ms] [LOG] Sun Aug 23 2026 00:00:00 GMT-0500 (hora estándar de Perú) @ http://restaurant21.lobytech.test:3002/src/components/Modal/Admin/Asistencia/index.tsx?t=1787530428254:79
[   43658ms] [LOG] 1 @ http://restaurant21.lobytech.test:3002/src/components/Modal/Admin/Asistencia/index.tsx?t=1787530428254:95
[   43658ms] [LOG] {habitacionId: 0, habitacion: , anfitrionaId: 0, anfitriona: , turno: } @ http://restaurant21.lobytech.test:3002/src/components/Modal/Admin/Asistencia/index.tsx?t=1787530428254:108
[   43658ms] [LOG] [] @ http://restaurant21.lobytech.test:3002/src/components/Modal/Admin/Asistencia/index.tsx?t=1787530428254:110
[   43658ms] [LOG] 0 @ http://restaurant21.lobytech.test:3002/src/components/Modal/Admin/Asistencia/index.tsx?t=1787530428254:126
[   43658ms] [LOG] undefined @ http://restaurant21.lobytech.test:3002/src/components/Modal/Admin/Asistencia/index.tsx?t=1787530428254:162
[   43658ms] [LOG]  @ http://restaurant21.lobytech.test:3002/src/components/Modal/Admin/Asistencia/index.tsx?t=1787530428254:163
[   43658ms] [LOG] 844 @ http://restaurant21.lobytech.test:3002/src/components/Modal/Admin/Asistencia/index.tsx?t=1787530428254:202
[   43658ms] [LOG] 390 @ http://restaurant21.lobytech.test:3002/src/components/Modal/Admin/Asistencia/index.tsx?t=1787530428254:203
[   43659ms] [LOG] [] @ http://restaurant21.lobytech.test:3002/src/components/Modal/Admin/Fichas/index.tsx?t=1787493067224:37
[   43659ms] [LOG] [] @ http://restaurant21.lobytech.test:3002/src/components/Modal/Admin/Fichas/index.tsx?t=1787493067224:38
[   43659ms] [LOG] null @ http://restaurant21.lobytech.test:3002/src/components/Modal/Admin/Fichas/index.tsx?t=1787493067224:39
[   43659ms] [LOG] 844 @ http://restaurant21.lobytech.test:3002/src/components/Modal/Admin/Fichas/index.tsx?t=1787493067224:47
[   43659ms] [LOG] 844 @ http://restaurant21.lobytech.test:3002/src/components/Modal/Admin/Fichas/index.tsx?t=1787493067224:48
[   45986ms] [LOG] [] @ http://restaurant21.lobytech.test:3002/src/presentation/views/Modules/Admin/Views/Asistencia/index.tsx?t=1787530517857:46
[   45987ms] [LOG] Sun Aug 23 2026 00:00:00 GMT-0500 (hora estándar de Perú) @ http://restaurant21.lobytech.test:3002/src/presentation/views/Modules/Admin/Views/Asistencia/index.tsx?t=1787530517857:115
[   45987ms] [LOG] {turno: Turno Especial, diaSemana: 0} @ http://restaurant21.lobytech.test:3002/src/presentation/views/Modules/Admin/Views/Asistencia/index.tsx?t=1787530517857:129
[   45988ms] [LOG] Sun Aug 23 2026 00:00:00 GMT-0500 (hora estándar de Perú) @ http://restaurant21.lobytech.test:3002/src/presentation/views/Modules/Admin/Views/Asistencia/index.tsx?t=1787530517857:115
[   45988ms] [LOG] Sun Aug 23 2026 00:00:00 GMT-0500 (hora estándar de Perú) @ http://restaurant21.lobytech.test:3002/src/presentation/views/Modules/Admin/Views/Asistencia/index.tsx?t=1787530517857:115
[   45989ms] [LOG] [] @ http://restaurant21.lobytech.test:3002/src/presentation/views/Modules/Admin/Views/Asistencia/index.tsx?t=1787530517857:198
[   45989ms] [LOG] false @ http://restaurant21.lobytech.test:3002/src/components/Toggle/index.tsx:24
[   45990ms] [LOG] () => {
    if (diaSemana === 0) {
      setCheckedTurno(false);
    } else {
      setCheckedTurno(!isTurno);
    }
  } @ http://restaurant21.lobytech.test:3002/src/components/Toggle/index.tsx:25
[   45995ms] [LOG] null @ http://restaurant21.lobytech.test:3002/src/presentation/views/Modules/Admin/Views/Asistencia/Dropdown/index.tsx?t=1787493067224:68
[   45996ms] [LOG] null @ http://restaurant21.lobytech.test:3002/src/presentation/views/Modules/Admin/Views/Asistencia/Dropdown/index.tsx?t=1787493067224:68
[   45996ms] [LOG] null @ http://restaurant21.lobytech.test:3002/src/presentation/views/Modules/Admin/Views/Asistencia/Dropdown/index.tsx?t=1787493067224:68
[   45997ms] [LOG] null @ http://restaurant21.lobytech.test:3002/src/presentation/views/Modules/Admin/Views/Asistencia/Dropdown/index.tsx?t=1787493067224:68
[   45999ms] [LOG] null @ http://restaurant21.lobytech.test:3002/src/presentation/views/Modules/Admin/Views/Asistencia/Dropdown/index.tsx?t=1787493067224:68
[   46000ms] [LOG] null @ http://restaurant21.lobytech.test:3002/src/presentation/views/Modules/Admin/Views/Asistencia/Dropdown/index.tsx?t=1787493067224:68
[   46001ms] [LOG] null @ http://restaurant21.lobytech.test:3002/src/presentation/views/Modules/Admin/Views/Asistencia/Dropdown/index.tsx?t=1787493067224:68
[   46001ms] [LOG] null @ http://restaurant21.lobytech.test:3002/src/presentation/views/Modules/Admin/Views/Asistencia/Dropdown/index.tsx?t=1787493067224:68
[   46002ms] [LOG] null @ http://restaurant21.lobytech.test:3002/src/presentation/views/Modules/Admin/Views/Asistencia/Dropdown/index.tsx?t=1787493067224:68
[   46002ms] [LOG] null @ http://restaurant21.lobytech.test:3002/src/presentation/views/Modules/Admin/Views/Asistencia/Dropdown/index.tsx?t=1787493067224:68
[   46003ms] [LOG] null @ http://restaurant21.lobytech.test:3002/src/presentation/views/Modules/Admin/Views/Asistencia/Dropdown/index.tsx?t=1787493067224:68
[   46003ms] [LOG] null @ http://restaurant21.lobytech.test:3002/src/presentation/views/Modules/Admin/Views/Asistencia/Dropdown/index.tsx?t=1787493067224:68
[   46003ms] [LOG] null @ http://restaurant21.lobytech.test:3002/src/presentation/views/Modules/Admin/Views/Asistencia/Dropdown/index.tsx?t=1787493067224:68
[   46004ms] [LOG] null @ http://restaurant21.lobytech.test:3002/src/presentation/views/Modules/Admin/Views/Asistencia/Dropdown/index.tsx?t=1787493067224:68
[   46004ms] [LOG] null @ http://restaurant21.lobytech.test:3002/src/presentation/views/Modules/Admin/Views/Asistencia/Dropdown/index.tsx?t=1787493067224:68
[   46005ms] [LOG] null @ http://restaurant21.lobytech.test:3002/src/presentation/views/Modules/Admin/Views/Asistencia/Dropdown/index.tsx?t=1787493067224:68
[   46005ms] [LOG] null @ http://restaurant21.lobytech.test:3002/src/presentation/views/Modules/Admin/Views/Asistencia/Dropdown/index.tsx?t=1787493067224:68
[   46006ms] [LOG] null @ http://restaurant21.lobytech.test:3002/src/presentation/views/Modules/Admin/Views/Asistencia/Dropdown/index.tsx?t=1787493067224:68
[   46006ms] [LOG] null @ http://restaurant21.lobytech.test:3002/src/presentation/views/Modules/Admin/Views/Asistencia/Dropdown/index.tsx?t=1787493067224:68
[   46007ms] [LOG] null @ http://restaurant21.lobytech.test:3002/src/presentation/views/Modules/Admin/Views/Asistencia/Dropdown/index.tsx?t=1787493067224:68
[   46008ms] [LOG] null @ http://restaurant21.lobytech.test:3002/src/presentation/views/Modules/Admin/Views/Asistencia/Dropdown/index.tsx?t=1787493067224:68
[   46008ms] [LOG] null @ http://restaurant21.lobytech.test:3002/src/presentation/views/Modules/Admin/Views/Asistencia/Dropdown/index.tsx?t=1787493067224:68
[   46009ms] [LOG] null @ http://restaurant21.lobytech.test:3002/src/presentation/views/Modules/Admin/Views/Asistencia/Dropdown/index.tsx?t=1787493067224:68
[   46009ms] [LOG] null @ http://restaurant21.lobytech.test:3002/src/presentation/views/Modules/Admin/Views/Asistencia/Dropdown/index.tsx?t=1787493067224:68
[   46010ms] [LOG] null @ http://restaurant21.lobytech.test:3002/src/presentation/views/Modules/Admin/Views/Asistencia/Dropdown/index.tsx?t=1787493067224:68
[   46010ms] [LOG] null @ http://restaurant21.lobytech.test:3002/src/presentation/views/Modules/Admin/Views/Asistencia/Dropdown/index.tsx?t=1787493067224:68
[   46011ms] [LOG] null @ http://restaurant21.lobytech.test:3002/src/presentation/views/Modules/Admin/Views/Asistencia/Dropdown/index.tsx?t=1787493067224:68
[   46012ms] [LOG] null @ http://restaurant21.lobytech.test:3002/src/presentation/views/Modules/Admin/Views/Asistencia/Dropdown/index.tsx?t=1787493067224:68
[   46012ms] [LOG] null @ http://restaurant21.lobytech.test:3002/src/presentation/views/Modules/Admin/Views/Asistencia/Dropdown/index.tsx?t=1787493067224:68
[   46013ms] [LOG] null @ http://restaurant21.lobytech.test:3002/src/presentation/views/Modules/Admin/Views/Asistencia/Dropdown/index.tsx?t=1787493067224:68
[   46013ms] [LOG] null @ http://restaurant21.lobytech.test:3002/src/presentation/views/Modules/Admin/Views/Asistencia/Dropdown/index.tsx?t=1787493067224:68
[   46018ms] [LOG] null @ http://restaurant21.lobytech.test:3002/src/presentation/views/Modules/Admin/Views/Asistencia/Dropdown/index.tsx?t=1787493067224:68
[   46019ms] [LOG] null @ http://restaurant21.lobytech.test:3002/src/presentation/views/Modules/Admin/Views/Asistencia/Dropdown/index.tsx?t=1787493067224:68
[   46019ms] [LOG] null @ http://restaurant21.lobytech.test:3002/src/presentation/views/Modules/Admin/Views/Asistencia/Dropdown/index.tsx?t=1787493067224:68
[   46020ms] [LOG] null @ http://restaurant21.lobytech.test:3002/src/presentation/views/Modules/Admin/Views/Asistencia/Dropdown/index.tsx?t=1787493067224:68
[   46021ms] [LOG] null @ http://restaurant21.lobytech.test:3002/src/presentation/views/Modules/Admin/Views/Asistencia/Dropdown/index.tsx?t=1787493067224:68
[   46022ms] [LOG] null @ http://restaurant21.lobytech.test:3002/src/presentation/views/Modules/Admin/Views/Asistencia/Dropdown/index.tsx?t=1787493067224:68
[   46023ms] [LOG] null @ http://restaurant21.lobytech.test:3002/src/presentation/views/Modules/Admin/Views/Asistencia/Dropdown/index.tsx?t=1787493067224:68
[   46024ms] [LOG] null @ http://restaurant21.lobytech.test:3002/src/presentation/views/Modules/Admin/Views/Asistencia/Dropdown/index.tsx?t=1787493067224:68
[   46025ms] [LOG] null @ http://restaurant21.lobytech.test:3002/src/presentation/views/Modules/Admin/Views/Asistencia/Dropdown/index.tsx?t=1787493067224:68
[   46026ms] [LOG] null @ http://restaurant21.lobytech.test:3002/src/presentation/views/Modules/Admin/Views/Asistencia/Dropdown/index.tsx?t=1787493067224:68
[   46026ms] [LOG] null @ http://restaurant21.lobytech.test:3002/src/presentation/views/Modules/Admin/Views/Asistencia/Dropdown/index.tsx?t=1787493067224:68
[   46027ms] [LOG] null @ http://restaurant21.lobytech.test:3002/src/presentation/views/Modules/Admin/Views/Asistencia/Dropdown/index.tsx?t=1787493067224:68
[   46027ms] [LOG] null @ http://restaurant21.lobytech.test:3002/src/presentation/views/Modules/Admin/Views/Asistencia/Dropdown/index.tsx?t=1787493067224:68
[   46028ms] [LOG] null @ http://restaurant21.lobytech.test:3002/src/presentation/views/Modules/Admin/Views/Asistencia/Dropdown/index.tsx?t=1787493067224:68
[   46029ms] [LOG] null @ http://restaurant21.lobytech.test:3002/src/presentation/views/Modules/Admin/Views/Asistencia/Dropdown/index.tsx?t=1787493067224:68
[   46029ms] [LOG] null @ http://restaurant21.lobytech.test:3002/src/presentation/views/Modules/Admin/Views/Asistencia/Dropdown/index.tsx?t=1787493067224:68
[   46030ms] [LOG] null @ http://restaurant21.lobytech.test:3002/src/presentation/views/Modules/Admin/Views/Asistencia/Dropdown/index.tsx?t=1787493067224:68
[   46031ms] [LOG] null @ http://restaurant21.lobytech.test:3002/src/presentation/views/Modules/Admin/Views/Asistencia/Dropdown/index.tsx?t=1787493067224:68
[   46032ms] [LOG] null @ http://restaurant21.lobytech.test:3002/src/presentation/views/Modules/Admin/Views/Asistencia/Dropdown/index.tsx?t=1787493067224:68
[   46033ms] [LOG] null @ http://restaurant21.lobytech.test:3002/src/presentation/views/Modules/Admin/Views/Asistencia/Dropdown/index.tsx?t=1787493067224:68
[   46034ms] [LOG] null @ http://restaurant21.lobytech.test:3002/src/presentation/views/Modules/Admin/Views/Asistencia/Dropdown/index.tsx?t=1787493067224:68
[   46035ms] [LOG] null @ http://restaurant21.lobytech.test:3002/src/presentation/views/Modules/Admin/Views/Asistencia/Dropdown/index.tsx?t=1787493067224:68
[   46037ms] [LOG] null @ http://restaurant21.lobytech.test:3002/src/presentation/views/Modules/Admin/Views/Asistencia/Dropdown/index.tsx?t=1787493067224:68
[   46038ms] [LOG] null @ http://restaurant21.lobytech.test:3002/src/presentation/views/Modules/Admin/Views/Asistencia/Dropdown/index.tsx?t=1787493067224:68
[   46038ms] [LOG] null @ http://restaurant21.lobytech.test:3002/src/presentation/views/Modules/Admin/Views/Asistencia/Dropdown/index.tsx?t=1787493067224:68
[   46039ms] [LOG] null @ http://restaurant21.lobytech.test:3002/src/presentation/views/Modules/Admin/Views/Asistencia/Dropdown/index.tsx?t=1787493067224:68
[   46039ms] [LOG] null @ http://restaurant21.lobytech.test:3002/src/presentation/views/Modules/Admin/Views/Asistencia/Dropdown/index.tsx?t=1787493067224:68
[   46040ms] [LOG] null @ http://restaurant21.lobytech.test:3002/src/presentation/views/Modules/Admin/Views/Asistencia/Dropdown/index.tsx?t=1787493067224:68
[   46041ms] [LOG] null @ http://restaurant21.lobytech.test:3002/src/presentation/views/Modules/Admin/Views/Asistencia/Dropdown/index.tsx?t=1787493067224:68
[   46041ms] [LOG] null @ http://restaurant21.lobytech.test:3002/src/presentation/views/Modules/Admin/Views/Asistencia/Dropdown/index.tsx?t=1787493067224:68
[   46042ms] [LOG] null @ http://restaurant21.lobytech.test:3002/src/presentation/views/Modules/Admin/Views/Asistencia/Dropdown/index.tsx?t=1787493067224:68
[   46043ms] [LOG] null @ http://restaurant21.lobytech.test:3002/src/presentation/views/Modules/Admin/Views/Asistencia/Dropdown/index.tsx?t=1787493067224:68
[   46043ms] [LOG] null @ http://restaurant21.lobytech.test:3002/src/presentation/views/Modules/Admin/Views/Asistencia/Dropdown/index.tsx?t=1787493067224:68
[   46044ms] [LOG] null @ http://restaurant21.lobytech.test:3002/src/presentation/views/Modules/Admin/Views/Asistencia/Dropdown/index.tsx?t=1787493067224:68
[   46045ms] [LOG] null @ http://restaurant21.lobytech.test:3002/src/presentation/views/Modules/Admin/Views/Asistencia/Dropdown/index.tsx?t=1787493067224:68
[   46045ms] [LOG] [Object, Object, Object, Object, Object, Object, Object, Object, Object, Object, Object, Object, Object, Object, Object, Object, Object, Object, Object, Object, Object, Object, Object, Object, Object, Object, Object, Object, Object, Object, Object, Object, Object, Object, Object, Object, Object, Object, Object, Object, Object, Object, Object, Object, Object, Object, Object, Object, Object, Object, Object, Object, Object, Object, Object, Object, Object, Object, Object, Object, Object, Object, Object, Object, Object, Object] @ http://restaurant21.lobytech.test:3002/src/components/Modal/Admin/Asistencia/index.tsx?t=1787530428254:43
[   46046ms] [LOG] [] @ http://restaurant21.lobytech.test:3002/src/components/Modal/Admin/Asistencia/index.tsx?t=1787530428254:50
[   46046ms] [LOG] Sun Aug 23 2026 00:00:00 GMT-0500 (hora estándar de Perú) @ http://restaurant21.lobytech.test:3002/src/components/Modal/Admin/Asistencia/index.tsx?t=1787530428254:79
[   46047ms] [LOG] 1 @ http://restaurant21.lobytech.test:3002/src/components/Modal/Admin/Asistencia/index.tsx?t=1787530428254:95
[   46047ms] [LOG] {habitacionId: 0, habitacion: , anfitrionaId: 0, anfitriona: , turno: } @ http://restaurant21.lobytech.test:3002/src/components/Modal/Admin/Asistencia/index.tsx?t=1787530428254:108
[   46048ms] [LOG] [] @ http://restaurant21.lobytech.test:3002/src/components/Modal/Admin/Asistencia/index.tsx?t=1787530428254:110
[   46048ms] [LOG] 0 @ http://restaurant21.lobytech.test:3002/src/components/Modal/Admin/Asistencia/index.tsx?t=1787530428254:126
[   46048ms] [LOG] undefined @ http://restaurant21.lobytech.test:3002/src/components/Modal/Admin/Asistencia/index.tsx?t=1787530428254:162
[   46049ms] [LOG]  @ http://restaurant21.lobytech.test:3002/src/components/Modal/Admin/Asistencia/index.tsx?t=1787530428254:163
[   46049ms] [LOG] 844 @ http://restaurant21.lobytech.test:3002/src/components/Modal/Admin/Asistencia/index.tsx?t=1787530428254:202
[   46049ms] [LOG] 390 @ http://restaurant21.lobytech.test:3002/src/components/Modal/Admin/Asistencia/index.tsx?t=1787530428254:203
[   46050ms] [LOG] [] @ http://restaurant21.lobytech.test:3002/src/components/Modal/Admin/Fichas/index.tsx?t=1787493067224:37
[   46051ms] [LOG] [] @ http://restaurant21.lobytech.test:3002/src/components/Modal/Admin/Fichas/index.tsx?t=1787493067224:38
[   46051ms] [LOG] null @ http://restaurant21.lobytech.test:3002/src/components/Modal/Admin/Fichas/index.tsx?t=1787493067224:39
[   46051ms] [LOG] 844 @ http://restaurant21.lobytech.test:3002/src/components/Modal/Admin/Fichas/index.tsx?t=1787493067224:47
[   46052ms] [LOG] 844 @ http://restaurant21.lobytech.test:3002/src/components/Modal/Admin/Fichas/index.tsx?t=1787493067224:48
[   46132ms] [ERROR] Failed to load resource: the server responded with a status of 500 (Internal Server Error) @ http://localhost:5002/api/facturacion/listar-fichas?fecha=23/08/2026:0
[   46133ms] [LOG] AxiosError @ http://restaurant21.lobytech.test:3002/src/utils/axios.ts:19
[   46133ms] [LOG] AxiosError @ http://restaurant21.lobytech.test:3002/src/redux/reducers/Admin/asistencia/asistencia.reducer.ts:374
[   46134ms] [LOG] [] @ http://restaurant21.lobytech.test:3002/src/presentation/views/Modules/Admin/Views/Asistencia/index.tsx?t=1787530517857:46
[   46135ms] [LOG] Sun Aug 23 2026 00:00:00 GMT-0500 (hora estándar de Perú) @ http://restaurant21.lobytech.test:3002/src/presentation/views/Modules/Admin/Views/Asistencia/index.tsx?t=1787530517857:115
[   46135ms] [LOG] {turno: Turno Especial, diaSemana: 0} @ http://restaurant21.lobytech.test:3002/src/presentation/views/Modules/Admin/Views/Asistencia/index.tsx?t=1787530517857:129
[   46136ms] [LOG] Sun Aug 23 2026 00:00:00 GMT-0500 (hora estándar de Perú) @ http://restaurant21.lobytech.test:3002/src/presentation/views/Modules/Admin/Views/Asistencia/index.tsx?t=1787530517857:115
[   46136ms] [LOG] Sun Aug 23 2026 00:00:00 GMT-0500 (hora estándar de Perú) @ http://restaurant21.lobytech.test:3002/src/presentation/views/Modules/Admin/Views/Asistencia/index.tsx?t=1787530517857:115
[   46137ms] [LOG] [] @ http://restaurant21.lobytech.test:3002/src/presentation/views/Modules/Admin/Views/Asistencia/index.tsx?t=1787530517857:198
[   46138ms] [LOG] false @ http://restaurant21.lobytech.test:3002/src/components/Toggle/index.tsx:24
[   46138ms] [LOG] () => {
    if (diaSemana === 0) {
      setCheckedTurno(false);
    } else {
      setCheckedTurno(!isTurno);
    }
  } @ http://restaurant21.lobytech.test:3002/src/components/Toggle/index.tsx:25
[   46155ms] [LOG] null @ http://restaurant21.lobytech.test:3002/src/presentation/views/Modules/Admin/Views/Asistencia/Dropdown/index.tsx?t=1787493067224:68
[   46157ms] [LOG] null @ http://restaurant21.lobytech.test:3002/src/presentation/views/Modules/Admin/Views/Asistencia/Dropdown/index.tsx?t=1787493067224:68
[   46158ms] [LOG] null @ http://restaurant21.lobytech.test:3002/src/presentation/views/Modules/Admin/Views/Asistencia/Dropdown/index.tsx?t=1787493067224:68
[   46159ms] [LOG] null @ http://restaurant21.lobytech.test:3002/src/presentation/views/Modules/Admin/Views/Asistencia/Dropdown/index.tsx?t=1787493067224:68
[   46159ms] [LOG] null @ http://restaurant21.lobytech.test:3002/src/presentation/views/Modules/Admin/Views/Asistencia/Dropdown/index.tsx?t=1787493067224:68
[   46160ms] [LOG] null @ http://restaurant21.lobytech.test:3002/src/presentation/views/Modules/Admin/Views/Asistencia/Dropdown/index.tsx?t=1787493067224:68
[   46160ms] [LOG] null @ http://restaurant21.lobytech.test:3002/src/presentation/views/Modules/Admin/Views/Asistencia/Dropdown/index.tsx?t=1787493067224:68
[   46160ms] [LOG] null @ http://restaurant21.lobytech.test:3002/src/presentation/views/Modules/Admin/Views/Asistencia/Dropdown/index.tsx?t=1787493067224:68
[   46161ms] [LOG] null @ http://restaurant21.lobytech.test:3002/src/presentation/views/Modules/Admin/Views/Asistencia/Dropdown/index.tsx?t=1787493067224:68
[   46161ms] [LOG] null @ http://restaurant21.lobytech.test:3002/src/presentation/views/Modules/Admin/Views/Asistencia/Dropdown/index.tsx?t=1787493067224:68
[   46161ms] [LOG] null @ http://restaurant21.lobytech.test:3002/src/presentation/views/Modules/Admin/Views/Asistencia/Dropdown/index.tsx?t=1787493067224:68
[   46162ms] [LOG] null @ http://restaurant21.lobytech.test:3002/src/presentation/views/Modules/Admin/Views/Asistencia/Dropdown/index.tsx?t=1787493067224:68
[   46163ms] [LOG] null @ http://restaurant21.lobytech.test:3002/src/presentation/views/Modules/Admin/Views/Asistencia/Dropdown/index.tsx?t=1787493067224:68
[   46164ms] [LOG] null @ http://restaurant21.lobytech.test:3002/src/presentation/views/Modules/Admin/Views/Asistencia/Dropdown/index.tsx?t=1787493067224:68
[   46165ms] [LOG] null @ http://restaurant21.lobytech.test:3002/src/presentation/views/Modules/Admin/Views/Asistencia/Dropdown/index.tsx?t=1787493067224:68
[   46166ms] [LOG] null @ http://restaurant21.lobytech.test:3002/src/presentation/views/Modules/Admin/Views/Asistencia/Dropdown/index.tsx?t=1787493067224:68
[   46167ms] [LOG] null @ http://restaurant21.lobytech.test:3002/src/presentation/views/Modules/Admin/Views/Asistencia/Dropdown/index.tsx?t=1787493067224:68
[   46167ms] [LOG] null @ http://restaurant21.lobytech.test:3002/src/presentation/views/Modules/Admin/Views/Asistencia/Dropdown/index.tsx?t=1787493067224:68
[   46168ms] [LOG] null @ http://restaurant21.lobytech.test:3002/src/presentation/views/Modules/Admin/Views/Asistencia/Dropdown/index.tsx?t=1787493067224:68
[   46168ms] [LOG] null @ http://restaurant21.lobytech.test:3002/src/presentation/views/Modules/Admin/Views/Asistencia/Dropdown/index.tsx?t=1787493067224:68
[   46169ms] [LOG] null @ http://restaurant21.lobytech.test:3002/src/presentation/views/Modules/Admin/Views/Asistencia/Dropdown/index.tsx?t=1787493067224:68
[   46170ms] [LOG] null @ http://restaurant21.lobytech.test:3002/src/presentation/views/Modules/Admin/Views/Asistencia/Dropdown/index.tsx?t=1787493067224:68
[   46170ms] [LOG] null @ http://restaurant21.lobytech.test:3002/src/presentation/views/Modules/Admin/Views/Asistencia/Dropdown/index.tsx?t=1787493067224:68
[   46171ms] [LOG] null @ http://restaurant21.lobytech.test:3002/src/presentation/views/Modules/Admin/Views/Asistencia/Dropdown/index.tsx?t=1787493067224:68
[   46172ms] [LOG] null @ http://restaurant21.lobytech.test:3002/src/presentation/views/Modules/Admin/Views/Asistencia/Dropdown/index.tsx?t=1787493067224:68
[   46173ms] [LOG] null @ http://restaurant21.lobytech.test:3002/src/presentation/views/Modules/Admin/Views/Asistencia/Dropdown/index.tsx?t=1787493067224:68
[   46173ms] [LOG] null @ http://restaurant21.lobytech.test:3002/src/presentation/views/Modules/Admin/Views/Asistencia/Dropdown/index.tsx?t=1787493067224:68
[   46174ms] [LOG] null @ http://restaurant21.lobytech.test:3002/src/presentation/views/Modules/Admin/Views/Asistencia/Dropdown/index.tsx?t=1787493067224:68
[   46175ms] [LOG] null @ http://restaurant21.lobytech.test:3002/src/presentation/views/Modules/Admin/Views/Asistencia/Dropdown/index.tsx?t=1787493067224:68
[   46175ms] [LOG] null @ http://restaurant21.lobytech.test:3002/src/presentation/views/Modules/Admin/Views/Asistencia/Dropdown/index.tsx?t=1787493067224:68
[   46175ms] [LOG] null @ http://restaurant21.lobytech.test:3002/src/presentation/views/Modules/Admin/Views/Asistencia/Dropdown/index.tsx?t=1787493067224:68
[   46176ms] [LOG] null @ http://restaurant21.lobytech.test:3002/src/presentation/views/Modules/Admin/Views/Asistencia/Dropdown/index.tsx?t=1787493067224:68
[   46176ms] [LOG] null @ http://restaurant21.lobytech.test:3002/src/presentation/views/Modules/Admin/Views/Asistencia/Dropdown/index.tsx?t=1787493067224:68
[   46176ms] [LOG] null @ http://restaurant21.lobytech.test:3002/src/presentation/views/Modules/Admin/Views/Asistencia/Dropdown/index.tsx?t=1787493067224:68
[   46176ms] [LOG] null @ http://restaurant21.lobytech.test:3002/src/presentation/views/Modules/Admin/Views/Asistencia/Dropdown/index.tsx?t=1787493067224:68
[   46176ms] [LOG] null @ http://restaurant21.lobytech.test:3002/src/presentation/views/Modules/Admin/Views/Asistencia/Dropdown/index.tsx?t=1787493067224:68
[   46177ms] [LOG] null @ http://restaurant21.lobytech.test:3002/src/presentation/views/Modules/Admin/Views/Asistencia/Dropdown/index.tsx?t=1787493067224:68
[   46177ms] [LOG] null @ http://restaurant21.lobytech.test:3002/src/presentation/views/Modules/Admin/Views/Asistencia/Dropdown/index.tsx?t=1787493067224:68
[   46177ms] [LOG] null @ http://restaurant21.lobytech.test:3002/src/presentation/views/Modules/Admin/Views/Asistencia/Dropdown/index.tsx?t=1787493067224:68
[   46177ms] [LOG] null @ http://restaurant21.lobytech.test:3002/src/presentation/views/Modules/Admin/Views/Asistencia/Dropdown/index.tsx?t=1787493067224:68
[   46177ms] [LOG] null @ http://restaurant21.lobytech.test:3002/src/presentation/views/Modules/Admin/Views/Asistencia/Dropdown/index.tsx?t=1787493067224:68
[   46177ms] [LOG] null @ http://restaurant21.lobytech.test:3002/src/presentation/views/Modules/Admin/Views/Asistencia/Dropdown/index.tsx?t=1787493067224:68
[   46178ms] [LOG] null @ http://restaurant21.lobytech.test:3002/src/presentation/views/Modules/Admin/Views/Asistencia/Dropdown/index.tsx?t=1787493067224:68
[   46178ms] [LOG] null @ http://restaurant21.lobytech.test:3002/src/presentation/views/Modules/Admin/Views/Asistencia/Dropdown/index.tsx?t=1787493067224:68
[   46178ms] [LOG] null @ http://restaurant21.lobytech.test:3002/src/presentation/views/Modules/Admin/Views/Asistencia/Dropdown/index.tsx?t=1787493067224:68
[   46178ms] [LOG] null @ http://restaurant21.lobytech.test:3002/src/presentation/views/Modules/Admin/Views/Asistencia/Dropdown/index.tsx?t=1787493067224:68
[   46179ms] [LOG] null @ http://restaurant21.lobytech.test:3002/src/presentation/views/Modules/Admin/Views/Asistencia/Dropdown/index.tsx?t=1787493067224:68
[   46180ms] [LOG] null @ http://restaurant21.lobytech.test:3002/src/presentation/views/Modules/Admin/Views/Asistencia/Dropdown/index.tsx?t=1787493067224:68
[   46180ms] [LOG] null @ http://restaurant21.lobytech.test:3002/src/presentation/views/Modules/Admin/Views/Asistencia/Dropdown/index.tsx?t=1787493067224:68
[   46181ms] [LOG] null @ http://restaurant21.lobytech.test:3002/src/presentation/views/Modules/Admin/Views/Asistencia/Dropdown/index.tsx?t=1787493067224:68
[   46182ms] [LOG] null @ http://restaurant21.lobytech.test:3002/src/presentation/views/Modules/Admin/Views/Asistencia/Dropdown/index.tsx?t=1787493067224:68
[   46183ms] [LOG] null @ http://restaurant21.lobytech.test:3002/src/presentation/views/Modules/Admin/Views/Asistencia/Dropdown/index.tsx?t=1787493067224:68
[   46184ms] [LOG] null @ http://restaurant21.lobytech.test:3002/src/presentation/views/Modules/Admin/Views/Asistencia/Dropdown/index.tsx?t=1787493067224:68
[   46184ms] [LOG] null @ http://restaurant21.lobytech.test:3002/src/presentation/views/Modules/Admin/Views/Asistencia/Dropdown/index.tsx?t=1787493067224:68
[   46185ms] [LOG] null @ http://restaurant21.lobytech.test:3002/src/presentation/views/Modules/Admin/Views/Asistencia/Dropdown/index.tsx?t=1787493067224:68
[   46186ms] [LOG] null @ http://restaurant21.lobytech.test:3002/src/presentation/views/Modules/Admin/Views/Asistencia/Dropdown/index.tsx?t=1787493067224:68
[   46186ms] [LOG] null @ http://restaurant21.lobytech.test:3002/src/presentation/views/Modules/Admin/Views/Asistencia/Dropdown/index.tsx?t=1787493067224:68
[   46187ms] [LOG] null @ http://restaurant21.lobytech.test:3002/src/presentation/views/Modules/Admin/Views/Asistencia/Dropdown/index.tsx?t=1787493067224:68
[   46188ms] [LOG] null @ http://restaurant21.lobytech.test:3002/src/presentation/views/Modules/Admin/Views/Asistencia/Dropdown/index.tsx?t=1787493067224:68
[   46188ms] [LOG] null @ http://restaurant21.lobytech.test:3002/src/presentation/views/Modules/Admin/Views/Asistencia/Dropdown/index.tsx?t=1787493067224:68
[   46189ms] [LOG] null @ http://restaurant21.lobytech.test:3002/src/presentation/views/Modules/Admin/Views/Asistencia/Dropdown/index.tsx?t=1787493067224:68
[   46189ms] [LOG] null @ http://restaurant21.lobytech.test:3002/src/presentation/views/Modules/Admin/Views/Asistencia/Dropdown/index.tsx?t=1787493067224:68
[   46189ms] [LOG] null @ http://restaurant21.lobytech.test:3002/src/presentation/views/Modules/Admin/Views/Asistencia/Dropdown/index.tsx?t=1787493067224:68
[   46189ms] [LOG] null @ http://restaurant21.lobytech.test:3002/src/presentation/views/Modules/Admin/Views/Asistencia/Dropdown/index.tsx?t=1787493067224:68
[   46190ms] [LOG] null @ http://restaurant21.lobytech.test:3002/src/presentation/views/Modules/Admin/Views/Asistencia/Dropdown/index.tsx?t=1787493067224:68
[   46190ms] [LOG] null @ http://restaurant21.lobytech.test:3002/src/presentation/views/Modules/Admin/Views/Asistencia/Dropdown/index.tsx?t=1787493067224:68
[   46190ms] [LOG] [Object, Object, Object, Object, Object, Object, Object, Object, Object, Object, Object, Object, Object, Object, Object, Object, Object, Object, Object, Object, Object, Object, Object, Object, Object, Object, Object, Object, Object, Object, Object, Object, Object, Object, Object, Object, Object, Object, Object, Object, Object, Object, Object, Object, Object, Object, Object, Object, Object, Object, Object, Object, Object, Object, Object, Object, Object, Object, Object, Object, Object, Object, Object, Object, Object, Object] @ http://restaurant21.lobytech.test:3002/src/components/Modal/Admin/Asistencia/index.tsx?t=1787530428254:43
[   46191ms] [LOG] [] @ http://restaurant21.lobytech.test:3002/src/components/Modal/Admin/Asistencia/index.tsx?t=1787530428254:50
[   46191ms] [LOG] Sun Aug 23 2026 00:00:00 GMT-0500 (hora estándar de Perú) @ http://restaurant21.lobytech.test:3002/src/components/Modal/Admin/Asistencia/index.tsx?t=1787530428254:79
[   46191ms] [LOG] 1 @ http://restaurant21.lobytech.test:3002/src/components/Modal/Admin/Asistencia/index.tsx?t=1787530428254:95
[   46191ms] [LOG] {habitacionId: 0, habitacion: , anfitrionaId: 0, anfitriona: , turno: } @ http://restaurant21.lobytech.test:3002/src/components/Modal/Admin/Asistencia/index.tsx?t=1787530428254:108
[   46191ms] [LOG] [] @ http://restaurant21.lobytech.test:3002/src/components/Modal/Admin/Asistencia/index.tsx?t=1787530428254:110
[   46192ms] [LOG] 0 @ http://restaurant21.lobytech.test:3002/src/components/Modal/Admin/Asistencia/index.tsx?t=1787530428254:126
[   46192ms] [LOG] undefined @ http://restaurant21.lobytech.test:3002/src/components/Modal/Admin/Asistencia/index.tsx?t=1787530428254:162
[   46192ms] [LOG]  @ http://restaurant21.lobytech.test:3002/src/components/Modal/Admin/Asistencia/index.tsx?t=1787530428254:163
[   46192ms] [LOG] 844 @ http://restaurant21.lobytech.test:3002/src/components/Modal/Admin/Asistencia/index.tsx?t=1787530428254:202
[   46192ms] [LOG] 390 @ http://restaurant21.lobytech.test:3002/src/components/Modal/Admin/Asistencia/index.tsx?t=1787530428254:203
[   46193ms] [LOG] [] @ http://restaurant21.lobytech.test:3002/src/components/Modal/Admin/Fichas/index.tsx?t=1787493067224:37
[   46193ms] [LOG] [] @ http://restaurant21.lobytech.test:3002/src/components/Modal/Admin/Fichas/index.tsx?t=1787493067224:38
[   46193ms] [LOG] null @ http://restaurant21.lobytech.test:3002/src/components/Modal/Admin/Fichas/index.tsx?t=1787493067224:39
[   46193ms] [LOG] 844 @ http://restaurant21.lobytech.test:3002/src/components/Modal/Admin/Fichas/index.tsx?t=1787493067224:47
[   46194ms] [LOG] 844 @ http://restaurant21.lobytech.test:3002/src/components/Modal/Admin/Fichas/index.tsx?t=1787493067224:48
[   46302ms] [LOG] {code: 1, message: Success, data: Array(0), status: 200} @ http://restaurant21.lobytech.test:3002/src/redux/reducers/Admin/asistencia/asistencia.reducer.ts:196
[   46304ms] [LOG] [] @ http://restaurant21.lobytech.test:3002/src/presentation/views/Modules/Admin/Views/Asistencia/index.tsx?t=1787530517857:46
[   46304ms] [LOG] Sun Aug 23 2026 00:00:00 GMT-0500 (hora estándar de Perú) @ http://restaurant21.lobytech.test:3002/src/presentation/views/Modules/Admin/Views/Asistencia/index.tsx?t=1787530517857:115
[   46305ms] [LOG] {turno: Turno Especial, diaSemana: 0} @ http://restaurant21.lobytech.test:3002/src/presentation/views/Modules/Admin/Views/Asistencia/index.tsx?t=1787530517857:129
[   46305ms] [LOG] Sun Aug 23 2026 00:00:00 GMT-0500 (hora estándar de Perú) @ http://restaurant21.lobytech.test:3002/src/presentation/views/Modules/Admin/Views/Asistencia/index.tsx?t=1787530517857:115
[   46306ms] [LOG] Sun Aug 23 2026 00:00:00 GMT-0500 (hora estándar de Perú) @ http://restaurant21.lobytech.test:3002/src/presentation/views/Modules/Admin/Views/Asistencia/index.tsx?t=1787530517857:115
[   46306ms] [LOG] [] @ http://restaurant21.lobytech.test:3002/src/presentation/views/Modules/Admin/Views/Asistencia/index.tsx?t=1787530517857:198
[   46307ms] [LOG] false @ http://restaurant21.lobytech.test:3002/src/components/Toggle/index.tsx:24
[   46307ms] [LOG] () => {
    if (diaSemana === 0) {
      setCheckedTurno(false);
    } else {
      setCheckedTurno(!isTurno);
    }
  } @ http://restaurant21.lobytech.test:3002/src/components/Toggle/index.tsx:25
[   46310ms] [LOG] null @ http://restaurant21.lobytech.test:3002/src/presentation/views/Modules/Admin/Views/Asistencia/Dropdown/index.tsx?t=1787493067224:68
[   46311ms] [LOG] null @ http://restaurant21.lobytech.test:3002/src/presentation/views/Modules/Admin/Views/Asistencia/Dropdown/index.tsx?t=1787493067224:68
[   46312ms] [LOG] null @ http://restaurant21.lobytech.test:3002/src/presentation/views/Modules/Admin/Views/Asistencia/Dropdown/index.tsx?t=1787493067224:68
[   46313ms] [LOG] null @ http://restaurant21.lobytech.test:3002/src/presentation/views/Modules/Admin/Views/Asistencia/Dropdown/index.tsx?t=1787493067224:68
[   46313ms] [LOG] null @ http://restaurant21.lobytech.test:3002/src/presentation/views/Modules/Admin/Views/Asistencia/Dropdown/index.tsx?t=1787493067224:68
[   46314ms] [LOG] null @ http://restaurant21.lobytech.test:3002/src/presentation/views/Modules/Admin/Views/Asistencia/Dropdown/index.tsx?t=1787493067224:68
[   46315ms] [LOG] null @ http://restaurant21.lobytech.test:3002/src/presentation/views/Modules/Admin/Views/Asistencia/Dropdown/index.tsx?t=1787493067224:68
[   46316ms] [LOG] null @ http://restaurant21.lobytech.test:3002/src/presentation/views/Modules/Admin/Views/Asistencia/Dropdown/index.tsx?t=1787493067224:68
[   46317ms] [LOG] null @ http://restaurant21.lobytech.test:3002/src/presentation/views/Modules/Admin/Views/Asistencia/Dropdown/index.tsx?t=1787493067224:68
[   46317ms] [LOG] null @ http://restaurant21.lobytech.test:3002/src/presentation/views/Modules/Admin/Views/Asistencia/Dropdown/index.tsx?t=1787493067224:68
[   46318ms] [LOG] null @ http://restaurant21.lobytech.test:3002/src/presentation/views/Modules/Admin/Views/Asistencia/Dropdown/index.tsx?t=1787493067224:68
[   46318ms] [LOG] null @ http://restaurant21.lobytech.test:3002/src/presentation/views/Modules/Admin/Views/Asistencia/Dropdown/index.tsx?t=1787493067224:68
[   46319ms] [LOG] null @ http://restaurant21.lobytech.test:3002/src/presentation/views/Modules/Admin/Views/Asistencia/Dropdown/index.tsx?t=1787493067224:68
[   46320ms] [LOG] null @ http://restaurant21.lobytech.test:3002/src/presentation/views/Modules/Admin/Views/Asistencia/Dropdown/index.tsx?t=1787493067224:68
[   46321ms] [LOG] null @ http://restaurant21.lobytech.test:3002/src/presentation/views/Modules/Admin/Views/Asistencia/Dropdown/index.tsx?t=1787493067224:68
[   46321ms] [LOG] null @ http://restaurant21.lobytech.test:3002/src/presentation/views/Modules/Admin/Views/Asistencia/Dropdown/index.tsx?t=1787493067224:68
[   46322ms] [LOG] null @ http://restaurant21.lobytech.test:3002/src/presentation/views/Modules/Admin/Views/Asistencia/Dropdown/index.tsx?t=1787493067224:68
[   46322ms] [LOG] null @ http://restaurant21.lobytech.test:3002/src/presentation/views/Modules/Admin/Views/Asistencia/Dropdown/index.tsx?t=1787493067224:68
[   46323ms] [LOG] null @ http://restaurant21.lobytech.test:3002/src/presentation/views/Modules/Admin/Views/Asistencia/Dropdown/index.tsx?t=1787493067224:68
[   46324ms] [LOG] null @ http://restaurant21.lobytech.test:3002/src/presentation/views/Modules/Admin/Views/Asistencia/Dropdown/index.tsx?t=1787493067224:68
[   46324ms] [LOG] null @ http://restaurant21.lobytech.test:3002/src/presentation/views/Modules/Admin/Views/Asistencia/Dropdown/index.tsx?t=1787493067224:68
[   46325ms] [LOG] null @ http://restaurant21.lobytech.test:3002/src/presentation/views/Modules/Admin/Views/Asistencia/Dropdown/index.tsx?t=1787493067224:68
[   46325ms] [LOG] null @ http://restaurant21.lobytech.test:3002/src/presentation/views/Modules/Admin/Views/Asistencia/Dropdown/index.tsx?t=1787493067224:68
[   46326ms] [LOG] null @ http://restaurant21.lobytech.test:3002/src/presentation/views/Modules/Admin/Views/Asistencia/Dropdown/index.tsx?t=1787493067224:68
[   46326ms] [LOG] null @ http://restaurant21.lobytech.test:3002/src/presentation/views/Modules/Admin/Views/Asistencia/Dropdown/index.tsx?t=1787493067224:68
[   46327ms] [LOG] null @ http://restaurant21.lobytech.test:3002/src/presentation/views/Modules/Admin/Views/Asistencia/Dropdown/index.tsx?t=1787493067224:68
[   46327ms] [LOG] null @ http://restaurant21.lobytech.test:3002/src/presentation/views/Modules/Admin/Views/Asistencia/Dropdown/index.tsx?t=1787493067224:68
[   46328ms] [LOG] null @ http://restaurant21.lobytech.test:3002/src/presentation/views/Modules/Admin/Views/Asistencia/Dropdown/index.tsx?t=1787493067224:68
[   46328ms] [LOG] null @ http://restaurant21.lobytech.test:3002/src/presentation/views/Modules/Admin/Views/Asistencia/Dropdown/index.tsx?t=1787493067224:68
[   46328ms] [LOG] null @ http://restaurant21.lobytech.test:3002/src/presentation/views/Modules/Admin/Views/Asistencia/Dropdown/index.tsx?t=1787493067224:68
[   46329ms] [LOG] null @ http://restaurant21.lobytech.test:3002/src/presentation/views/Modules/Admin/Views/Asistencia/Dropdown/index.tsx?t=1787493067224:68
[   46329ms] [LOG] null @ http://restaurant21.lobytech.test:3002/src/presentation/views/Modules/Admin/Views/Asistencia/Dropdown/index.tsx?t=1787493067224:68
[   46330ms] [LOG] null @ http://restaurant21.lobytech.test:3002/src/presentation/views/Modules/Admin/Views/Asistencia/Dropdown/index.tsx?t=1787493067224:68
[   46331ms] [LOG] null @ http://restaurant21.lobytech.test:3002/src/presentation/views/Modules/Admin/Views/Asistencia/Dropdown/index.tsx?t=1787493067224:68
[   46332ms] [LOG] null @ http://restaurant21.lobytech.test:3002/src/presentation/views/Modules/Admin/Views/Asistencia/Dropdown/index.tsx?t=1787493067224:68
[   46333ms] [LOG] null @ http://restaurant21.lobytech.test:3002/src/presentation/views/Modules/Admin/Views/Asistencia/Dropdown/index.tsx?t=1787493067224:68
[   46334ms] [LOG] null @ http://restaurant21.lobytech.test:3002/src/presentation/views/Modules/Admin/Views/Asistencia/Dropdown/index.tsx?t=1787493067224:68
[   46334ms] [LOG] null @ http://restaurant21.lobytech.test:3002/src/presentation/views/Modules/Admin/Views/Asistencia/Dropdown/index.tsx?t=1787493067224:68
[   46335ms] [LOG] null @ http://restaurant21.lobytech.test:3002/src/presentation/views/Modules/Admin/Views/Asistencia/Dropdown/index.tsx?t=1787493067224:68
[   46336ms] [LOG] null @ http://restaurant21.lobytech.test:3002/src/presentation/views/Modules/Admin/Views/Asistencia/Dropdown/index.tsx?t=1787493067224:68
[   46338ms] [LOG] null @ http://restaurant21.lobytech.test:3002/src/presentation/views/Modules/Admin/Views/Asistencia/Dropdown/index.tsx?t=1787493067224:68
[   46338ms] [LOG] null @ http://restaurant21.lobytech.test:3002/src/presentation/views/Modules/Admin/Views/Asistencia/Dropdown/index.tsx?t=1787493067224:68
[   46339ms] [LOG] null @ http://restaurant21.lobytech.test:3002/src/presentation/views/Modules/Admin/Views/Asistencia/Dropdown/index.tsx?t=1787493067224:68
[   46339ms] [LOG] null @ http://restaurant21.lobytech.test:3002/src/presentation/views/Modules/Admin/Views/Asistencia/Dropdown/index.tsx?t=1787493067224:68
[   46339ms] [LOG] null @ http://restaurant21.lobytech.test:3002/src/presentation/views/Modules/Admin/Views/Asistencia/Dropdown/index.tsx?t=1787493067224:68
[   46340ms] [LOG] null @ http://restaurant21.lobytech.test:3002/src/presentation/views/Modules/Admin/Views/Asistencia/Dropdown/index.tsx?t=1787493067224:68
[   46340ms] [LOG] null @ http://restaurant21.lobytech.test:3002/src/presentation/views/Modules/Admin/Views/Asistencia/Dropdown/index.tsx?t=1787493067224:68
[   46341ms] [LOG] null @ http://restaurant21.lobytech.test:3002/src/presentation/views/Modules/Admin/Views/Asistencia/Dropdown/index.tsx?t=1787493067224:68
[   46341ms] [LOG] null @ http://restaurant21.lobytech.test:3002/src/presentation/views/Modules/Admin/Views/Asistencia/Dropdown/index.tsx?t=1787493067224:68
[   46341ms] [LOG] null @ http://restaurant21.lobytech.test:3002/src/presentation/views/Modules/Admin/Views/Asistencia/Dropdown/index.tsx?t=1787493067224:68
[   46342ms] [LOG] null @ http://restaurant21.lobytech.test:3002/src/presentation/views/Modules/Admin/Views/Asistencia/Dropdown/index.tsx?t=1787493067224:68
[   46343ms] [LOG] null @ http://restaurant21.lobytech.test:3002/src/presentation/views/Modules/Admin/Views/Asistencia/Dropdown/index.tsx?t=1787493067224:68
[   46343ms] [LOG] null @ http://restaurant21.lobytech.test:3002/src/presentation/views/Modules/Admin/Views/Asistencia/Dropdown/index.tsx?t=1787493067224:68
[   46344ms] [LOG] null @ http://restaurant21.lobytech.test:3002/src/presentation/views/Modules/Admin/Views/Asistencia/Dropdown/index.tsx?t=1787493067224:68
[   46344ms] [LOG] null @ http://restaurant21.lobytech.test:3002/src/presentation/views/Modules/Admin/Views/Asistencia/Dropdown/index.tsx?t=1787493067224:68
[   46345ms] [LOG] null @ http://restaurant21.lobytech.test:3002/src/presentation/views/Modules/Admin/Views/Asistencia/Dropdown/index.tsx?t=1787493067224:68
[   46346ms] [LOG] null @ http://restaurant21.lobytech.test:3002/src/presentation/views/Modules/Admin/Views/Asistencia/Dropdown/index.tsx?t=1787493067224:68
[   46346ms] [LOG] null @ http://restaurant21.lobytech.test:3002/src/presentation/views/Modules/Admin/Views/Asistencia/Dropdown/index.tsx?t=1787493067224:68
[   46347ms] [LOG] null @ http://restaurant21.lobytech.test:3002/src/presentation/views/Modules/Admin/Views/Asistencia/Dropdown/index.tsx?t=1787493067224:68
[   46348ms] [LOG] null @ http://restaurant21.lobytech.test:3002/src/presentation/views/Modules/Admin/Views/Asistencia/Dropdown/index.tsx?t=1787493067224:68
[   46349ms] [LOG] null @ http://restaurant21.lobytech.test:3002/src/presentation/views/Modules/Admin/Views/Asistencia/Dropdown/index.tsx?t=1787493067224:68
[   46349ms] [LOG] null @ http://restaurant21.lobytech.test:3002/src/presentation/views/Modules/Admin/Views/Asistencia/Dropdown/index.tsx?t=1787493067224:68
[   46350ms] [LOG] null @ http://restaurant21.lobytech.test:3002/src/presentation/views/Modules/Admin/Views/Asistencia/Dropdown/index.tsx?t=1787493067224:68
[   46350ms] [LOG] null @ http://restaurant21.lobytech.test:3002/src/presentation/views/Modules/Admin/Views/Asistencia/Dropdown/index.tsx?t=1787493067224:68
[   46351ms] [LOG] null @ http://restaurant21.lobytech.test:3002/src/presentation/views/Modules/Admin/Views/Asistencia/Dropdown/index.tsx?t=1787493067224:68
[   46351ms] [LOG] null @ http://restaurant21.lobytech.test:3002/src/presentation/views/Modules/Admin/Views/Asistencia/Dropdown/index.tsx?t=1787493067224:68
[   46352ms] [LOG] [Object, Object, Object, Object, Object, Object, Object, Object, Object, Object, Object, Object, Object, Object, Object, Object, Object, Object, Object, Object, Object, Object, Object, Object, Object, Object, Object, Object, Object, Object, Object, Object, Object, Object, Object, Object, Object, Object, Object, Object, Object, Object, Object, Object, Object, Object, Object, Object, Object, Object, Object, Object, Object, Object, Object, Object, Object, Object, Object, Object, Object, Object, Object, Object, Object, Object] @ http://restaurant21.lobytech.test:3002/src/components/Modal/Admin/Asistencia/index.tsx?t=1787530428254:43
[   46352ms] [LOG] [] @ http://restaurant21.lobytech.test:3002/src/components/Modal/Admin/Asistencia/index.tsx?t=1787530428254:50
[   46353ms] [LOG] Sun Aug 23 2026 00:00:00 GMT-0500 (hora estándar de Perú) @ http://restaurant21.lobytech.test:3002/src/components/Modal/Admin/Asistencia/index.tsx?t=1787530428254:79
[   46353ms] [LOG] 1 @ http://restaurant21.lobytech.test:3002/src/components/Modal/Admin/Asistencia/index.tsx?t=1787530428254:95
[   46353ms] [LOG] {habitacionId: 0, habitacion: , anfitrionaId: 0, anfitriona: , turno: } @ http://restaurant21.lobytech.test:3002/src/components/Modal/Admin/Asistencia/index.tsx?t=1787530428254:108
[   46353ms] [LOG] [] @ http://restaurant21.lobytech.test:3002/src/components/Modal/Admin/Asistencia/index.tsx?t=1787530428254:110
[   46353ms] [LOG] 0 @ http://restaurant21.lobytech.test:3002/src/components/Modal/Admin/Asistencia/index.tsx?t=1787530428254:126
[   46353ms] [LOG] undefined @ http://restaurant21.lobytech.test:3002/src/components/Modal/Admin/Asistencia/index.tsx?t=1787530428254:162
[   46353ms] [LOG]  @ http://restaurant21.lobytech.test:3002/src/components/Modal/Admin/Asistencia/index.tsx?t=1787530428254:163
[   46353ms] [LOG] 844 @ http://restaurant21.lobytech.test:3002/src/components/Modal/Admin/Asistencia/index.tsx?t=1787530428254:202
[   46353ms] [LOG] 390 @ http://restaurant21.lobytech.test:3002/src/components/Modal/Admin/Asistencia/index.tsx?t=1787530428254:203
[   46354ms] [LOG] [] @ http://restaurant21.lobytech.test:3002/src/components/Modal/Admin/Fichas/index.tsx?t=1787493067224:37
[   46354ms] [LOG] [] @ http://restaurant21.lobytech.test:3002/src/components/Modal/Admin/Fichas/index.tsx?t=1787493067224:38
[   46354ms] [LOG] null @ http://restaurant21.lobytech.test:3002/src/components/Modal/Admin/Fichas/index.tsx?t=1787493067224:39
[   46354ms] [LOG] 844 @ http://restaurant21.lobytech.test:3002/src/components/Modal/Admin/Fichas/index.tsx?t=1787493067224:47
[   46354ms] [LOG] 844 @ http://restaurant21.lobytech.test:3002/src/components/Modal/Admin/Fichas/index.tsx?t=1787493067224:48
[   46479ms] [LOG] {code: 1, message: Success, data: Object, status: 200} @ http://restaurant21.lobytech.test:3002/src/redux/reducers/Admin/clientes-proveedores/clientesProveedoresAnfitrionas.reducer.ts:250
[   46481ms] [LOG] [Object, Object, Object, Object, Object, Object, Object, Object, Object, Object, Object, Object, Object, Object, Object, Object, Object, Object, Object, Object, Object, Object, Object, Object, Object, Object, Object, Object, Object, Object, Object, Object, Object, Object, Object, Object, Object, Object, Object, Object, Object, Object, Object, Object, Object, Object, Object, Object, Object, Object, Object, Object, Object, Object, Object, Object, Object, Object, Object, Object, Object, Object, Object, Object, Object, Object] @ http://restaurant21.lobytech.test:3002/src/components/Modal/Admin/Asistencia/index.tsx?t=1787530428254:43
[   46481ms] [LOG] [] @ http://restaurant21.lobytech.test:3002/src/components/Modal/Admin/Asistencia/index.tsx?t=1787530428254:50
[   46481ms] [LOG] Sun Aug 23 2026 00:00:00 GMT-0500 (hora estándar de Perú) @ http://restaurant21.lobytech.test:3002/src/components/Modal/Admin/Asistencia/index.tsx?t=1787530428254:79
[   46482ms] [LOG] 1 @ http://restaurant21.lobytech.test:3002/src/components/Modal/Admin/Asistencia/index.tsx?t=1787530428254:95
[   46482ms] [LOG] {habitacionId: 0, habitacion: , anfitrionaId: 0, anfitriona: , turno: } @ http://restaurant21.lobytech.test:3002/src/components/Modal/Admin/Asistencia/index.tsx?t=1787530428254:108
[   46483ms] [LOG] [] @ http://restaurant21.lobytech.test:3002/src/components/Modal/Admin/Asistencia/index.tsx?t=1787530428254:110
[   46483ms] [LOG] 0 @ http://restaurant21.lobytech.test:3002/src/components/Modal/Admin/Asistencia/index.tsx?t=1787530428254:126
[   46484ms] [LOG] undefined @ http://restaurant21.lobytech.test:3002/src/components/Modal/Admin/Asistencia/index.tsx?t=1787530428254:162
[   46484ms] [LOG]  @ http://restaurant21.lobytech.test:3002/src/components/Modal/Admin/Asistencia/index.tsx?t=1787530428254:163
[   46484ms] [LOG] 844 @ http://restaurant21.lobytech.test:3002/src/components/Modal/Admin/Asistencia/index.tsx?t=1787530428254:202
[   46484ms] [LOG] 390 @ http://restaurant21.lobytech.test:3002/src/components/Modal/Admin/Asistencia/index.tsx?t=1787530428254:203
[   46502ms] [ERROR] Failed to load resource: the server responded with a status of 404 (Not Found) @ http://localhost:5002/api/productos/listar?CategoriaId=2&GrupoId=16&Value=&Page=1&Amount=100:0
[   46503ms] [LOG] AxiosError @ http://restaurant21.lobytech.test:3002/src/utils/axios.ts:19
[   46503ms] [LOG] AxiosError @ http://restaurant21.lobytech.test:3002/src/redux/reducers/Admin/productos/producto.reducer.ts:364
[   46504ms] [LOG] [Object, Object, Object, Object, Object, Object, Object, Object, Object, Object, Object, Object, Object, Object, Object, Object, Object, Object, Object, Object, Object, Object, Object, Object, Object, Object, Object, Object, Object, Object, Object, Object, Object, Object, Object, Object, Object, Object, Object, Object, Object, Object, Object, Object, Object, Object, Object, Object, Object, Object, Object, Object, Object, Object, Object, Object, Object, Object, Object, Object, Object, Object, Object, Object, Object, Object] @ http://restaurant21.lobytech.test:3002/src/components/Modal/Admin/Asistencia/index.tsx?t=1787530428254:43
[   46505ms] [LOG] [] @ http://restaurant21.lobytech.test:3002/src/components/Modal/Admin/Asistencia/index.tsx?t=1787530428254:50
[   46506ms] [LOG] Sun Aug 23 2026 00:00:00 GMT-0500 (hora estándar de Perú) @ http://restaurant21.lobytech.test:3002/src/components/Modal/Admin/Asistencia/index.tsx?t=1787530428254:79
[   46506ms] [LOG] 1 @ http://restaurant21.lobytech.test:3002/src/components/Modal/Admin/Asistencia/index.tsx?t=1787530428254:95
[   46507ms] [LOG] {habitacionId: 0, habitacion: , anfitrionaId: 0, anfitriona: , turno: } @ http://restaurant21.lobytech.test:3002/src/components/Modal/Admin/Asistencia/index.tsx?t=1787530428254:108
[   46507ms] [LOG] [] @ http://restaurant21.lobytech.test:3002/src/components/Modal/Admin/Asistencia/index.tsx?t=1787530428254:110
[   46508ms] [LOG] 0 @ http://restaurant21.lobytech.test:3002/src/components/Modal/Admin/Asistencia/index.tsx?t=1787530428254:126
[   46508ms] [LOG] undefined @ http://restaurant21.lobytech.test:3002/src/components/Modal/Admin/Asistencia/index.tsx?t=1787530428254:162
[   46508ms] [LOG]  @ http://restaurant21.lobytech.test:3002/src/components/Modal/Admin/Asistencia/index.tsx?t=1787530428254:163
[   46508ms] [LOG] 844 @ http://restaurant21.lobytech.test:3002/src/components/Modal/Admin/Asistencia/index.tsx?t=1787530428254:202
[   46509ms] [LOG] 390 @ http://restaurant21.lobytech.test:3002/src/components/Modal/Admin/Asistencia/index.tsx?t=1787530428254:203
[   46688ms] [LOG] {code: 1, message: Success, data: Array(66), status: 200} @ http://restaurant21.lobytech.test:3002/src/redux/reducers/Admin/asistencia/asistencia.reducer.ts:222
[   46689ms] [LOG] [] @ http://restaurant21.lobytech.test:3002/src/presentation/views/Modules/Admin/Views/Asistencia/index.tsx?t=1787530517857:46
[   46690ms] [LOG] Sun Aug 23 2026 00:00:00 GMT-0500 (hora estándar de Perú) @ http://restaurant21.lobytech.test:3002/src/presentation/views/Modules/Admin/Views/Asistencia/index.tsx?t=1787530517857:115
[   46690ms] [LOG] {turno: Turno Especial, diaSemana: 0} @ http://restaurant21.lobytech.test:3002/src/presentation/views/Modules/Admin/Views/Asistencia/index.tsx?t=1787530517857:129
[   46690ms] [LOG] Sun Aug 23 2026 00:00:00 GMT-0500 (hora estándar de Perú) @ http://restaurant21.lobytech.test:3002/src/presentation/views/Modules/Admin/Views/Asistencia/index.tsx?t=1787530517857:115
[   46690ms] [LOG] Sun Aug 23 2026 00:00:00 GMT-0500 (hora estándar de Perú) @ http://restaurant21.lobytech.test:3002/src/presentation/views/Modules/Admin/Views/Asistencia/index.tsx?t=1787530517857:115
[   46690ms] [LOG] [] @ http://restaurant21.lobytech.test:3002/src/presentation/views/Modules/Admin/Views/Asistencia/index.tsx?t=1787530517857:198
[   46691ms] [LOG] false @ http://restaurant21.lobytech.test:3002/src/components/Toggle/index.tsx:24
[   46691ms] [LOG] () => {
    if (diaSemana === 0) {
      setCheckedTurno(false);
    } else {
      setCheckedTurno(!isTurno);
    }
  } @ http://restaurant21.lobytech.test:3002/src/components/Toggle/index.tsx:25
[   46694ms] [LOG] null @ http://restaurant21.lobytech.test:3002/src/presentation/views/Modules/Admin/Views/Asistencia/Dropdown/index.tsx?t=1787493067224:68
[   46695ms] [LOG] null @ http://restaurant21.lobytech.test:3002/src/presentation/views/Modules/Admin/Views/Asistencia/Dropdown/index.tsx?t=1787493067224:68
[   46695ms] [LOG] null @ http://restaurant21.lobytech.test:3002/src/presentation/views/Modules/Admin/Views/Asistencia/Dropdown/index.tsx?t=1787493067224:68
[   46696ms] [LOG] null @ http://restaurant21.lobytech.test:3002/src/presentation/views/Modules/Admin/Views/Asistencia/Dropdown/index.tsx?t=1787493067224:68
[   46697ms] [LOG] null @ http://restaurant21.lobytech.test:3002/src/presentation/views/Modules/Admin/Views/Asistencia/Dropdown/index.tsx?t=1787493067224:68
[   46698ms] [LOG] null @ http://restaurant21.lobytech.test:3002/src/presentation/views/Modules/Admin/Views/Asistencia/Dropdown/index.tsx?t=1787493067224:68
[   46698ms] [LOG] null @ http://restaurant21.lobytech.test:3002/src/presentation/views/Modules/Admin/Views/Asistencia/Dropdown/index.tsx?t=1787493067224:68
[   46699ms] [LOG] null @ http://restaurant21.lobytech.test:3002/src/presentation/views/Modules/Admin/Views/Asistencia/Dropdown/index.tsx?t=1787493067224:68
[   46700ms] [LOG] null @ http://restaurant21.lobytech.test:3002/src/presentation/views/Modules/Admin/Views/Asistencia/Dropdown/index.tsx?t=1787493067224:68
[   46700ms] [LOG] null @ http://restaurant21.lobytech.test:3002/src/presentation/views/Modules/Admin/Views/Asistencia/Dropdown/index.tsx?t=1787493067224:68
[   46701ms] [LOG] null @ http://restaurant21.lobytech.test:3002/src/presentation/views/Modules/Admin/Views/Asistencia/Dropdown/index.tsx?t=1787493067224:68
[   46701ms] [LOG] null @ http://restaurant21.lobytech.test:3002/src/presentation/views/Modules/Admin/Views/Asistencia/Dropdown/index.tsx?t=1787493067224:68
[   46702ms] [LOG] null @ http://restaurant21.lobytech.test:3002/src/presentation/views/Modules/Admin/Views/Asistencia/Dropdown/index.tsx?t=1787493067224:68
[   46702ms] [LOG] null @ http://restaurant21.lobytech.test:3002/src/presentation/views/Modules/Admin/Views/Asistencia/Dropdown/index.tsx?t=1787493067224:68
[   46703ms] [LOG] null @ http://restaurant21.lobytech.test:3002/src/presentation/views/Modules/Admin/Views/Asistencia/Dropdown/index.tsx?t=1787493067224:68
[   46703ms] [LOG] null @ http://restaurant21.lobytech.test:3002/src/presentation/views/Modules/Admin/Views/Asistencia/Dropdown/index.tsx?t=1787493067224:68
[   46704ms] [LOG] null @ http://restaurant21.lobytech.test:3002/src/presentation/views/Modules/Admin/Views/Asistencia/Dropdown/index.tsx?t=1787493067224:68
[   46704ms] [LOG] null @ http://restaurant21.lobytech.test:3002/src/presentation/views/Modules/Admin/Views/Asistencia/Dropdown/index.tsx?t=1787493067224:68
[   46705ms] [LOG] null @ http://restaurant21.lobytech.test:3002/src/presentation/views/Modules/Admin/Views/Asistencia/Dropdown/index.tsx?t=1787493067224:68
[   46705ms] [LOG] null @ http://restaurant21.lobytech.test:3002/src/presentation/views/Modules/Admin/Views/Asistencia/Dropdown/index.tsx?t=1787493067224:68
[   46705ms] [LOG] null @ http://restaurant21.lobytech.test:3002/src/presentation/views/Modules/Admin/Views/Asistencia/Dropdown/index.tsx?t=1787493067224:68
[   46706ms] [LOG] null @ http://restaurant21.lobytech.test:3002/src/presentation/views/Modules/Admin/Views/Asistencia/Dropdown/index.tsx?t=1787493067224:68
[   46706ms] [LOG] null @ http://restaurant21.lobytech.test:3002/src/presentation/views/Modules/Admin/Views/Asistencia/Dropdown/index.tsx?t=1787493067224:68
[   46707ms] [LOG] null @ http://restaurant21.lobytech.test:3002/src/presentation/views/Modules/Admin/Views/Asistencia/Dropdown/index.tsx?t=1787493067224:68
[   46707ms] [LOG] null @ http://restaurant21.lobytech.test:3002/src/presentation/views/Modules/Admin/Views/Asistencia/Dropdown/index.tsx?t=1787493067224:68
[   46707ms] [LOG] null @ http://restaurant21.lobytech.test:3002/src/presentation/views/Modules/Admin/Views/Asistencia/Dropdown/index.tsx?t=1787493067224:68
[   46708ms] [LOG] null @ http://restaurant21.lobytech.test:3002/src/presentation/views/Modules/Admin/Views/Asistencia/Dropdown/index.tsx?t=1787493067224:68
[   46708ms] [LOG] null @ http://restaurant21.lobytech.test:3002/src/presentation/views/Modules/Admin/Views/Asistencia/Dropdown/index.tsx?t=1787493067224:68
[   46708ms] [LOG] null @ http://restaurant21.lobytech.test:3002/src/presentation/views/Modules/Admin/Views/Asistencia/Dropdown/index.tsx?t=1787493067224:68
[   46709ms] [LOG] null @ http://restaurant21.lobytech.test:3002/src/presentation/views/Modules/Admin/Views/Asistencia/Dropdown/index.tsx?t=1787493067224:68
[   46709ms] [LOG] null @ http://restaurant21.lobytech.test:3002/src/presentation/views/Modules/Admin/Views/Asistencia/Dropdown/index.tsx?t=1787493067224:68
[   46711ms] [LOG] null @ http://restaurant21.lobytech.test:3002/src/presentation/views/Modules/Admin/Views/Asistencia/Dropdown/index.tsx?t=1787493067224:68
[   46711ms] [LOG] null @ http://restaurant21.lobytech.test:3002/src/presentation/views/Modules/Admin/Views/Asistencia/Dropdown/index.tsx?t=1787493067224:68
[   46712ms] [LOG] null @ http://restaurant21.lobytech.test:3002/src/presentation/views/Modules/Admin/Views/Asistencia/Dropdown/index.tsx?t=1787493067224:68
[   46713ms] [LOG] null @ http://restaurant21.lobytech.test:3002/src/presentation/views/Modules/Admin/Views/Asistencia/Dropdown/index.tsx?t=1787493067224:68
[   46715ms] [LOG] null @ http://restaurant21.lobytech.test:3002/src/presentation/views/Modules/Admin/Views/Asistencia/Dropdown/index.tsx?t=1787493067224:68
[   46716ms] [LOG] null @ http://restaurant21.lobytech.test:3002/src/presentation/views/Modules/Admin/Views/Asistencia/Dropdown/index.tsx?t=1787493067224:68
[   46717ms] [LOG] null @ http://restaurant21.lobytech.test:3002/src/presentation/views/Modules/Admin/Views/Asistencia/Dropdown/index.tsx?t=1787493067224:68
[   46717ms] [LOG] null @ http://restaurant21.lobytech.test:3002/src/presentation/views/Modules/Admin/Views/Asistencia/Dropdown/index.tsx?t=1787493067224:68
[   46717ms] [LOG] null @ http://restaurant21.lobytech.test:3002/src/presentation/views/Modules/Admin/Views/Asistencia/Dropdown/index.tsx?t=1787493067224:68
[   46718ms] [LOG] null @ http://restaurant21.lobytech.test:3002/src/presentation/views/Modules/Admin/Views/Asistencia/Dropdown/index.tsx?t=1787493067224:68
[   46718ms] [LOG] null @ http://restaurant21.lobytech.test:3002/src/presentation/views/Modules/Admin/Views/Asistencia/Dropdown/index.tsx?t=1787493067224:68
[   46718ms] [LOG] null @ http://restaurant21.lobytech.test:3002/src/presentation/views/Modules/Admin/Views/Asistencia/Dropdown/index.tsx?t=1787493067224:68
[   46719ms] [LOG] null @ http://restaurant21.lobytech.test:3002/src/presentation/views/Modules/Admin/Views/Asistencia/Dropdown/index.tsx?t=1787493067224:68
[   46719ms] [LOG] null @ http://restaurant21.lobytech.test:3002/src/presentation/views/Modules/Admin/Views/Asistencia/Dropdown/index.tsx?t=1787493067224:68
[   46720ms] [LOG] null @ http://restaurant21.lobytech.test:3002/src/presentation/views/Modules/Admin/Views/Asistencia/Dropdown/index.tsx?t=1787493067224:68
[   46720ms] [LOG] null @ http://restaurant21.lobytech.test:3002/src/presentation/views/Modules/Admin/Views/Asistencia/Dropdown/index.tsx?t=1787493067224:68
[   46720ms] [LOG] null @ http://restaurant21.lobytech.test:3002/src/presentation/views/Modules/Admin/Views/Asistencia/Dropdown/index.tsx?t=1787493067224:68
[   46721ms] [LOG] null @ http://restaurant21.lobytech.test:3002/src/presentation/views/Modules/Admin/Views/Asistencia/Dropdown/index.tsx?t=1787493067224:68
[   46721ms] [LOG] null @ http://restaurant21.lobytech.test:3002/src/presentation/views/Modules/Admin/Views/Asistencia/Dropdown/index.tsx?t=1787493067224:68
[   46722ms] [LOG] null @ http://restaurant21.lobytech.test:3002/src/presentation/views/Modules/Admin/Views/Asistencia/Dropdown/index.tsx?t=1787493067224:68
[   46722ms] [LOG] null @ http://restaurant21.lobytech.test:3002/src/presentation/views/Modules/Admin/Views/Asistencia/Dropdown/index.tsx?t=1787493067224:68
[   46723ms] [LOG] null @ http://restaurant21.lobytech.test:3002/src/presentation/views/Modules/Admin/Views/Asistencia/Dropdown/index.tsx?t=1787493067224:68
[   46723ms] [LOG] null @ http://restaurant21.lobytech.test:3002/src/presentation/views/Modules/Admin/Views/Asistencia/Dropdown/index.tsx?t=1787493067224:68
[   46724ms] [LOG] null @ http://restaurant21.lobytech.test:3002/src/presentation/views/Modules/Admin/Views/Asistencia/Dropdown/index.tsx?t=1787493067224:68
[   46724ms] [LOG] null @ http://restaurant21.lobytech.test:3002/src/presentation/views/Modules/Admin/Views/Asistencia/Dropdown/index.tsx?t=1787493067224:68
[   46724ms] [LOG] null @ http://restaurant21.lobytech.test:3002/src/presentation/views/Modules/Admin/Views/Asistencia/Dropdown/index.tsx?t=1787493067224:68
[   46724ms] [LOG] null @ http://restaurant21.lobytech.test:3002/src/presentation/views/Modules/Admin/Views/Asistencia/Dropdown/index.tsx?t=1787493067224:68
[   46725ms] [LOG] null @ http://restaurant21.lobytech.test:3002/src/presentation/views/Modules/Admin/Views/Asistencia/Dropdown/index.tsx?t=1787493067224:68
[   46725ms] [LOG] null @ http://restaurant21.lobytech.test:3002/src/presentation/views/Modules/Admin/Views/Asistencia/Dropdown/index.tsx?t=1787493067224:68
[   46725ms] [LOG] null @ http://restaurant21.lobytech.test:3002/src/presentation/views/Modules/Admin/Views/Asistencia/Dropdown/index.tsx?t=1787493067224:68
[   46726ms] [LOG] null @ http://restaurant21.lobytech.test:3002/src/presentation/views/Modules/Admin/Views/Asistencia/Dropdown/index.tsx?t=1787493067224:68
[   46726ms] [LOG] null @ http://restaurant21.lobytech.test:3002/src/presentation/views/Modules/Admin/Views/Asistencia/Dropdown/index.tsx?t=1787493067224:68
[   46726ms] [LOG] null @ http://restaurant21.lobytech.test:3002/src/presentation/views/Modules/Admin/Views/Asistencia/Dropdown/index.tsx?t=1787493067224:68
[   46727ms] [LOG] null @ http://restaurant21.lobytech.test:3002/src/presentation/views/Modules/Admin/Views/Asistencia/Dropdown/index.tsx?t=1787493067224:68
[   46727ms] [LOG] null @ http://restaurant21.lobytech.test:3002/src/presentation/views/Modules/Admin/Views/Asistencia/Dropdown/index.tsx?t=1787493067224:68
[   46728ms] [LOG] [Object, Object, Object, Object, Object, Object, Object, Object, Object, Object, Object, Object, Object, Object, Object, Object, Object, Object, Object, Object, Object, Object, Object, Object, Object, Object, Object, Object, Object, Object, Object, Object, Object, Object, Object, Object, Object, Object, Object, Object, Object, Object, Object, Object, Object, Object, Object, Object, Object, Object, Object, Object, Object, Object, Object, Object, Object, Object, Object, Object, Object, Object, Object, Object, Object, Object] @ http://restaurant21.lobytech.test:3002/src/components/Modal/Admin/Asistencia/index.tsx?t=1787530428254:43
[   46728ms] [LOG] [] @ http://restaurant21.lobytech.test:3002/src/components/Modal/Admin/Asistencia/index.tsx?t=1787530428254:50
[   46728ms] [LOG] Sun Aug 23 2026 00:00:00 GMT-0500 (hora estándar de Perú) @ http://restaurant21.lobytech.test:3002/src/components/Modal/Admin/Asistencia/index.tsx?t=1787530428254:79
[   46729ms] [LOG] 1 @ http://restaurant21.lobytech.test:3002/src/components/Modal/Admin/Asistencia/index.tsx?t=1787530428254:95
[   46729ms] [LOG] {habitacionId: 0, habitacion: , anfitrionaId: 0, anfitriona: , turno: } @ http://restaurant21.lobytech.test:3002/src/components/Modal/Admin/Asistencia/index.tsx?t=1787530428254:108
[   46729ms] [LOG] [] @ http://restaurant21.lobytech.test:3002/src/components/Modal/Admin/Asistencia/index.tsx?t=1787530428254:110
[   46729ms] [LOG] 0 @ http://restaurant21.lobytech.test:3002/src/components/Modal/Admin/Asistencia/index.tsx?t=1787530428254:126
[   46729ms] [LOG] undefined @ http://restaurant21.lobytech.test:3002/src/components/Modal/Admin/Asistencia/index.tsx?t=1787530428254:162
[   46729ms] [LOG]  @ http://restaurant21.lobytech.test:3002/src/components/Modal/Admin/Asistencia/index.tsx?t=1787530428254:163
[   46730ms] [LOG] 844 @ http://restaurant21.lobytech.test:3002/src/components/Modal/Admin/Asistencia/index.tsx?t=1787530428254:202
[   46730ms] [LOG] 390 @ http://restaurant21.lobytech.test:3002/src/components/Modal/Admin/Asistencia/index.tsx?t=1787530428254:203
[   46731ms] [LOG] [] @ http://restaurant21.lobytech.test:3002/src/components/Modal/Admin/Fichas/index.tsx?t=1787493067224:37
[   46731ms] [LOG] [] @ http://restaurant21.lobytech.test:3002/src/components/Modal/Admin/Fichas/index.tsx?t=1787493067224:38
[   46732ms] [LOG] null @ http://restaurant21.lobytech.test:3002/src/components/Modal/Admin/Fichas/index.tsx?t=1787493067224:39
[   46732ms] [LOG] 844 @ http://restaurant21.lobytech.test:3002/src/components/Modal/Admin/Fichas/index.tsx?t=1787493067224:47
[   46732ms] [LOG] 844 @ http://restaurant21.lobytech.test:3002/src/components/Modal/Admin/Fichas/index.tsx?t=1787493067224:48
