[     630ms] [INFO] %cDownload the React DevTools for a better development experience: https://reactjs.org/link/react-devtools font-weight:bold @ http://restaurant21.lobytech.test:3002/node_modules/.vite/deps/chunk-GYWC62UC.js?v=23710b64:21535
[     714ms] [LOG] [] @ http://restaurant21.lobytech.test:3002/src/presentation/views/Modules/Admin/Views/Asistencia/index.tsx?t=1787493088342:46
[     715ms] [LOG] Sun Aug 23 2026 00:00:00 GMT-0500 (hora estándar de Perú) @ http://restaurant21.lobytech.test:3002/src/presentation/views/Modules/Admin/Views/Asistencia/index.tsx?t=1787493088342:115
[     715ms] [LOG] {turno: Turno Especial, diaSemana: 0} @ http://restaurant21.lobytech.test:3002/src/presentation/views/Modules/Admin/Views/Asistencia/index.tsx?t=1787493088342:129
[     715ms] [LOG] Sun Aug 23 2026 00:00:00 GMT-0500 (hora estándar de Perú) @ http://restaurant21.lobytech.test:3002/src/presentation/views/Modules/Admin/Views/Asistencia/index.tsx?t=1787493088342:115
[     716ms] [LOG] Sun Aug 23 2026 00:00:00 GMT-0500 (hora estándar de Perú) @ http://restaurant21.lobytech.test:3002/src/presentation/views/Modules/Admin/Views/Asistencia/index.tsx?t=1787493088342:115
[     716ms] [LOG] [] @ http://restaurant21.lobytech.test:3002/src/presentation/views/Modules/Admin/Views/Asistencia/index.tsx?t=1787493088342:198
[     717ms] [LOG] false @ http://restaurant21.lobytech.test:3002/src/components/Toggle/index.tsx:24
[     717ms] [LOG] () => {
    if (diaSemana === 0) {
      setCheckedTurno(false);
    } else {
      setCheckedTurno(!isTurno);
    }
  } @ http://restaurant21.lobytech.test:3002/src/components/Toggle/index.tsx:25
[     723ms] [ERROR] Warning: Each child in a list should have a unique "key" prop.%s%s See https://reactjs.org/link/warning-keys for more information.%s 

Check the render method of `Indicadores`.  
    at Indicador (http://restaurant21.lobytech.test:3002/src/presentation/views/Modules/Admin/Views/Asistencia/Indicadores/Indicador.tsx:20:3)
    at Indicadores (http://restaurant21.lobytech.test:3002/src/presentation/views/Modules/Admin/Views/Asistencia/Indicadores/Indicadores.tsx:20:3)
    at div
    at div
    at div
    at Asistencia (http://restaurant21.lobytech.test:3002/src/presentation/views/Modules/Admin/Views/Asistencia/index.tsx?t=1787493088342:42:20)
    at RenderedRoute (http://restaurant21.lobytech.test:3002/node_modules/.vite/deps/react-router-dom.js?v=23710b64:3310:5)
    at Outlet (http://restaurant21.lobytech.test:3002/node_modules/.vite/deps/react-router-dom.js?v=23710b64:3703:26)
    at div
    at div
    at div
    at LayoutView (http://restaurant21.lobytech.test:3002/src/components/Sidebar/index.tsx?t=1787527165311:31:20)
    at RenderedRoute (http://restaurant21.lobytech.test:3002/node_modules/.vite/deps/react-router-dom.js?v=23710b64:3310:5)
    at Routes (http://restaurant21.lobytech.test:3002/node_modules/.vite/deps/react-router-dom.js?v=23710b64:3763:5)
    at div
    at Router (http://restaurant21.lobytech.test:3002/node_modules/.vite/deps/react-router-dom.js?v=23710b64:3710:15)
    at BrowserRouter (http://restaurant21.lobytech.test:3002/node_modules/.vite/deps/react-router-dom.js?v=23710b64:4190:5)
    at Dashboard
    at QueryClientProvider2 (http://restaurant21.lobytech.test:3002/node_modules/.vite/deps/react-query.js?v=23710b64:2647:21)
    at Provider (http://restaurant21.lobytech.test:3002/node_modules/.vite/deps/react-redux.js?v=23710b64:1481:3)
    at App (http://restaurant21.lobytech.test:3002/src/App.tsx?t=1787530374483:31:7)
    at Provider (http://restaurant21.lobytech.test:3002/node_modules/.vite/deps/react-redux.js?v=23710b64:1481:3) @ http://restaurant21.lobytech.test:3002/node_modules/.vite/deps/react_jsx-dev-runtime.js?v=23710b64:63
[     725ms] [LOG] null @ http://restaurant21.lobytech.test:3002/src/presentation/views/Modules/Admin/Views/Asistencia/Dropdown/index.tsx?t=1787493067224:68
[     728ms] [LOG] null @ http://restaurant21.lobytech.test:3002/src/presentation/views/Modules/Admin/Views/Asistencia/Dropdown/index.tsx?t=1787493067224:68
[     729ms] [LOG] null @ http://restaurant21.lobytech.test:3002/src/presentation/views/Modules/Admin/Views/Asistencia/Dropdown/index.tsx?t=1787493067224:68
[     730ms] [LOG] null @ http://restaurant21.lobytech.test:3002/src/presentation/views/Modules/Admin/Views/Asistencia/Dropdown/index.tsx?t=1787493067224:68
[     731ms] [LOG] null @ http://restaurant21.lobytech.test:3002/src/presentation/views/Modules/Admin/Views/Asistencia/Dropdown/index.tsx?t=1787493067224:68
[     731ms] [LOG] null @ http://restaurant21.lobytech.test:3002/src/presentation/views/Modules/Admin/Views/Asistencia/Dropdown/index.tsx?t=1787493067224:68
[     732ms] [LOG] null @ http://restaurant21.lobytech.test:3002/src/presentation/views/Modules/Admin/Views/Asistencia/Dropdown/index.tsx?t=1787493067224:68
[     733ms] [LOG] null @ http://restaurant21.lobytech.test:3002/src/presentation/views/Modules/Admin/Views/Asistencia/Dropdown/index.tsx?t=1787493067224:68
[     734ms] [LOG] null @ http://restaurant21.lobytech.test:3002/src/presentation/views/Modules/Admin/Views/Asistencia/Dropdown/index.tsx?t=1787493067224:68
[     734ms] [LOG] null @ http://restaurant21.lobytech.test:3002/src/presentation/views/Modules/Admin/Views/Asistencia/Dropdown/index.tsx?t=1787493067224:68
[     735ms] [LOG] null @ http://restaurant21.lobytech.test:3002/src/presentation/views/Modules/Admin/Views/Asistencia/Dropdown/index.tsx?t=1787493067224:68
[     737ms] [LOG] null @ http://restaurant21.lobytech.test:3002/src/presentation/views/Modules/Admin/Views/Asistencia/Dropdown/index.tsx?t=1787493067224:68
[     738ms] [LOG] null @ http://restaurant21.lobytech.test:3002/src/presentation/views/Modules/Admin/Views/Asistencia/Dropdown/index.tsx?t=1787493067224:68
[     739ms] [LOG] null @ http://restaurant21.lobytech.test:3002/src/presentation/views/Modules/Admin/Views/Asistencia/Dropdown/index.tsx?t=1787493067224:68
[     741ms] [LOG] null @ http://restaurant21.lobytech.test:3002/src/presentation/views/Modules/Admin/Views/Asistencia/Dropdown/index.tsx?t=1787493067224:68
[     742ms] [LOG] null @ http://restaurant21.lobytech.test:3002/src/presentation/views/Modules/Admin/Views/Asistencia/Dropdown/index.tsx?t=1787493067224:68
[     742ms] [LOG] null @ http://restaurant21.lobytech.test:3002/src/presentation/views/Modules/Admin/Views/Asistencia/Dropdown/index.tsx?t=1787493067224:68
[     743ms] [LOG] null @ http://restaurant21.lobytech.test:3002/src/presentation/views/Modules/Admin/Views/Asistencia/Dropdown/index.tsx?t=1787493067224:68
[     744ms] [LOG] null @ http://restaurant21.lobytech.test:3002/src/presentation/views/Modules/Admin/Views/Asistencia/Dropdown/index.tsx?t=1787493067224:68
[     745ms] [LOG] null @ http://restaurant21.lobytech.test:3002/src/presentation/views/Modules/Admin/Views/Asistencia/Dropdown/index.tsx?t=1787493067224:68
[     746ms] [LOG] null @ http://restaurant21.lobytech.test:3002/src/presentation/views/Modules/Admin/Views/Asistencia/Dropdown/index.tsx?t=1787493067224:68
[     746ms] [LOG] null @ http://restaurant21.lobytech.test:3002/src/presentation/views/Modules/Admin/Views/Asistencia/Dropdown/index.tsx?t=1787493067224:68
[     747ms] [LOG] null @ http://restaurant21.lobytech.test:3002/src/presentation/views/Modules/Admin/Views/Asistencia/Dropdown/index.tsx?t=1787493067224:68
[     747ms] [LOG] null @ http://restaurant21.lobytech.test:3002/src/presentation/views/Modules/Admin/Views/Asistencia/Dropdown/index.tsx?t=1787493067224:68
[     748ms] [LOG] null @ http://restaurant21.lobytech.test:3002/src/presentation/views/Modules/Admin/Views/Asistencia/Dropdown/index.tsx?t=1787493067224:68
[     749ms] [LOG] null @ http://restaurant21.lobytech.test:3002/src/presentation/views/Modules/Admin/Views/Asistencia/Dropdown/index.tsx?t=1787493067224:68
[     750ms] [LOG] null @ http://restaurant21.lobytech.test:3002/src/presentation/views/Modules/Admin/Views/Asistencia/Dropdown/index.tsx?t=1787493067224:68
[     751ms] [LOG] null @ http://restaurant21.lobytech.test:3002/src/presentation/views/Modules/Admin/Views/Asistencia/Dropdown/index.tsx?t=1787493067224:68
[     752ms] [LOG] null @ http://restaurant21.lobytech.test:3002/src/presentation/views/Modules/Admin/Views/Asistencia/Dropdown/index.tsx?t=1787493067224:68
[     753ms] [LOG] null @ http://restaurant21.lobytech.test:3002/src/presentation/views/Modules/Admin/Views/Asistencia/Dropdown/index.tsx?t=1787493067224:68
[     754ms] [LOG] null @ http://restaurant21.lobytech.test:3002/src/presentation/views/Modules/Admin/Views/Asistencia/Dropdown/index.tsx?t=1787493067224:68
[     756ms] [LOG] null @ http://restaurant21.lobytech.test:3002/src/presentation/views/Modules/Admin/Views/Asistencia/Dropdown/index.tsx?t=1787493067224:68
[     757ms] [LOG] null @ http://restaurant21.lobytech.test:3002/src/presentation/views/Modules/Admin/Views/Asistencia/Dropdown/index.tsx?t=1787493067224:68
[     758ms] [LOG] null @ http://restaurant21.lobytech.test:3002/src/presentation/views/Modules/Admin/Views/Asistencia/Dropdown/index.tsx?t=1787493067224:68
[     759ms] [LOG] null @ http://restaurant21.lobytech.test:3002/src/presentation/views/Modules/Admin/Views/Asistencia/Dropdown/index.tsx?t=1787493067224:68
[     759ms] [LOG] null @ http://restaurant21.lobytech.test:3002/src/presentation/views/Modules/Admin/Views/Asistencia/Dropdown/index.tsx?t=1787493067224:68
[     760ms] [LOG] null @ http://restaurant21.lobytech.test:3002/src/presentation/views/Modules/Admin/Views/Asistencia/Dropdown/index.tsx?t=1787493067224:68
[     760ms] [LOG] null @ http://restaurant21.lobytech.test:3002/src/presentation/views/Modules/Admin/Views/Asistencia/Dropdown/index.tsx?t=1787493067224:68
[     761ms] [LOG] null @ http://restaurant21.lobytech.test:3002/src/presentation/views/Modules/Admin/Views/Asistencia/Dropdown/index.tsx?t=1787493067224:68
[     762ms] [LOG] null @ http://restaurant21.lobytech.test:3002/src/presentation/views/Modules/Admin/Views/Asistencia/Dropdown/index.tsx?t=1787493067224:68
[     762ms] [LOG] null @ http://restaurant21.lobytech.test:3002/src/presentation/views/Modules/Admin/Views/Asistencia/Dropdown/index.tsx?t=1787493067224:68
[     763ms] [LOG] null @ http://restaurant21.lobytech.test:3002/src/presentation/views/Modules/Admin/Views/Asistencia/Dropdown/index.tsx?t=1787493067224:68
[     763ms] [LOG] null @ http://restaurant21.lobytech.test:3002/src/presentation/views/Modules/Admin/Views/Asistencia/Dropdown/index.tsx?t=1787493067224:68
[     764ms] [LOG] null @ http://restaurant21.lobytech.test:3002/src/presentation/views/Modules/Admin/Views/Asistencia/Dropdown/index.tsx?t=1787493067224:68
[     764ms] [LOG] null @ http://restaurant21.lobytech.test:3002/src/presentation/views/Modules/Admin/Views/Asistencia/Dropdown/index.tsx?t=1787493067224:68
[     765ms] [LOG] null @ http://restaurant21.lobytech.test:3002/src/presentation/views/Modules/Admin/Views/Asistencia/Dropdown/index.tsx?t=1787493067224:68
[     765ms] [LOG] null @ http://restaurant21.lobytech.test:3002/src/presentation/views/Modules/Admin/Views/Asistencia/Dropdown/index.tsx?t=1787493067224:68
[     766ms] [LOG] null @ http://restaurant21.lobytech.test:3002/src/presentation/views/Modules/Admin/Views/Asistencia/Dropdown/index.tsx?t=1787493067224:68
[     766ms] [LOG] null @ http://restaurant21.lobytech.test:3002/src/presentation/views/Modules/Admin/Views/Asistencia/Dropdown/index.tsx?t=1787493067224:68
[     767ms] [LOG] null @ http://restaurant21.lobytech.test:3002/src/presentation/views/Modules/Admin/Views/Asistencia/Dropdown/index.tsx?t=1787493067224:68
[     767ms] [LOG] null @ http://restaurant21.lobytech.test:3002/src/presentation/views/Modules/Admin/Views/Asistencia/Dropdown/index.tsx?t=1787493067224:68
[     768ms] [LOG] null @ http://restaurant21.lobytech.test:3002/src/presentation/views/Modules/Admin/Views/Asistencia/Dropdown/index.tsx?t=1787493067224:68
[     769ms] [LOG] null @ http://restaurant21.lobytech.test:3002/src/presentation/views/Modules/Admin/Views/Asistencia/Dropdown/index.tsx?t=1787493067224:68
[     770ms] [LOG] null @ http://restaurant21.lobytech.test:3002/src/presentation/views/Modules/Admin/Views/Asistencia/Dropdown/index.tsx?t=1787493067224:68
[     771ms] [LOG] null @ http://restaurant21.lobytech.test:3002/src/presentation/views/Modules/Admin/Views/Asistencia/Dropdown/index.tsx?t=1787493067224:68
[     772ms] [LOG] null @ http://restaurant21.lobytech.test:3002/src/presentation/views/Modules/Admin/Views/Asistencia/Dropdown/index.tsx?t=1787493067224:68
[     773ms] [LOG] null @ http://restaurant21.lobytech.test:3002/src/presentation/views/Modules/Admin/Views/Asistencia/Dropdown/index.tsx?t=1787493067224:68
[     773ms] [LOG] null @ http://restaurant21.lobytech.test:3002/src/presentation/views/Modules/Admin/Views/Asistencia/Dropdown/index.tsx?t=1787493067224:68
[     774ms] [LOG] null @ http://restaurant21.lobytech.test:3002/src/presentation/views/Modules/Admin/Views/Asistencia/Dropdown/index.tsx?t=1787493067224:68
[     775ms] [LOG] null @ http://restaurant21.lobytech.test:3002/src/presentation/views/Modules/Admin/Views/Asistencia/Dropdown/index.tsx?t=1787493067224:68
[     775ms] [LOG] null @ http://restaurant21.lobytech.test:3002/src/presentation/views/Modules/Admin/Views/Asistencia/Dropdown/index.tsx?t=1787493067224:68
[     776ms] [LOG] null @ http://restaurant21.lobytech.test:3002/src/presentation/views/Modules/Admin/Views/Asistencia/Dropdown/index.tsx?t=1787493067224:68
[     776ms] [LOG] null @ http://restaurant21.lobytech.test:3002/src/presentation/views/Modules/Admin/Views/Asistencia/Dropdown/index.tsx?t=1787493067224:68
[     777ms] [LOG] null @ http://restaurant21.lobytech.test:3002/src/presentation/views/Modules/Admin/Views/Asistencia/Dropdown/index.tsx?t=1787493067224:68
[     778ms] [LOG] null @ http://restaurant21.lobytech.test:3002/src/presentation/views/Modules/Admin/Views/Asistencia/Dropdown/index.tsx?t=1787493067224:68
[     779ms] [LOG] null @ http://restaurant21.lobytech.test:3002/src/presentation/views/Modules/Admin/Views/Asistencia/Dropdown/index.tsx?t=1787493067224:68
[     780ms] [LOG] [] @ http://restaurant21.lobytech.test:3002/src/components/Modal/Admin/Asistencia/index.tsx?t=1787530428254:43
[     780ms] [LOG] [] @ http://restaurant21.lobytech.test:3002/src/components/Modal/Admin/Asistencia/index.tsx?t=1787530428254:50
[     780ms] [LOG] Sun Aug 23 2026 00:00:00 GMT-0500 (hora estándar de Perú) @ http://restaurant21.lobytech.test:3002/src/components/Modal/Admin/Asistencia/index.tsx?t=1787530428254:79
[     780ms] [LOG] 1 @ http://restaurant21.lobytech.test:3002/src/components/Modal/Admin/Asistencia/index.tsx?t=1787530428254:95
[     781ms] [LOG] {habitacionId: 0, habitacion: , anfitrionaId: 0, anfitriona: , turno: } @ http://restaurant21.lobytech.test:3002/src/components/Modal/Admin/Asistencia/index.tsx?t=1787530428254:108
[     781ms] [LOG] [] @ http://restaurant21.lobytech.test:3002/src/components/Modal/Admin/Asistencia/index.tsx?t=1787530428254:110
[     781ms] [LOG] 0 @ http://restaurant21.lobytech.test:3002/src/components/Modal/Admin/Asistencia/index.tsx?t=1787530428254:126
[     781ms] [LOG] [] @ http://restaurant21.lobytech.test:3002/src/components/Modal/Admin/Asistencia/index.tsx?t=1787530428254:162
[     781ms] [LOG]  @ http://restaurant21.lobytech.test:3002/src/components/Modal/Admin/Asistencia/index.tsx?t=1787530428254:163
[     781ms] [LOG] 844 @ http://restaurant21.lobytech.test:3002/src/components/Modal/Admin/Asistencia/index.tsx?t=1787530428254:202
[     781ms] [LOG] 390 @ http://restaurant21.lobytech.test:3002/src/components/Modal/Admin/Asistencia/index.tsx?t=1787530428254:203
[     783ms] [LOG] [] @ http://restaurant21.lobytech.test:3002/src/components/Modal/Admin/Fichas/index.tsx?t=1787493067224:37
[     783ms] [LOG] [] @ http://restaurant21.lobytech.test:3002/src/components/Modal/Admin/Fichas/index.tsx?t=1787493067224:38
[     783ms] [LOG] null @ http://restaurant21.lobytech.test:3002/src/components/Modal/Admin/Fichas/index.tsx?t=1787493067224:39
[     783ms] [LOG] 844 @ http://restaurant21.lobytech.test:3002/src/components/Modal/Admin/Fichas/index.tsx?t=1787493067224:47
[     783ms] [LOG] 844 @ http://restaurant21.lobytech.test:3002/src/components/Modal/Admin/Fichas/index.tsx?t=1787493067224:48
[     876ms] [LOG] [] @ http://restaurant21.lobytech.test:3002/src/presentation/views/Modules/Admin/Views/Asistencia/index.tsx?t=1787493088342:46
[     877ms] [LOG] Sun Aug 23 2026 00:00:00 GMT-0500 (hora estándar de Perú) @ http://restaurant21.lobytech.test:3002/src/presentation/views/Modules/Admin/Views/Asistencia/index.tsx?t=1787493088342:115
[     877ms] [LOG] {turno: Turno Especial, diaSemana: 0} @ http://restaurant21.lobytech.test:3002/src/presentation/views/Modules/Admin/Views/Asistencia/index.tsx?t=1787493088342:129
[     877ms] [LOG] Sun Aug 23 2026 00:00:00 GMT-0500 (hora estándar de Perú) @ http://restaurant21.lobytech.test:3002/src/presentation/views/Modules/Admin/Views/Asistencia/index.tsx?t=1787493088342:115
[     877ms] [LOG] Sun Aug 23 2026 00:00:00 GMT-0500 (hora estándar de Perú) @ http://restaurant21.lobytech.test:3002/src/presentation/views/Modules/Admin/Views/Asistencia/index.tsx?t=1787493088342:115
[     878ms] [LOG] [] @ http://restaurant21.lobytech.test:3002/src/presentation/views/Modules/Admin/Views/Asistencia/index.tsx?t=1787493088342:198
[     878ms] [LOG] false @ http://restaurant21.lobytech.test:3002/src/components/Toggle/index.tsx:24
[     878ms] [LOG] () => {
    if (diaSemana === 0) {
      setCheckedTurno(false);
    } else {
      setCheckedTurno(!isTurno);
    }
  } @ http://restaurant21.lobytech.test:3002/src/components/Toggle/index.tsx:25
[     880ms] [LOG] null @ http://restaurant21.lobytech.test:3002/src/presentation/views/Modules/Admin/Views/Asistencia/Dropdown/index.tsx?t=1787493067224:68
[     881ms] [LOG] null @ http://restaurant21.lobytech.test:3002/src/presentation/views/Modules/Admin/Views/Asistencia/Dropdown/index.tsx?t=1787493067224:68
[     882ms] [LOG] null @ http://restaurant21.lobytech.test:3002/src/presentation/views/Modules/Admin/Views/Asistencia/Dropdown/index.tsx?t=1787493067224:68
[     882ms] [LOG] null @ http://restaurant21.lobytech.test:3002/src/presentation/views/Modules/Admin/Views/Asistencia/Dropdown/index.tsx?t=1787493067224:68
[     883ms] [LOG] null @ http://restaurant21.lobytech.test:3002/src/presentation/views/Modules/Admin/Views/Asistencia/Dropdown/index.tsx?t=1787493067224:68
[     883ms] [LOG] null @ http://restaurant21.lobytech.test:3002/src/presentation/views/Modules/Admin/Views/Asistencia/Dropdown/index.tsx?t=1787493067224:68
[     883ms] [LOG] null @ http://restaurant21.lobytech.test:3002/src/presentation/views/Modules/Admin/Views/Asistencia/Dropdown/index.tsx?t=1787493067224:68
[     884ms] [LOG] null @ http://restaurant21.lobytech.test:3002/src/presentation/views/Modules/Admin/Views/Asistencia/Dropdown/index.tsx?t=1787493067224:68
[     884ms] [LOG] null @ http://restaurant21.lobytech.test:3002/src/presentation/views/Modules/Admin/Views/Asistencia/Dropdown/index.tsx?t=1787493067224:68
[     885ms] [LOG] null @ http://restaurant21.lobytech.test:3002/src/presentation/views/Modules/Admin/Views/Asistencia/Dropdown/index.tsx?t=1787493067224:68
[     886ms] [LOG] null @ http://restaurant21.lobytech.test:3002/src/presentation/views/Modules/Admin/Views/Asistencia/Dropdown/index.tsx?t=1787493067224:68
[     887ms] [LOG] null @ http://restaurant21.lobytech.test:3002/src/presentation/views/Modules/Admin/Views/Asistencia/Dropdown/index.tsx?t=1787493067224:68
[     887ms] [LOG] null @ http://restaurant21.lobytech.test:3002/src/presentation/views/Modules/Admin/Views/Asistencia/Dropdown/index.tsx?t=1787493067224:68
[     888ms] [LOG] null @ http://restaurant21.lobytech.test:3002/src/presentation/views/Modules/Admin/Views/Asistencia/Dropdown/index.tsx?t=1787493067224:68
[     889ms] [LOG] null @ http://restaurant21.lobytech.test:3002/src/presentation/views/Modules/Admin/Views/Asistencia/Dropdown/index.tsx?t=1787493067224:68
[     889ms] [LOG] null @ http://restaurant21.lobytech.test:3002/src/presentation/views/Modules/Admin/Views/Asistencia/Dropdown/index.tsx?t=1787493067224:68
[     889ms] [LOG] null @ http://restaurant21.lobytech.test:3002/src/presentation/views/Modules/Admin/Views/Asistencia/Dropdown/index.tsx?t=1787493067224:68
[     890ms] [LOG] null @ http://restaurant21.lobytech.test:3002/src/presentation/views/Modules/Admin/Views/Asistencia/Dropdown/index.tsx?t=1787493067224:68
[     890ms] [LOG] null @ http://restaurant21.lobytech.test:3002/src/presentation/views/Modules/Admin/Views/Asistencia/Dropdown/index.tsx?t=1787493067224:68
[     891ms] [LOG] null @ http://restaurant21.lobytech.test:3002/src/presentation/views/Modules/Admin/Views/Asistencia/Dropdown/index.tsx?t=1787493067224:68
[     891ms] [LOG] null @ http://restaurant21.lobytech.test:3002/src/presentation/views/Modules/Admin/Views/Asistencia/Dropdown/index.tsx?t=1787493067224:68
[     892ms] [LOG] null @ http://restaurant21.lobytech.test:3002/src/presentation/views/Modules/Admin/Views/Asistencia/Dropdown/index.tsx?t=1787493067224:68
[     892ms] [LOG] null @ http://restaurant21.lobytech.test:3002/src/presentation/views/Modules/Admin/Views/Asistencia/Dropdown/index.tsx?t=1787493067224:68
[     893ms] [LOG] null @ http://restaurant21.lobytech.test:3002/src/presentation/views/Modules/Admin/Views/Asistencia/Dropdown/index.tsx?t=1787493067224:68
[     893ms] [LOG] null @ http://restaurant21.lobytech.test:3002/src/presentation/views/Modules/Admin/Views/Asistencia/Dropdown/index.tsx?t=1787493067224:68
[     894ms] [LOG] null @ http://restaurant21.lobytech.test:3002/src/presentation/views/Modules/Admin/Views/Asistencia/Dropdown/index.tsx?t=1787493067224:68
[     894ms] [LOG] null @ http://restaurant21.lobytech.test:3002/src/presentation/views/Modules/Admin/Views/Asistencia/Dropdown/index.tsx?t=1787493067224:68
[     895ms] [LOG] null @ http://restaurant21.lobytech.test:3002/src/presentation/views/Modules/Admin/Views/Asistencia/Dropdown/index.tsx?t=1787493067224:68
[     898ms] [LOG] null @ http://restaurant21.lobytech.test:3002/src/presentation/views/Modules/Admin/Views/Asistencia/Dropdown/index.tsx?t=1787493067224:68
[     899ms] [LOG] null @ http://restaurant21.lobytech.test:3002/src/presentation/views/Modules/Admin/Views/Asistencia/Dropdown/index.tsx?t=1787493067224:68
[     899ms] [LOG] null @ http://restaurant21.lobytech.test:3002/src/presentation/views/Modules/Admin/Views/Asistencia/Dropdown/index.tsx?t=1787493067224:68
[     900ms] [LOG] null @ http://restaurant21.lobytech.test:3002/src/presentation/views/Modules/Admin/Views/Asistencia/Dropdown/index.tsx?t=1787493067224:68
[     901ms] [LOG] null @ http://restaurant21.lobytech.test:3002/src/presentation/views/Modules/Admin/Views/Asistencia/Dropdown/index.tsx?t=1787493067224:68
[     902ms] [LOG] null @ http://restaurant21.lobytech.test:3002/src/presentation/views/Modules/Admin/Views/Asistencia/Dropdown/index.tsx?t=1787493067224:68
[     903ms] [LOG] null @ http://restaurant21.lobytech.test:3002/src/presentation/views/Modules/Admin/Views/Asistencia/Dropdown/index.tsx?t=1787493067224:68
[     904ms] [LOG] null @ http://restaurant21.lobytech.test:3002/src/presentation/views/Modules/Admin/Views/Asistencia/Dropdown/index.tsx?t=1787493067224:68
[     904ms] [LOG] null @ http://restaurant21.lobytech.test:3002/src/presentation/views/Modules/Admin/Views/Asistencia/Dropdown/index.tsx?t=1787493067224:68
[     905ms] [LOG] null @ http://restaurant21.lobytech.test:3002/src/presentation/views/Modules/Admin/Views/Asistencia/Dropdown/index.tsx?t=1787493067224:68
[     905ms] [LOG] null @ http://restaurant21.lobytech.test:3002/src/presentation/views/Modules/Admin/Views/Asistencia/Dropdown/index.tsx?t=1787493067224:68
[     906ms] [LOG] null @ http://restaurant21.lobytech.test:3002/src/presentation/views/Modules/Admin/Views/Asistencia/Dropdown/index.tsx?t=1787493067224:68
[     906ms] [LOG] null @ http://restaurant21.lobytech.test:3002/src/presentation/views/Modules/Admin/Views/Asistencia/Dropdown/index.tsx?t=1787493067224:68
[     906ms] [LOG] null @ http://restaurant21.lobytech.test:3002/src/presentation/views/Modules/Admin/Views/Asistencia/Dropdown/index.tsx?t=1787493067224:68
[     906ms] [LOG] null @ http://restaurant21.lobytech.test:3002/src/presentation/views/Modules/Admin/Views/Asistencia/Dropdown/index.tsx?t=1787493067224:68
[     907ms] [LOG] null @ http://restaurant21.lobytech.test:3002/src/presentation/views/Modules/Admin/Views/Asistencia/Dropdown/index.tsx?t=1787493067224:68
[     907ms] [LOG] null @ http://restaurant21.lobytech.test:3002/src/presentation/views/Modules/Admin/Views/Asistencia/Dropdown/index.tsx?t=1787493067224:68
[     908ms] [LOG] null @ http://restaurant21.lobytech.test:3002/src/presentation/views/Modules/Admin/Views/Asistencia/Dropdown/index.tsx?t=1787493067224:68
[     908ms] [LOG] null @ http://restaurant21.lobytech.test:3002/src/presentation/views/Modules/Admin/Views/Asistencia/Dropdown/index.tsx?t=1787493067224:68
[     909ms] [LOG] null @ http://restaurant21.lobytech.test:3002/src/presentation/views/Modules/Admin/Views/Asistencia/Dropdown/index.tsx?t=1787493067224:68
[     909ms] [LOG] null @ http://restaurant21.lobytech.test:3002/src/presentation/views/Modules/Admin/Views/Asistencia/Dropdown/index.tsx?t=1787493067224:68
[     909ms] [LOG] null @ http://restaurant21.lobytech.test:3002/src/presentation/views/Modules/Admin/Views/Asistencia/Dropdown/index.tsx?t=1787493067224:68
[     910ms] [LOG] null @ http://restaurant21.lobytech.test:3002/src/presentation/views/Modules/Admin/Views/Asistencia/Dropdown/index.tsx?t=1787493067224:68
[     910ms] [LOG] null @ http://restaurant21.lobytech.test:3002/src/presentation/views/Modules/Admin/Views/Asistencia/Dropdown/index.tsx?t=1787493067224:68
[     911ms] [LOG] null @ http://restaurant21.lobytech.test:3002/src/presentation/views/Modules/Admin/Views/Asistencia/Dropdown/index.tsx?t=1787493067224:68
[     911ms] [LOG] null @ http://restaurant21.lobytech.test:3002/src/presentation/views/Modules/Admin/Views/Asistencia/Dropdown/index.tsx?t=1787493067224:68
[     911ms] [LOG] null @ http://restaurant21.lobytech.test:3002/src/presentation/views/Modules/Admin/Views/Asistencia/Dropdown/index.tsx?t=1787493067224:68
[     912ms] [LOG] null @ http://restaurant21.lobytech.test:3002/src/presentation/views/Modules/Admin/Views/Asistencia/Dropdown/index.tsx?t=1787493067224:68
[     912ms] [LOG] null @ http://restaurant21.lobytech.test:3002/src/presentation/views/Modules/Admin/Views/Asistencia/Dropdown/index.tsx?t=1787493067224:68
[     912ms] [LOG] null @ http://restaurant21.lobytech.test:3002/src/presentation/views/Modules/Admin/Views/Asistencia/Dropdown/index.tsx?t=1787493067224:68
[     913ms] [LOG] null @ http://restaurant21.lobytech.test:3002/src/presentation/views/Modules/Admin/Views/Asistencia/Dropdown/index.tsx?t=1787493067224:68
[     913ms] [LOG] null @ http://restaurant21.lobytech.test:3002/src/presentation/views/Modules/Admin/Views/Asistencia/Dropdown/index.tsx?t=1787493067224:68
[     914ms] [LOG] null @ http://restaurant21.lobytech.test:3002/src/presentation/views/Modules/Admin/Views/Asistencia/Dropdown/index.tsx?t=1787493067224:68
[     914ms] [LOG] null @ http://restaurant21.lobytech.test:3002/src/presentation/views/Modules/Admin/Views/Asistencia/Dropdown/index.tsx?t=1787493067224:68
[     915ms] [LOG] null @ http://restaurant21.lobytech.test:3002/src/presentation/views/Modules/Admin/Views/Asistencia/Dropdown/index.tsx?t=1787493067224:68
[     915ms] [LOG] null @ http://restaurant21.lobytech.test:3002/src/presentation/views/Modules/Admin/Views/Asistencia/Dropdown/index.tsx?t=1787493067224:68
[     916ms] [LOG] null @ http://restaurant21.lobytech.test:3002/src/presentation/views/Modules/Admin/Views/Asistencia/Dropdown/index.tsx?t=1787493067224:68
[     916ms] [LOG] null @ http://restaurant21.lobytech.test:3002/src/presentation/views/Modules/Admin/Views/Asistencia/Dropdown/index.tsx?t=1787493067224:68
[     917ms] [LOG] [] @ http://restaurant21.lobytech.test:3002/src/components/Modal/Admin/Asistencia/index.tsx?t=1787530428254:43
[     917ms] [LOG] [] @ http://restaurant21.lobytech.test:3002/src/components/Modal/Admin/Asistencia/index.tsx?t=1787530428254:50
[     917ms] [LOG] Sun Aug 23 2026 00:00:00 GMT-0500 (hora estándar de Perú) @ http://restaurant21.lobytech.test:3002/src/components/Modal/Admin/Asistencia/index.tsx?t=1787530428254:79
[     917ms] [LOG] 1 @ http://restaurant21.lobytech.test:3002/src/components/Modal/Admin/Asistencia/index.tsx?t=1787530428254:95
[     917ms] [LOG] {habitacionId: 0, habitacion: , anfitrionaId: 0, anfitriona: , turno: } @ http://restaurant21.lobytech.test:3002/src/components/Modal/Admin/Asistencia/index.tsx?t=1787530428254:108
[     918ms] [LOG] [] @ http://restaurant21.lobytech.test:3002/src/components/Modal/Admin/Asistencia/index.tsx?t=1787530428254:110
[     918ms] [LOG] 0 @ http://restaurant21.lobytech.test:3002/src/components/Modal/Admin/Asistencia/index.tsx?t=1787530428254:126
[     918ms] [LOG] [] @ http://restaurant21.lobytech.test:3002/src/components/Modal/Admin/Asistencia/index.tsx?t=1787530428254:162
[     919ms] [LOG]  @ http://restaurant21.lobytech.test:3002/src/components/Modal/Admin/Asistencia/index.tsx?t=1787530428254:163
[     919ms] [LOG] 844 @ http://restaurant21.lobytech.test:3002/src/components/Modal/Admin/Asistencia/index.tsx?t=1787530428254:202
[     919ms] [LOG] 390 @ http://restaurant21.lobytech.test:3002/src/components/Modal/Admin/Asistencia/index.tsx?t=1787530428254:203
[     920ms] [LOG] [] @ http://restaurant21.lobytech.test:3002/src/components/Modal/Admin/Fichas/index.tsx?t=1787493067224:37
[     920ms] [LOG] [] @ http://restaurant21.lobytech.test:3002/src/components/Modal/Admin/Fichas/index.tsx?t=1787493067224:38
[     920ms] [LOG] null @ http://restaurant21.lobytech.test:3002/src/components/Modal/Admin/Fichas/index.tsx?t=1787493067224:39
[     920ms] [LOG] 844 @ http://restaurant21.lobytech.test:3002/src/components/Modal/Admin/Fichas/index.tsx?t=1787493067224:47
[     920ms] [LOG] 844 @ http://restaurant21.lobytech.test:3002/src/components/Modal/Admin/Fichas/index.tsx?t=1787493067224:48
[     926ms] [ERROR] Warning: Unexpected ref object provided for %s. Use either a ref-setter function or React.createRef().%s div 
    at div
    at div
    at DropdownPopover (http://restaurant21.lobytech.test:3002/src/presentation/views/Modules/Admin/Views/Asistencia/Dropdown/index.tsx?t=1787493067224:24:3)
    at td
    at tr
    at tbody
    at table
    at div
    at div
    at Piso1 (http://restaurant21.lobytech.test:3002/src/presentation/views/Modules/Admin/Views/Asistencia/Piso1/index.tsx?t=1787493067224:23:3)
    at div
    at div
    at Asistencia (http://restaurant21.lobytech.test:3002/src/presentation/views/Modules/Admin/Views/Asistencia/index.tsx?t=1787493088342:42:20)
    at RenderedRoute (http://restaurant21.lobytech.test:3002/node_modules/.vite/deps/react-router-dom.js?v=23710b64:3310:5)
    at Outlet (http://restaurant21.lobytech.test:3002/node_modules/.vite/deps/react-router-dom.js?v=23710b64:3703:26)
    at div
    at div
    at div
    at LayoutView (http://restaurant21.lobytech.test:3002/src/components/Sidebar/index.tsx?t=1787527165311:31:20)
    at RenderedRoute (http://restaurant21.lobytech.test:3002/node_modules/.vite/deps/react-router-dom.js?v=23710b64:3310:5)
    at Routes (http://restaurant21.lobytech.test:3002/node_modules/.vite/deps/react-router-dom.js?v=23710b64:3763:5)
    at div
    at Router (http://restaurant21.lobytech.test:3002/node_modules/.vite/deps/react-router-dom.js?v=23710b64:3710:15)
    at BrowserRouter (http://restaurant21.lobytech.test:3002/node_modules/.vite/deps/react-router-dom.js?v=23710b64:4190:5)
    at Dashboard
    at QueryClientProvider2 (http://restaurant21.lobytech.test:3002/node_modules/.vite/deps/react-query.js?v=23710b64:2647:21)
    at Provider (http://restaurant21.lobytech.test:3002/node_modules/.vite/deps/react-redux.js?v=23710b64:1481:3)
    at App (http://restaurant21.lobytech.test:3002/src/App.tsx?t=1787530374483:31:7)
    at Provider (http://restaurant21.lobytech.test:3002/node_modules/.vite/deps/react-redux.js?v=23710b64:1481:3) @ http://restaurant21.lobytech.test:3002/node_modules/.vite/deps/chunk-GYWC62UC.js?v=23710b64:520
[     926ms] [ERROR] Warning: Unexpected ref object provided for %s. Use either a ref-setter function or React.createRef().%s div 
    at div
    at div
    at DropdownPopover (http://restaurant21.lobytech.test:3002/src/presentation/views/Modules/Admin/Views/Asistencia/Dropdown/index.tsx?t=1787493067224:24:3)
    at td
    at tr
    at tbody
    at table
    at div
    at div
    at Piso1 (http://restaurant21.lobytech.test:3002/src/presentation/views/Modules/Admin/Views/Asistencia/Piso1/index.tsx?t=1787493067224:23:3)
    at div
    at div
    at Asistencia (http://restaurant21.lobytech.test:3002/src/presentation/views/Modules/Admin/Views/Asistencia/index.tsx?t=1787493088342:42:20)
    at RenderedRoute (http://restaurant21.lobytech.test:3002/node_modules/.vite/deps/react-router-dom.js?v=23710b64:3310:5)
    at Outlet (http://restaurant21.lobytech.test:3002/node_modules/.vite/deps/react-router-dom.js?v=23710b64:3703:26)
    at div
    at div
    at div
    at LayoutView (http://restaurant21.lobytech.test:3002/src/components/Sidebar/index.tsx?t=1787527165311:31:20)
    at RenderedRoute (http://restaurant21.lobytech.test:3002/node_modules/.vite/deps/react-router-dom.js?v=23710b64:3310:5)
    at Routes (http://restaurant21.lobytech.test:3002/node_modules/.vite/deps/react-router-dom.js?v=23710b64:3763:5)
    at div
    at Router (http://restaurant21.lobytech.test:3002/node_modules/.vite/deps/react-router-dom.js?v=23710b64:3710:15)
    at BrowserRouter (http://restaurant21.lobytech.test:3002/node_modules/.vite/deps/react-router-dom.js?v=23710b64:4190:5)
    at Dashboard
    at QueryClientProvider2 (http://restaurant21.lobytech.test:3002/node_modules/.vite/deps/react-query.js?v=23710b64:2647:21)
    at Provider (http://restaurant21.lobytech.test:3002/node_modules/.vite/deps/react-redux.js?v=23710b64:1481:3)
    at App (http://restaurant21.lobytech.test:3002/src/App.tsx?t=1787530374483:31:7)
    at Provider (http://restaurant21.lobytech.test:3002/node_modules/.vite/deps/react-redux.js?v=23710b64:1481:3) @ http://restaurant21.lobytech.test:3002/node_modules/.vite/deps/chunk-GYWC62UC.js?v=23710b64:520
[     926ms] [ERROR] Warning: Unexpected ref object provided for %s. Use either a ref-setter function or React.createRef().%s div 
    at div
    at div
    at DropdownPopover (http://restaurant21.lobytech.test:3002/src/presentation/views/Modules/Admin/Views/Asistencia/Dropdown/index.tsx?t=1787493067224:24:3)
    at td
    at tr
    at tbody
    at table
    at div
    at div
    at Piso1 (http://restaurant21.lobytech.test:3002/src/presentation/views/Modules/Admin/Views/Asistencia/Piso1/index.tsx?t=1787493067224:23:3)
    at div
    at div
    at Asistencia (http://restaurant21.lobytech.test:3002/src/presentation/views/Modules/Admin/Views/Asistencia/index.tsx?t=1787493088342:42:20)
    at RenderedRoute (http://restaurant21.lobytech.test:3002/node_modules/.vite/deps/react-router-dom.js?v=23710b64:3310:5)
    at Outlet (http://restaurant21.lobytech.test:3002/node_modules/.vite/deps/react-router-dom.js?v=23710b64:3703:26)
    at div
    at div
    at div
    at LayoutView (http://restaurant21.lobytech.test:3002/src/components/Sidebar/index.tsx?t=1787527165311:31:20)
    at RenderedRoute (http://restaurant21.lobytech.test:3002/node_modules/.vite/deps/react-router-dom.js?v=23710b64:3310:5)
    at Routes (http://restaurant21.lobytech.test:3002/node_modules/.vite/deps/react-router-dom.js?v=23710b64:3763:5)
    at div
    at Router (http://restaurant21.lobytech.test:3002/node_modules/.vite/deps/react-router-dom.js?v=23710b64:3710:15)
    at BrowserRouter (http://restaurant21.lobytech.test:3002/node_modules/.vite/deps/react-router-dom.js?v=23710b64:4190:5)
    at Dashboard
    at QueryClientProvider2 (http://restaurant21.lobytech.test:3002/node_modules/.vite/deps/react-query.js?v=23710b64:2647:21)
    at Provider (http://restaurant21.lobytech.test:3002/node_modules/.vite/deps/react-redux.js?v=23710b64:1481:3)
    at App (http://restaurant21.lobytech.test:3002/src/App.tsx?t=1787530374483:31:7)
    at Provider (http://restaurant21.lobytech.test:3002/node_modules/.vite/deps/react-redux.js?v=23710b64:1481:3) @ http://restaurant21.lobytech.test:3002/node_modules/.vite/deps/chunk-GYWC62UC.js?v=23710b64:520
[     927ms] [ERROR] Warning: Unexpected ref object provided for %s. Use either a ref-setter function or React.createRef().%s div 
    at div
    at div
    at DropdownPopover (http://restaurant21.lobytech.test:3002/src/presentation/views/Modules/Admin/Views/Asistencia/Dropdown/index.tsx?t=1787493067224:24:3)
    at td
    at tr
    at tbody
    at table
    at div
    at div
    at Piso1 (http://restaurant21.lobytech.test:3002/src/presentation/views/Modules/Admin/Views/Asistencia/Piso1/index.tsx?t=1787493067224:23:3)
    at div
    at div
    at Asistencia (http://restaurant21.lobytech.test:3002/src/presentation/views/Modules/Admin/Views/Asistencia/index.tsx?t=1787493088342:42:20)
    at RenderedRoute (http://restaurant21.lobytech.test:3002/node_modules/.vite/deps/react-router-dom.js?v=23710b64:3310:5)
    at Outlet (http://restaurant21.lobytech.test:3002/node_modules/.vite/deps/react-router-dom.js?v=23710b64:3703:26)
    at div
    at div
    at div
    at LayoutView (http://restaurant21.lobytech.test:3002/src/components/Sidebar/index.tsx?t=1787527165311:31:20)
    at RenderedRoute (http://restaurant21.lobytech.test:3002/node_modules/.vite/deps/react-router-dom.js?v=23710b64:3310:5)
    at Routes (http://restaurant21.lobytech.test:3002/node_modules/.vite/deps/react-router-dom.js?v=23710b64:3763:5)
    at div
    at Router (http://restaurant21.lobytech.test:3002/node_modules/.vite/deps/react-router-dom.js?v=23710b64:3710:15)
    at BrowserRouter (http://restaurant21.lobytech.test:3002/node_modules/.vite/deps/react-router-dom.js?v=23710b64:4190:5)
    at Dashboard
    at QueryClientProvider2 (http://restaurant21.lobytech.test:3002/node_modules/.vite/deps/react-query.js?v=23710b64:2647:21)
    at Provider (http://restaurant21.lobytech.test:3002/node_modules/.vite/deps/react-redux.js?v=23710b64:1481:3)
    at App (http://restaurant21.lobytech.test:3002/src/App.tsx?t=1787530374483:31:7)
    at Provider (http://restaurant21.lobytech.test:3002/node_modules/.vite/deps/react-redux.js?v=23710b64:1481:3) @ http://restaurant21.lobytech.test:3002/node_modules/.vite/deps/chunk-GYWC62UC.js?v=23710b64:520
[     927ms] [ERROR] Warning: Unexpected ref object provided for %s. Use either a ref-setter function or React.createRef().%s div 
    at div
    at div
    at DropdownPopover (http://restaurant21.lobytech.test:3002/src/presentation/views/Modules/Admin/Views/Asistencia/Dropdown/index.tsx?t=1787493067224:24:3)
    at td
    at tr
    at tbody
    at table
    at div
    at div
    at Piso1 (http://restaurant21.lobytech.test:3002/src/presentation/views/Modules/Admin/Views/Asistencia/Piso1/index.tsx?t=1787493067224:23:3)
    at div
    at div
    at Asistencia (http://restaurant21.lobytech.test:3002/src/presentation/views/Modules/Admin/Views/Asistencia/index.tsx?t=1787493088342:42:20)
    at RenderedRoute (http://restaurant21.lobytech.test:3002/node_modules/.vite/deps/react-router-dom.js?v=23710b64:3310:5)
    at Outlet (http://restaurant21.lobytech.test:3002/node_modules/.vite/deps/react-router-dom.js?v=23710b64:3703:26)
    at div
    at div
    at div
    at LayoutView (http://restaurant21.lobytech.test:3002/src/components/Sidebar/index.tsx?t=1787527165311:31:20)
    at RenderedRoute (http://restaurant21.lobytech.test:3002/node_modules/.vite/deps/react-router-dom.js?v=23710b64:3310:5)
    at Routes (http://restaurant21.lobytech.test:3002/node_modules/.vite/deps/react-router-dom.js?v=23710b64:3763:5)
    at div
    at Router (http://restaurant21.lobytech.test:3002/node_modules/.vite/deps/react-router-dom.js?v=23710b64:3710:15)
    at BrowserRouter (http://restaurant21.lobytech.test:3002/node_modules/.vite/deps/react-router-dom.js?v=23710b64:4190:5)
    at Dashboard
    at QueryClientProvider2 (http://restaurant21.lobytech.test:3002/node_modules/.vite/deps/react-query.js?v=23710b64:2647:21)
    at Provider (http://restaurant21.lobytech.test:3002/node_modules/.vite/deps/react-redux.js?v=23710b64:1481:3)
    at App (http://restaurant21.lobytech.test:3002/src/App.tsx?t=1787530374483:31:7)
    at Provider (http://restaurant21.lobytech.test:3002/node_modules/.vite/deps/react-redux.js?v=23710b64:1481:3) @ http://restaurant21.lobytech.test:3002/node_modules/.vite/deps/chunk-GYWC62UC.js?v=23710b64:520
[     927ms] [ERROR] Warning: Unexpected ref object provided for %s. Use either a ref-setter function or React.createRef().%s div 
    at div
    at div
    at DropdownPopover (http://restaurant21.lobytech.test:3002/src/presentation/views/Modules/Admin/Views/Asistencia/Dropdown/index.tsx?t=1787493067224:24:3)
    at td
    at tr
    at tbody
    at table
    at div
    at div
    at Piso1 (http://restaurant21.lobytech.test:3002/src/presentation/views/Modules/Admin/Views/Asistencia/Piso1/index.tsx?t=1787493067224:23:3)
    at div
    at div
    at Asistencia (http://restaurant21.lobytech.test:3002/src/presentation/views/Modules/Admin/Views/Asistencia/index.tsx?t=1787493088342:42:20)
    at RenderedRoute (http://restaurant21.lobytech.test:3002/node_modules/.vite/deps/react-router-dom.js?v=23710b64:3310:5)
    at Outlet (http://restaurant21.lobytech.test:3002/node_modules/.vite/deps/react-router-dom.js?v=23710b64:3703:26)
    at div
    at div
    at div
    at LayoutView (http://restaurant21.lobytech.test:3002/src/components/Sidebar/index.tsx?t=1787527165311:31:20)
    at RenderedRoute (http://restaurant21.lobytech.test:3002/node_modules/.vite/deps/react-router-dom.js?v=23710b64:3310:5)
    at Routes (http://restaurant21.lobytech.test:3002/node_modules/.vite/deps/react-router-dom.js?v=23710b64:3763:5)
    at div
    at Router (http://restaurant21.lobytech.test:3002/node_modules/.vite/deps/react-router-dom.js?v=23710b64:3710:15)
    at BrowserRouter (http://restaurant21.lobytech.test:3002/node_modules/.vite/deps/react-router-dom.js?v=23710b64:4190:5)
    at Dashboard
    at QueryClientProvider2 (http://restaurant21.lobytech.test:3002/node_modules/.vite/deps/react-query.js?v=23710b64:2647:21)
    at Provider (http://restaurant21.lobytech.test:3002/node_modules/.vite/deps/react-redux.js?v=23710b64:1481:3)
    at App (http://restaurant21.lobytech.test:3002/src/App.tsx?t=1787530374483:31:7)
    at Provider (http://restaurant21.lobytech.test:3002/node_modules/.vite/deps/react-redux.js?v=23710b64:1481:3) @ http://restaurant21.lobytech.test:3002/node_modules/.vite/deps/chunk-GYWC62UC.js?v=23710b64:520
[     927ms] [ERROR] Warning: Unexpected ref object provided for %s. Use either a ref-setter function or React.createRef().%s div 
    at div
    at div
    at DropdownPopover (http://restaurant21.lobytech.test:3002/src/presentation/views/Modules/Admin/Views/Asistencia/Dropdown/index.tsx?t=1787493067224:24:3)
    at td
    at tr
    at tbody
    at table
    at div
    at div
    at Piso1 (http://restaurant21.lobytech.test:3002/src/presentation/views/Modules/Admin/Views/Asistencia/Piso1/index.tsx?t=1787493067224:23:3)
    at div
    at div
    at Asistencia (http://restaurant21.lobytech.test:3002/src/presentation/views/Modules/Admin/Views/Asistencia/index.tsx?t=1787493088342:42:20)
    at RenderedRoute (http://restaurant21.lobytech.test:3002/node_modules/.vite/deps/react-router-dom.js?v=23710b64:3310:5)
    at Outlet (http://restaurant21.lobytech.test:3002/node_modules/.vite/deps/react-router-dom.js?v=23710b64:3703:26)
    at div
    at div
    at div
    at LayoutView (http://restaurant21.lobytech.test:3002/src/components/Sidebar/index.tsx?t=1787527165311:31:20)
    at RenderedRoute (http://restaurant21.lobytech.test:3002/node_modules/.vite/deps/react-router-dom.js?v=23710b64:3310:5)
    at Routes (http://restaurant21.lobytech.test:3002/node_modules/.vite/deps/react-router-dom.js?v=23710b64:3763:5)
    at div
    at Router (http://restaurant21.lobytech.test:3002/node_modules/.vite/deps/react-router-dom.js?v=23710b64:3710:15)
    at BrowserRouter (http://restaurant21.lobytech.test:3002/node_modules/.vite/deps/react-router-dom.js?v=23710b64:4190:5)
    at Dashboard
    at QueryClientProvider2 (http://restaurant21.lobytech.test:3002/node_modules/.vite/deps/react-query.js?v=23710b64:2647:21)
    at Provider (http://restaurant21.lobytech.test:3002/node_modules/.vite/deps/react-redux.js?v=23710b64:1481:3)
    at App (http://restaurant21.lobytech.test:3002/src/App.tsx?t=1787530374483:31:7)
    at Provider (http://restaurant21.lobytech.test:3002/node_modules/.vite/deps/react-redux.js?v=23710b64:1481:3) @ http://restaurant21.lobytech.test:3002/node_modules/.vite/deps/chunk-GYWC62UC.js?v=23710b64:520
[     927ms] [ERROR] Warning: Unexpected ref object provided for %s. Use either a ref-setter function or React.createRef().%s div 
    at div
    at div
    at DropdownPopover (http://restaurant21.lobytech.test:3002/src/presentation/views/Modules/Admin/Views/Asistencia/Dropdown/index.tsx?t=1787493067224:24:3)
    at td
    at tr
    at tbody
    at table
    at div
    at div
    at Piso1 (http://restaurant21.lobytech.test:3002/src/presentation/views/Modules/Admin/Views/Asistencia/Piso1/index.tsx?t=1787493067224:23:3)
    at div
    at div
    at Asistencia (http://restaurant21.lobytech.test:3002/src/presentation/views/Modules/Admin/Views/Asistencia/index.tsx?t=1787493088342:42:20)
    at RenderedRoute (http://restaurant21.lobytech.test:3002/node_modules/.vite/deps/react-router-dom.js?v=23710b64:3310:5)
    at Outlet (http://restaurant21.lobytech.test:3002/node_modules/.vite/deps/react-router-dom.js?v=23710b64:3703:26)
    at div
    at div
    at div
    at LayoutView (http://restaurant21.lobytech.test:3002/src/components/Sidebar/index.tsx?t=1787527165311:31:20)
    at RenderedRoute (http://restaurant21.lobytech.test:3002/node_modules/.vite/deps/react-router-dom.js?v=23710b64:3310:5)
    at Routes (http://restaurant21.lobytech.test:3002/node_modules/.vite/deps/react-router-dom.js?v=23710b64:3763:5)
    at div
    at Router (http://restaurant21.lobytech.test:3002/node_modules/.vite/deps/react-router-dom.js?v=23710b64:3710:15)
    at BrowserRouter (http://restaurant21.lobytech.test:3002/node_modules/.vite/deps/react-router-dom.js?v=23710b64:4190:5)
    at Dashboard
    at QueryClientProvider2 (http://restaurant21.lobytech.test:3002/node_modules/.vite/deps/react-query.js?v=23710b64:2647:21)
    at Provider (http://restaurant21.lobytech.test:3002/node_modules/.vite/deps/react-redux.js?v=23710b64:1481:3)
    at App (http://restaurant21.lobytech.test:3002/src/App.tsx?t=1787530374483:31:7)
    at Provider (http://restaurant21.lobytech.test:3002/node_modules/.vite/deps/react-redux.js?v=23710b64:1481:3) @ http://restaurant21.lobytech.test:3002/node_modules/.vite/deps/chunk-GYWC62UC.js?v=23710b64:520
[     927ms] [ERROR] Warning: Unexpected ref object provided for %s. Use either a ref-setter function or React.createRef().%s div 
    at div
    at div
    at DropdownPopover (http://restaurant21.lobytech.test:3002/src/presentation/views/Modules/Admin/Views/Asistencia/Dropdown/index.tsx?t=1787493067224:24:3)
    at td
    at tr
    at tbody
    at table
    at div
    at div
    at Piso1 (http://restaurant21.lobytech.test:3002/src/presentation/views/Modules/Admin/Views/Asistencia/Piso1/index.tsx?t=1787493067224:23:3)
    at div
    at div
    at Asistencia (http://restaurant21.lobytech.test:3002/src/presentation/views/Modules/Admin/Views/Asistencia/index.tsx?t=1787493088342:42:20)
    at RenderedRoute (http://restaurant21.lobytech.test:3002/node_modules/.vite/deps/react-router-dom.js?v=23710b64:3310:5)
    at Outlet (http://restaurant21.lobytech.test:3002/node_modules/.vite/deps/react-router-dom.js?v=23710b64:3703:26)
    at div
    at div
    at div
    at LayoutView (http://restaurant21.lobytech.test:3002/src/components/Sidebar/index.tsx?t=1787527165311:31:20)
    at RenderedRoute (http://restaurant21.lobytech.test:3002/node_modules/.vite/deps/react-router-dom.js?v=23710b64:3310:5)
    at Routes (http://restaurant21.lobytech.test:3002/node_modules/.vite/deps/react-router-dom.js?v=23710b64:3763:5)
    at div
    at Router (http://restaurant21.lobytech.test:3002/node_modules/.vite/deps/react-router-dom.js?v=23710b64:3710:15)
    at BrowserRouter (http://restaurant21.lobytech.test:3002/node_modules/.vite/deps/react-router-dom.js?v=23710b64:4190:5)
    at Dashboard
    at QueryClientProvider2 (http://restaurant21.lobytech.test:3002/node_modules/.vite/deps/react-query.js?v=23710b64:2647:21)
    at Provider (http://restaurant21.lobytech.test:3002/node_modules/.vite/deps/react-redux.js?v=23710b64:1481:3)
    at App (http://restaurant21.lobytech.test:3002/src/App.tsx?t=1787530374483:31:7)
    at Provider (http://restaurant21.lobytech.test:3002/node_modules/.vite/deps/react-redux.js?v=23710b64:1481:3) @ http://restaurant21.lobytech.test:3002/node_modules/.vite/deps/chunk-GYWC62UC.js?v=23710b64:520
[     927ms] [ERROR] Warning: Unexpected ref object provided for %s. Use either a ref-setter function or React.createRef().%s div 
    at div
    at div
    at DropdownPopover (http://restaurant21.lobytech.test:3002/src/presentation/views/Modules/Admin/Views/Asistencia/Dropdown/index.tsx?t=1787493067224:24:3)
    at td
    at tr
    at tbody
    at table
    at div
    at div
    at Piso1 (http://restaurant21.lobytech.test:3002/src/presentation/views/Modules/Admin/Views/Asistencia/Piso1/index.tsx?t=1787493067224:23:3)
    at div
    at div
    at Asistencia (http://restaurant21.lobytech.test:3002/src/presentation/views/Modules/Admin/Views/Asistencia/index.tsx?t=1787493088342:42:20)
    at RenderedRoute (http://restaurant21.lobytech.test:3002/node_modules/.vite/deps/react-router-dom.js?v=23710b64:3310:5)
    at Outlet (http://restaurant21.lobytech.test:3002/node_modules/.vite/deps/react-router-dom.js?v=23710b64:3703:26)
    at div
    at div
    at div
    at LayoutView (http://restaurant21.lobytech.test:3002/src/components/Sidebar/index.tsx?t=1787527165311:31:20)
    at RenderedRoute (http://restaurant21.lobytech.test:3002/node_modules/.vite/deps/react-router-dom.js?v=23710b64:3310:5)
    at Routes (http://restaurant21.lobytech.test:3002/node_modules/.vite/deps/react-router-dom.js?v=23710b64:3763:5)
    at div
    at Router (http://restaurant21.lobytech.test:3002/node_modules/.vite/deps/react-router-dom.js?v=23710b64:3710:15)
    at BrowserRouter (http://restaurant21.lobytech.test:3002/node_modules/.vite/deps/react-router-dom.js?v=23710b64:4190:5)
    at Dashboard
    at QueryClientProvider2 (http://restaurant21.lobytech.test:3002/node_modules/.vite/deps/react-query.js?v=23710b64:2647:21)
    at Provider (http://restaurant21.lobytech.test:3002/node_modules/.vite/deps/react-redux.js?v=23710b64:1481:3)
    at App (http://restaurant21.lobytech.test:3002/src/App.tsx?t=1787530374483:31:7)
    at Provider (http://restaurant21.lobytech.test:3002/node_modules/.vite/deps/react-redux.js?v=23710b64:1481:3) @ http://restaurant21.lobytech.test:3002/node_modules/.vite/deps/chunk-GYWC62UC.js?v=23710b64:520
[     927ms] [ERROR] Warning: Unexpected ref object provided for %s. Use either a ref-setter function or React.createRef().%s div 
    at div
    at div
    at DropdownPopover (http://restaurant21.lobytech.test:3002/src/presentation/views/Modules/Admin/Views/Asistencia/Dropdown/index.tsx?t=1787493067224:24:3)
    at td
    at tr
    at tbody
    at table
    at div
    at div
    at Piso1 (http://restaurant21.lobytech.test:3002/src/presentation/views/Modules/Admin/Views/Asistencia/Piso1/index.tsx?t=1787493067224:23:3)
    at div
    at div
    at Asistencia (http://restaurant21.lobytech.test:3002/src/presentation/views/Modules/Admin/Views/Asistencia/index.tsx?t=1787493088342:42:20)
    at RenderedRoute (http://restaurant21.lobytech.test:3002/node_modules/.vite/deps/react-router-dom.js?v=23710b64:3310:5)
    at Outlet (http://restaurant21.lobytech.test:3002/node_modules/.vite/deps/react-router-dom.js?v=23710b64:3703:26)
    at div
    at div
    at div
    at LayoutView (http://restaurant21.lobytech.test:3002/src/components/Sidebar/index.tsx?t=1787527165311:31:20)
    at RenderedRoute (http://restaurant21.lobytech.test:3002/node_modules/.vite/deps/react-router-dom.js?v=23710b64:3310:5)
    at Routes (http://restaurant21.lobytech.test:3002/node_modules/.vite/deps/react-router-dom.js?v=23710b64:3763:5)
    at div
    at Router (http://restaurant21.lobytech.test:3002/node_modules/.vite/deps/react-router-dom.js?v=23710b64:3710:15)
    at BrowserRouter (http://restaurant21.lobytech.test:3002/node_modules/.vite/deps/react-router-dom.js?v=23710b64:4190:5)
    at Dashboard
    at QueryClientProvider2 (http://restaurant21.lobytech.test:3002/node_modules/.vite/deps/react-query.js?v=23710b64:2647:21)
    at Provider (http://restaurant21.lobytech.test:3002/node_modules/.vite/deps/react-redux.js?v=23710b64:1481:3)
    at App (http://restaurant21.lobytech.test:3002/src/App.tsx?t=1787530374483:31:7)
    at Provider (http://restaurant21.lobytech.test:3002/node_modules/.vite/deps/react-redux.js?v=23710b64:1481:3) @ http://restaurant21.lobytech.test:3002/node_modules/.vite/deps/chunk-GYWC62UC.js?v=23710b64:520
[     927ms] [ERROR] Warning: Unexpected ref object provided for %s. Use either a ref-setter function or React.createRef().%s div 
    at div
    at div
    at DropdownPopover (http://restaurant21.lobytech.test:3002/src/presentation/views/Modules/Admin/Views/Asistencia/Dropdown/index.tsx?t=1787493067224:24:3)
    at td
    at tr
    at tbody
    at table
    at div
    at div
    at Piso1 (http://restaurant21.lobytech.test:3002/src/presentation/views/Modules/Admin/Views/Asistencia/Piso1/index.tsx?t=1787493067224:23:3)
    at div
    at div
    at Asistencia (http://restaurant21.lobytech.test:3002/src/presentation/views/Modules/Admin/Views/Asistencia/index.tsx?t=1787493088342:42:20)
    at RenderedRoute (http://restaurant21.lobytech.test:3002/node_modules/.vite/deps/react-router-dom.js?v=23710b64:3310:5)
    at Outlet (http://restaurant21.lobytech.test:3002/node_modules/.vite/deps/react-router-dom.js?v=23710b64:3703:26)
    at div
    at div
    at div
    at LayoutView (http://restaurant21.lobytech.test:3002/src/components/Sidebar/index.tsx?t=1787527165311:31:20)
    at RenderedRoute (http://restaurant21.lobytech.test:3002/node_modules/.vite/deps/react-router-dom.js?v=23710b64:3310:5)
    at Routes (http://restaurant21.lobytech.test:3002/node_modules/.vite/deps/react-router-dom.js?v=23710b64:3763:5)
    at div
    at Router (http://restaurant21.lobytech.test:3002/node_modules/.vite/deps/react-router-dom.js?v=23710b64:3710:15)
    at BrowserRouter (http://restaurant21.lobytech.test:3002/node_modules/.vite/deps/react-router-dom.js?v=23710b64:4190:5)
    at Dashboard
    at QueryClientProvider2 (http://restaurant21.lobytech.test:3002/node_modules/.vite/deps/react-query.js?v=23710b64:2647:21)
    at Provider (http://restaurant21.lobytech.test:3002/node_modules/.vite/deps/react-redux.js?v=23710b64:1481:3)
    at App (http://restaurant21.lobytech.test:3002/src/App.tsx?t=1787530374483:31:7)
    at Provider (http://restaurant21.lobytech.test:3002/node_modules/.vite/deps/react-redux.js?v=23710b64:1481:3) @ http://restaurant21.lobytech.test:3002/node_modules/.vite/deps/chunk-GYWC62UC.js?v=23710b64:520
[     927ms] [ERROR] Warning: Unexpected ref object provided for %s. Use either a ref-setter function or React.createRef().%s div 
    at div
    at div
    at DropdownPopover (http://restaurant21.lobytech.test:3002/src/presentation/views/Modules/Admin/Views/Asistencia/Dropdown/index.tsx?t=1787493067224:24:3)
    at td
    at tr
    at tbody
    at table
    at div
    at div
    at Piso1 (http://restaurant21.lobytech.test:3002/src/presentation/views/Modules/Admin/Views/Asistencia/Piso1/index.tsx?t=1787493067224:23:3)
    at div
    at div
    at Asistencia (http://restaurant21.lobytech.test:3002/src/presentation/views/Modules/Admin/Views/Asistencia/index.tsx?t=1787493088342:42:20)
    at RenderedRoute (http://restaurant21.lobytech.test:3002/node_modules/.vite/deps/react-router-dom.js?v=23710b64:3310:5)
    at Outlet (http://restaurant21.lobytech.test:3002/node_modules/.vite/deps/react-router-dom.js?v=23710b64:3703:26)
    at div
    at div
    at div
    at LayoutView (http://restaurant21.lobytech.test:3002/src/components/Sidebar/index.tsx?t=1787527165311:31:20)
    at RenderedRoute (http://restaurant21.lobytech.test:3002/node_modules/.vite/deps/react-router-dom.js?v=23710b64:3310:5)
    at Routes (http://restaurant21.lobytech.test:3002/node_modules/.vite/deps/react-router-dom.js?v=23710b64:3763:5)
    at div
    at Router (http://restaurant21.lobytech.test:3002/node_modules/.vite/deps/react-router-dom.js?v=23710b64:3710:15)
    at BrowserRouter (http://restaurant21.lobytech.test:3002/node_modules/.vite/deps/react-router-dom.js?v=23710b64:4190:5)
    at Dashboard
    at QueryClientProvider2 (http://restaurant21.lobytech.test:3002/node_modules/.vite/deps/react-query.js?v=23710b64:2647:21)
    at Provider (http://restaurant21.lobytech.test:3002/node_modules/.vite/deps/react-redux.js?v=23710b64:1481:3)
    at App (http://restaurant21.lobytech.test:3002/src/App.tsx?t=1787530374483:31:7)
    at Provider (http://restaurant21.lobytech.test:3002/node_modules/.vite/deps/react-redux.js?v=23710b64:1481:3) @ http://restaurant21.lobytech.test:3002/node_modules/.vite/deps/chunk-GYWC62UC.js?v=23710b64:520
[     928ms] [ERROR] Warning: Unexpected ref object provided for %s. Use either a ref-setter function or React.createRef().%s div 
    at div
    at div
    at DropdownPopover (http://restaurant21.lobytech.test:3002/src/presentation/views/Modules/Admin/Views/Asistencia/Dropdown/index.tsx?t=1787493067224:24:3)
    at td
    at tr
    at tbody
    at table
    at div
    at div
    at Piso1 (http://restaurant21.lobytech.test:3002/src/presentation/views/Modules/Admin/Views/Asistencia/Piso1/index.tsx?t=1787493067224:23:3)
    at div
    at div
    at Asistencia (http://restaurant21.lobytech.test:3002/src/presentation/views/Modules/Admin/Views/Asistencia/index.tsx?t=1787493088342:42:20)
    at RenderedRoute (http://restaurant21.lobytech.test:3002/node_modules/.vite/deps/react-router-dom.js?v=23710b64:3310:5)
    at Outlet (http://restaurant21.lobytech.test:3002/node_modules/.vite/deps/react-router-dom.js?v=23710b64:3703:26)
    at div
    at div
    at div
    at LayoutView (http://restaurant21.lobytech.test:3002/src/components/Sidebar/index.tsx?t=1787527165311:31:20)
    at RenderedRoute (http://restaurant21.lobytech.test:3002/node_modules/.vite/deps/react-router-dom.js?v=23710b64:3310:5)
    at Routes (http://restaurant21.lobytech.test:3002/node_modules/.vite/deps/react-router-dom.js?v=23710b64:3763:5)
    at div
    at Router (http://restaurant21.lobytech.test:3002/node_modules/.vite/deps/react-router-dom.js?v=23710b64:3710:15)
    at BrowserRouter (http://restaurant21.lobytech.test:3002/node_modules/.vite/deps/react-router-dom.js?v=23710b64:4190:5)
    at Dashboard
    at QueryClientProvider2 (http://restaurant21.lobytech.test:3002/node_modules/.vite/deps/react-query.js?v=23710b64:2647:21)
    at Provider (http://restaurant21.lobytech.test:3002/node_modules/.vite/deps/react-redux.js?v=23710b64:1481:3)
    at App (http://restaurant21.lobytech.test:3002/src/App.tsx?t=1787530374483:31:7)
    at Provider (http://restaurant21.lobytech.test:3002/node_modules/.vite/deps/react-redux.js?v=23710b64:1481:3) @ http://restaurant21.lobytech.test:3002/node_modules/.vite/deps/chunk-GYWC62UC.js?v=23710b64:520
[     928ms] [ERROR] Warning: Unexpected ref object provided for %s. Use either a ref-setter function or React.createRef().%s div 
    at div
    at div
    at DropdownPopover (http://restaurant21.lobytech.test:3002/src/presentation/views/Modules/Admin/Views/Asistencia/Dropdown/index.tsx?t=1787493067224:24:3)
    at td
    at tr
    at tbody
    at table
    at div
    at div
    at Piso1 (http://restaurant21.lobytech.test:3002/src/presentation/views/Modules/Admin/Views/Asistencia/Piso1/index.tsx?t=1787493067224:23:3)
    at div
    at div
    at Asistencia (http://restaurant21.lobytech.test:3002/src/presentation/views/Modules/Admin/Views/Asistencia/index.tsx?t=1787493088342:42:20)
    at RenderedRoute (http://restaurant21.lobytech.test:3002/node_modules/.vite/deps/react-router-dom.js?v=23710b64:3310:5)
    at Outlet (http://restaurant21.lobytech.test:3002/node_modules/.vite/deps/react-router-dom.js?v=23710b64:3703:26)
    at div
    at div
    at div
    at LayoutView (http://restaurant21.lobytech.test:3002/src/components/Sidebar/index.tsx?t=1787527165311:31:20)
    at RenderedRoute (http://restaurant21.lobytech.test:3002/node_modules/.vite/deps/react-router-dom.js?v=23710b64:3310:5)
    at Routes (http://restaurant21.lobytech.test:3002/node_modules/.vite/deps/react-router-dom.js?v=23710b64:3763:5)
    at div
    at Router (http://restaurant21.lobytech.test:3002/node_modules/.vite/deps/react-router-dom.js?v=23710b64:3710:15)
    at BrowserRouter (http://restaurant21.lobytech.test:3002/node_modules/.vite/deps/react-router-dom.js?v=23710b64:4190:5)
    at Dashboard
    at QueryClientProvider2 (http://restaurant21.lobytech.test:3002/node_modules/.vite/deps/react-query.js?v=23710b64:2647:21)
    at Provider (http://restaurant21.lobytech.test:3002/node_modules/.vite/deps/react-redux.js?v=23710b64:1481:3)
    at App (http://restaurant21.lobytech.test:3002/src/App.tsx?t=1787530374483:31:7)
    at Provider (http://restaurant21.lobytech.test:3002/node_modules/.vite/deps/react-redux.js?v=23710b64:1481:3) @ http://restaurant21.lobytech.test:3002/node_modules/.vite/deps/chunk-GYWC62UC.js?v=23710b64:520
[     928ms] [ERROR] Warning: Unexpected ref object provided for %s. Use either a ref-setter function or React.createRef().%s div 
    at div
    at div
    at DropdownPopover (http://restaurant21.lobytech.test:3002/src/presentation/views/Modules/Admin/Views/Asistencia/Dropdown/index.tsx?t=1787493067224:24:3)
    at td
    at tr
    at tbody
    at table
    at div
    at div
    at Piso1 (http://restaurant21.lobytech.test:3002/src/presentation/views/Modules/Admin/Views/Asistencia/Piso1/index.tsx?t=1787493067224:23:3)
    at div
    at div
    at Asistencia (http://restaurant21.lobytech.test:3002/src/presentation/views/Modules/Admin/Views/Asistencia/index.tsx?t=1787493088342:42:20)
    at RenderedRoute (http://restaurant21.lobytech.test:3002/node_modules/.vite/deps/react-router-dom.js?v=23710b64:3310:5)
    at Outlet (http://restaurant21.lobytech.test:3002/node_modules/.vite/deps/react-router-dom.js?v=23710b64:3703:26)
    at div
    at div
    at div
    at LayoutView (http://restaurant21.lobytech.test:3002/src/components/Sidebar/index.tsx?t=1787527165311:31:20)
    at RenderedRoute (http://restaurant21.lobytech.test:3002/node_modules/.vite/deps/react-router-dom.js?v=23710b64:3310:5)
    at Routes (http://restaurant21.lobytech.test:3002/node_modules/.vite/deps/react-router-dom.js?v=23710b64:3763:5)
    at div
    at Router (http://restaurant21.lobytech.test:3002/node_modules/.vite/deps/react-router-dom.js?v=23710b64:3710:15)
    at BrowserRouter (http://restaurant21.lobytech.test:3002/node_modules/.vite/deps/react-router-dom.js?v=23710b64:4190:5)
    at Dashboard
    at QueryClientProvider2 (http://restaurant21.lobytech.test:3002/node_modules/.vite/deps/react-query.js?v=23710b64:2647:21)
    at Provider (http://restaurant21.lobytech.test:3002/node_modules/.vite/deps/react-redux.js?v=23710b64:1481:3)
    at App (http://restaurant21.lobytech.test:3002/src/App.tsx?t=1787530374483:31:7)
    at Provider (http://restaurant21.lobytech.test:3002/node_modules/.vite/deps/react-redux.js?v=23710b64:1481:3) @ http://restaurant21.lobytech.test:3002/node_modules/.vite/deps/chunk-GYWC62UC.js?v=23710b64:520
[     928ms] [ERROR] Warning: Unexpected ref object provided for %s. Use either a ref-setter function or React.createRef().%s div 
    at div
    at div
    at DropdownPopover (http://restaurant21.lobytech.test:3002/src/presentation/views/Modules/Admin/Views/Asistencia/Dropdown/index.tsx?t=1787493067224:24:3)
    at td
    at tr
    at tbody
    at table
    at div
    at div
    at Piso1 (http://restaurant21.lobytech.test:3002/src/presentation/views/Modules/Admin/Views/Asistencia/Piso1/index.tsx?t=1787493067224:23:3)
    at div
    at div
    at Asistencia (http://restaurant21.lobytech.test:3002/src/presentation/views/Modules/Admin/Views/Asistencia/index.tsx?t=1787493088342:42:20)
    at RenderedRoute (http://restaurant21.lobytech.test:3002/node_modules/.vite/deps/react-router-dom.js?v=23710b64:3310:5)
    at Outlet (http://restaurant21.lobytech.test:3002/node_modules/.vite/deps/react-router-dom.js?v=23710b64:3703:26)
    at div
    at div
    at div
    at LayoutView (http://restaurant21.lobytech.test:3002/src/components/Sidebar/index.tsx?t=1787527165311:31:20)
    at RenderedRoute (http://restaurant21.lobytech.test:3002/node_modules/.vite/deps/react-router-dom.js?v=23710b64:3310:5)
    at Routes (http://restaurant21.lobytech.test:3002/node_modules/.vite/deps/react-router-dom.js?v=23710b64:3763:5)
    at div
    at Router (http://restaurant21.lobytech.test:3002/node_modules/.vite/deps/react-router-dom.js?v=23710b64:3710:15)
    at BrowserRouter (http://restaurant21.lobytech.test:3002/node_modules/.vite/deps/react-router-dom.js?v=23710b64:4190:5)
    at Dashboard
    at QueryClientProvider2 (http://restaurant21.lobytech.test:3002/node_modules/.vite/deps/react-query.js?v=23710b64:2647:21)
    at Provider (http://restaurant21.lobytech.test:3002/node_modules/.vite/deps/react-redux.js?v=23710b64:1481:3)
    at App (http://restaurant21.lobytech.test:3002/src/App.tsx?t=1787530374483:31:7)
    at Provider (http://restaurant21.lobytech.test:3002/node_modules/.vite/deps/react-redux.js?v=23710b64:1481:3) @ http://restaurant21.lobytech.test:3002/node_modules/.vite/deps/chunk-GYWC62UC.js?v=23710b64:520
[     928ms] [ERROR] Warning: Unexpected ref object provided for %s. Use either a ref-setter function or React.createRef().%s div 
    at div
    at div
    at DropdownPopover (http://restaurant21.lobytech.test:3002/src/presentation/views/Modules/Admin/Views/Asistencia/Dropdown/index.tsx?t=1787493067224:24:3)
    at td
    at tr
    at tbody
    at table
    at div
    at div
    at Piso1 (http://restaurant21.lobytech.test:3002/src/presentation/views/Modules/Admin/Views/Asistencia/Piso1/index.tsx?t=1787493067224:23:3)
    at div
    at div
    at Asistencia (http://restaurant21.lobytech.test:3002/src/presentation/views/Modules/Admin/Views/Asistencia/index.tsx?t=1787493088342:42:20)
    at RenderedRoute (http://restaurant21.lobytech.test:3002/node_modules/.vite/deps/react-router-dom.js?v=23710b64:3310:5)
    at Outlet (http://restaurant21.lobytech.test:3002/node_modules/.vite/deps/react-router-dom.js?v=23710b64:3703:26)
    at div
    at div
    at div
    at LayoutView (http://restaurant21.lobytech.test:3002/src/components/Sidebar/index.tsx?t=1787527165311:31:20)
    at RenderedRoute (http://restaurant21.lobytech.test:3002/node_modules/.vite/deps/react-router-dom.js?v=23710b64:3310:5)
    at Routes (http://restaurant21.lobytech.test:3002/node_modules/.vite/deps/react-router-dom.js?v=23710b64:3763:5)
    at div
    at Router (http://restaurant21.lobytech.test:3002/node_modules/.vite/deps/react-router-dom.js?v=23710b64:3710:15)
    at BrowserRouter (http://restaurant21.lobytech.test:3002/node_modules/.vite/deps/react-router-dom.js?v=23710b64:4190:5)
    at Dashboard
    at QueryClientProvider2 (http://restaurant21.lobytech.test:3002/node_modules/.vite/deps/react-query.js?v=23710b64:2647:21)
    at Provider (http://restaurant21.lobytech.test:3002/node_modules/.vite/deps/react-redux.js?v=23710b64:1481:3)
    at App (http://restaurant21.lobytech.test:3002/src/App.tsx?t=1787530374483:31:7)
    at Provider (http://restaurant21.lobytech.test:3002/node_modules/.vite/deps/react-redux.js?v=23710b64:1481:3) @ http://restaurant21.lobytech.test:3002/node_modules/.vite/deps/chunk-GYWC62UC.js?v=23710b64:520
[     928ms] [ERROR] Warning: Unexpected ref object provided for %s. Use either a ref-setter function or React.createRef().%s div 
    at div
    at div
    at DropdownPopover (http://restaurant21.lobytech.test:3002/src/presentation/views/Modules/Admin/Views/Asistencia/Dropdown/index.tsx?t=1787493067224:24:3)
    at td
    at tr
    at tbody
    at table
    at div
    at div
    at Piso1 (http://restaurant21.lobytech.test:3002/src/presentation/views/Modules/Admin/Views/Asistencia/Piso1/index.tsx?t=1787493067224:23:3)
    at div
    at div
    at Asistencia (http://restaurant21.lobytech.test:3002/src/presentation/views/Modules/Admin/Views/Asistencia/index.tsx?t=1787493088342:42:20)
    at RenderedRoute (http://restaurant21.lobytech.test:3002/node_modules/.vite/deps/react-router-dom.js?v=23710b64:3310:5)
    at Outlet (http://restaurant21.lobytech.test:3002/node_modules/.vite/deps/react-router-dom.js?v=23710b64:3703:26)
    at div
    at div
    at div
    at LayoutView (http://restaurant21.lobytech.test:3002/src/components/Sidebar/index.tsx?t=1787527165311:31:20)
    at RenderedRoute (http://restaurant21.lobytech.test:3002/node_modules/.vite/deps/react-router-dom.js?v=23710b64:3310:5)
    at Routes (http://restaurant21.lobytech.test:3002/node_modules/.vite/deps/react-router-dom.js?v=23710b64:3763:5)
    at div
    at Router (http://restaurant21.lobytech.test:3002/node_modules/.vite/deps/react-router-dom.js?v=23710b64:3710:15)
    at BrowserRouter (http://restaurant21.lobytech.test:3002/node_modules/.vite/deps/react-router-dom.js?v=23710b64:4190:5)
    at Dashboard
    at QueryClientProvider2 (http://restaurant21.lobytech.test:3002/node_modules/.vite/deps/react-query.js?v=23710b64:2647:21)
    at Provider (http://restaurant21.lobytech.test:3002/node_modules/.vite/deps/react-redux.js?v=23710b64:1481:3)
    at App (http://restaurant21.lobytech.test:3002/src/App.tsx?t=1787530374483:31:7)
    at Provider (http://restaurant21.lobytech.test:3002/node_modules/.vite/deps/react-redux.js?v=23710b64:1481:3) @ http://restaurant21.lobytech.test:3002/node_modules/.vite/deps/chunk-GYWC62UC.js?v=23710b64:520
[     928ms] [ERROR] Warning: Unexpected ref object provided for %s. Use either a ref-setter function or React.createRef().%s div 
    at div
    at div
    at DropdownPopover (http://restaurant21.lobytech.test:3002/src/presentation/views/Modules/Admin/Views/Asistencia/Dropdown/index.tsx?t=1787493067224:24:3)
    at td
    at tr
    at tbody
    at table
    at div
    at div
    at Piso1 (http://restaurant21.lobytech.test:3002/src/presentation/views/Modules/Admin/Views/Asistencia/Piso1/index.tsx?t=1787493067224:23:3)
    at div
    at div
    at Asistencia (http://restaurant21.lobytech.test:3002/src/presentation/views/Modules/Admin/Views/Asistencia/index.tsx?t=1787493088342:42:20)
    at RenderedRoute (http://restaurant21.lobytech.test:3002/node_modules/.vite/deps/react-router-dom.js?v=23710b64:3310:5)
    at Outlet (http://restaurant21.lobytech.test:3002/node_modules/.vite/deps/react-router-dom.js?v=23710b64:3703:26)
    at div
    at div
    at div
    at LayoutView (http://restaurant21.lobytech.test:3002/src/components/Sidebar/index.tsx?t=1787527165311:31:20)
    at RenderedRoute (http://restaurant21.lobytech.test:3002/node_modules/.vite/deps/react-router-dom.js?v=23710b64:3310:5)
    at Routes (http://restaurant21.lobytech.test:3002/node_modules/.vite/deps/react-router-dom.js?v=23710b64:3763:5)
    at div
    at Router (http://restaurant21.lobytech.test:3002/node_modules/.vite/deps/react-router-dom.js?v=23710b64:3710:15)
    at BrowserRouter (http://restaurant21.lobytech.test:3002/node_modules/.vite/deps/react-router-dom.js?v=23710b64:4190:5)
    at Dashboard
    at QueryClientProvider2 (http://restaurant21.lobytech.test:3002/node_modules/.vite/deps/react-query.js?v=23710b64:2647:21)
    at Provider (http://restaurant21.lobytech.test:3002/node_modules/.vite/deps/react-redux.js?v=23710b64:1481:3)
    at App (http://restaurant21.lobytech.test:3002/src/App.tsx?t=1787530374483:31:7)
    at Provider (http://restaurant21.lobytech.test:3002/node_modules/.vite/deps/react-redux.js?v=23710b64:1481:3) @ http://restaurant21.lobytech.test:3002/node_modules/.vite/deps/chunk-GYWC62UC.js?v=23710b64:520
[     928ms] [ERROR] Warning: Unexpected ref object provided for %s. Use either a ref-setter function or React.createRef().%s div 
    at div
    at div
    at DropdownPopover (http://restaurant21.lobytech.test:3002/src/presentation/views/Modules/Admin/Views/Asistencia/Dropdown/index.tsx?t=1787493067224:24:3)
    at td
    at tr
    at tbody
    at table
    at div
    at div
    at Piso1 (http://restaurant21.lobytech.test:3002/src/presentation/views/Modules/Admin/Views/Asistencia/Piso1/index.tsx?t=1787493067224:23:3)
    at div
    at div
    at Asistencia (http://restaurant21.lobytech.test:3002/src/presentation/views/Modules/Admin/Views/Asistencia/index.tsx?t=1787493088342:42:20)
    at RenderedRoute (http://restaurant21.lobytech.test:3002/node_modules/.vite/deps/react-router-dom.js?v=23710b64:3310:5)
    at Outlet (http://restaurant21.lobytech.test:3002/node_modules/.vite/deps/react-router-dom.js?v=23710b64:3703:26)
    at div
    at div
    at div
    at LayoutView (http://restaurant21.lobytech.test:3002/src/components/Sidebar/index.tsx?t=1787527165311:31:20)
    at RenderedRoute (http://restaurant21.lobytech.test:3002/node_modules/.vite/deps/react-router-dom.js?v=23710b64:3310:5)
    at Routes (http://restaurant21.lobytech.test:3002/node_modules/.vite/deps/react-router-dom.js?v=23710b64:3763:5)
    at div
    at Router (http://restaurant21.lobytech.test:3002/node_modules/.vite/deps/react-router-dom.js?v=23710b64:3710:15)
    at BrowserRouter (http://restaurant21.lobytech.test:3002/node_modules/.vite/deps/react-router-dom.js?v=23710b64:4190:5)
    at Dashboard
    at QueryClientProvider2 (http://restaurant21.lobytech.test:3002/node_modules/.vite/deps/react-query.js?v=23710b64:2647:21)
    at Provider (http://restaurant21.lobytech.test:3002/node_modules/.vite/deps/react-redux.js?v=23710b64:1481:3)
    at App (http://restaurant21.lobytech.test:3002/src/App.tsx?t=1787530374483:31:7)
    at Provider (http://restaurant21.lobytech.test:3002/node_modules/.vite/deps/react-redux.js?v=23710b64:1481:3) @ http://restaurant21.lobytech.test:3002/node_modules/.vite/deps/chunk-GYWC62UC.js?v=23710b64:520
[     928ms] [ERROR] Warning: Unexpected ref object provided for %s. Use either a ref-setter function or React.createRef().%s div 
    at div
    at div
    at DropdownPopover (http://restaurant21.lobytech.test:3002/src/presentation/views/Modules/Admin/Views/Asistencia/Dropdown/index.tsx?t=1787493067224:24:3)
    at td
    at tr
    at tbody
    at table
    at div
    at div
    at Piso1 (http://restaurant21.lobytech.test:3002/src/presentation/views/Modules/Admin/Views/Asistencia/Piso1/index.tsx?t=1787493067224:23:3)
    at div
    at div
    at Asistencia (http://restaurant21.lobytech.test:3002/src/presentation/views/Modules/Admin/Views/Asistencia/index.tsx?t=1787493088342:42:20)
    at RenderedRoute (http://restaurant21.lobytech.test:3002/node_modules/.vite/deps/react-router-dom.js?v=23710b64:3310:5)
    at Outlet (http://restaurant21.lobytech.test:3002/node_modules/.vite/deps/react-router-dom.js?v=23710b64:3703:26)
    at div
    at div
    at div
    at LayoutView (http://restaurant21.lobytech.test:3002/src/components/Sidebar/index.tsx?t=1787527165311:31:20)
    at RenderedRoute (http://restaurant21.lobytech.test:3002/node_modules/.vite/deps/react-router-dom.js?v=23710b64:3310:5)
    at Routes (http://restaurant21.lobytech.test:3002/node_modules/.vite/deps/react-router-dom.js?v=23710b64:3763:5)
    at div
    at Router (http://restaurant21.lobytech.test:3002/node_modules/.vite/deps/react-router-dom.js?v=23710b64:3710:15)
    at BrowserRouter (http://restaurant21.lobytech.test:3002/node_modules/.vite/deps/react-router-dom.js?v=23710b64:4190:5)
    at Dashboard
    at QueryClientProvider2 (http://restaurant21.lobytech.test:3002/node_modules/.vite/deps/react-query.js?v=23710b64:2647:21)
    at Provider (http://restaurant21.lobytech.test:3002/node_modules/.vite/deps/react-redux.js?v=23710b64:1481:3)
    at App (http://restaurant21.lobytech.test:3002/src/App.tsx?t=1787530374483:31:7)
    at Provider (http://restaurant21.lobytech.test:3002/node_modules/.vite/deps/react-redux.js?v=23710b64:1481:3) @ http://restaurant21.lobytech.test:3002/node_modules/.vite/deps/chunk-GYWC62UC.js?v=23710b64:520
[     928ms] [ERROR] Warning: Unexpected ref object provided for %s. Use either a ref-setter function or React.createRef().%s div 
    at div
    at div
    at DropdownPopover (http://restaurant21.lobytech.test:3002/src/presentation/views/Modules/Admin/Views/Asistencia/Dropdown/index.tsx?t=1787493067224:24:3)
    at td
    at tr
    at tbody
    at table
    at div
    at div
    at Piso1 (http://restaurant21.lobytech.test:3002/src/presentation/views/Modules/Admin/Views/Asistencia/Piso1/index.tsx?t=1787493067224:23:3)
    at div
    at div
    at Asistencia (http://restaurant21.lobytech.test:3002/src/presentation/views/Modules/Admin/Views/Asistencia/index.tsx?t=1787493088342:42:20)
    at RenderedRoute (http://restaurant21.lobytech.test:3002/node_modules/.vite/deps/react-router-dom.js?v=23710b64:3310:5)
    at Outlet (http://restaurant21.lobytech.test:3002/node_modules/.vite/deps/react-router-dom.js?v=23710b64:3703:26)
    at div
    at div
    at div
    at LayoutView (http://restaurant21.lobytech.test:3002/src/components/Sidebar/index.tsx?t=1787527165311:31:20)
    at RenderedRoute (http://restaurant21.lobytech.test:3002/node_modules/.vite/deps/react-router-dom.js?v=23710b64:3310:5)
    at Routes (http://restaurant21.lobytech.test:3002/node_modules/.vite/deps/react-router-dom.js?v=23710b64:3763:5)
    at div
    at Router (http://restaurant21.lobytech.test:3002/node_modules/.vite/deps/react-router-dom.js?v=23710b64:3710:15)
    at BrowserRouter (http://restaurant21.lobytech.test:3002/node_modules/.vite/deps/react-router-dom.js?v=23710b64:4190:5)
    at Dashboard
    at QueryClientProvider2 (http://restaurant21.lobytech.test:3002/node_modules/.vite/deps/react-query.js?v=23710b64:2647:21)
    at Provider (http://restaurant21.lobytech.test:3002/node_modules/.vite/deps/react-redux.js?v=23710b64:1481:3)
    at App (http://restaurant21.lobytech.test:3002/src/App.tsx?t=1787530374483:31:7)
    at Provider (http://restaurant21.lobytech.test:3002/node_modules/.vite/deps/react-redux.js?v=23710b64:1481:3) @ http://restaurant21.lobytech.test:3002/node_modules/.vite/deps/chunk-GYWC62UC.js?v=23710b64:520
[     928ms] [ERROR] Warning: Unexpected ref object provided for %s. Use either a ref-setter function or React.createRef().%s div 
    at div
    at div
    at DropdownPopover (http://restaurant21.lobytech.test:3002/src/presentation/views/Modules/Admin/Views/Asistencia/Dropdown/index.tsx?t=1787493067224:24:3)
    at td
    at tr
    at tbody
    at table
    at div
    at div
    at Piso1 (http://restaurant21.lobytech.test:3002/src/presentation/views/Modules/Admin/Views/Asistencia/Piso1/index.tsx?t=1787493067224:23:3)
    at div
    at div
    at Asistencia (http://restaurant21.lobytech.test:3002/src/presentation/views/Modules/Admin/Views/Asistencia/index.tsx?t=1787493088342:42:20)
    at RenderedRoute (http://restaurant21.lobytech.test:3002/node_modules/.vite/deps/react-router-dom.js?v=23710b64:3310:5)
    at Outlet (http://restaurant21.lobytech.test:3002/node_modules/.vite/deps/react-router-dom.js?v=23710b64:3703:26)
    at div
    at div
    at div
    at LayoutView (http://restaurant21.lobytech.test:3002/src/components/Sidebar/index.tsx?t=1787527165311:31:20)
    at RenderedRoute (http://restaurant21.lobytech.test:3002/node_modules/.vite/deps/react-router-dom.js?v=23710b64:3310:5)
    at Routes (http://restaurant21.lobytech.test:3002/node_modules/.vite/deps/react-router-dom.js?v=23710b64:3763:5)
    at div
    at Router (http://restaurant21.lobytech.test:3002/node_modules/.vite/deps/react-router-dom.js?v=23710b64:3710:15)
    at BrowserRouter (http://restaurant21.lobytech.test:3002/node_modules/.vite/deps/react-router-dom.js?v=23710b64:4190:5)
    at Dashboard
    at QueryClientProvider2 (http://restaurant21.lobytech.test:3002/node_modules/.vite/deps/react-query.js?v=23710b64:2647:21)
    at Provider (http://restaurant21.lobytech.test:3002/node_modules/.vite/deps/react-redux.js?v=23710b64:1481:3)
    at App (http://restaurant21.lobytech.test:3002/src/App.tsx?t=1787530374483:31:7)
    at Provider (http://restaurant21.lobytech.test:3002/node_modules/.vite/deps/react-redux.js?v=23710b64:1481:3) @ http://restaurant21.lobytech.test:3002/node_modules/.vite/deps/chunk-GYWC62UC.js?v=23710b64:520
[     928ms] [ERROR] Warning: Unexpected ref object provided for %s. Use either a ref-setter function or React.createRef().%s div 
    at div
    at div
    at DropdownPopover (http://restaurant21.lobytech.test:3002/src/presentation/views/Modules/Admin/Views/Asistencia/Dropdown/index.tsx?t=1787493067224:24:3)
    at td
    at tr
    at tbody
    at table
    at div
    at div
    at Piso1 (http://restaurant21.lobytech.test:3002/src/presentation/views/Modules/Admin/Views/Asistencia/Piso1/index.tsx?t=1787493067224:23:3)
    at div
    at div
    at Asistencia (http://restaurant21.lobytech.test:3002/src/presentation/views/Modules/Admin/Views/Asistencia/index.tsx?t=1787493088342:42:20)
    at RenderedRoute (http://restaurant21.lobytech.test:3002/node_modules/.vite/deps/react-router-dom.js?v=23710b64:3310:5)
    at Outlet (http://restaurant21.lobytech.test:3002/node_modules/.vite/deps/react-router-dom.js?v=23710b64:3703:26)
    at div
    at div
    at div
    at LayoutView (http://restaurant21.lobytech.test:3002/src/components/Sidebar/index.tsx?t=1787527165311:31:20)
    at RenderedRoute (http://restaurant21.lobytech.test:3002/node_modules/.vite/deps/react-router-dom.js?v=23710b64:3310:5)
    at Routes (http://restaurant21.lobytech.test:3002/node_modules/.vite/deps/react-router-dom.js?v=23710b64:3763:5)
    at div
    at Router (http://restaurant21.lobytech.test:3002/node_modules/.vite/deps/react-router-dom.js?v=23710b64:3710:15)
    at BrowserRouter (http://restaurant21.lobytech.test:3002/node_modules/.vite/deps/react-router-dom.js?v=23710b64:4190:5)
    at Dashboard
    at QueryClientProvider2 (http://restaurant21.lobytech.test:3002/node_modules/.vite/deps/react-query.js?v=23710b64:2647:21)
    at Provider (http://restaurant21.lobytech.test:3002/node_modules/.vite/deps/react-redux.js?v=23710b64:1481:3)
    at App (http://restaurant21.lobytech.test:3002/src/App.tsx?t=1787530374483:31:7)
    at Provider (http://restaurant21.lobytech.test:3002/node_modules/.vite/deps/react-redux.js?v=23710b64:1481:3) @ http://restaurant21.lobytech.test:3002/node_modules/.vite/deps/chunk-GYWC62UC.js?v=23710b64:520
[     928ms] [ERROR] Warning: Unexpected ref object provided for %s. Use either a ref-setter function or React.createRef().%s div 
    at div
    at div
    at DropdownPopover (http://restaurant21.lobytech.test:3002/src/presentation/views/Modules/Admin/Views/Asistencia/Dropdown/index.tsx?t=1787493067224:24:3)
    at td
    at tr
    at tbody
    at table
    at div
    at div
    at Piso1 (http://restaurant21.lobytech.test:3002/src/presentation/views/Modules/Admin/Views/Asistencia/Piso1/index.tsx?t=1787493067224:23:3)
    at div
    at div
    at Asistencia (http://restaurant21.lobytech.test:3002/src/presentation/views/Modules/Admin/Views/Asistencia/index.tsx?t=1787493088342:42:20)
    at RenderedRoute (http://restaurant21.lobytech.test:3002/node_modules/.vite/deps/react-router-dom.js?v=23710b64:3310:5)
    at Outlet (http://restaurant21.lobytech.test:3002/node_modules/.vite/deps/react-router-dom.js?v=23710b64:3703:26)
    at div
    at div
    at div
    at LayoutView (http://restaurant21.lobytech.test:3002/src/components/Sidebar/index.tsx?t=1787527165311:31:20)
    at RenderedRoute (http://restaurant21.lobytech.test:3002/node_modules/.vite/deps/react-router-dom.js?v=23710b64:3310:5)
    at Routes (http://restaurant21.lobytech.test:3002/node_modules/.vite/deps/react-router-dom.js?v=23710b64:3763:5)
    at div
    at Router (http://restaurant21.lobytech.test:3002/node_modules/.vite/deps/react-router-dom.js?v=23710b64:3710:15)
    at BrowserRouter (http://restaurant21.lobytech.test:3002/node_modules/.vite/deps/react-router-dom.js?v=23710b64:4190:5)
    at Dashboard
    at QueryClientProvider2 (http://restaurant21.lobytech.test:3002/node_modules/.vite/deps/react-query.js?v=23710b64:2647:21)
    at Provider (http://restaurant21.lobytech.test:3002/node_modules/.vite/deps/react-redux.js?v=23710b64:1481:3)
    at App (http://restaurant21.lobytech.test:3002/src/App.tsx?t=1787530374483:31:7)
    at Provider (http://restaurant21.lobytech.test:3002/node_modules/.vite/deps/react-redux.js?v=23710b64:1481:3) @ http://restaurant21.lobytech.test:3002/node_modules/.vite/deps/chunk-GYWC62UC.js?v=23710b64:520
[     928ms] [ERROR] Warning: Unexpected ref object provided for %s. Use either a ref-setter function or React.createRef().%s div 
    at div
    at div
    at DropdownPopover (http://restaurant21.lobytech.test:3002/src/presentation/views/Modules/Admin/Views/Asistencia/Dropdown/index.tsx?t=1787493067224:24:3)
    at td
    at tr
    at tbody
    at table
    at div
    at div
    at Piso1 (http://restaurant21.lobytech.test:3002/src/presentation/views/Modules/Admin/Views/Asistencia/Piso1/index.tsx?t=1787493067224:23:3)
    at div
    at div
    at Asistencia (http://restaurant21.lobytech.test:3002/src/presentation/views/Modules/Admin/Views/Asistencia/index.tsx?t=1787493088342:42:20)
    at RenderedRoute (http://restaurant21.lobytech.test:3002/node_modules/.vite/deps/react-router-dom.js?v=23710b64:3310:5)
    at Outlet (http://restaurant21.lobytech.test:3002/node_modules/.vite/deps/react-router-dom.js?v=23710b64:3703:26)
    at div
    at div
    at div
    at LayoutView (http://restaurant21.lobytech.test:3002/src/components/Sidebar/index.tsx?t=1787527165311:31:20)
    at RenderedRoute (http://restaurant21.lobytech.test:3002/node_modules/.vite/deps/react-router-dom.js?v=23710b64:3310:5)
    at Routes (http://restaurant21.lobytech.test:3002/node_modules/.vite/deps/react-router-dom.js?v=23710b64:3763:5)
    at div
    at Router (http://restaurant21.lobytech.test:3002/node_modules/.vite/deps/react-router-dom.js?v=23710b64:3710:15)
    at BrowserRouter (http://restaurant21.lobytech.test:3002/node_modules/.vite/deps/react-router-dom.js?v=23710b64:4190:5)
    at Dashboard
    at QueryClientProvider2 (http://restaurant21.lobytech.test:3002/node_modules/.vite/deps/react-query.js?v=23710b64:2647:21)
    at Provider (http://restaurant21.lobytech.test:3002/node_modules/.vite/deps/react-redux.js?v=23710b64:1481:3)
    at App (http://restaurant21.lobytech.test:3002/src/App.tsx?t=1787530374483:31:7)
    at Provider (http://restaurant21.lobytech.test:3002/node_modules/.vite/deps/react-redux.js?v=23710b64:1481:3) @ http://restaurant21.lobytech.test:3002/node_modules/.vite/deps/chunk-GYWC62UC.js?v=23710b64:520
[     929ms] [ERROR] Warning: Unexpected ref object provided for %s. Use either a ref-setter function or React.createRef().%s div 
    at div
    at div
    at DropdownPopover (http://restaurant21.lobytech.test:3002/src/presentation/views/Modules/Admin/Views/Asistencia/Dropdown/index.tsx?t=1787493067224:24:3)
    at td
    at tr
    at tbody
    at table
    at div
    at div
    at Piso1 (http://restaurant21.lobytech.test:3002/src/presentation/views/Modules/Admin/Views/Asistencia/Piso1/index.tsx?t=1787493067224:23:3)
    at div
    at div
    at Asistencia (http://restaurant21.lobytech.test:3002/src/presentation/views/Modules/Admin/Views/Asistencia/index.tsx?t=1787493088342:42:20)
    at RenderedRoute (http://restaurant21.lobytech.test:3002/node_modules/.vite/deps/react-router-dom.js?v=23710b64:3310:5)
    at Outlet (http://restaurant21.lobytech.test:3002/node_modules/.vite/deps/react-router-dom.js?v=23710b64:3703:26)
    at div
    at div
    at div
    at LayoutView (http://restaurant21.lobytech.test:3002/src/components/Sidebar/index.tsx?t=1787527165311:31:20)
    at RenderedRoute (http://restaurant21.lobytech.test:3002/node_modules/.vite/deps/react-router-dom.js?v=23710b64:3310:5)
    at Routes (http://restaurant21.lobytech.test:3002/node_modules/.vite/deps/react-router-dom.js?v=23710b64:3763:5)
    at div
    at Router (http://restaurant21.lobytech.test:3002/node_modules/.vite/deps/react-router-dom.js?v=23710b64:3710:15)
    at BrowserRouter (http://restaurant21.lobytech.test:3002/node_modules/.vite/deps/react-router-dom.js?v=23710b64:4190:5)
    at Dashboard
    at QueryClientProvider2 (http://restaurant21.lobytech.test:3002/node_modules/.vite/deps/react-query.js?v=23710b64:2647:21)
    at Provider (http://restaurant21.lobytech.test:3002/node_modules/.vite/deps/react-redux.js?v=23710b64:1481:3)
    at App (http://restaurant21.lobytech.test:3002/src/App.tsx?t=1787530374483:31:7)
    at Provider (http://restaurant21.lobytech.test:3002/node_modules/.vite/deps/react-redux.js?v=23710b64:1481:3) @ http://restaurant21.lobytech.test:3002/node_modules/.vite/deps/chunk-GYWC62UC.js?v=23710b64:520
[     929ms] [ERROR] Warning: Unexpected ref object provided for %s. Use either a ref-setter function or React.createRef().%s div 
    at div
    at div
    at DropdownPopover (http://restaurant21.lobytech.test:3002/src/presentation/views/Modules/Admin/Views/Asistencia/Dropdown/index.tsx?t=1787493067224:24:3)
    at td
    at tr
    at tbody
    at table
    at div
    at div
    at Piso1 (http://restaurant21.lobytech.test:3002/src/presentation/views/Modules/Admin/Views/Asistencia/Piso1/index.tsx?t=1787493067224:23:3)
    at div
    at div
    at Asistencia (http://restaurant21.lobytech.test:3002/src/presentation/views/Modules/Admin/Views/Asistencia/index.tsx?t=1787493088342:42:20)
    at RenderedRoute (http://restaurant21.lobytech.test:3002/node_modules/.vite/deps/react-router-dom.js?v=23710b64:3310:5)
    at Outlet (http://restaurant21.lobytech.test:3002/node_modules/.vite/deps/react-router-dom.js?v=23710b64:3703:26)
    at div
    at div
    at div
    at LayoutView (http://restaurant21.lobytech.test:3002/src/components/Sidebar/index.tsx?t=1787527165311:31:20)
    at RenderedRoute (http://restaurant21.lobytech.test:3002/node_modules/.vite/deps/react-router-dom.js?v=23710b64:3310:5)
    at Routes (http://restaurant21.lobytech.test:3002/node_modules/.vite/deps/react-router-dom.js?v=23710b64:3763:5)
    at div
    at Router (http://restaurant21.lobytech.test:3002/node_modules/.vite/deps/react-router-dom.js?v=23710b64:3710:15)
    at BrowserRouter (http://restaurant21.lobytech.test:3002/node_modules/.vite/deps/react-router-dom.js?v=23710b64:4190:5)
    at Dashboard
    at QueryClientProvider2 (http://restaurant21.lobytech.test:3002/node_modules/.vite/deps/react-query.js?v=23710b64:2647:21)
    at Provider (http://restaurant21.lobytech.test:3002/node_modules/.vite/deps/react-redux.js?v=23710b64:1481:3)
    at App (http://restaurant21.lobytech.test:3002/src/App.tsx?t=1787530374483:31:7)
    at Provider (http://restaurant21.lobytech.test:3002/node_modules/.vite/deps/react-redux.js?v=23710b64:1481:3) @ http://restaurant21.lobytech.test:3002/node_modules/.vite/deps/chunk-GYWC62UC.js?v=23710b64:520
[     929ms] [ERROR] Warning: Unexpected ref object provided for %s. Use either a ref-setter function or React.createRef().%s div 
    at div
    at div
    at DropdownPopover (http://restaurant21.lobytech.test:3002/src/presentation/views/Modules/Admin/Views/Asistencia/Dropdown/index.tsx?t=1787493067224:24:3)
    at td
    at tr
    at tbody
    at table
    at div
    at div
    at Piso1 (http://restaurant21.lobytech.test:3002/src/presentation/views/Modules/Admin/Views/Asistencia/Piso1/index.tsx?t=1787493067224:23:3)
    at div
    at div
    at Asistencia (http://restaurant21.lobytech.test:3002/src/presentation/views/Modules/Admin/Views/Asistencia/index.tsx?t=1787493088342:42:20)
    at RenderedRoute (http://restaurant21.lobytech.test:3002/node_modules/.vite/deps/react-router-dom.js?v=23710b64:3310:5)
    at Outlet (http://restaurant21.lobytech.test:3002/node_modules/.vite/deps/react-router-dom.js?v=23710b64:3703:26)
    at div
    at div
    at div
    at LayoutView (http://restaurant21.lobytech.test:3002/src/components/Sidebar/index.tsx?t=1787527165311:31:20)
    at RenderedRoute (http://restaurant21.lobytech.test:3002/node_modules/.vite/deps/react-router-dom.js?v=23710b64:3310:5)
    at Routes (http://restaurant21.lobytech.test:3002/node_modules/.vite/deps/react-router-dom.js?v=23710b64:3763:5)
    at div
    at Router (http://restaurant21.lobytech.test:3002/node_modules/.vite/deps/react-router-dom.js?v=23710b64:3710:15)
    at BrowserRouter (http://restaurant21.lobytech.test:3002/node_modules/.vite/deps/react-router-dom.js?v=23710b64:4190:5)
    at Dashboard
    at QueryClientProvider2 (http://restaurant21.lobytech.test:3002/node_modules/.vite/deps/react-query.js?v=23710b64:2647:21)
    at Provider (http://restaurant21.lobytech.test:3002/node_modules/.vite/deps/react-redux.js?v=23710b64:1481:3)
    at App (http://restaurant21.lobytech.test:3002/src/App.tsx?t=1787530374483:31:7)
    at Provider (http://restaurant21.lobytech.test:3002/node_modules/.vite/deps/react-redux.js?v=23710b64:1481:3) @ http://restaurant21.lobytech.test:3002/node_modules/.vite/deps/chunk-GYWC62UC.js?v=23710b64:520
[     929ms] [ERROR] Warning: Unexpected ref object provided for %s. Use either a ref-setter function or React.createRef().%s div 
    at div
    at div
    at DropdownPopover (http://restaurant21.lobytech.test:3002/src/presentation/views/Modules/Admin/Views/Asistencia/Dropdown/index.tsx?t=1787493067224:24:3)
    at td
    at tr
    at tbody
    at table
    at div
    at div
    at Piso2 (http://restaurant21.lobytech.test:3002/src/presentation/views/Modules/Admin/Views/Asistencia/Piso2/index.tsx?t=1787493067224:23:3)
    at div
    at div
    at Asistencia (http://restaurant21.lobytech.test:3002/src/presentation/views/Modules/Admin/Views/Asistencia/index.tsx?t=1787493088342:42:20)
    at RenderedRoute (http://restaurant21.lobytech.test:3002/node_modules/.vite/deps/react-router-dom.js?v=23710b64:3310:5)
    at Outlet (http://restaurant21.lobytech.test:3002/node_modules/.vite/deps/react-router-dom.js?v=23710b64:3703:26)
    at div
    at div
    at div
    at LayoutView (http://restaurant21.lobytech.test:3002/src/components/Sidebar/index.tsx?t=1787527165311:31:20)
    at RenderedRoute (http://restaurant21.lobytech.test:3002/node_modules/.vite/deps/react-router-dom.js?v=23710b64:3310:5)
    at Routes (http://restaurant21.lobytech.test:3002/node_modules/.vite/deps/react-router-dom.js?v=23710b64:3763:5)
    at div
    at Router (http://restaurant21.lobytech.test:3002/node_modules/.vite/deps/react-router-dom.js?v=23710b64:3710:15)
    at BrowserRouter (http://restaurant21.lobytech.test:3002/node_modules/.vite/deps/react-router-dom.js?v=23710b64:4190:5)
    at Dashboard
    at QueryClientProvider2 (http://restaurant21.lobytech.test:3002/node_modules/.vite/deps/react-query.js?v=23710b64:2647:21)
    at Provider (http://restaurant21.lobytech.test:3002/node_modules/.vite/deps/react-redux.js?v=23710b64:1481:3)
    at App (http://restaurant21.lobytech.test:3002/src/App.tsx?t=1787530374483:31:7)
    at Provider (http://restaurant21.lobytech.test:3002/node_modules/.vite/deps/react-redux.js?v=23710b64:1481:3) @ http://restaurant21.lobytech.test:3002/node_modules/.vite/deps/chunk-GYWC62UC.js?v=23710b64:520
[     929ms] [ERROR] Warning: Unexpected ref object provided for %s. Use either a ref-setter function or React.createRef().%s div 
    at div
    at div
    at DropdownPopover (http://restaurant21.lobytech.test:3002/src/presentation/views/Modules/Admin/Views/Asistencia/Dropdown/index.tsx?t=1787493067224:24:3)
    at td
    at tr
    at tbody
    at table
    at div
    at div
    at Piso2 (http://restaurant21.lobytech.test:3002/src/presentation/views/Modules/Admin/Views/Asistencia/Piso2/index.tsx?t=1787493067224:23:3)
    at div
    at div
    at Asistencia (http://restaurant21.lobytech.test:3002/src/presentation/views/Modules/Admin/Views/Asistencia/index.tsx?t=1787493088342:42:20)
    at RenderedRoute (http://restaurant21.lobytech.test:3002/node_modules/.vite/deps/react-router-dom.js?v=23710b64:3310:5)
    at Outlet (http://restaurant21.lobytech.test:3002/node_modules/.vite/deps/react-router-dom.js?v=23710b64:3703:26)
    at div
    at div
    at div
    at LayoutView (http://restaurant21.lobytech.test:3002/src/components/Sidebar/index.tsx?t=1787527165311:31:20)
    at RenderedRoute (http://restaurant21.lobytech.test:3002/node_modules/.vite/deps/react-router-dom.js?v=23710b64:3310:5)
    at Routes (http://restaurant21.lobytech.test:3002/node_modules/.vite/deps/react-router-dom.js?v=23710b64:3763:5)
    at div
    at Router (http://restaurant21.lobytech.test:3002/node_modules/.vite/deps/react-router-dom.js?v=23710b64:3710:15)
    at BrowserRouter (http://restaurant21.lobytech.test:3002/node_modules/.vite/deps/react-router-dom.js?v=23710b64:4190:5)
    at Dashboard
    at QueryClientProvider2 (http://restaurant21.lobytech.test:3002/node_modules/.vite/deps/react-query.js?v=23710b64:2647:21)
    at Provider (http://restaurant21.lobytech.test:3002/node_modules/.vite/deps/react-redux.js?v=23710b64:1481:3)
    at App (http://restaurant21.lobytech.test:3002/src/App.tsx?t=1787530374483:31:7)
    at Provider (http://restaurant21.lobytech.test:3002/node_modules/.vite/deps/react-redux.js?v=23710b64:1481:3) @ http://restaurant21.lobytech.test:3002/node_modules/.vite/deps/chunk-GYWC62UC.js?v=23710b64:520
[     930ms] [ERROR] Warning: Unexpected ref object provided for %s. Use either a ref-setter function or React.createRef().%s div 
    at div
    at div
    at DropdownPopover (http://restaurant21.lobytech.test:3002/src/presentation/views/Modules/Admin/Views/Asistencia/Dropdown/index.tsx?t=1787493067224:24:3)
    at td
    at tr
    at tbody
    at table
    at div
    at div
    at Piso2 (http://restaurant21.lobytech.test:3002/src/presentation/views/Modules/Admin/Views/Asistencia/Piso2/index.tsx?t=1787493067224:23:3)
    at div
    at div
    at Asistencia (http://restaurant21.lobytech.test:3002/src/presentation/views/Modules/Admin/Views/Asistencia/index.tsx?t=1787493088342:42:20)
    at RenderedRoute (http://restaurant21.lobytech.test:3002/node_modules/.vite/deps/react-router-dom.js?v=23710b64:3310:5)
    at Outlet (http://restaurant21.lobytech.test:3002/node_modules/.vite/deps/react-router-dom.js?v=23710b64:3703:26)
    at div
    at div
    at div
    at LayoutView (http://restaurant21.lobytech.test:3002/src/components/Sidebar/index.tsx?t=1787527165311:31:20)
    at RenderedRoute (http://restaurant21.lobytech.test:3002/node_modules/.vite/deps/react-router-dom.js?v=23710b64:3310:5)
    at Routes (http://restaurant21.lobytech.test:3002/node_modules/.vite/deps/react-router-dom.js?v=23710b64:3763:5)
    at div
    at Router (http://restaurant21.lobytech.test:3002/node_modules/.vite/deps/react-router-dom.js?v=23710b64:3710:15)
    at BrowserRouter (http://restaurant21.lobytech.test:3002/node_modules/.vite/deps/react-router-dom.js?v=23710b64:4190:5)
    at Dashboard
    at QueryClientProvider2 (http://restaurant21.lobytech.test:3002/node_modules/.vite/deps/react-query.js?v=23710b64:2647:21)
    at Provider (http://restaurant21.lobytech.test:3002/node_modules/.vite/deps/react-redux.js?v=23710b64:1481:3)
    at App (http://restaurant21.lobytech.test:3002/src/App.tsx?t=1787530374483:31:7)
    at Provider (http://restaurant21.lobytech.test:3002/node_modules/.vite/deps/react-redux.js?v=23710b64:1481:3) @ http://restaurant21.lobytech.test:3002/node_modules/.vite/deps/chunk-GYWC62UC.js?v=23710b64:520
[     930ms] [ERROR] Warning: Unexpected ref object provided for %s. Use either a ref-setter function or React.createRef().%s div 
    at div
    at div
    at DropdownPopover (http://restaurant21.lobytech.test:3002/src/presentation/views/Modules/Admin/Views/Asistencia/Dropdown/index.tsx?t=1787493067224:24:3)
    at td
    at tr
    at tbody
    at table
    at div
    at div
    at Piso2 (http://restaurant21.lobytech.test:3002/src/presentation/views/Modules/Admin/Views/Asistencia/Piso2/index.tsx?t=1787493067224:23:3)
    at div
    at div
    at Asistencia (http://restaurant21.lobytech.test:3002/src/presentation/views/Modules/Admin/Views/Asistencia/index.tsx?t=1787493088342:42:20)
    at RenderedRoute (http://restaurant21.lobytech.test:3002/node_modules/.vite/deps/react-router-dom.js?v=23710b64:3310:5)
    at Outlet (http://restaurant21.lobytech.test:3002/node_modules/.vite/deps/react-router-dom.js?v=23710b64:3703:26)
    at div
    at div
    at div
    at LayoutView (http://restaurant21.lobytech.test:3002/src/components/Sidebar/index.tsx?t=1787527165311:31:20)
    at RenderedRoute (http://restaurant21.lobytech.test:3002/node_modules/.vite/deps/react-router-dom.js?v=23710b64:3310:5)
    at Routes (http://restaurant21.lobytech.test:3002/node_modules/.vite/deps/react-router-dom.js?v=23710b64:3763:5)
    at div
    at Router (http://restaurant21.lobytech.test:3002/node_modules/.vite/deps/react-router-dom.js?v=23710b64:3710:15)
    at BrowserRouter (http://restaurant21.lobytech.test:3002/node_modules/.vite/deps/react-router-dom.js?v=23710b64:4190:5)
    at Dashboard
    at QueryClientProvider2 (http://restaurant21.lobytech.test:3002/node_modules/.vite/deps/react-query.js?v=23710b64:2647:21)
    at Provider (http://restaurant21.lobytech.test:3002/node_modules/.vite/deps/react-redux.js?v=23710b64:1481:3)
    at App (http://restaurant21.lobytech.test:3002/src/App.tsx?t=1787530374483:31:7)
    at Provider (http://restaurant21.lobytech.test:3002/node_modules/.vite/deps/react-redux.js?v=23710b64:1481:3) @ http://restaurant21.lobytech.test:3002/node_modules/.vite/deps/chunk-GYWC62UC.js?v=23710b64:520
[     930ms] [ERROR] Warning: Unexpected ref object provided for %s. Use either a ref-setter function or React.createRef().%s div 
    at div
    at div
    at DropdownPopover (http://restaurant21.lobytech.test:3002/src/presentation/views/Modules/Admin/Views/Asistencia/Dropdown/index.tsx?t=1787493067224:24:3)
    at td
    at tr
    at tbody
    at table
    at div
    at div
    at Piso2 (http://restaurant21.lobytech.test:3002/src/presentation/views/Modules/Admin/Views/Asistencia/Piso2/index.tsx?t=1787493067224:23:3)
    at div
    at div
    at Asistencia (http://restaurant21.lobytech.test:3002/src/presentation/views/Modules/Admin/Views/Asistencia/index.tsx?t=1787493088342:42:20)
    at RenderedRoute (http://restaurant21.lobytech.test:3002/node_modules/.vite/deps/react-router-dom.js?v=23710b64:3310:5)
    at Outlet (http://restaurant21.lobytech.test:3002/node_modules/.vite/deps/react-router-dom.js?v=23710b64:3703:26)
    at div
    at div
    at div
    at LayoutView (http://restaurant21.lobytech.test:3002/src/components/Sidebar/index.tsx?t=1787527165311:31:20)
    at RenderedRoute (http://restaurant21.lobytech.test:3002/node_modules/.vite/deps/react-router-dom.js?v=23710b64:3310:5)
    at Routes (http://restaurant21.lobytech.test:3002/node_modules/.vite/deps/react-router-dom.js?v=23710b64:3763:5)
    at div
    at Router (http://restaurant21.lobytech.test:3002/node_modules/.vite/deps/react-router-dom.js?v=23710b64:3710:15)
    at BrowserRouter (http://restaurant21.lobytech.test:3002/node_modules/.vite/deps/react-router-dom.js?v=23710b64:4190:5)
    at Dashboard
    at QueryClientProvider2 (http://restaurant21.lobytech.test:3002/node_modules/.vite/deps/react-query.js?v=23710b64:2647:21)
    at Provider (http://restaurant21.lobytech.test:3002/node_modules/.vite/deps/react-redux.js?v=23710b64:1481:3)
    at App (http://restaurant21.lobytech.test:3002/src/App.tsx?t=1787530374483:31:7)
    at Provider (http://restaurant21.lobytech.test:3002/node_modules/.vite/deps/react-redux.js?v=23710b64:1481:3) @ http://restaurant21.lobytech.test:3002/node_modules/.vite/deps/chunk-GYWC62UC.js?v=23710b64:520
[     930ms] [ERROR] Warning: Unexpected ref object provided for %s. Use either a ref-setter function or React.createRef().%s div 
    at div
    at div
    at DropdownPopover (http://restaurant21.lobytech.test:3002/src/presentation/views/Modules/Admin/Views/Asistencia/Dropdown/index.tsx?t=1787493067224:24:3)
    at td
    at tr
    at tbody
    at table
    at div
    at div
    at Piso2 (http://restaurant21.lobytech.test:3002/src/presentation/views/Modules/Admin/Views/Asistencia/Piso2/index.tsx?t=1787493067224:23:3)
    at div
    at div
    at Asistencia (http://restaurant21.lobytech.test:3002/src/presentation/views/Modules/Admin/Views/Asistencia/index.tsx?t=1787493088342:42:20)
    at RenderedRoute (http://restaurant21.lobytech.test:3002/node_modules/.vite/deps/react-router-dom.js?v=23710b64:3310:5)
    at Outlet (http://restaurant21.lobytech.test:3002/node_modules/.vite/deps/react-router-dom.js?v=23710b64:3703:26)
    at div
    at div
    at div
    at LayoutView (http://restaurant21.lobytech.test:3002/src/components/Sidebar/index.tsx?t=1787527165311:31:20)
    at RenderedRoute (http://restaurant21.lobytech.test:3002/node_modules/.vite/deps/react-router-dom.js?v=23710b64:3310:5)
    at Routes (http://restaurant21.lobytech.test:3002/node_modules/.vite/deps/react-router-dom.js?v=23710b64:3763:5)
    at div
    at Router (http://restaurant21.lobytech.test:3002/node_modules/.vite/deps/react-router-dom.js?v=23710b64:3710:15)
    at BrowserRouter (http://restaurant21.lobytech.test:3002/node_modules/.vite/deps/react-router-dom.js?v=23710b64:4190:5)
    at Dashboard
    at QueryClientProvider2 (http://restaurant21.lobytech.test:3002/node_modules/.vite/deps/react-query.js?v=23710b64:2647:21)
    at Provider (http://restaurant21.lobytech.test:3002/node_modules/.vite/deps/react-redux.js?v=23710b64:1481:3)
    at App (http://restaurant21.lobytech.test:3002/src/App.tsx?t=1787530374483:31:7)
    at Provider (http://restaurant21.lobytech.test:3002/node_modules/.vite/deps/react-redux.js?v=23710b64:1481:3) @ http://restaurant21.lobytech.test:3002/node_modules/.vite/deps/chunk-GYWC62UC.js?v=23710b64:520
[     930ms] [ERROR] Warning: Unexpected ref object provided for %s. Use either a ref-setter function or React.createRef().%s div 
    at div
    at div
    at DropdownPopover (http://restaurant21.lobytech.test:3002/src/presentation/views/Modules/Admin/Views/Asistencia/Dropdown/index.tsx?t=1787493067224:24:3)
    at td
    at tr
    at tbody
    at table
    at div
    at div
    at Piso2 (http://restaurant21.lobytech.test:3002/src/presentation/views/Modules/Admin/Views/Asistencia/Piso2/index.tsx?t=1787493067224:23:3)
    at div
    at div
    at Asistencia (http://restaurant21.lobytech.test:3002/src/presentation/views/Modules/Admin/Views/Asistencia/index.tsx?t=1787493088342:42:20)
    at RenderedRoute (http://restaurant21.lobytech.test:3002/node_modules/.vite/deps/react-router-dom.js?v=23710b64:3310:5)
    at Outlet (http://restaurant21.lobytech.test:3002/node_modules/.vite/deps/react-router-dom.js?v=23710b64:3703:26)
    at div
    at div
    at div
    at LayoutView (http://restaurant21.lobytech.test:3002/src/components/Sidebar/index.tsx?t=1787527165311:31:20)
    at RenderedRoute (http://restaurant21.lobytech.test:3002/node_modules/.vite/deps/react-router-dom.js?v=23710b64:3310:5)
    at Routes (http://restaurant21.lobytech.test:3002/node_modules/.vite/deps/react-router-dom.js?v=23710b64:3763:5)
    at div
    at Router (http://restaurant21.lobytech.test:3002/node_modules/.vite/deps/react-router-dom.js?v=23710b64:3710:15)
    at BrowserRouter (http://restaurant21.lobytech.test:3002/node_modules/.vite/deps/react-router-dom.js?v=23710b64:4190:5)
    at Dashboard
    at QueryClientProvider2 (http://restaurant21.lobytech.test:3002/node_modules/.vite/deps/react-query.js?v=23710b64:2647:21)
    at Provider (http://restaurant21.lobytech.test:3002/node_modules/.vite/deps/react-redux.js?v=23710b64:1481:3)
    at App (http://restaurant21.lobytech.test:3002/src/App.tsx?t=1787530374483:31:7)
    at Provider (http://restaurant21.lobytech.test:3002/node_modules/.vite/deps/react-redux.js?v=23710b64:1481:3) @ http://restaurant21.lobytech.test:3002/node_modules/.vite/deps/chunk-GYWC62UC.js?v=23710b64:520
[     931ms] [ERROR] Warning: Unexpected ref object provided for %s. Use either a ref-setter function or React.createRef().%s div 
    at div
    at div
    at DropdownPopover (http://restaurant21.lobytech.test:3002/src/presentation/views/Modules/Admin/Views/Asistencia/Dropdown/index.tsx?t=1787493067224:24:3)
    at td
    at tr
    at tbody
    at table
    at div
    at div
    at Piso2 (http://restaurant21.lobytech.test:3002/src/presentation/views/Modules/Admin/Views/Asistencia/Piso2/index.tsx?t=1787493067224:23:3)
    at div
    at div
    at Asistencia (http://restaurant21.lobytech.test:3002/src/presentation/views/Modules/Admin/Views/Asistencia/index.tsx?t=1787493088342:42:20)
    at RenderedRoute (http://restaurant21.lobytech.test:3002/node_modules/.vite/deps/react-router-dom.js?v=23710b64:3310:5)
    at Outlet (http://restaurant21.lobytech.test:3002/node_modules/.vite/deps/react-router-dom.js?v=23710b64:3703:26)
    at div
    at div
    at div
    at LayoutView (http://restaurant21.lobytech.test:3002/src/components/Sidebar/index.tsx?t=1787527165311:31:20)
    at RenderedRoute (http://restaurant21.lobytech.test:3002/node_modules/.vite/deps/react-router-dom.js?v=23710b64:3310:5)
    at Routes (http://restaurant21.lobytech.test:3002/node_modules/.vite/deps/react-router-dom.js?v=23710b64:3763:5)
    at div
    at Router (http://restaurant21.lobytech.test:3002/node_modules/.vite/deps/react-router-dom.js?v=23710b64:3710:15)
    at BrowserRouter (http://restaurant21.lobytech.test:3002/node_modules/.vite/deps/react-router-dom.js?v=23710b64:4190:5)
    at Dashboard
    at QueryClientProvider2 (http://restaurant21.lobytech.test:3002/node_modules/.vite/deps/react-query.js?v=23710b64:2647:21)
    at Provider (http://restaurant21.lobytech.test:3002/node_modules/.vite/deps/react-redux.js?v=23710b64:1481:3)
    at App (http://restaurant21.lobytech.test:3002/src/App.tsx?t=1787530374483:31:7)
    at Provider (http://restaurant21.lobytech.test:3002/node_modules/.vite/deps/react-redux.js?v=23710b64:1481:3) @ http://restaurant21.lobytech.test:3002/node_modules/.vite/deps/chunk-GYWC62UC.js?v=23710b64:520
[     931ms] [ERROR] Warning: Unexpected ref object provided for %s. Use either a ref-setter function or React.createRef().%s div 
    at div
    at div
    at DropdownPopover (http://restaurant21.lobytech.test:3002/src/presentation/views/Modules/Admin/Views/Asistencia/Dropdown/index.tsx?t=1787493067224:24:3)
    at td
    at tr
    at tbody
    at table
    at div
    at div
    at Piso2 (http://restaurant21.lobytech.test:3002/src/presentation/views/Modules/Admin/Views/Asistencia/Piso2/index.tsx?t=1787493067224:23:3)
    at div
    at div
    at Asistencia (http://restaurant21.lobytech.test:3002/src/presentation/views/Modules/Admin/Views/Asistencia/index.tsx?t=1787493088342:42:20)
    at RenderedRoute (http://restaurant21.lobytech.test:3002/node_modules/.vite/deps/react-router-dom.js?v=23710b64:3310:5)
    at Outlet (http://restaurant21.lobytech.test:3002/node_modules/.vite/deps/react-router-dom.js?v=23710b64:3703:26)
    at div
    at div
    at div
    at LayoutView (http://restaurant21.lobytech.test:3002/src/components/Sidebar/index.tsx?t=1787527165311:31:20)
    at RenderedRoute (http://restaurant21.lobytech.test:3002/node_modules/.vite/deps/react-router-dom.js?v=23710b64:3310:5)
    at Routes (http://restaurant21.lobytech.test:3002/node_modules/.vite/deps/react-router-dom.js?v=23710b64:3763:5)
    at div
    at Router (http://restaurant21.lobytech.test:3002/node_modules/.vite/deps/react-router-dom.js?v=23710b64:3710:15)
    at BrowserRouter (http://restaurant21.lobytech.test:3002/node_modules/.vite/deps/react-router-dom.js?v=23710b64:4190:5)
    at Dashboard
    at QueryClientProvider2 (http://restaurant21.lobytech.test:3002/node_modules/.vite/deps/react-query.js?v=23710b64:2647:21)
    at Provider (http://restaurant21.lobytech.test:3002/node_modules/.vite/deps/react-redux.js?v=23710b64:1481:3)
    at App (http://restaurant21.lobytech.test:3002/src/App.tsx?t=1787530374483:31:7)
    at Provider (http://restaurant21.lobytech.test:3002/node_modules/.vite/deps/react-redux.js?v=23710b64:1481:3) @ http://restaurant21.lobytech.test:3002/node_modules/.vite/deps/chunk-GYWC62UC.js?v=23710b64:520
[     931ms] [ERROR] Warning: Unexpected ref object provided for %s. Use either a ref-setter function or React.createRef().%s div 
    at div
    at div
    at DropdownPopover (http://restaurant21.lobytech.test:3002/src/presentation/views/Modules/Admin/Views/Asistencia/Dropdown/index.tsx?t=1787493067224:24:3)
    at td
    at tr
    at tbody
    at table
    at div
    at div
    at Piso2 (http://restaurant21.lobytech.test:3002/src/presentation/views/Modules/Admin/Views/Asistencia/Piso2/index.tsx?t=1787493067224:23:3)
    at div
    at div
    at Asistencia (http://restaurant21.lobytech.test:3002/src/presentation/views/Modules/Admin/Views/Asistencia/index.tsx?t=1787493088342:42:20)
    at RenderedRoute (http://restaurant21.lobytech.test:3002/node_modules/.vite/deps/react-router-dom.js?v=23710b64:3310:5)
    at Outlet (http://restaurant21.lobytech.test:3002/node_modules/.vite/deps/react-router-dom.js?v=23710b64:3703:26)
    at div
    at div
    at div
    at LayoutView (http://restaurant21.lobytech.test:3002/src/components/Sidebar/index.tsx?t=1787527165311:31:20)
    at RenderedRoute (http://restaurant21.lobytech.test:3002/node_modules/.vite/deps/react-router-dom.js?v=23710b64:3310:5)
    at Routes (http://restaurant21.lobytech.test:3002/node_modules/.vite/deps/react-router-dom.js?v=23710b64:3763:5)
    at div
    at Router (http://restaurant21.lobytech.test:3002/node_modules/.vite/deps/react-router-dom.js?v=23710b64:3710:15)
    at BrowserRouter (http://restaurant21.lobytech.test:3002/node_modules/.vite/deps/react-router-dom.js?v=23710b64:4190:5)
    at Dashboard
    at QueryClientProvider2 (http://restaurant21.lobytech.test:3002/node_modules/.vite/deps/react-query.js?v=23710b64:2647:21)
    at Provider (http://restaurant21.lobytech.test:3002/node_modules/.vite/deps/react-redux.js?v=23710b64:1481:3)
    at App (http://restaurant21.lobytech.test:3002/src/App.tsx?t=1787530374483:31:7)
    at Provider (http://restaurant21.lobytech.test:3002/node_modules/.vite/deps/react-redux.js?v=23710b64:1481:3) @ http://restaurant21.lobytech.test:3002/node_modules/.vite/deps/chunk-GYWC62UC.js?v=23710b64:520
[     931ms] [ERROR] Warning: Unexpected ref object provided for %s. Use either a ref-setter function or React.createRef().%s div 
    at div
    at div
    at DropdownPopover (http://restaurant21.lobytech.test:3002/src/presentation/views/Modules/Admin/Views/Asistencia/Dropdown/index.tsx?t=1787493067224:24:3)
    at td
    at tr
    at tbody
    at table
    at div
    at div
    at Piso2 (http://restaurant21.lobytech.test:3002/src/presentation/views/Modules/Admin/Views/Asistencia/Piso2/index.tsx?t=1787493067224:23:3)
    at div
    at div
    at Asistencia (http://restaurant21.lobytech.test:3002/src/presentation/views/Modules/Admin/Views/Asistencia/index.tsx?t=1787493088342:42:20)
    at RenderedRoute (http://restaurant21.lobytech.test:3002/node_modules/.vite/deps/react-router-dom.js?v=23710b64:3310:5)
    at Outlet (http://restaurant21.lobytech.test:3002/node_modules/.vite/deps/react-router-dom.js?v=23710b64:3703:26)
    at div
    at div
    at div
    at LayoutView (http://restaurant21.lobytech.test:3002/src/components/Sidebar/index.tsx?t=1787527165311:31:20)
    at RenderedRoute (http://restaurant21.lobytech.test:3002/node_modules/.vite/deps/react-router-dom.js?v=23710b64:3310:5)
    at Routes (http://restaurant21.lobytech.test:3002/node_modules/.vite/deps/react-router-dom.js?v=23710b64:3763:5)
    at div
    at Router (http://restaurant21.lobytech.test:3002/node_modules/.vite/deps/react-router-dom.js?v=23710b64:3710:15)
    at BrowserRouter (http://restaurant21.lobytech.test:3002/node_modules/.vite/deps/react-router-dom.js?v=23710b64:4190:5)
    at Dashboard
    at QueryClientProvider2 (http://restaurant21.lobytech.test:3002/node_modules/.vite/deps/react-query.js?v=23710b64:2647:21)
    at Provider (http://restaurant21.lobytech.test:3002/node_modules/.vite/deps/react-redux.js?v=23710b64:1481:3)
    at App (http://restaurant21.lobytech.test:3002/src/App.tsx?t=1787530374483:31:7)
    at Provider (http://restaurant21.lobytech.test:3002/node_modules/.vite/deps/react-redux.js?v=23710b64:1481:3) @ http://restaurant21.lobytech.test:3002/node_modules/.vite/deps/chunk-GYWC62UC.js?v=23710b64:520
[     931ms] [ERROR] Warning: Unexpected ref object provided for %s. Use either a ref-setter function or React.createRef().%s div 
    at div
    at div
    at DropdownPopover (http://restaurant21.lobytech.test:3002/src/presentation/views/Modules/Admin/Views/Asistencia/Dropdown/index.tsx?t=1787493067224:24:3)
    at td
    at tr
    at tbody
    at table
    at div
    at div
    at Piso2 (http://restaurant21.lobytech.test:3002/src/presentation/views/Modules/Admin/Views/Asistencia/Piso2/index.tsx?t=1787493067224:23:3)
    at div
    at div
    at Asistencia (http://restaurant21.lobytech.test:3002/src/presentation/views/Modules/Admin/Views/Asistencia/index.tsx?t=1787493088342:42:20)
    at RenderedRoute (http://restaurant21.lobytech.test:3002/node_modules/.vite/deps/react-router-dom.js?v=23710b64:3310:5)
    at Outlet (http://restaurant21.lobytech.test:3002/node_modules/.vite/deps/react-router-dom.js?v=23710b64:3703:26)
    at div
    at div
    at div
    at LayoutView (http://restaurant21.lobytech.test:3002/src/components/Sidebar/index.tsx?t=1787527165311:31:20)
    at RenderedRoute (http://restaurant21.lobytech.test:3002/node_modules/.vite/deps/react-router-dom.js?v=23710b64:3310:5)
    at Routes (http://restaurant21.lobytech.test:3002/node_modules/.vite/deps/react-router-dom.js?v=23710b64:3763:5)
    at div
    at Router (http://restaurant21.lobytech.test:3002/node_modules/.vite/deps/react-router-dom.js?v=23710b64:3710:15)
    at BrowserRouter (http://restaurant21.lobytech.test:3002/node_modules/.vite/deps/react-router-dom.js?v=23710b64:4190:5)
    at Dashboard
    at QueryClientProvider2 (http://restaurant21.lobytech.test:3002/node_modules/.vite/deps/react-query.js?v=23710b64:2647:21)
    at Provider (http://restaurant21.lobytech.test:3002/node_modules/.vite/deps/react-redux.js?v=23710b64:1481:3)
    at App (http://restaurant21.lobytech.test:3002/src/App.tsx?t=1787530374483:31:7)
    at Provider (http://restaurant21.lobytech.test:3002/node_modules/.vite/deps/react-redux.js?v=23710b64:1481:3) @ http://restaurant21.lobytech.test:3002/node_modules/.vite/deps/chunk-GYWC62UC.js?v=23710b64:520
[     932ms] [ERROR] Warning: Unexpected ref object provided for %s. Use either a ref-setter function or React.createRef().%s div 
    at div
    at div
    at DropdownPopover (http://restaurant21.lobytech.test:3002/src/presentation/views/Modules/Admin/Views/Asistencia/Dropdown/index.tsx?t=1787493067224:24:3)
    at td
    at tr
    at tbody
    at table
    at div
    at div
    at Piso2 (http://restaurant21.lobytech.test:3002/src/presentation/views/Modules/Admin/Views/Asistencia/Piso2/index.tsx?t=1787493067224:23:3)
    at div
    at div
    at Asistencia (http://restaurant21.lobytech.test:3002/src/presentation/views/Modules/Admin/Views/Asistencia/index.tsx?t=1787493088342:42:20)
    at RenderedRoute (http://restaurant21.lobytech.test:3002/node_modules/.vite/deps/react-router-dom.js?v=23710b64:3310:5)
    at Outlet (http://restaurant21.lobytech.test:3002/node_modules/.vite/deps/react-router-dom.js?v=23710b64:3703:26)
    at div
    at div
    at div
    at LayoutView (http://restaurant21.lobytech.test:3002/src/components/Sidebar/index.tsx?t=1787527165311:31:20)
    at RenderedRoute (http://restaurant21.lobytech.test:3002/node_modules/.vite/deps/react-router-dom.js?v=23710b64:3310:5)
    at Routes (http://restaurant21.lobytech.test:3002/node_modules/.vite/deps/react-router-dom.js?v=23710b64:3763:5)
    at div
    at Router (http://restaurant21.lobytech.test:3002/node_modules/.vite/deps/react-router-dom.js?v=23710b64:3710:15)
    at BrowserRouter (http://restaurant21.lobytech.test:3002/node_modules/.vite/deps/react-router-dom.js?v=23710b64:4190:5)
    at Dashboard
    at QueryClientProvider2 (http://restaurant21.lobytech.test:3002/node_modules/.vite/deps/react-query.js?v=23710b64:2647:21)
    at Provider (http://restaurant21.lobytech.test:3002/node_modules/.vite/deps/react-redux.js?v=23710b64:1481:3)
    at App (http://restaurant21.lobytech.test:3002/src/App.tsx?t=1787530374483:31:7)
    at Provider (http://restaurant21.lobytech.test:3002/node_modules/.vite/deps/react-redux.js?v=23710b64:1481:3) @ http://restaurant21.lobytech.test:3002/node_modules/.vite/deps/chunk-GYWC62UC.js?v=23710b64:520
[     932ms] [ERROR] Warning: Unexpected ref object provided for %s. Use either a ref-setter function or React.createRef().%s div 
    at div
    at div
    at DropdownPopover (http://restaurant21.lobytech.test:3002/src/presentation/views/Modules/Admin/Views/Asistencia/Dropdown/index.tsx?t=1787493067224:24:3)
    at td
    at tr
    at tbody
    at table
    at div
    at div
    at Piso2 (http://restaurant21.lobytech.test:3002/src/presentation/views/Modules/Admin/Views/Asistencia/Piso2/index.tsx?t=1787493067224:23:3)
    at div
    at div
    at Asistencia (http://restaurant21.lobytech.test:3002/src/presentation/views/Modules/Admin/Views/Asistencia/index.tsx?t=1787493088342:42:20)
    at RenderedRoute (http://restaurant21.lobytech.test:3002/node_modules/.vite/deps/react-router-dom.js?v=23710b64:3310:5)
    at Outlet (http://restaurant21.lobytech.test:3002/node_modules/.vite/deps/react-router-dom.js?v=23710b64:3703:26)
    at div
    at div
    at div
    at LayoutView (http://restaurant21.lobytech.test:3002/src/components/Sidebar/index.tsx?t=1787527165311:31:20)
    at RenderedRoute (http://restaurant21.lobytech.test:3002/node_modules/.vite/deps/react-router-dom.js?v=23710b64:3310:5)
    at Routes (http://restaurant21.lobytech.test:3002/node_modules/.vite/deps/react-router-dom.js?v=23710b64:3763:5)
    at div
    at Router (http://restaurant21.lobytech.test:3002/node_modules/.vite/deps/react-router-dom.js?v=23710b64:3710:15)
    at BrowserRouter (http://restaurant21.lobytech.test:3002/node_modules/.vite/deps/react-router-dom.js?v=23710b64:4190:5)
    at Dashboard
    at QueryClientProvider2 (http://restaurant21.lobytech.test:3002/node_modules/.vite/deps/react-query.js?v=23710b64:2647:21)
    at Provider (http://restaurant21.lobytech.test:3002/node_modules/.vite/deps/react-redux.js?v=23710b64:1481:3)
    at App (http://restaurant21.lobytech.test:3002/src/App.tsx?t=1787530374483:31:7)
    at Provider (http://restaurant21.lobytech.test:3002/node_modules/.vite/deps/react-redux.js?v=23710b64:1481:3) @ http://restaurant21.lobytech.test:3002/node_modules/.vite/deps/chunk-GYWC62UC.js?v=23710b64:520
[     932ms] [ERROR] Warning: Unexpected ref object provided for %s. Use either a ref-setter function or React.createRef().%s div 
    at div
    at div
    at DropdownPopover (http://restaurant21.lobytech.test:3002/src/presentation/views/Modules/Admin/Views/Asistencia/Dropdown/index.tsx?t=1787493067224:24:3)
    at td
    at tr
    at tbody
    at table
    at div
    at div
    at Piso2 (http://restaurant21.lobytech.test:3002/src/presentation/views/Modules/Admin/Views/Asistencia/Piso2/index.tsx?t=1787493067224:23:3)
    at div
    at div
    at Asistencia (http://restaurant21.lobytech.test:3002/src/presentation/views/Modules/Admin/Views/Asistencia/index.tsx?t=1787493088342:42:20)
    at RenderedRoute (http://restaurant21.lobytech.test:3002/node_modules/.vite/deps/react-router-dom.js?v=23710b64:3310:5)
    at Outlet (http://restaurant21.lobytech.test:3002/node_modules/.vite/deps/react-router-dom.js?v=23710b64:3703:26)
    at div
    at div
    at div
    at LayoutView (http://restaurant21.lobytech.test:3002/src/components/Sidebar/index.tsx?t=1787527165311:31:20)
    at RenderedRoute (http://restaurant21.lobytech.test:3002/node_modules/.vite/deps/react-router-dom.js?v=23710b64:3310:5)
    at Routes (http://restaurant21.lobytech.test:3002/node_modules/.vite/deps/react-router-dom.js?v=23710b64:3763:5)
    at div
    at Router (http://restaurant21.lobytech.test:3002/node_modules/.vite/deps/react-router-dom.js?v=23710b64:3710:15)
    at BrowserRouter (http://restaurant21.lobytech.test:3002/node_modules/.vite/deps/react-router-dom.js?v=23710b64:4190:5)
    at Dashboard
    at QueryClientProvider2 (http://restaurant21.lobytech.test:3002/node_modules/.vite/deps/react-query.js?v=23710b64:2647:21)
    at Provider (http://restaurant21.lobytech.test:3002/node_modules/.vite/deps/react-redux.js?v=23710b64:1481:3)
    at App (http://restaurant21.lobytech.test:3002/src/App.tsx?t=1787530374483:31:7)
    at Provider (http://restaurant21.lobytech.test:3002/node_modules/.vite/deps/react-redux.js?v=23710b64:1481:3) @ http://restaurant21.lobytech.test:3002/node_modules/.vite/deps/chunk-GYWC62UC.js?v=23710b64:520
[     932ms] [ERROR] Warning: Unexpected ref object provided for %s. Use either a ref-setter function or React.createRef().%s div 
    at div
    at div
    at DropdownPopover (http://restaurant21.lobytech.test:3002/src/presentation/views/Modules/Admin/Views/Asistencia/Dropdown/index.tsx?t=1787493067224:24:3)
    at td
    at tr
    at tbody
    at table
    at div
    at div
    at Piso2 (http://restaurant21.lobytech.test:3002/src/presentation/views/Modules/Admin/Views/Asistencia/Piso2/index.tsx?t=1787493067224:23:3)
    at div
    at div
    at Asistencia (http://restaurant21.lobytech.test:3002/src/presentation/views/Modules/Admin/Views/Asistencia/index.tsx?t=1787493088342:42:20)
    at RenderedRoute (http://restaurant21.lobytech.test:3002/node_modules/.vite/deps/react-router-dom.js?v=23710b64:3310:5)
    at Outlet (http://restaurant21.lobytech.test:3002/node_modules/.vite/deps/react-router-dom.js?v=23710b64:3703:26)
    at div
    at div
    at div
    at LayoutView (http://restaurant21.lobytech.test:3002/src/components/Sidebar/index.tsx?t=1787527165311:31:20)
    at RenderedRoute (http://restaurant21.lobytech.test:3002/node_modules/.vite/deps/react-router-dom.js?v=23710b64:3310:5)
    at Routes (http://restaurant21.lobytech.test:3002/node_modules/.vite/deps/react-router-dom.js?v=23710b64:3763:5)
    at div
    at Router (http://restaurant21.lobytech.test:3002/node_modules/.vite/deps/react-router-dom.js?v=23710b64:3710:15)
    at BrowserRouter (http://restaurant21.lobytech.test:3002/node_modules/.vite/deps/react-router-dom.js?v=23710b64:4190:5)
    at Dashboard
    at QueryClientProvider2 (http://restaurant21.lobytech.test:3002/node_modules/.vite/deps/react-query.js?v=23710b64:2647:21)
    at Provider (http://restaurant21.lobytech.test:3002/node_modules/.vite/deps/react-redux.js?v=23710b64:1481:3)
    at App (http://restaurant21.lobytech.test:3002/src/App.tsx?t=1787530374483:31:7)
    at Provider (http://restaurant21.lobytech.test:3002/node_modules/.vite/deps/react-redux.js?v=23710b64:1481:3) @ http://restaurant21.lobytech.test:3002/node_modules/.vite/deps/chunk-GYWC62UC.js?v=23710b64:520
[     932ms] [ERROR] Warning: Unexpected ref object provided for %s. Use either a ref-setter function or React.createRef().%s div 
    at div
    at div
    at DropdownPopover (http://restaurant21.lobytech.test:3002/src/presentation/views/Modules/Admin/Views/Asistencia/Dropdown/index.tsx?t=1787493067224:24:3)
    at td
    at tr
    at tbody
    at table
    at div
    at div
    at Piso2 (http://restaurant21.lobytech.test:3002/src/presentation/views/Modules/Admin/Views/Asistencia/Piso2/index.tsx?t=1787493067224:23:3)
    at div
    at div
    at Asistencia (http://restaurant21.lobytech.test:3002/src/presentation/views/Modules/Admin/Views/Asistencia/index.tsx?t=1787493088342:42:20)
    at RenderedRoute (http://restaurant21.lobytech.test:3002/node_modules/.vite/deps/react-router-dom.js?v=23710b64:3310:5)
    at Outlet (http://restaurant21.lobytech.test:3002/node_modules/.vite/deps/react-router-dom.js?v=23710b64:3703:26)
    at div
    at div
    at div
    at LayoutView (http://restaurant21.lobytech.test:3002/src/components/Sidebar/index.tsx?t=1787527165311:31:20)
    at RenderedRoute (http://restaurant21.lobytech.test:3002/node_modules/.vite/deps/react-router-dom.js?v=23710b64:3310:5)
    at Routes (http://restaurant21.lobytech.test:3002/node_modules/.vite/deps/react-router-dom.js?v=23710b64:3763:5)
    at div
    at Router (http://restaurant21.lobytech.test:3002/node_modules/.vite/deps/react-router-dom.js?v=23710b64:3710:15)
    at BrowserRouter (http://restaurant21.lobytech.test:3002/node_modules/.vite/deps/react-router-dom.js?v=23710b64:4190:5)
    at Dashboard
    at QueryClientProvider2 (http://restaurant21.lobytech.test:3002/node_modules/.vite/deps/react-query.js?v=23710b64:2647:21)
    at Provider (http://restaurant21.lobytech.test:3002/node_modules/.vite/deps/react-redux.js?v=23710b64:1481:3)
    at App (http://restaurant21.lobytech.test:3002/src/App.tsx?t=1787530374483:31:7)
    at Provider (http://restaurant21.lobytech.test:3002/node_modules/.vite/deps/react-redux.js?v=23710b64:1481:3) @ http://restaurant21.lobytech.test:3002/node_modules/.vite/deps/chunk-GYWC62UC.js?v=23710b64:520
[     932ms] [ERROR] Warning: Unexpected ref object provided for %s. Use either a ref-setter function or React.createRef().%s div 
    at div
    at div
    at DropdownPopover (http://restaurant21.lobytech.test:3002/src/presentation/views/Modules/Admin/Views/Asistencia/Dropdown/index.tsx?t=1787493067224:24:3)
    at td
    at tr
    at tbody
    at table
    at div
    at div
    at Piso2 (http://restaurant21.lobytech.test:3002/src/presentation/views/Modules/Admin/Views/Asistencia/Piso2/index.tsx?t=1787493067224:23:3)
    at div
    at div
    at Asistencia (http://restaurant21.lobytech.test:3002/src/presentation/views/Modules/Admin/Views/Asistencia/index.tsx?t=1787493088342:42:20)
    at RenderedRoute (http://restaurant21.lobytech.test:3002/node_modules/.vite/deps/react-router-dom.js?v=23710b64:3310:5)
    at Outlet (http://restaurant21.lobytech.test:3002/node_modules/.vite/deps/react-router-dom.js?v=23710b64:3703:26)
    at div
    at div
    at div
    at LayoutView (http://restaurant21.lobytech.test:3002/src/components/Sidebar/index.tsx?t=1787527165311:31:20)
    at RenderedRoute (http://restaurant21.lobytech.test:3002/node_modules/.vite/deps/react-router-dom.js?v=23710b64:3310:5)
    at Routes (http://restaurant21.lobytech.test:3002/node_modules/.vite/deps/react-router-dom.js?v=23710b64:3763:5)
    at div
    at Router (http://restaurant21.lobytech.test:3002/node_modules/.vite/deps/react-router-dom.js?v=23710b64:3710:15)
    at BrowserRouter (http://restaurant21.lobytech.test:3002/node_modules/.vite/deps/react-router-dom.js?v=23710b64:4190:5)
    at Dashboard
    at QueryClientProvider2 (http://restaurant21.lobytech.test:3002/node_modules/.vite/deps/react-query.js?v=23710b64:2647:21)
    at Provider (http://restaurant21.lobytech.test:3002/node_modules/.vite/deps/react-redux.js?v=23710b64:1481:3)
    at App (http://restaurant21.lobytech.test:3002/src/App.tsx?t=1787530374483:31:7)
    at Provider (http://restaurant21.lobytech.test:3002/node_modules/.vite/deps/react-redux.js?v=23710b64:1481:3) @ http://restaurant21.lobytech.test:3002/node_modules/.vite/deps/chunk-GYWC62UC.js?v=23710b64:520
[     932ms] [ERROR] Warning: Unexpected ref object provided for %s. Use either a ref-setter function or React.createRef().%s div 
    at div
    at div
    at DropdownPopover (http://restaurant21.lobytech.test:3002/src/presentation/views/Modules/Admin/Views/Asistencia/Dropdown/index.tsx?t=1787493067224:24:3)
    at td
    at tr
    at tbody
    at table
    at div
    at div
    at Piso2 (http://restaurant21.lobytech.test:3002/src/presentation/views/Modules/Admin/Views/Asistencia/Piso2/index.tsx?t=1787493067224:23:3)
    at div
    at div
    at Asistencia (http://restaurant21.lobytech.test:3002/src/presentation/views/Modules/Admin/Views/Asistencia/index.tsx?t=1787493088342:42:20)
    at RenderedRoute (http://restaurant21.lobytech.test:3002/node_modules/.vite/deps/react-router-dom.js?v=23710b64:3310:5)
    at Outlet (http://restaurant21.lobytech.test:3002/node_modules/.vite/deps/react-router-dom.js?v=23710b64:3703:26)
    at div
    at div
    at div
    at LayoutView (http://restaurant21.lobytech.test:3002/src/components/Sidebar/index.tsx?t=1787527165311:31:20)
    at RenderedRoute (http://restaurant21.lobytech.test:3002/node_modules/.vite/deps/react-router-dom.js?v=23710b64:3310:5)
    at Routes (http://restaurant21.lobytech.test:3002/node_modules/.vite/deps/react-router-dom.js?v=23710b64:3763:5)
    at div
    at Router (http://restaurant21.lobytech.test:3002/node_modules/.vite/deps/react-router-dom.js?v=23710b64:3710:15)
    at BrowserRouter (http://restaurant21.lobytech.test:3002/node_modules/.vite/deps/react-router-dom.js?v=23710b64:4190:5)
    at Dashboard
    at QueryClientProvider2 (http://restaurant21.lobytech.test:3002/node_modules/.vite/deps/react-query.js?v=23710b64:2647:21)
    at Provider (http://restaurant21.lobytech.test:3002/node_modules/.vite/deps/react-redux.js?v=23710b64:1481:3)
    at App (http://restaurant21.lobytech.test:3002/src/App.tsx?t=1787530374483:31:7)
    at Provider (http://restaurant21.lobytech.test:3002/node_modules/.vite/deps/react-redux.js?v=23710b64:1481:3) @ http://restaurant21.lobytech.test:3002/node_modules/.vite/deps/chunk-GYWC62UC.js?v=23710b64:520
[     933ms] [ERROR] Warning: Unexpected ref object provided for %s. Use either a ref-setter function or React.createRef().%s div 
    at div
    at div
    at DropdownPopover (http://restaurant21.lobytech.test:3002/src/presentation/views/Modules/Admin/Views/Asistencia/Dropdown/index.tsx?t=1787493067224:24:3)
    at td
    at tr
    at tbody
    at table
    at div
    at div
    at Piso2 (http://restaurant21.lobytech.test:3002/src/presentation/views/Modules/Admin/Views/Asistencia/Piso2/index.tsx?t=1787493067224:23:3)
    at div
    at div
    at Asistencia (http://restaurant21.lobytech.test:3002/src/presentation/views/Modules/Admin/Views/Asistencia/index.tsx?t=1787493088342:42:20)
    at RenderedRoute (http://restaurant21.lobytech.test:3002/node_modules/.vite/deps/react-router-dom.js?v=23710b64:3310:5)
    at Outlet (http://restaurant21.lobytech.test:3002/node_modules/.vite/deps/react-router-dom.js?v=23710b64:3703:26)
    at div
    at div
    at div
    at LayoutView (http://restaurant21.lobytech.test:3002/src/components/Sidebar/index.tsx?t=1787527165311:31:20)
    at RenderedRoute (http://restaurant21.lobytech.test:3002/node_modules/.vite/deps/react-router-dom.js?v=23710b64:3310:5)
    at Routes (http://restaurant21.lobytech.test:3002/node_modules/.vite/deps/react-router-dom.js?v=23710b64:3763:5)
    at div
    at Router (http://restaurant21.lobytech.test:3002/node_modules/.vite/deps/react-router-dom.js?v=23710b64:3710:15)
    at BrowserRouter (http://restaurant21.lobytech.test:3002/node_modules/.vite/deps/react-router-dom.js?v=23710b64:4190:5)
    at Dashboard
    at QueryClientProvider2 (http://restaurant21.lobytech.test:3002/node_modules/.vite/deps/react-query.js?v=23710b64:2647:21)
    at Provider (http://restaurant21.lobytech.test:3002/node_modules/.vite/deps/react-redux.js?v=23710b64:1481:3)
    at App (http://restaurant21.lobytech.test:3002/src/App.tsx?t=1787530374483:31:7)
    at Provider (http://restaurant21.lobytech.test:3002/node_modules/.vite/deps/react-redux.js?v=23710b64:1481:3) @ http://restaurant21.lobytech.test:3002/node_modules/.vite/deps/chunk-GYWC62UC.js?v=23710b64:520
[     933ms] [ERROR] Warning: Unexpected ref object provided for %s. Use either a ref-setter function or React.createRef().%s div 
    at div
    at div
    at DropdownPopover (http://restaurant21.lobytech.test:3002/src/presentation/views/Modules/Admin/Views/Asistencia/Dropdown/index.tsx?t=1787493067224:24:3)
    at td
    at tr
    at tbody
    at table
    at div
    at div
    at Piso2 (http://restaurant21.lobytech.test:3002/src/presentation/views/Modules/Admin/Views/Asistencia/Piso2/index.tsx?t=1787493067224:23:3)
    at div
    at div
    at Asistencia (http://restaurant21.lobytech.test:3002/src/presentation/views/Modules/Admin/Views/Asistencia/index.tsx?t=1787493088342:42:20)
    at RenderedRoute (http://restaurant21.lobytech.test:3002/node_modules/.vite/deps/react-router-dom.js?v=23710b64:3310:5)
    at Outlet (http://restaurant21.lobytech.test:3002/node_modules/.vite/deps/react-router-dom.js?v=23710b64:3703:26)
    at div
    at div
    at div
    at LayoutView (http://restaurant21.lobytech.test:3002/src/components/Sidebar/index.tsx?t=1787527165311:31:20)
    at RenderedRoute (http://restaurant21.lobytech.test:3002/node_modules/.vite/deps/react-router-dom.js?v=23710b64:3310:5)
    at Routes (http://restaurant21.lobytech.test:3002/node_modules/.vite/deps/react-router-dom.js?v=23710b64:3763:5)
    at div
    at Router (http://restaurant21.lobytech.test:3002/node_modules/.vite/deps/react-router-dom.js?v=23710b64:3710:15)
    at BrowserRouter (http://restaurant21.lobytech.test:3002/node_modules/.vite/deps/react-router-dom.js?v=23710b64:4190:5)
    at Dashboard
    at QueryClientProvider2 (http://restaurant21.lobytech.test:3002/node_modules/.vite/deps/react-query.js?v=23710b64:2647:21)
    at Provider (http://restaurant21.lobytech.test:3002/node_modules/.vite/deps/react-redux.js?v=23710b64:1481:3)
    at App (http://restaurant21.lobytech.test:3002/src/App.tsx?t=1787530374483:31:7)
    at Provider (http://restaurant21.lobytech.test:3002/node_modules/.vite/deps/react-redux.js?v=23710b64:1481:3) @ http://restaurant21.lobytech.test:3002/node_modules/.vite/deps/chunk-GYWC62UC.js?v=23710b64:520
[     933ms] [ERROR] Warning: Unexpected ref object provided for %s. Use either a ref-setter function or React.createRef().%s div 
    at div
    at div
    at DropdownPopover (http://restaurant21.lobytech.test:3002/src/presentation/views/Modules/Admin/Views/Asistencia/Dropdown/index.tsx?t=1787493067224:24:3)
    at td
    at tr
    at tbody
    at table
    at div
    at div
    at Piso2 (http://restaurant21.lobytech.test:3002/src/presentation/views/Modules/Admin/Views/Asistencia/Piso2/index.tsx?t=1787493067224:23:3)
    at div
    at div
    at Asistencia (http://restaurant21.lobytech.test:3002/src/presentation/views/Modules/Admin/Views/Asistencia/index.tsx?t=1787493088342:42:20)
    at RenderedRoute (http://restaurant21.lobytech.test:3002/node_modules/.vite/deps/react-router-dom.js?v=23710b64:3310:5)
    at Outlet (http://restaurant21.lobytech.test:3002/node_modules/.vite/deps/react-router-dom.js?v=23710b64:3703:26)
    at div
    at div
    at div
    at LayoutView (http://restaurant21.lobytech.test:3002/src/components/Sidebar/index.tsx?t=1787527165311:31:20)
    at RenderedRoute (http://restaurant21.lobytech.test:3002/node_modules/.vite/deps/react-router-dom.js?v=23710b64:3310:5)
    at Routes (http://restaurant21.lobytech.test:3002/node_modules/.vite/deps/react-router-dom.js?v=23710b64:3763:5)
    at div
    at Router (http://restaurant21.lobytech.test:3002/node_modules/.vite/deps/react-router-dom.js?v=23710b64:3710:15)
    at BrowserRouter (http://restaurant21.lobytech.test:3002/node_modules/.vite/deps/react-router-dom.js?v=23710b64:4190:5)
    at Dashboard
    at QueryClientProvider2 (http://restaurant21.lobytech.test:3002/node_modules/.vite/deps/react-query.js?v=23710b64:2647:21)
    at Provider (http://restaurant21.lobytech.test:3002/node_modules/.vite/deps/react-redux.js?v=23710b64:1481:3)
    at App (http://restaurant21.lobytech.test:3002/src/App.tsx?t=1787530374483:31:7)
    at Provider (http://restaurant21.lobytech.test:3002/node_modules/.vite/deps/react-redux.js?v=23710b64:1481:3) @ http://restaurant21.lobytech.test:3002/node_modules/.vite/deps/chunk-GYWC62UC.js?v=23710b64:520
[     933ms] [ERROR] Warning: Unexpected ref object provided for %s. Use either a ref-setter function or React.createRef().%s div 
    at div
    at div
    at DropdownPopover (http://restaurant21.lobytech.test:3002/src/presentation/views/Modules/Admin/Views/Asistencia/Dropdown/index.tsx?t=1787493067224:24:3)
    at td
    at tr
    at tbody
    at table
    at div
    at div
    at Piso2 (http://restaurant21.lobytech.test:3002/src/presentation/views/Modules/Admin/Views/Asistencia/Piso2/index.tsx?t=1787493067224:23:3)
    at div
    at div
    at Asistencia (http://restaurant21.lobytech.test:3002/src/presentation/views/Modules/Admin/Views/Asistencia/index.tsx?t=1787493088342:42:20)
    at RenderedRoute (http://restaurant21.lobytech.test:3002/node_modules/.vite/deps/react-router-dom.js?v=23710b64:3310:5)
    at Outlet (http://restaurant21.lobytech.test:3002/node_modules/.vite/deps/react-router-dom.js?v=23710b64:3703:26)
    at div
    at div
    at div
    at LayoutView (http://restaurant21.lobytech.test:3002/src/components/Sidebar/index.tsx?t=1787527165311:31:20)
    at RenderedRoute (http://restaurant21.lobytech.test:3002/node_modules/.vite/deps/react-router-dom.js?v=23710b64:3310:5)
    at Routes (http://restaurant21.lobytech.test:3002/node_modules/.vite/deps/react-router-dom.js?v=23710b64:3763:5)
    at div
    at Router (http://restaurant21.lobytech.test:3002/node_modules/.vite/deps/react-router-dom.js?v=23710b64:3710:15)
    at BrowserRouter (http://restaurant21.lobytech.test:3002/node_modules/.vite/deps/react-router-dom.js?v=23710b64:4190:5)
    at Dashboard
    at QueryClientProvider2 (http://restaurant21.lobytech.test:3002/node_modules/.vite/deps/react-query.js?v=23710b64:2647:21)
    at Provider (http://restaurant21.lobytech.test:3002/node_modules/.vite/deps/react-redux.js?v=23710b64:1481:3)
    at App (http://restaurant21.lobytech.test:3002/src/App.tsx?t=1787530374483:31:7)
    at Provider (http://restaurant21.lobytech.test:3002/node_modules/.vite/deps/react-redux.js?v=23710b64:1481:3) @ http://restaurant21.lobytech.test:3002/node_modules/.vite/deps/chunk-GYWC62UC.js?v=23710b64:520
[     933ms] [ERROR] Warning: Unexpected ref object provided for %s. Use either a ref-setter function or React.createRef().%s div 
    at div
    at div
    at DropdownPopover (http://restaurant21.lobytech.test:3002/src/presentation/views/Modules/Admin/Views/Asistencia/Dropdown/index.tsx?t=1787493067224:24:3)
    at td
    at tr
    at tbody
    at table
    at div
    at div
    at Piso2 (http://restaurant21.lobytech.test:3002/src/presentation/views/Modules/Admin/Views/Asistencia/Piso2/index.tsx?t=1787493067224:23:3)
    at div
    at div
    at Asistencia (http://restaurant21.lobytech.test:3002/src/presentation/views/Modules/Admin/Views/Asistencia/index.tsx?t=1787493088342:42:20)
    at RenderedRoute (http://restaurant21.lobytech.test:3002/node_modules/.vite/deps/react-router-dom.js?v=23710b64:3310:5)
    at Outlet (http://restaurant21.lobytech.test:3002/node_modules/.vite/deps/react-router-dom.js?v=23710b64:3703:26)
    at div
    at div
    at div
    at LayoutView (http://restaurant21.lobytech.test:3002/src/components/Sidebar/index.tsx?t=1787527165311:31:20)
    at RenderedRoute (http://restaurant21.lobytech.test:3002/node_modules/.vite/deps/react-router-dom.js?v=23710b64:3310:5)
    at Routes (http://restaurant21.lobytech.test:3002/node_modules/.vite/deps/react-router-dom.js?v=23710b64:3763:5)
    at div
    at Router (http://restaurant21.lobytech.test:3002/node_modules/.vite/deps/react-router-dom.js?v=23710b64:3710:15)
    at BrowserRouter (http://restaurant21.lobytech.test:3002/node_modules/.vite/deps/react-router-dom.js?v=23710b64:4190:5)
    at Dashboard
    at QueryClientProvider2 (http://restaurant21.lobytech.test:3002/node_modules/.vite/deps/react-query.js?v=23710b64:2647:21)
    at Provider (http://restaurant21.lobytech.test:3002/node_modules/.vite/deps/react-redux.js?v=23710b64:1481:3)
    at App (http://restaurant21.lobytech.test:3002/src/App.tsx?t=1787530374483:31:7)
    at Provider (http://restaurant21.lobytech.test:3002/node_modules/.vite/deps/react-redux.js?v=23710b64:1481:3) @ http://restaurant21.lobytech.test:3002/node_modules/.vite/deps/chunk-GYWC62UC.js?v=23710b64:520
[     933ms] [ERROR] Warning: Unexpected ref object provided for %s. Use either a ref-setter function or React.createRef().%s div 
    at div
    at div
    at DropdownPopover (http://restaurant21.lobytech.test:3002/src/presentation/views/Modules/Admin/Views/Asistencia/Dropdown/index.tsx?t=1787493067224:24:3)
    at td
    at tr
    at tbody
    at table
    at div
    at div
    at Piso2 (http://restaurant21.lobytech.test:3002/src/presentation/views/Modules/Admin/Views/Asistencia/Piso2/index.tsx?t=1787493067224:23:3)
    at div
    at div
    at Asistencia (http://restaurant21.lobytech.test:3002/src/presentation/views/Modules/Admin/Views/Asistencia/index.tsx?t=1787493088342:42:20)
    at RenderedRoute (http://restaurant21.lobytech.test:3002/node_modules/.vite/deps/react-router-dom.js?v=23710b64:3310:5)
    at Outlet (http://restaurant21.lobytech.test:3002/node_modules/.vite/deps/react-router-dom.js?v=23710b64:3703:26)
    at div
    at div
    at div
    at LayoutView (http://restaurant21.lobytech.test:3002/src/components/Sidebar/index.tsx?t=1787527165311:31:20)
    at RenderedRoute (http://restaurant21.lobytech.test:3002/node_modules/.vite/deps/react-router-dom.js?v=23710b64:3310:5)
    at Routes (http://restaurant21.lobytech.test:3002/node_modules/.vite/deps/react-router-dom.js?v=23710b64:3763:5)
    at div
    at Router (http://restaurant21.lobytech.test:3002/node_modules/.vite/deps/react-router-dom.js?v=23710b64:3710:15)
    at BrowserRouter (http://restaurant21.lobytech.test:3002/node_modules/.vite/deps/react-router-dom.js?v=23710b64:4190:5)
    at Dashboard
    at QueryClientProvider2 (http://restaurant21.lobytech.test:3002/node_modules/.vite/deps/react-query.js?v=23710b64:2647:21)
    at Provider (http://restaurant21.lobytech.test:3002/node_modules/.vite/deps/react-redux.js?v=23710b64:1481:3)
    at App (http://restaurant21.lobytech.test:3002/src/App.tsx?t=1787530374483:31:7)
    at Provider (http://restaurant21.lobytech.test:3002/node_modules/.vite/deps/react-redux.js?v=23710b64:1481:3) @ http://restaurant21.lobytech.test:3002/node_modules/.vite/deps/chunk-GYWC62UC.js?v=23710b64:520
[     933ms] [ERROR] Warning: Unexpected ref object provided for %s. Use either a ref-setter function or React.createRef().%s div 
    at div
    at div
    at DropdownPopover (http://restaurant21.lobytech.test:3002/src/presentation/views/Modules/Admin/Views/Asistencia/Dropdown/index.tsx?t=1787493067224:24:3)
    at td
    at tr
    at tbody
    at table
    at div
    at div
    at Piso2 (http://restaurant21.lobytech.test:3002/src/presentation/views/Modules/Admin/Views/Asistencia/Piso2/index.tsx?t=1787493067224:23:3)
    at div
    at div
    at Asistencia (http://restaurant21.lobytech.test:3002/src/presentation/views/Modules/Admin/Views/Asistencia/index.tsx?t=1787493088342:42:20)
    at RenderedRoute (http://restaurant21.lobytech.test:3002/node_modules/.vite/deps/react-router-dom.js?v=23710b64:3310:5)
    at Outlet (http://restaurant21.lobytech.test:3002/node_modules/.vite/deps/react-router-dom.js?v=23710b64:3703:26)
    at div
    at div
    at div
    at LayoutView (http://restaurant21.lobytech.test:3002/src/components/Sidebar/index.tsx?t=1787527165311:31:20)
    at RenderedRoute (http://restaurant21.lobytech.test:3002/node_modules/.vite/deps/react-router-dom.js?v=23710b64:3310:5)
    at Routes (http://restaurant21.lobytech.test:3002/node_modules/.vite/deps/react-router-dom.js?v=23710b64:3763:5)
    at div
    at Router (http://restaurant21.lobytech.test:3002/node_modules/.vite/deps/react-router-dom.js?v=23710b64:3710:15)
    at BrowserRouter (http://restaurant21.lobytech.test:3002/node_modules/.vite/deps/react-router-dom.js?v=23710b64:4190:5)
    at Dashboard
    at QueryClientProvider2 (http://restaurant21.lobytech.test:3002/node_modules/.vite/deps/react-query.js?v=23710b64:2647:21)
    at Provider (http://restaurant21.lobytech.test:3002/node_modules/.vite/deps/react-redux.js?v=23710b64:1481:3)
    at App (http://restaurant21.lobytech.test:3002/src/App.tsx?t=1787530374483:31:7)
    at Provider (http://restaurant21.lobytech.test:3002/node_modules/.vite/deps/react-redux.js?v=23710b64:1481:3) @ http://restaurant21.lobytech.test:3002/node_modules/.vite/deps/chunk-GYWC62UC.js?v=23710b64:520
[     934ms] [ERROR] Warning: Unexpected ref object provided for %s. Use either a ref-setter function or React.createRef().%s div 
    at div
    at div
    at DropdownPopover (http://restaurant21.lobytech.test:3002/src/presentation/views/Modules/Admin/Views/Asistencia/Dropdown/index.tsx?t=1787493067224:24:3)
    at td
    at tr
    at tbody
    at table
    at div
    at div
    at Piso2 (http://restaurant21.lobytech.test:3002/src/presentation/views/Modules/Admin/Views/Asistencia/Piso2/index.tsx?t=1787493067224:23:3)
    at div
    at div
    at Asistencia (http://restaurant21.lobytech.test:3002/src/presentation/views/Modules/Admin/Views/Asistencia/index.tsx?t=1787493088342:42:20)
    at RenderedRoute (http://restaurant21.lobytech.test:3002/node_modules/.vite/deps/react-router-dom.js?v=23710b64:3310:5)
    at Outlet (http://restaurant21.lobytech.test:3002/node_modules/.vite/deps/react-router-dom.js?v=23710b64:3703:26)
    at div
    at div
    at div
    at LayoutView (http://restaurant21.lobytech.test:3002/src/components/Sidebar/index.tsx?t=1787527165311:31:20)
    at RenderedRoute (http://restaurant21.lobytech.test:3002/node_modules/.vite/deps/react-router-dom.js?v=23710b64:3310:5)
    at Routes (http://restaurant21.lobytech.test:3002/node_modules/.vite/deps/react-router-dom.js?v=23710b64:3763:5)
    at div
    at Router (http://restaurant21.lobytech.test:3002/node_modules/.vite/deps/react-router-dom.js?v=23710b64:3710:15)
    at BrowserRouter (http://restaurant21.lobytech.test:3002/node_modules/.vite/deps/react-router-dom.js?v=23710b64:4190:5)
    at Dashboard
    at QueryClientProvider2 (http://restaurant21.lobytech.test:3002/node_modules/.vite/deps/react-query.js?v=23710b64:2647:21)
    at Provider (http://restaurant21.lobytech.test:3002/node_modules/.vite/deps/react-redux.js?v=23710b64:1481:3)
    at App (http://restaurant21.lobytech.test:3002/src/App.tsx?t=1787530374483:31:7)
    at Provider (http://restaurant21.lobytech.test:3002/node_modules/.vite/deps/react-redux.js?v=23710b64:1481:3) @ http://restaurant21.lobytech.test:3002/node_modules/.vite/deps/chunk-GYWC62UC.js?v=23710b64:520
[     934ms] [ERROR] Warning: Unexpected ref object provided for %s. Use either a ref-setter function or React.createRef().%s div 
    at div
    at div
    at DropdownPopover (http://restaurant21.lobytech.test:3002/src/presentation/views/Modules/Admin/Views/Asistencia/Dropdown/index.tsx?t=1787493067224:24:3)
    at td
    at tr
    at tbody
    at table
    at div
    at div
    at Piso2 (http://restaurant21.lobytech.test:3002/src/presentation/views/Modules/Admin/Views/Asistencia/Piso2/index.tsx?t=1787493067224:23:3)
    at div
    at div
    at Asistencia (http://restaurant21.lobytech.test:3002/src/presentation/views/Modules/Admin/Views/Asistencia/index.tsx?t=1787493088342:42:20)
    at RenderedRoute (http://restaurant21.lobytech.test:3002/node_modules/.vite/deps/react-router-dom.js?v=23710b64:3310:5)
    at Outlet (http://restaurant21.lobytech.test:3002/node_modules/.vite/deps/react-router-dom.js?v=23710b64:3703:26)
    at div
    at div
    at div
    at LayoutView (http://restaurant21.lobytech.test:3002/src/components/Sidebar/index.tsx?t=1787527165311:31:20)
    at RenderedRoute (http://restaurant21.lobytech.test:3002/node_modules/.vite/deps/react-router-dom.js?v=23710b64:3310:5)
    at Routes (http://restaurant21.lobytech.test:3002/node_modules/.vite/deps/react-router-dom.js?v=23710b64:3763:5)
    at div
    at Router (http://restaurant21.lobytech.test:3002/node_modules/.vite/deps/react-router-dom.js?v=23710b64:3710:15)
    at BrowserRouter (http://restaurant21.lobytech.test:3002/node_modules/.vite/deps/react-router-dom.js?v=23710b64:4190:5)
    at Dashboard
    at QueryClientProvider2 (http://restaurant21.lobytech.test:3002/node_modules/.vite/deps/react-query.js?v=23710b64:2647:21)
    at Provider (http://restaurant21.lobytech.test:3002/node_modules/.vite/deps/react-redux.js?v=23710b64:1481:3)
    at App (http://restaurant21.lobytech.test:3002/src/App.tsx?t=1787530374483:31:7)
    at Provider (http://restaurant21.lobytech.test:3002/node_modules/.vite/deps/react-redux.js?v=23710b64:1481:3) @ http://restaurant21.lobytech.test:3002/node_modules/.vite/deps/chunk-GYWC62UC.js?v=23710b64:520
[     934ms] [ERROR] Warning: Unexpected ref object provided for %s. Use either a ref-setter function or React.createRef().%s div 
    at div
    at div
    at DropdownPopover (http://restaurant21.lobytech.test:3002/src/presentation/views/Modules/Admin/Views/Asistencia/Dropdown/index.tsx?t=1787493067224:24:3)
    at td
    at tr
    at tbody
    at table
    at div
    at div
    at Piso2 (http://restaurant21.lobytech.test:3002/src/presentation/views/Modules/Admin/Views/Asistencia/Piso2/index.tsx?t=1787493067224:23:3)
    at div
    at div
    at Asistencia (http://restaurant21.lobytech.test:3002/src/presentation/views/Modules/Admin/Views/Asistencia/index.tsx?t=1787493088342:42:20)
    at RenderedRoute (http://restaurant21.lobytech.test:3002/node_modules/.vite/deps/react-router-dom.js?v=23710b64:3310:5)
    at Outlet (http://restaurant21.lobytech.test:3002/node_modules/.vite/deps/react-router-dom.js?v=23710b64:3703:26)
    at div
    at div
    at div
    at LayoutView (http://restaurant21.lobytech.test:3002/src/components/Sidebar/index.tsx?t=1787527165311:31:20)
    at RenderedRoute (http://restaurant21.lobytech.test:3002/node_modules/.vite/deps/react-router-dom.js?v=23710b64:3310:5)
    at Routes (http://restaurant21.lobytech.test:3002/node_modules/.vite/deps/react-router-dom.js?v=23710b64:3763:5)
    at div
    at Router (http://restaurant21.lobytech.test:3002/node_modules/.vite/deps/react-router-dom.js?v=23710b64:3710:15)
    at BrowserRouter (http://restaurant21.lobytech.test:3002/node_modules/.vite/deps/react-router-dom.js?v=23710b64:4190:5)
    at Dashboard
    at QueryClientProvider2 (http://restaurant21.lobytech.test:3002/node_modules/.vite/deps/react-query.js?v=23710b64:2647:21)
    at Provider (http://restaurant21.lobytech.test:3002/node_modules/.vite/deps/react-redux.js?v=23710b64:1481:3)
    at App (http://restaurant21.lobytech.test:3002/src/App.tsx?t=1787530374483:31:7)
    at Provider (http://restaurant21.lobytech.test:3002/node_modules/.vite/deps/react-redux.js?v=23710b64:1481:3) @ http://restaurant21.lobytech.test:3002/node_modules/.vite/deps/chunk-GYWC62UC.js?v=23710b64:520
[     934ms] [ERROR] Warning: Unexpected ref object provided for %s. Use either a ref-setter function or React.createRef().%s div 
    at div
    at div
    at DropdownPopover (http://restaurant21.lobytech.test:3002/src/presentation/views/Modules/Admin/Views/Asistencia/Dropdown/index.tsx?t=1787493067224:24:3)
    at td
    at tr
    at tbody
    at table
    at div
    at div
    at Piso2 (http://restaurant21.lobytech.test:3002/src/presentation/views/Modules/Admin/Views/Asistencia/Piso2/index.tsx?t=1787493067224:23:3)
    at div
    at div
    at Asistencia (http://restaurant21.lobytech.test:3002/src/presentation/views/Modules/Admin/Views/Asistencia/index.tsx?t=1787493088342:42:20)
    at RenderedRoute (http://restaurant21.lobytech.test:3002/node_modules/.vite/deps/react-router-dom.js?v=23710b64:3310:5)
    at Outlet (http://restaurant21.lobytech.test:3002/node_modules/.vite/deps/react-router-dom.js?v=23710b64:3703:26)
    at div
    at div
    at div
    at LayoutView (http://restaurant21.lobytech.test:3002/src/components/Sidebar/index.tsx?t=1787527165311:31:20)
    at RenderedRoute (http://restaurant21.lobytech.test:3002/node_modules/.vite/deps/react-router-dom.js?v=23710b64:3310:5)
    at Routes (http://restaurant21.lobytech.test:3002/node_modules/.vite/deps/react-router-dom.js?v=23710b64:3763:5)
    at div
    at Router (http://restaurant21.lobytech.test:3002/node_modules/.vite/deps/react-router-dom.js?v=23710b64:3710:15)
    at BrowserRouter (http://restaurant21.lobytech.test:3002/node_modules/.vite/deps/react-router-dom.js?v=23710b64:4190:5)
    at Dashboard
    at QueryClientProvider2 (http://restaurant21.lobytech.test:3002/node_modules/.vite/deps/react-query.js?v=23710b64:2647:21)
    at Provider (http://restaurant21.lobytech.test:3002/node_modules/.vite/deps/react-redux.js?v=23710b64:1481:3)
    at App (http://restaurant21.lobytech.test:3002/src/App.tsx?t=1787530374483:31:7)
    at Provider (http://restaurant21.lobytech.test:3002/node_modules/.vite/deps/react-redux.js?v=23710b64:1481:3) @ http://restaurant21.lobytech.test:3002/node_modules/.vite/deps/chunk-GYWC62UC.js?v=23710b64:520
[     934ms] [ERROR] Warning: Unexpected ref object provided for %s. Use either a ref-setter function or React.createRef().%s div 
    at div
    at div
    at DropdownPopover (http://restaurant21.lobytech.test:3002/src/presentation/views/Modules/Admin/Views/Asistencia/Dropdown/index.tsx?t=1787493067224:24:3)
    at td
    at tr
    at tbody
    at table
    at div
    at div
    at Piso2 (http://restaurant21.lobytech.test:3002/src/presentation/views/Modules/Admin/Views/Asistencia/Piso2/index.tsx?t=1787493067224:23:3)
    at div
    at div
    at Asistencia (http://restaurant21.lobytech.test:3002/src/presentation/views/Modules/Admin/Views/Asistencia/index.tsx?t=1787493088342:42:20)
    at RenderedRoute (http://restaurant21.lobytech.test:3002/node_modules/.vite/deps/react-router-dom.js?v=23710b64:3310:5)
    at Outlet (http://restaurant21.lobytech.test:3002/node_modules/.vite/deps/react-router-dom.js?v=23710b64:3703:26)
    at div
    at div
    at div
    at LayoutView (http://restaurant21.lobytech.test:3002/src/components/Sidebar/index.tsx?t=1787527165311:31:20)
    at RenderedRoute (http://restaurant21.lobytech.test:3002/node_modules/.vite/deps/react-router-dom.js?v=23710b64:3310:5)
    at Routes (http://restaurant21.lobytech.test:3002/node_modules/.vite/deps/react-router-dom.js?v=23710b64:3763:5)
    at div
    at Router (http://restaurant21.lobytech.test:3002/node_modules/.vite/deps/react-router-dom.js?v=23710b64:3710:15)
    at BrowserRouter (http://restaurant21.lobytech.test:3002/node_modules/.vite/deps/react-router-dom.js?v=23710b64:4190:5)
    at Dashboard
    at QueryClientProvider2 (http://restaurant21.lobytech.test:3002/node_modules/.vite/deps/react-query.js?v=23710b64:2647:21)
    at Provider (http://restaurant21.lobytech.test:3002/node_modules/.vite/deps/react-redux.js?v=23710b64:1481:3)
    at App (http://restaurant21.lobytech.test:3002/src/App.tsx?t=1787530374483:31:7)
    at Provider (http://restaurant21.lobytech.test:3002/node_modules/.vite/deps/react-redux.js?v=23710b64:1481:3) @ http://restaurant21.lobytech.test:3002/node_modules/.vite/deps/chunk-GYWC62UC.js?v=23710b64:520
[     934ms] [ERROR] Warning: Unexpected ref object provided for %s. Use either a ref-setter function or React.createRef().%s div 
    at div
    at div
    at DropdownPopover (http://restaurant21.lobytech.test:3002/src/presentation/views/Modules/Admin/Views/Asistencia/Dropdown/index.tsx?t=1787493067224:24:3)
    at td
    at tr
    at tbody
    at table
    at div
    at div
    at Piso2 (http://restaurant21.lobytech.test:3002/src/presentation/views/Modules/Admin/Views/Asistencia/Piso2/index.tsx?t=1787493067224:23:3)
    at div
    at div
    at Asistencia (http://restaurant21.lobytech.test:3002/src/presentation/views/Modules/Admin/Views/Asistencia/index.tsx?t=1787493088342:42:20)
    at RenderedRoute (http://restaurant21.lobytech.test:3002/node_modules/.vite/deps/react-router-dom.js?v=23710b64:3310:5)
    at Outlet (http://restaurant21.lobytech.test:3002/node_modules/.vite/deps/react-router-dom.js?v=23710b64:3703:26)
    at div
    at div
    at div
    at LayoutView (http://restaurant21.lobytech.test:3002/src/components/Sidebar/index.tsx?t=1787527165311:31:20)
    at RenderedRoute (http://restaurant21.lobytech.test:3002/node_modules/.vite/deps/react-router-dom.js?v=23710b64:3310:5)
    at Routes (http://restaurant21.lobytech.test:3002/node_modules/.vite/deps/react-router-dom.js?v=23710b64:3763:5)
    at div
    at Router (http://restaurant21.lobytech.test:3002/node_modules/.vite/deps/react-router-dom.js?v=23710b64:3710:15)
    at BrowserRouter (http://restaurant21.lobytech.test:3002/node_modules/.vite/deps/react-router-dom.js?v=23710b64:4190:5)
    at Dashboard
    at QueryClientProvider2 (http://restaurant21.lobytech.test:3002/node_modules/.vite/deps/react-query.js?v=23710b64:2647:21)
    at Provider (http://restaurant21.lobytech.test:3002/node_modules/.vite/deps/react-redux.js?v=23710b64:1481:3)
    at App (http://restaurant21.lobytech.test:3002/src/App.tsx?t=1787530374483:31:7)
    at Provider (http://restaurant21.lobytech.test:3002/node_modules/.vite/deps/react-redux.js?v=23710b64:1481:3) @ http://restaurant21.lobytech.test:3002/node_modules/.vite/deps/chunk-GYWC62UC.js?v=23710b64:520
[     935ms] [ERROR] Warning: Unexpected ref object provided for %s. Use either a ref-setter function or React.createRef().%s div 
    at div
    at div
    at DropdownPopover (http://restaurant21.lobytech.test:3002/src/presentation/views/Modules/Admin/Views/Asistencia/Dropdown/index.tsx?t=1787493067224:24:3)
    at td
    at tr
    at tbody
    at table
    at div
    at div
    at Piso2 (http://restaurant21.lobytech.test:3002/src/presentation/views/Modules/Admin/Views/Asistencia/Piso2/index.tsx?t=1787493067224:23:3)
    at div
    at div
    at Asistencia (http://restaurant21.lobytech.test:3002/src/presentation/views/Modules/Admin/Views/Asistencia/index.tsx?t=1787493088342:42:20)
    at RenderedRoute (http://restaurant21.lobytech.test:3002/node_modules/.vite/deps/react-router-dom.js?v=23710b64:3310:5)
    at Outlet (http://restaurant21.lobytech.test:3002/node_modules/.vite/deps/react-router-dom.js?v=23710b64:3703:26)
    at div
    at div
    at div
    at LayoutView (http://restaurant21.lobytech.test:3002/src/components/Sidebar/index.tsx?t=1787527165311:31:20)
    at RenderedRoute (http://restaurant21.lobytech.test:3002/node_modules/.vite/deps/react-router-dom.js?v=23710b64:3310:5)
    at Routes (http://restaurant21.lobytech.test:3002/node_modules/.vite/deps/react-router-dom.js?v=23710b64:3763:5)
    at div
    at Router (http://restaurant21.lobytech.test:3002/node_modules/.vite/deps/react-router-dom.js?v=23710b64:3710:15)
    at BrowserRouter (http://restaurant21.lobytech.test:3002/node_modules/.vite/deps/react-router-dom.js?v=23710b64:4190:5)
    at Dashboard
    at QueryClientProvider2 (http://restaurant21.lobytech.test:3002/node_modules/.vite/deps/react-query.js?v=23710b64:2647:21)
    at Provider (http://restaurant21.lobytech.test:3002/node_modules/.vite/deps/react-redux.js?v=23710b64:1481:3)
    at App (http://restaurant21.lobytech.test:3002/src/App.tsx?t=1787530374483:31:7)
    at Provider (http://restaurant21.lobytech.test:3002/node_modules/.vite/deps/react-redux.js?v=23710b64:1481:3) @ http://restaurant21.lobytech.test:3002/node_modules/.vite/deps/chunk-GYWC62UC.js?v=23710b64:520
[     935ms] [ERROR] Warning: Unexpected ref object provided for %s. Use either a ref-setter function or React.createRef().%s div 
    at div
    at div
    at DropdownPopover (http://restaurant21.lobytech.test:3002/src/presentation/views/Modules/Admin/Views/Asistencia/Dropdown/index.tsx?t=1787493067224:24:3)
    at td
    at tr
    at tbody
    at table
    at div
    at div
    at Piso2 (http://restaurant21.lobytech.test:3002/src/presentation/views/Modules/Admin/Views/Asistencia/Piso2/index.tsx?t=1787493067224:23:3)
    at div
    at div
    at Asistencia (http://restaurant21.lobytech.test:3002/src/presentation/views/Modules/Admin/Views/Asistencia/index.tsx?t=1787493088342:42:20)
    at RenderedRoute (http://restaurant21.lobytech.test:3002/node_modules/.vite/deps/react-router-dom.js?v=23710b64:3310:5)
    at Outlet (http://restaurant21.lobytech.test:3002/node_modules/.vite/deps/react-router-dom.js?v=23710b64:3703:26)
    at div
    at div
    at div
    at LayoutView (http://restaurant21.lobytech.test:3002/src/components/Sidebar/index.tsx?t=1787527165311:31:20)
    at RenderedRoute (http://restaurant21.lobytech.test:3002/node_modules/.vite/deps/react-router-dom.js?v=23710b64:3310:5)
    at Routes (http://restaurant21.lobytech.test:3002/node_modules/.vite/deps/react-router-dom.js?v=23710b64:3763:5)
    at div
    at Router (http://restaurant21.lobytech.test:3002/node_modules/.vite/deps/react-router-dom.js?v=23710b64:3710:15)
    at BrowserRouter (http://restaurant21.lobytech.test:3002/node_modules/.vite/deps/react-router-dom.js?v=23710b64:4190:5)
    at Dashboard
    at QueryClientProvider2 (http://restaurant21.lobytech.test:3002/node_modules/.vite/deps/react-query.js?v=23710b64:2647:21)
    at Provider (http://restaurant21.lobytech.test:3002/node_modules/.vite/deps/react-redux.js?v=23710b64:1481:3)
    at App (http://restaurant21.lobytech.test:3002/src/App.tsx?t=1787530374483:31:7)
    at Provider (http://restaurant21.lobytech.test:3002/node_modules/.vite/deps/react-redux.js?v=23710b64:1481:3) @ http://restaurant21.lobytech.test:3002/node_modules/.vite/deps/chunk-GYWC62UC.js?v=23710b64:520
[     935ms] [ERROR] Warning: Unexpected ref object provided for %s. Use either a ref-setter function or React.createRef().%s div 
    at div
    at div
    at DropdownPopover (http://restaurant21.lobytech.test:3002/src/presentation/views/Modules/Admin/Views/Asistencia/Dropdown/index.tsx?t=1787493067224:24:3)
    at td
    at tr
    at tbody
    at table
    at div
    at div
    at Piso2 (http://restaurant21.lobytech.test:3002/src/presentation/views/Modules/Admin/Views/Asistencia/Piso2/index.tsx?t=1787493067224:23:3)
    at div
    at div
    at Asistencia (http://restaurant21.lobytech.test:3002/src/presentation/views/Modules/Admin/Views/Asistencia/index.tsx?t=1787493088342:42:20)
    at RenderedRoute (http://restaurant21.lobytech.test:3002/node_modules/.vite/deps/react-router-dom.js?v=23710b64:3310:5)
    at Outlet (http://restaurant21.lobytech.test:3002/node_modules/.vite/deps/react-router-dom.js?v=23710b64:3703:26)
    at div
    at div
    at div
    at LayoutView (http://restaurant21.lobytech.test:3002/src/components/Sidebar/index.tsx?t=1787527165311:31:20)
    at RenderedRoute (http://restaurant21.lobytech.test:3002/node_modules/.vite/deps/react-router-dom.js?v=23710b64:3310:5)
    at Routes (http://restaurant21.lobytech.test:3002/node_modules/.vite/deps/react-router-dom.js?v=23710b64:3763:5)
    at div
    at Router (http://restaurant21.lobytech.test:3002/node_modules/.vite/deps/react-router-dom.js?v=23710b64:3710:15)
    at BrowserRouter (http://restaurant21.lobytech.test:3002/node_modules/.vite/deps/react-router-dom.js?v=23710b64:4190:5)
    at Dashboard
    at QueryClientProvider2 (http://restaurant21.lobytech.test:3002/node_modules/.vite/deps/react-query.js?v=23710b64:2647:21)
    at Provider (http://restaurant21.lobytech.test:3002/node_modules/.vite/deps/react-redux.js?v=23710b64:1481:3)
    at App (http://restaurant21.lobytech.test:3002/src/App.tsx?t=1787530374483:31:7)
    at Provider (http://restaurant21.lobytech.test:3002/node_modules/.vite/deps/react-redux.js?v=23710b64:1481:3) @ http://restaurant21.lobytech.test:3002/node_modules/.vite/deps/chunk-GYWC62UC.js?v=23710b64:520
[     945ms] [LOG] [] @ http://restaurant21.lobytech.test:3002/src/presentation/views/Modules/Admin/Views/Asistencia/index.tsx?t=1787493088342:46
[     945ms] [LOG] Sun Aug 23 2026 00:00:00 GMT-0500 (hora estándar de Perú) @ http://restaurant21.lobytech.test:3002/src/presentation/views/Modules/Admin/Views/Asistencia/index.tsx?t=1787493088342:115
[     945ms] [LOG] {turno: Turno Especial, diaSemana: 0} @ http://restaurant21.lobytech.test:3002/src/presentation/views/Modules/Admin/Views/Asistencia/index.tsx?t=1787493088342:129
[     946ms] [LOG] Sun Aug 23 2026 00:00:00 GMT-0500 (hora estándar de Perú) @ http://restaurant21.lobytech.test:3002/src/presentation/views/Modules/Admin/Views/Asistencia/index.tsx?t=1787493088342:115
[     946ms] [LOG] Sun Aug 23 2026 00:00:00 GMT-0500 (hora estándar de Perú) @ http://restaurant21.lobytech.test:3002/src/presentation/views/Modules/Admin/Views/Asistencia/index.tsx?t=1787493088342:115
[     946ms] [LOG] [] @ http://restaurant21.lobytech.test:3002/src/presentation/views/Modules/Admin/Views/Asistencia/index.tsx?t=1787493088342:198
[     947ms] [LOG] false @ http://restaurant21.lobytech.test:3002/src/components/Toggle/index.tsx:24
[     947ms] [LOG] () => {
    if (diaSemana === 0) {
      setCheckedTurno(false);
    } else {
      setCheckedTurno(!isTurno);
    }
  } @ http://restaurant21.lobytech.test:3002/src/components/Toggle/index.tsx:25
[     949ms] [LOG] null @ http://restaurant21.lobytech.test:3002/src/presentation/views/Modules/Admin/Views/Asistencia/Dropdown/index.tsx?t=1787493067224:68
[     949ms] [LOG] null @ http://restaurant21.lobytech.test:3002/src/presentation/views/Modules/Admin/Views/Asistencia/Dropdown/index.tsx?t=1787493067224:68
[     950ms] [LOG] null @ http://restaurant21.lobytech.test:3002/src/presentation/views/Modules/Admin/Views/Asistencia/Dropdown/index.tsx?t=1787493067224:68
[     950ms] [LOG] null @ http://restaurant21.lobytech.test:3002/src/presentation/views/Modules/Admin/Views/Asistencia/Dropdown/index.tsx?t=1787493067224:68
[     951ms] [LOG] null @ http://restaurant21.lobytech.test:3002/src/presentation/views/Modules/Admin/Views/Asistencia/Dropdown/index.tsx?t=1787493067224:68
[     951ms] [LOG] null @ http://restaurant21.lobytech.test:3002/src/presentation/views/Modules/Admin/Views/Asistencia/Dropdown/index.tsx?t=1787493067224:68
[     952ms] [LOG] null @ http://restaurant21.lobytech.test:3002/src/presentation/views/Modules/Admin/Views/Asistencia/Dropdown/index.tsx?t=1787493067224:68
[     952ms] [LOG] null @ http://restaurant21.lobytech.test:3002/src/presentation/views/Modules/Admin/Views/Asistencia/Dropdown/index.tsx?t=1787493067224:68
[     953ms] [LOG] null @ http://restaurant21.lobytech.test:3002/src/presentation/views/Modules/Admin/Views/Asistencia/Dropdown/index.tsx?t=1787493067224:68
[     954ms] [LOG] null @ http://restaurant21.lobytech.test:3002/src/presentation/views/Modules/Admin/Views/Asistencia/Dropdown/index.tsx?t=1787493067224:68
[     954ms] [LOG] null @ http://restaurant21.lobytech.test:3002/src/presentation/views/Modules/Admin/Views/Asistencia/Dropdown/index.tsx?t=1787493067224:68
[     955ms] [LOG] null @ http://restaurant21.lobytech.test:3002/src/presentation/views/Modules/Admin/Views/Asistencia/Dropdown/index.tsx?t=1787493067224:68
[     955ms] [LOG] null @ http://restaurant21.lobytech.test:3002/src/presentation/views/Modules/Admin/Views/Asistencia/Dropdown/index.tsx?t=1787493067224:68
[     955ms] [LOG] null @ http://restaurant21.lobytech.test:3002/src/presentation/views/Modules/Admin/Views/Asistencia/Dropdown/index.tsx?t=1787493067224:68
[     956ms] [LOG] null @ http://restaurant21.lobytech.test:3002/src/presentation/views/Modules/Admin/Views/Asistencia/Dropdown/index.tsx?t=1787493067224:68
[     957ms] [LOG] null @ http://restaurant21.lobytech.test:3002/src/presentation/views/Modules/Admin/Views/Asistencia/Dropdown/index.tsx?t=1787493067224:68
[     957ms] [LOG] null @ http://restaurant21.lobytech.test:3002/src/presentation/views/Modules/Admin/Views/Asistencia/Dropdown/index.tsx?t=1787493067224:68
[     958ms] [LOG] null @ http://restaurant21.lobytech.test:3002/src/presentation/views/Modules/Admin/Views/Asistencia/Dropdown/index.tsx?t=1787493067224:68
[     958ms] [LOG] null @ http://restaurant21.lobytech.test:3002/src/presentation/views/Modules/Admin/Views/Asistencia/Dropdown/index.tsx?t=1787493067224:68
[     958ms] [LOG] null @ http://restaurant21.lobytech.test:3002/src/presentation/views/Modules/Admin/Views/Asistencia/Dropdown/index.tsx?t=1787493067224:68
[     959ms] [LOG] null @ http://restaurant21.lobytech.test:3002/src/presentation/views/Modules/Admin/Views/Asistencia/Dropdown/index.tsx?t=1787493067224:68
[     959ms] [LOG] null @ http://restaurant21.lobytech.test:3002/src/presentation/views/Modules/Admin/Views/Asistencia/Dropdown/index.tsx?t=1787493067224:68
[     960ms] [LOG] null @ http://restaurant21.lobytech.test:3002/src/presentation/views/Modules/Admin/Views/Asistencia/Dropdown/index.tsx?t=1787493067224:68
[     960ms] [LOG] null @ http://restaurant21.lobytech.test:3002/src/presentation/views/Modules/Admin/Views/Asistencia/Dropdown/index.tsx?t=1787493067224:68
[     960ms] [LOG] null @ http://restaurant21.lobytech.test:3002/src/presentation/views/Modules/Admin/Views/Asistencia/Dropdown/index.tsx?t=1787493067224:68
[     961ms] [LOG] null @ http://restaurant21.lobytech.test:3002/src/presentation/views/Modules/Admin/Views/Asistencia/Dropdown/index.tsx?t=1787493067224:68
[     961ms] [LOG] null @ http://restaurant21.lobytech.test:3002/src/presentation/views/Modules/Admin/Views/Asistencia/Dropdown/index.tsx?t=1787493067224:68
[     961ms] [LOG] null @ http://restaurant21.lobytech.test:3002/src/presentation/views/Modules/Admin/Views/Asistencia/Dropdown/index.tsx?t=1787493067224:68
[     962ms] [LOG] null @ http://restaurant21.lobytech.test:3002/src/presentation/views/Modules/Admin/Views/Asistencia/Dropdown/index.tsx?t=1787493067224:68
[     963ms] [LOG] null @ http://restaurant21.lobytech.test:3002/src/presentation/views/Modules/Admin/Views/Asistencia/Dropdown/index.tsx?t=1787493067224:68
[     963ms] [LOG] null @ http://restaurant21.lobytech.test:3002/src/presentation/views/Modules/Admin/Views/Asistencia/Dropdown/index.tsx?t=1787493067224:68
[     964ms] [LOG] null @ http://restaurant21.lobytech.test:3002/src/presentation/views/Modules/Admin/Views/Asistencia/Dropdown/index.tsx?t=1787493067224:68
[     965ms] [LOG] null @ http://restaurant21.lobytech.test:3002/src/presentation/views/Modules/Admin/Views/Asistencia/Dropdown/index.tsx?t=1787493067224:68
[     965ms] [LOG] null @ http://restaurant21.lobytech.test:3002/src/presentation/views/Modules/Admin/Views/Asistencia/Dropdown/index.tsx?t=1787493067224:68
[     966ms] [LOG] null @ http://restaurant21.lobytech.test:3002/src/presentation/views/Modules/Admin/Views/Asistencia/Dropdown/index.tsx?t=1787493067224:68
[     966ms] [LOG] null @ http://restaurant21.lobytech.test:3002/src/presentation/views/Modules/Admin/Views/Asistencia/Dropdown/index.tsx?t=1787493067224:68
[     967ms] [LOG] null @ http://restaurant21.lobytech.test:3002/src/presentation/views/Modules/Admin/Views/Asistencia/Dropdown/index.tsx?t=1787493067224:68
[     967ms] [LOG] null @ http://restaurant21.lobytech.test:3002/src/presentation/views/Modules/Admin/Views/Asistencia/Dropdown/index.tsx?t=1787493067224:68
[     968ms] [LOG] null @ http://restaurant21.lobytech.test:3002/src/presentation/views/Modules/Admin/Views/Asistencia/Dropdown/index.tsx?t=1787493067224:68
[     969ms] [LOG] null @ http://restaurant21.lobytech.test:3002/src/presentation/views/Modules/Admin/Views/Asistencia/Dropdown/index.tsx?t=1787493067224:68
[     969ms] [LOG] null @ http://restaurant21.lobytech.test:3002/src/presentation/views/Modules/Admin/Views/Asistencia/Dropdown/index.tsx?t=1787493067224:68
[     970ms] [LOG] null @ http://restaurant21.lobytech.test:3002/src/presentation/views/Modules/Admin/Views/Asistencia/Dropdown/index.tsx?t=1787493067224:68
[     970ms] [LOG] null @ http://restaurant21.lobytech.test:3002/src/presentation/views/Modules/Admin/Views/Asistencia/Dropdown/index.tsx?t=1787493067224:68
[     970ms] [LOG] null @ http://restaurant21.lobytech.test:3002/src/presentation/views/Modules/Admin/Views/Asistencia/Dropdown/index.tsx?t=1787493067224:68
[     971ms] [LOG] null @ http://restaurant21.lobytech.test:3002/src/presentation/views/Modules/Admin/Views/Asistencia/Dropdown/index.tsx?t=1787493067224:68
[     971ms] [LOG] null @ http://restaurant21.lobytech.test:3002/src/presentation/views/Modules/Admin/Views/Asistencia/Dropdown/index.tsx?t=1787493067224:68
[     971ms] [LOG] null @ http://restaurant21.lobytech.test:3002/src/presentation/views/Modules/Admin/Views/Asistencia/Dropdown/index.tsx?t=1787493067224:68
[     972ms] [LOG] null @ http://restaurant21.lobytech.test:3002/src/presentation/views/Modules/Admin/Views/Asistencia/Dropdown/index.tsx?t=1787493067224:68
[     972ms] [LOG] null @ http://restaurant21.lobytech.test:3002/src/presentation/views/Modules/Admin/Views/Asistencia/Dropdown/index.tsx?t=1787493067224:68
[     973ms] [LOG] null @ http://restaurant21.lobytech.test:3002/src/presentation/views/Modules/Admin/Views/Asistencia/Dropdown/index.tsx?t=1787493067224:68
[     973ms] [LOG] null @ http://restaurant21.lobytech.test:3002/src/presentation/views/Modules/Admin/Views/Asistencia/Dropdown/index.tsx?t=1787493067224:68
[     973ms] [LOG] null @ http://restaurant21.lobytech.test:3002/src/presentation/views/Modules/Admin/Views/Asistencia/Dropdown/index.tsx?t=1787493067224:68
[     974ms] [LOG] null @ http://restaurant21.lobytech.test:3002/src/presentation/views/Modules/Admin/Views/Asistencia/Dropdown/index.tsx?t=1787493067224:68
[     974ms] [LOG] null @ http://restaurant21.lobytech.test:3002/src/presentation/views/Modules/Admin/Views/Asistencia/Dropdown/index.tsx?t=1787493067224:68
[     974ms] [LOG] null @ http://restaurant21.lobytech.test:3002/src/presentation/views/Modules/Admin/Views/Asistencia/Dropdown/index.tsx?t=1787493067224:68
[     975ms] [LOG] null @ http://restaurant21.lobytech.test:3002/src/presentation/views/Modules/Admin/Views/Asistencia/Dropdown/index.tsx?t=1787493067224:68
[     975ms] [LOG] null @ http://restaurant21.lobytech.test:3002/src/presentation/views/Modules/Admin/Views/Asistencia/Dropdown/index.tsx?t=1787493067224:68
[     975ms] [LOG] null @ http://restaurant21.lobytech.test:3002/src/presentation/views/Modules/Admin/Views/Asistencia/Dropdown/index.tsx?t=1787493067224:68
[     976ms] [LOG] null @ http://restaurant21.lobytech.test:3002/src/presentation/views/Modules/Admin/Views/Asistencia/Dropdown/index.tsx?t=1787493067224:68
[     976ms] [LOG] null @ http://restaurant21.lobytech.test:3002/src/presentation/views/Modules/Admin/Views/Asistencia/Dropdown/index.tsx?t=1787493067224:68
[     977ms] [LOG] null @ http://restaurant21.lobytech.test:3002/src/presentation/views/Modules/Admin/Views/Asistencia/Dropdown/index.tsx?t=1787493067224:68
[     977ms] [LOG] null @ http://restaurant21.lobytech.test:3002/src/presentation/views/Modules/Admin/Views/Asistencia/Dropdown/index.tsx?t=1787493067224:68
[     978ms] [LOG] null @ http://restaurant21.lobytech.test:3002/src/presentation/views/Modules/Admin/Views/Asistencia/Dropdown/index.tsx?t=1787493067224:68
[     978ms] [LOG] null @ http://restaurant21.lobytech.test:3002/src/presentation/views/Modules/Admin/Views/Asistencia/Dropdown/index.tsx?t=1787493067224:68
[     978ms] [LOG] null @ http://restaurant21.lobytech.test:3002/src/presentation/views/Modules/Admin/Views/Asistencia/Dropdown/index.tsx?t=1787493067224:68
[     979ms] [LOG] null @ http://restaurant21.lobytech.test:3002/src/presentation/views/Modules/Admin/Views/Asistencia/Dropdown/index.tsx?t=1787493067224:68
[     979ms] [LOG] [] @ http://restaurant21.lobytech.test:3002/src/components/Modal/Admin/Asistencia/index.tsx?t=1787530428254:43
[     980ms] [LOG] [] @ http://restaurant21.lobytech.test:3002/src/components/Modal/Admin/Asistencia/index.tsx?t=1787530428254:50
[     980ms] [LOG] Sun Aug 23 2026 00:00:00 GMT-0500 (hora estándar de Perú) @ http://restaurant21.lobytech.test:3002/src/components/Modal/Admin/Asistencia/index.tsx?t=1787530428254:79
[     980ms] [LOG] 1 @ http://restaurant21.lobytech.test:3002/src/components/Modal/Admin/Asistencia/index.tsx?t=1787530428254:95
[     980ms] [LOG] {habitacionId: 0, habitacion: , anfitrionaId: 0, anfitriona: , turno: } @ http://restaurant21.lobytech.test:3002/src/components/Modal/Admin/Asistencia/index.tsx?t=1787530428254:108
[     980ms] [LOG] [] @ http://restaurant21.lobytech.test:3002/src/components/Modal/Admin/Asistencia/index.tsx?t=1787530428254:110
[     980ms] [LOG] 0 @ http://restaurant21.lobytech.test:3002/src/components/Modal/Admin/Asistencia/index.tsx?t=1787530428254:126
[     980ms] [LOG] [] @ http://restaurant21.lobytech.test:3002/src/components/Modal/Admin/Asistencia/index.tsx?t=1787530428254:162
[     980ms] [LOG]  @ http://restaurant21.lobytech.test:3002/src/components/Modal/Admin/Asistencia/index.tsx?t=1787530428254:163
[     980ms] [LOG] 844 @ http://restaurant21.lobytech.test:3002/src/components/Modal/Admin/Asistencia/index.tsx?t=1787530428254:202
[     981ms] [LOG] 390 @ http://restaurant21.lobytech.test:3002/src/components/Modal/Admin/Asistencia/index.tsx?t=1787530428254:203
[     981ms] [LOG] [] @ http://restaurant21.lobytech.test:3002/src/components/Modal/Admin/Fichas/index.tsx?t=1787493067224:37
[     981ms] [LOG] [] @ http://restaurant21.lobytech.test:3002/src/components/Modal/Admin/Fichas/index.tsx?t=1787493067224:38
[     981ms] [LOG] null @ http://restaurant21.lobytech.test:3002/src/components/Modal/Admin/Fichas/index.tsx?t=1787493067224:39
[     981ms] [LOG] 844 @ http://restaurant21.lobytech.test:3002/src/components/Modal/Admin/Fichas/index.tsx?t=1787493067224:47
[     981ms] [LOG] 844 @ http://restaurant21.lobytech.test:3002/src/components/Modal/Admin/Fichas/index.tsx?t=1787493067224:48
[    1012ms] [ERROR] Failed to load resource: the server responded with a status of 500 (Internal Server Error) @ http://localhost:5002/api/facturacion/listar-fichas?fecha=23/08/2026:0
[    1013ms] [LOG] AxiosError @ http://restaurant21.lobytech.test:3002/src/utils/axios.ts:19
[    1014ms] [LOG] AxiosError @ http://restaurant21.lobytech.test:3002/src/redux/reducers/Admin/asistencia/asistencia.reducer.ts:374
[    1015ms] [LOG] [] @ http://restaurant21.lobytech.test:3002/src/presentation/views/Modules/Admin/Views/Asistencia/index.tsx?t=1787493088342:46
[    1016ms] [LOG] Sun Aug 23 2026 00:00:00 GMT-0500 (hora estándar de Perú) @ http://restaurant21.lobytech.test:3002/src/presentation/views/Modules/Admin/Views/Asistencia/index.tsx?t=1787493088342:115
[    1016ms] [LOG] {turno: Turno Especial, diaSemana: 0} @ http://restaurant21.lobytech.test:3002/src/presentation/views/Modules/Admin/Views/Asistencia/index.tsx?t=1787493088342:129
[    1016ms] [LOG] Sun Aug 23 2026 00:00:00 GMT-0500 (hora estándar de Perú) @ http://restaurant21.lobytech.test:3002/src/presentation/views/Modules/Admin/Views/Asistencia/index.tsx?t=1787493088342:115
[    1017ms] [LOG] Sun Aug 23 2026 00:00:00 GMT-0500 (hora estándar de Perú) @ http://restaurant21.lobytech.test:3002/src/presentation/views/Modules/Admin/Views/Asistencia/index.tsx?t=1787493088342:115
[    1017ms] [LOG] [] @ http://restaurant21.lobytech.test:3002/src/presentation/views/Modules/Admin/Views/Asistencia/index.tsx?t=1787493088342:198
[    1019ms] [LOG] false @ http://restaurant21.lobytech.test:3002/src/components/Toggle/index.tsx:24
[    1019ms] [LOG] () => {
    if (diaSemana === 0) {
      setCheckedTurno(false);
    } else {
      setCheckedTurno(!isTurno);
    }
  } @ http://restaurant21.lobytech.test:3002/src/components/Toggle/index.tsx:25
[    1021ms] [LOG] null @ http://restaurant21.lobytech.test:3002/src/presentation/views/Modules/Admin/Views/Asistencia/Dropdown/index.tsx?t=1787493067224:68
[    1022ms] [LOG] null @ http://restaurant21.lobytech.test:3002/src/presentation/views/Modules/Admin/Views/Asistencia/Dropdown/index.tsx?t=1787493067224:68
[    1023ms] [LOG] null @ http://restaurant21.lobytech.test:3002/src/presentation/views/Modules/Admin/Views/Asistencia/Dropdown/index.tsx?t=1787493067224:68
[    1023ms] [LOG] null @ http://restaurant21.lobytech.test:3002/src/presentation/views/Modules/Admin/Views/Asistencia/Dropdown/index.tsx?t=1787493067224:68
[    1024ms] [LOG] null @ http://restaurant21.lobytech.test:3002/src/presentation/views/Modules/Admin/Views/Asistencia/Dropdown/index.tsx?t=1787493067224:68
[    1025ms] [LOG] null @ http://restaurant21.lobytech.test:3002/src/presentation/views/Modules/Admin/Views/Asistencia/Dropdown/index.tsx?t=1787493067224:68
[    1025ms] [LOG] null @ http://restaurant21.lobytech.test:3002/src/presentation/views/Modules/Admin/Views/Asistencia/Dropdown/index.tsx?t=1787493067224:68
[    1026ms] [LOG] null @ http://restaurant21.lobytech.test:3002/src/presentation/views/Modules/Admin/Views/Asistencia/Dropdown/index.tsx?t=1787493067224:68
[    1026ms] [LOG] null @ http://restaurant21.lobytech.test:3002/src/presentation/views/Modules/Admin/Views/Asistencia/Dropdown/index.tsx?t=1787493067224:68
[    1027ms] [LOG] null @ http://restaurant21.lobytech.test:3002/src/presentation/views/Modules/Admin/Views/Asistencia/Dropdown/index.tsx?t=1787493067224:68
[    1027ms] [LOG] null @ http://restaurant21.lobytech.test:3002/src/presentation/views/Modules/Admin/Views/Asistencia/Dropdown/index.tsx?t=1787493067224:68
[    1028ms] [LOG] null @ http://restaurant21.lobytech.test:3002/src/presentation/views/Modules/Admin/Views/Asistencia/Dropdown/index.tsx?t=1787493067224:68
[    1028ms] [LOG] null @ http://restaurant21.lobytech.test:3002/src/presentation/views/Modules/Admin/Views/Asistencia/Dropdown/index.tsx?t=1787493067224:68
[    1029ms] [LOG] null @ http://restaurant21.lobytech.test:3002/src/presentation/views/Modules/Admin/Views/Asistencia/Dropdown/index.tsx?t=1787493067224:68
[    1029ms] [LOG] null @ http://restaurant21.lobytech.test:3002/src/presentation/views/Modules/Admin/Views/Asistencia/Dropdown/index.tsx?t=1787493067224:68
[    1030ms] [LOG] null @ http://restaurant21.lobytech.test:3002/src/presentation/views/Modules/Admin/Views/Asistencia/Dropdown/index.tsx?t=1787493067224:68
[    1030ms] [LOG] null @ http://restaurant21.lobytech.test:3002/src/presentation/views/Modules/Admin/Views/Asistencia/Dropdown/index.tsx?t=1787493067224:68
[    1031ms] [LOG] null @ http://restaurant21.lobytech.test:3002/src/presentation/views/Modules/Admin/Views/Asistencia/Dropdown/index.tsx?t=1787493067224:68
[    1031ms] [LOG] null @ http://restaurant21.lobytech.test:3002/src/presentation/views/Modules/Admin/Views/Asistencia/Dropdown/index.tsx?t=1787493067224:68
[    1032ms] [LOG] null @ http://restaurant21.lobytech.test:3002/src/presentation/views/Modules/Admin/Views/Asistencia/Dropdown/index.tsx?t=1787493067224:68
[    1032ms] [LOG] null @ http://restaurant21.lobytech.test:3002/src/presentation/views/Modules/Admin/Views/Asistencia/Dropdown/index.tsx?t=1787493067224:68
[    1032ms] [LOG] null @ http://restaurant21.lobytech.test:3002/src/presentation/views/Modules/Admin/Views/Asistencia/Dropdown/index.tsx?t=1787493067224:68
[    1033ms] [LOG] null @ http://restaurant21.lobytech.test:3002/src/presentation/views/Modules/Admin/Views/Asistencia/Dropdown/index.tsx?t=1787493067224:68
[    1033ms] [LOG] null @ http://restaurant21.lobytech.test:3002/src/presentation/views/Modules/Admin/Views/Asistencia/Dropdown/index.tsx?t=1787493067224:68
[    1033ms] [LOG] null @ http://restaurant21.lobytech.test:3002/src/presentation/views/Modules/Admin/Views/Asistencia/Dropdown/index.tsx?t=1787493067224:68
[    1034ms] [LOG] null @ http://restaurant21.lobytech.test:3002/src/presentation/views/Modules/Admin/Views/Asistencia/Dropdown/index.tsx?t=1787493067224:68
[    1034ms] [LOG] null @ http://restaurant21.lobytech.test:3002/src/presentation/views/Modules/Admin/Views/Asistencia/Dropdown/index.tsx?t=1787493067224:68
[    1034ms] [LOG] null @ http://restaurant21.lobytech.test:3002/src/presentation/views/Modules/Admin/Views/Asistencia/Dropdown/index.tsx?t=1787493067224:68
[    1035ms] [LOG] null @ http://restaurant21.lobytech.test:3002/src/presentation/views/Modules/Admin/Views/Asistencia/Dropdown/index.tsx?t=1787493067224:68
[    1036ms] [LOG] null @ http://restaurant21.lobytech.test:3002/src/presentation/views/Modules/Admin/Views/Asistencia/Dropdown/index.tsx?t=1787493067224:68
[    1036ms] [LOG] null @ http://restaurant21.lobytech.test:3002/src/presentation/views/Modules/Admin/Views/Asistencia/Dropdown/index.tsx?t=1787493067224:68
[    1037ms] [LOG] null @ http://restaurant21.lobytech.test:3002/src/presentation/views/Modules/Admin/Views/Asistencia/Dropdown/index.tsx?t=1787493067224:68
[    1037ms] [LOG] null @ http://restaurant21.lobytech.test:3002/src/presentation/views/Modules/Admin/Views/Asistencia/Dropdown/index.tsx?t=1787493067224:68
[    1038ms] [LOG] null @ http://restaurant21.lobytech.test:3002/src/presentation/views/Modules/Admin/Views/Asistencia/Dropdown/index.tsx?t=1787493067224:68
[    1038ms] [LOG] null @ http://restaurant21.lobytech.test:3002/src/presentation/views/Modules/Admin/Views/Asistencia/Dropdown/index.tsx?t=1787493067224:68
[    1038ms] [LOG] null @ http://restaurant21.lobytech.test:3002/src/presentation/views/Modules/Admin/Views/Asistencia/Dropdown/index.tsx?t=1787493067224:68
[    1039ms] [LOG] null @ http://restaurant21.lobytech.test:3002/src/presentation/views/Modules/Admin/Views/Asistencia/Dropdown/index.tsx?t=1787493067224:68
[    1039ms] [LOG] null @ http://restaurant21.lobytech.test:3002/src/presentation/views/Modules/Admin/Views/Asistencia/Dropdown/index.tsx?t=1787493067224:68
[    1039ms] [LOG] null @ http://restaurant21.lobytech.test:3002/src/presentation/views/Modules/Admin/Views/Asistencia/Dropdown/index.tsx?t=1787493067224:68
[    1040ms] [LOG] null @ http://restaurant21.lobytech.test:3002/src/presentation/views/Modules/Admin/Views/Asistencia/Dropdown/index.tsx?t=1787493067224:68
[    1040ms] [LOG] null @ http://restaurant21.lobytech.test:3002/src/presentation/views/Modules/Admin/Views/Asistencia/Dropdown/index.tsx?t=1787493067224:68
[    1040ms] [LOG] null @ http://restaurant21.lobytech.test:3002/src/presentation/views/Modules/Admin/Views/Asistencia/Dropdown/index.tsx?t=1787493067224:68
[    1041ms] [LOG] null @ http://restaurant21.lobytech.test:3002/src/presentation/views/Modules/Admin/Views/Asistencia/Dropdown/index.tsx?t=1787493067224:68
[    1041ms] [LOG] null @ http://restaurant21.lobytech.test:3002/src/presentation/views/Modules/Admin/Views/Asistencia/Dropdown/index.tsx?t=1787493067224:68
[    1041ms] [LOG] null @ http://restaurant21.lobytech.test:3002/src/presentation/views/Modules/Admin/Views/Asistencia/Dropdown/index.tsx?t=1787493067224:68
[    1042ms] [LOG] null @ http://restaurant21.lobytech.test:3002/src/presentation/views/Modules/Admin/Views/Asistencia/Dropdown/index.tsx?t=1787493067224:68
[    1042ms] [LOG] null @ http://restaurant21.lobytech.test:3002/src/presentation/views/Modules/Admin/Views/Asistencia/Dropdown/index.tsx?t=1787493067224:68
[    1043ms] [LOG] null @ http://restaurant21.lobytech.test:3002/src/presentation/views/Modules/Admin/Views/Asistencia/Dropdown/index.tsx?t=1787493067224:68
[    1043ms] [LOG] null @ http://restaurant21.lobytech.test:3002/src/presentation/views/Modules/Admin/Views/Asistencia/Dropdown/index.tsx?t=1787493067224:68
[    1044ms] [LOG] null @ http://restaurant21.lobytech.test:3002/src/presentation/views/Modules/Admin/Views/Asistencia/Dropdown/index.tsx?t=1787493067224:68
[    1044ms] [LOG] null @ http://restaurant21.lobytech.test:3002/src/presentation/views/Modules/Admin/Views/Asistencia/Dropdown/index.tsx?t=1787493067224:68
[    1044ms] [LOG] null @ http://restaurant21.lobytech.test:3002/src/presentation/views/Modules/Admin/Views/Asistencia/Dropdown/index.tsx?t=1787493067224:68
[    1045ms] [LOG] null @ http://restaurant21.lobytech.test:3002/src/presentation/views/Modules/Admin/Views/Asistencia/Dropdown/index.tsx?t=1787493067224:68
[    1045ms] [LOG] null @ http://restaurant21.lobytech.test:3002/src/presentation/views/Modules/Admin/Views/Asistencia/Dropdown/index.tsx?t=1787493067224:68
[    1046ms] [LOG] null @ http://restaurant21.lobytech.test:3002/src/presentation/views/Modules/Admin/Views/Asistencia/Dropdown/index.tsx?t=1787493067224:68
[    1046ms] [LOG] null @ http://restaurant21.lobytech.test:3002/src/presentation/views/Modules/Admin/Views/Asistencia/Dropdown/index.tsx?t=1787493067224:68
[    1046ms] [LOG] null @ http://restaurant21.lobytech.test:3002/src/presentation/views/Modules/Admin/Views/Asistencia/Dropdown/index.tsx?t=1787493067224:68
[    1047ms] [LOG] null @ http://restaurant21.lobytech.test:3002/src/presentation/views/Modules/Admin/Views/Asistencia/Dropdown/index.tsx?t=1787493067224:68
[    1047ms] [LOG] null @ http://restaurant21.lobytech.test:3002/src/presentation/views/Modules/Admin/Views/Asistencia/Dropdown/index.tsx?t=1787493067224:68
[    1048ms] [LOG] null @ http://restaurant21.lobytech.test:3002/src/presentation/views/Modules/Admin/Views/Asistencia/Dropdown/index.tsx?t=1787493067224:68
[    1048ms] [LOG] null @ http://restaurant21.lobytech.test:3002/src/presentation/views/Modules/Admin/Views/Asistencia/Dropdown/index.tsx?t=1787493067224:68
[    1048ms] [LOG] null @ http://restaurant21.lobytech.test:3002/src/presentation/views/Modules/Admin/Views/Asistencia/Dropdown/index.tsx?t=1787493067224:68
[    1049ms] [LOG] null @ http://restaurant21.lobytech.test:3002/src/presentation/views/Modules/Admin/Views/Asistencia/Dropdown/index.tsx?t=1787493067224:68
[    1053ms] [LOG] null @ http://restaurant21.lobytech.test:3002/src/presentation/views/Modules/Admin/Views/Asistencia/Dropdown/index.tsx?t=1787493067224:68
[    1054ms] [LOG] null @ http://restaurant21.lobytech.test:3002/src/presentation/views/Modules/Admin/Views/Asistencia/Dropdown/index.tsx?t=1787493067224:68
[    1054ms] [LOG] null @ http://restaurant21.lobytech.test:3002/src/presentation/views/Modules/Admin/Views/Asistencia/Dropdown/index.tsx?t=1787493067224:68
[    1055ms] [LOG] [] @ http://restaurant21.lobytech.test:3002/src/components/Modal/Admin/Asistencia/index.tsx?t=1787530428254:43
[    1055ms] [LOG] [] @ http://restaurant21.lobytech.test:3002/src/components/Modal/Admin/Asistencia/index.tsx?t=1787530428254:50
[    1055ms] [LOG] Sun Aug 23 2026 00:00:00 GMT-0500 (hora estándar de Perú) @ http://restaurant21.lobytech.test:3002/src/components/Modal/Admin/Asistencia/index.tsx?t=1787530428254:79
[    1056ms] [LOG] 1 @ http://restaurant21.lobytech.test:3002/src/components/Modal/Admin/Asistencia/index.tsx?t=1787530428254:95
[    1056ms] [LOG] {habitacionId: 0, habitacion: , anfitrionaId: 0, anfitriona: , turno: } @ http://restaurant21.lobytech.test:3002/src/components/Modal/Admin/Asistencia/index.tsx?t=1787530428254:108
[    1056ms] [LOG] [] @ http://restaurant21.lobytech.test:3002/src/components/Modal/Admin/Asistencia/index.tsx?t=1787530428254:110
[    1056ms] [LOG] 0 @ http://restaurant21.lobytech.test:3002/src/components/Modal/Admin/Asistencia/index.tsx?t=1787530428254:126
[    1056ms] [LOG] [] @ http://restaurant21.lobytech.test:3002/src/components/Modal/Admin/Asistencia/index.tsx?t=1787530428254:162
[    1056ms] [LOG]  @ http://restaurant21.lobytech.test:3002/src/components/Modal/Admin/Asistencia/index.tsx?t=1787530428254:163
[    1056ms] [LOG] 844 @ http://restaurant21.lobytech.test:3002/src/components/Modal/Admin/Asistencia/index.tsx?t=1787530428254:202
[    1056ms] [LOG] 390 @ http://restaurant21.lobytech.test:3002/src/components/Modal/Admin/Asistencia/index.tsx?t=1787530428254:203
[    1057ms] [LOG] [] @ http://restaurant21.lobytech.test:3002/src/components/Modal/Admin/Fichas/index.tsx?t=1787493067224:37
[    1057ms] [LOG] [] @ http://restaurant21.lobytech.test:3002/src/components/Modal/Admin/Fichas/index.tsx?t=1787493067224:38
[    1057ms] [LOG] null @ http://restaurant21.lobytech.test:3002/src/components/Modal/Admin/Fichas/index.tsx?t=1787493067224:39
[    1057ms] [LOG] 844 @ http://restaurant21.lobytech.test:3002/src/components/Modal/Admin/Fichas/index.tsx?t=1787493067224:47
[    1057ms] [LOG] 844 @ http://restaurant21.lobytech.test:3002/src/components/Modal/Admin/Fichas/index.tsx?t=1787493067224:48
[    1080ms] [LOG] {code: 1, message: Success, data: Array(0), status: 200} @ http://restaurant21.lobytech.test:3002/src/redux/reducers/Admin/asistencia/asistencia.reducer.ts:196
[    1081ms] [LOG] [] @ http://restaurant21.lobytech.test:3002/src/presentation/views/Modules/Admin/Views/Asistencia/index.tsx?t=1787493088342:46
[    1081ms] [LOG] Sun Aug 23 2026 00:00:00 GMT-0500 (hora estándar de Perú) @ http://restaurant21.lobytech.test:3002/src/presentation/views/Modules/Admin/Views/Asistencia/index.tsx?t=1787493088342:115
[    1081ms] [LOG] {turno: Turno Especial, diaSemana: 0} @ http://restaurant21.lobytech.test:3002/src/presentation/views/Modules/Admin/Views/Asistencia/index.tsx?t=1787493088342:129
[    1082ms] [LOG] Sun Aug 23 2026 00:00:00 GMT-0500 (hora estándar de Perú) @ http://restaurant21.lobytech.test:3002/src/presentation/views/Modules/Admin/Views/Asistencia/index.tsx?t=1787493088342:115
[    1082ms] [LOG] Sun Aug 23 2026 00:00:00 GMT-0500 (hora estándar de Perú) @ http://restaurant21.lobytech.test:3002/src/presentation/views/Modules/Admin/Views/Asistencia/index.tsx?t=1787493088342:115
[    1082ms] [LOG] [] @ http://restaurant21.lobytech.test:3002/src/presentation/views/Modules/Admin/Views/Asistencia/index.tsx?t=1787493088342:198
[    1083ms] [LOG] false @ http://restaurant21.lobytech.test:3002/src/components/Toggle/index.tsx:24
[    1083ms] [LOG] () => {
    if (diaSemana === 0) {
      setCheckedTurno(false);
    } else {
      setCheckedTurno(!isTurno);
    }
  } @ http://restaurant21.lobytech.test:3002/src/components/Toggle/index.tsx:25
[    1085ms] [LOG] null @ http://restaurant21.lobytech.test:3002/src/presentation/views/Modules/Admin/Views/Asistencia/Dropdown/index.tsx?t=1787493067224:68
[    1086ms] [LOG] null @ http://restaurant21.lobytech.test:3002/src/presentation/views/Modules/Admin/Views/Asistencia/Dropdown/index.tsx?t=1787493067224:68
[    1087ms] [LOG] null @ http://restaurant21.lobytech.test:3002/src/presentation/views/Modules/Admin/Views/Asistencia/Dropdown/index.tsx?t=1787493067224:68
[    1087ms] [LOG] null @ http://restaurant21.lobytech.test:3002/src/presentation/views/Modules/Admin/Views/Asistencia/Dropdown/index.tsx?t=1787493067224:68
[    1088ms] [LOG] null @ http://restaurant21.lobytech.test:3002/src/presentation/views/Modules/Admin/Views/Asistencia/Dropdown/index.tsx?t=1787493067224:68
[    1088ms] [LOG] null @ http://restaurant21.lobytech.test:3002/src/presentation/views/Modules/Admin/Views/Asistencia/Dropdown/index.tsx?t=1787493067224:68
[    1089ms] [LOG] null @ http://restaurant21.lobytech.test:3002/src/presentation/views/Modules/Admin/Views/Asistencia/Dropdown/index.tsx?t=1787493067224:68
[    1089ms] [LOG] null @ http://restaurant21.lobytech.test:3002/src/presentation/views/Modules/Admin/Views/Asistencia/Dropdown/index.tsx?t=1787493067224:68
[    1089ms] [LOG] null @ http://restaurant21.lobytech.test:3002/src/presentation/views/Modules/Admin/Views/Asistencia/Dropdown/index.tsx?t=1787493067224:68
[    1090ms] [LOG] null @ http://restaurant21.lobytech.test:3002/src/presentation/views/Modules/Admin/Views/Asistencia/Dropdown/index.tsx?t=1787493067224:68
[    1090ms] [LOG] null @ http://restaurant21.lobytech.test:3002/src/presentation/views/Modules/Admin/Views/Asistencia/Dropdown/index.tsx?t=1787493067224:68
[    1091ms] [LOG] null @ http://restaurant21.lobytech.test:3002/src/presentation/views/Modules/Admin/Views/Asistencia/Dropdown/index.tsx?t=1787493067224:68
[    1091ms] [LOG] null @ http://restaurant21.lobytech.test:3002/src/presentation/views/Modules/Admin/Views/Asistencia/Dropdown/index.tsx?t=1787493067224:68
[    1092ms] [LOG] null @ http://restaurant21.lobytech.test:3002/src/presentation/views/Modules/Admin/Views/Asistencia/Dropdown/index.tsx?t=1787493067224:68
[    1092ms] [LOG] null @ http://restaurant21.lobytech.test:3002/src/presentation/views/Modules/Admin/Views/Asistencia/Dropdown/index.tsx?t=1787493067224:68
[    1093ms] [LOG] null @ http://restaurant21.lobytech.test:3002/src/presentation/views/Modules/Admin/Views/Asistencia/Dropdown/index.tsx?t=1787493067224:68
[    1093ms] [LOG] null @ http://restaurant21.lobytech.test:3002/src/presentation/views/Modules/Admin/Views/Asistencia/Dropdown/index.tsx?t=1787493067224:68
[    1094ms] [LOG] null @ http://restaurant21.lobytech.test:3002/src/presentation/views/Modules/Admin/Views/Asistencia/Dropdown/index.tsx?t=1787493067224:68
[    1094ms] [LOG] null @ http://restaurant21.lobytech.test:3002/src/presentation/views/Modules/Admin/Views/Asistencia/Dropdown/index.tsx?t=1787493067224:68
[    1094ms] [LOG] null @ http://restaurant21.lobytech.test:3002/src/presentation/views/Modules/Admin/Views/Asistencia/Dropdown/index.tsx?t=1787493067224:68
[    1095ms] [LOG] null @ http://restaurant21.lobytech.test:3002/src/presentation/views/Modules/Admin/Views/Asistencia/Dropdown/index.tsx?t=1787493067224:68
[    1095ms] [LOG] null @ http://restaurant21.lobytech.test:3002/src/presentation/views/Modules/Admin/Views/Asistencia/Dropdown/index.tsx?t=1787493067224:68
[    1095ms] [LOG] null @ http://restaurant21.lobytech.test:3002/src/presentation/views/Modules/Admin/Views/Asistencia/Dropdown/index.tsx?t=1787493067224:68
[    1096ms] [LOG] null @ http://restaurant21.lobytech.test:3002/src/presentation/views/Modules/Admin/Views/Asistencia/Dropdown/index.tsx?t=1787493067224:68
[    1096ms] [LOG] null @ http://restaurant21.lobytech.test:3002/src/presentation/views/Modules/Admin/Views/Asistencia/Dropdown/index.tsx?t=1787493067224:68
[    1096ms] [LOG] null @ http://restaurant21.lobytech.test:3002/src/presentation/views/Modules/Admin/Views/Asistencia/Dropdown/index.tsx?t=1787493067224:68
[    1097ms] [LOG] null @ http://restaurant21.lobytech.test:3002/src/presentation/views/Modules/Admin/Views/Asistencia/Dropdown/index.tsx?t=1787493067224:68
[    1097ms] [LOG] null @ http://restaurant21.lobytech.test:3002/src/presentation/views/Modules/Admin/Views/Asistencia/Dropdown/index.tsx?t=1787493067224:68
[    1098ms] [LOG] null @ http://restaurant21.lobytech.test:3002/src/presentation/views/Modules/Admin/Views/Asistencia/Dropdown/index.tsx?t=1787493067224:68
[    1098ms] [LOG] null @ http://restaurant21.lobytech.test:3002/src/presentation/views/Modules/Admin/Views/Asistencia/Dropdown/index.tsx?t=1787493067224:68
[    1098ms] [LOG] null @ http://restaurant21.lobytech.test:3002/src/presentation/views/Modules/Admin/Views/Asistencia/Dropdown/index.tsx?t=1787493067224:68
[    1099ms] [LOG] null @ http://restaurant21.lobytech.test:3002/src/presentation/views/Modules/Admin/Views/Asistencia/Dropdown/index.tsx?t=1787493067224:68
[    1100ms] [LOG] null @ http://restaurant21.lobytech.test:3002/src/presentation/views/Modules/Admin/Views/Asistencia/Dropdown/index.tsx?t=1787493067224:68
[    1100ms] [LOG] null @ http://restaurant21.lobytech.test:3002/src/presentation/views/Modules/Admin/Views/Asistencia/Dropdown/index.tsx?t=1787493067224:68
[    1100ms] [LOG] null @ http://restaurant21.lobytech.test:3002/src/presentation/views/Modules/Admin/Views/Asistencia/Dropdown/index.tsx?t=1787493067224:68
[    1101ms] [LOG] null @ http://restaurant21.lobytech.test:3002/src/presentation/views/Modules/Admin/Views/Asistencia/Dropdown/index.tsx?t=1787493067224:68
[    1101ms] [LOG] null @ http://restaurant21.lobytech.test:3002/src/presentation/views/Modules/Admin/Views/Asistencia/Dropdown/index.tsx?t=1787493067224:68
[    1102ms] [LOG] null @ http://restaurant21.lobytech.test:3002/src/presentation/views/Modules/Admin/Views/Asistencia/Dropdown/index.tsx?t=1787493067224:68
[    1102ms] [LOG] null @ http://restaurant21.lobytech.test:3002/src/presentation/views/Modules/Admin/Views/Asistencia/Dropdown/index.tsx?t=1787493067224:68
[    1102ms] [LOG] null @ http://restaurant21.lobytech.test:3002/src/presentation/views/Modules/Admin/Views/Asistencia/Dropdown/index.tsx?t=1787493067224:68
[    1103ms] [LOG] null @ http://restaurant21.lobytech.test:3002/src/presentation/views/Modules/Admin/Views/Asistencia/Dropdown/index.tsx?t=1787493067224:68
[    1104ms] [LOG] null @ http://restaurant21.lobytech.test:3002/src/presentation/views/Modules/Admin/Views/Asistencia/Dropdown/index.tsx?t=1787493067224:68
[    1104ms] [LOG] null @ http://restaurant21.lobytech.test:3002/src/presentation/views/Modules/Admin/Views/Asistencia/Dropdown/index.tsx?t=1787493067224:68
[    1105ms] [LOG] null @ http://restaurant21.lobytech.test:3002/src/presentation/views/Modules/Admin/Views/Asistencia/Dropdown/index.tsx?t=1787493067224:68
[    1105ms] [LOG] null @ http://restaurant21.lobytech.test:3002/src/presentation/views/Modules/Admin/Views/Asistencia/Dropdown/index.tsx?t=1787493067224:68
[    1106ms] [LOG] null @ http://restaurant21.lobytech.test:3002/src/presentation/views/Modules/Admin/Views/Asistencia/Dropdown/index.tsx?t=1787493067224:68
[    1106ms] [LOG] null @ http://restaurant21.lobytech.test:3002/src/presentation/views/Modules/Admin/Views/Asistencia/Dropdown/index.tsx?t=1787493067224:68
[    1107ms] [LOG] null @ http://restaurant21.lobytech.test:3002/src/presentation/views/Modules/Admin/Views/Asistencia/Dropdown/index.tsx?t=1787493067224:68
[    1107ms] [LOG] null @ http://restaurant21.lobytech.test:3002/src/presentation/views/Modules/Admin/Views/Asistencia/Dropdown/index.tsx?t=1787493067224:68
[    1107ms] [LOG] null @ http://restaurant21.lobytech.test:3002/src/presentation/views/Modules/Admin/Views/Asistencia/Dropdown/index.tsx?t=1787493067224:68
[    1108ms] [LOG] null @ http://restaurant21.lobytech.test:3002/src/presentation/views/Modules/Admin/Views/Asistencia/Dropdown/index.tsx?t=1787493067224:68
[    1108ms] [LOG] null @ http://restaurant21.lobytech.test:3002/src/presentation/views/Modules/Admin/Views/Asistencia/Dropdown/index.tsx?t=1787493067224:68
[    1109ms] [LOG] null @ http://restaurant21.lobytech.test:3002/src/presentation/views/Modules/Admin/Views/Asistencia/Dropdown/index.tsx?t=1787493067224:68
[    1110ms] [LOG] null @ http://restaurant21.lobytech.test:3002/src/presentation/views/Modules/Admin/Views/Asistencia/Dropdown/index.tsx?t=1787493067224:68
[    1110ms] [LOG] null @ http://restaurant21.lobytech.test:3002/src/presentation/views/Modules/Admin/Views/Asistencia/Dropdown/index.tsx?t=1787493067224:68
[    1110ms] [LOG] null @ http://restaurant21.lobytech.test:3002/src/presentation/views/Modules/Admin/Views/Asistencia/Dropdown/index.tsx?t=1787493067224:68
[    1111ms] [LOG] null @ http://restaurant21.lobytech.test:3002/src/presentation/views/Modules/Admin/Views/Asistencia/Dropdown/index.tsx?t=1787493067224:68
[    1111ms] [LOG] null @ http://restaurant21.lobytech.test:3002/src/presentation/views/Modules/Admin/Views/Asistencia/Dropdown/index.tsx?t=1787493067224:68
[    1112ms] [LOG] null @ http://restaurant21.lobytech.test:3002/src/presentation/views/Modules/Admin/Views/Asistencia/Dropdown/index.tsx?t=1787493067224:68
[    1112ms] [LOG] null @ http://restaurant21.lobytech.test:3002/src/presentation/views/Modules/Admin/Views/Asistencia/Dropdown/index.tsx?t=1787493067224:68
[    1112ms] [LOG] null @ http://restaurant21.lobytech.test:3002/src/presentation/views/Modules/Admin/Views/Asistencia/Dropdown/index.tsx?t=1787493067224:68
[    1113ms] [LOG] null @ http://restaurant21.lobytech.test:3002/src/presentation/views/Modules/Admin/Views/Asistencia/Dropdown/index.tsx?t=1787493067224:68
[    1113ms] [LOG] null @ http://restaurant21.lobytech.test:3002/src/presentation/views/Modules/Admin/Views/Asistencia/Dropdown/index.tsx?t=1787493067224:68
[    1113ms] [LOG] null @ http://restaurant21.lobytech.test:3002/src/presentation/views/Modules/Admin/Views/Asistencia/Dropdown/index.tsx?t=1787493067224:68
[    1114ms] [LOG] null @ http://restaurant21.lobytech.test:3002/src/presentation/views/Modules/Admin/Views/Asistencia/Dropdown/index.tsx?t=1787493067224:68
[    1114ms] [LOG] null @ http://restaurant21.lobytech.test:3002/src/presentation/views/Modules/Admin/Views/Asistencia/Dropdown/index.tsx?t=1787493067224:68
[    1115ms] [LOG] [] @ http://restaurant21.lobytech.test:3002/src/components/Modal/Admin/Asistencia/index.tsx?t=1787530428254:43
[    1115ms] [LOG] [] @ http://restaurant21.lobytech.test:3002/src/components/Modal/Admin/Asistencia/index.tsx?t=1787530428254:50
[    1115ms] [LOG] Sun Aug 23 2026 00:00:00 GMT-0500 (hora estándar de Perú) @ http://restaurant21.lobytech.test:3002/src/components/Modal/Admin/Asistencia/index.tsx?t=1787530428254:79
[    1116ms] [LOG] 1 @ http://restaurant21.lobytech.test:3002/src/components/Modal/Admin/Asistencia/index.tsx?t=1787530428254:95
[    1116ms] [LOG] {habitacionId: 0, habitacion: , anfitrionaId: 0, anfitriona: , turno: } @ http://restaurant21.lobytech.test:3002/src/components/Modal/Admin/Asistencia/index.tsx?t=1787530428254:108
[    1116ms] [LOG] [] @ http://restaurant21.lobytech.test:3002/src/components/Modal/Admin/Asistencia/index.tsx?t=1787530428254:110
[    1116ms] [LOG] 0 @ http://restaurant21.lobytech.test:3002/src/components/Modal/Admin/Asistencia/index.tsx?t=1787530428254:126
[    1116ms] [LOG] [] @ http://restaurant21.lobytech.test:3002/src/components/Modal/Admin/Asistencia/index.tsx?t=1787530428254:162
[    1116ms] [LOG]  @ http://restaurant21.lobytech.test:3002/src/components/Modal/Admin/Asistencia/index.tsx?t=1787530428254:163
[    1117ms] [LOG] 844 @ http://restaurant21.lobytech.test:3002/src/components/Modal/Admin/Asistencia/index.tsx?t=1787530428254:202
[    1117ms] [LOG] 390 @ http://restaurant21.lobytech.test:3002/src/components/Modal/Admin/Asistencia/index.tsx?t=1787530428254:203
[    1117ms] [LOG] [] @ http://restaurant21.lobytech.test:3002/src/components/Modal/Admin/Fichas/index.tsx?t=1787493067224:37
[    1117ms] [LOG] [] @ http://restaurant21.lobytech.test:3002/src/components/Modal/Admin/Fichas/index.tsx?t=1787493067224:38
[    1117ms] [LOG] null @ http://restaurant21.lobytech.test:3002/src/components/Modal/Admin/Fichas/index.tsx?t=1787493067224:39
[    1117ms] [LOG] 844 @ http://restaurant21.lobytech.test:3002/src/components/Modal/Admin/Fichas/index.tsx?t=1787493067224:47
[    1118ms] [LOG] 844 @ http://restaurant21.lobytech.test:3002/src/components/Modal/Admin/Fichas/index.tsx?t=1787493067224:48
[    1245ms] [LOG] {code: 1, message: Success, data: Object, status: 200} @ http://restaurant21.lobytech.test:3002/src/redux/reducers/Admin/clientes-proveedores/clientesProveedoresAnfitrionas.reducer.ts:250
[    1246ms] [LOG] [] @ http://restaurant21.lobytech.test:3002/src/components/Modal/Admin/Asistencia/index.tsx?t=1787530428254:43
[    1247ms] [LOG] [] @ http://restaurant21.lobytech.test:3002/src/components/Modal/Admin/Asistencia/index.tsx?t=1787530428254:50
[    1247ms] [LOG] Sun Aug 23 2026 00:00:00 GMT-0500 (hora estándar de Perú) @ http://restaurant21.lobytech.test:3002/src/components/Modal/Admin/Asistencia/index.tsx?t=1787530428254:79
[    1247ms] [LOG] 1 @ http://restaurant21.lobytech.test:3002/src/components/Modal/Admin/Asistencia/index.tsx?t=1787530428254:95
[    1247ms] [LOG] {habitacionId: 0, habitacion: , anfitrionaId: 0, anfitriona: , turno: } @ http://restaurant21.lobytech.test:3002/src/components/Modal/Admin/Asistencia/index.tsx?t=1787530428254:108
[    1248ms] [LOG] [] @ http://restaurant21.lobytech.test:3002/src/components/Modal/Admin/Asistencia/index.tsx?t=1787530428254:110
[    1248ms] [LOG] 0 @ http://restaurant21.lobytech.test:3002/src/components/Modal/Admin/Asistencia/index.tsx?t=1787530428254:126
[    1248ms] [LOG] undefined @ http://restaurant21.lobytech.test:3002/src/components/Modal/Admin/Asistencia/index.tsx?t=1787530428254:162
[    1248ms] [LOG]  @ http://restaurant21.lobytech.test:3002/src/components/Modal/Admin/Asistencia/index.tsx?t=1787530428254:163
[    1248ms] [LOG] 844 @ http://restaurant21.lobytech.test:3002/src/components/Modal/Admin/Asistencia/index.tsx?t=1787530428254:202
[    1248ms] [LOG] 390 @ http://restaurant21.lobytech.test:3002/src/components/Modal/Admin/Asistencia/index.tsx?t=1787530428254:203
[    1249ms] [ERROR] Failed to load resource: the server responded with a status of 404 (Not Found) @ http://localhost:5002/api/productos/listar?CategoriaId=2&GrupoId=16&Value=&Page=1&Amount=100:0
[    1250ms] [LOG] AxiosError @ http://restaurant21.lobytech.test:3002/src/utils/axios.ts:19
[    1250ms] [LOG] AxiosError @ http://restaurant21.lobytech.test:3002/src/redux/reducers/Admin/productos/producto.reducer.ts:364
[    1251ms] [LOG] [] @ http://restaurant21.lobytech.test:3002/src/components/Modal/Admin/Asistencia/index.tsx?t=1787530428254:43
[    1252ms] [LOG] [] @ http://restaurant21.lobytech.test:3002/src/components/Modal/Admin/Asistencia/index.tsx?t=1787530428254:50
[    1252ms] [LOG] Sun Aug 23 2026 00:00:00 GMT-0500 (hora estándar de Perú) @ http://restaurant21.lobytech.test:3002/src/components/Modal/Admin/Asistencia/index.tsx?t=1787530428254:79
[    1252ms] [LOG] 1 @ http://restaurant21.lobytech.test:3002/src/components/Modal/Admin/Asistencia/index.tsx?t=1787530428254:95
[    1252ms] [LOG] {habitacionId: 0, habitacion: , anfitrionaId: 0, anfitriona: , turno: } @ http://restaurant21.lobytech.test:3002/src/components/Modal/Admin/Asistencia/index.tsx?t=1787530428254:108
[    1253ms] [LOG] [] @ http://restaurant21.lobytech.test:3002/src/components/Modal/Admin/Asistencia/index.tsx?t=1787530428254:110
[    1253ms] [LOG] 0 @ http://restaurant21.lobytech.test:3002/src/components/Modal/Admin/Asistencia/index.tsx?t=1787530428254:126
[    1253ms] [LOG] undefined @ http://restaurant21.lobytech.test:3002/src/components/Modal/Admin/Asistencia/index.tsx?t=1787530428254:162
[    1253ms] [LOG]  @ http://restaurant21.lobytech.test:3002/src/components/Modal/Admin/Asistencia/index.tsx?t=1787530428254:163
[    1253ms] [LOG] 844 @ http://restaurant21.lobytech.test:3002/src/components/Modal/Admin/Asistencia/index.tsx?t=1787530428254:202
[    1253ms] [LOG] 390 @ http://restaurant21.lobytech.test:3002/src/components/Modal/Admin/Asistencia/index.tsx?t=1787530428254:203
[    1406ms] [LOG] {code: 1, message: Success, data: Array(66), status: 200} @ http://restaurant21.lobytech.test:3002/src/redux/reducers/Admin/asistencia/asistencia.reducer.ts:222
[    1408ms] [LOG] [] @ http://restaurant21.lobytech.test:3002/src/presentation/views/Modules/Admin/Views/Asistencia/index.tsx?t=1787493088342:46
[    1408ms] [LOG] Sun Aug 23 2026 00:00:00 GMT-0500 (hora estándar de Perú) @ http://restaurant21.lobytech.test:3002/src/presentation/views/Modules/Admin/Views/Asistencia/index.tsx?t=1787493088342:115
[    1409ms] [LOG] {turno: Turno Especial, diaSemana: 0} @ http://restaurant21.lobytech.test:3002/src/presentation/views/Modules/Admin/Views/Asistencia/index.tsx?t=1787493088342:129
[    1409ms] [LOG] Sun Aug 23 2026 00:00:00 GMT-0500 (hora estándar de Perú) @ http://restaurant21.lobytech.test:3002/src/presentation/views/Modules/Admin/Views/Asistencia/index.tsx?t=1787493088342:115
[    1409ms] [LOG] Sun Aug 23 2026 00:00:00 GMT-0500 (hora estándar de Perú) @ http://restaurant21.lobytech.test:3002/src/presentation/views/Modules/Admin/Views/Asistencia/index.tsx?t=1787493088342:115
[    1409ms] [LOG] [] @ http://restaurant21.lobytech.test:3002/src/presentation/views/Modules/Admin/Views/Asistencia/index.tsx?t=1787493088342:198
[    1410ms] [LOG] false @ http://restaurant21.lobytech.test:3002/src/components/Toggle/index.tsx:24
[    1410ms] [LOG] () => {
    if (diaSemana === 0) {
      setCheckedTurno(false);
    } else {
      setCheckedTurno(!isTurno);
    }
  } @ http://restaurant21.lobytech.test:3002/src/components/Toggle/index.tsx:25
[    1412ms] [LOG] null @ http://restaurant21.lobytech.test:3002/src/presentation/views/Modules/Admin/Views/Asistencia/Dropdown/index.tsx?t=1787493067224:68
[    1413ms] [LOG] null @ http://restaurant21.lobytech.test:3002/src/presentation/views/Modules/Admin/Views/Asistencia/Dropdown/index.tsx?t=1787493067224:68
[    1414ms] [LOG] null @ http://restaurant21.lobytech.test:3002/src/presentation/views/Modules/Admin/Views/Asistencia/Dropdown/index.tsx?t=1787493067224:68
[    1414ms] [LOG] null @ http://restaurant21.lobytech.test:3002/src/presentation/views/Modules/Admin/Views/Asistencia/Dropdown/index.tsx?t=1787493067224:68
[    1414ms] [LOG] null @ http://restaurant21.lobytech.test:3002/src/presentation/views/Modules/Admin/Views/Asistencia/Dropdown/index.tsx?t=1787493067224:68
[    1415ms] [LOG] null @ http://restaurant21.lobytech.test:3002/src/presentation/views/Modules/Admin/Views/Asistencia/Dropdown/index.tsx?t=1787493067224:68
[    1415ms] [LOG] null @ http://restaurant21.lobytech.test:3002/src/presentation/views/Modules/Admin/Views/Asistencia/Dropdown/index.tsx?t=1787493067224:68
[    1415ms] [LOG] null @ http://restaurant21.lobytech.test:3002/src/presentation/views/Modules/Admin/Views/Asistencia/Dropdown/index.tsx?t=1787493067224:68
[    1416ms] [LOG] null @ http://restaurant21.lobytech.test:3002/src/presentation/views/Modules/Admin/Views/Asistencia/Dropdown/index.tsx?t=1787493067224:68
[    1416ms] [LOG] null @ http://restaurant21.lobytech.test:3002/src/presentation/views/Modules/Admin/Views/Asistencia/Dropdown/index.tsx?t=1787493067224:68
[    1417ms] [LOG] null @ http://restaurant21.lobytech.test:3002/src/presentation/views/Modules/Admin/Views/Asistencia/Dropdown/index.tsx?t=1787493067224:68
[    1417ms] [LOG] null @ http://restaurant21.lobytech.test:3002/src/presentation/views/Modules/Admin/Views/Asistencia/Dropdown/index.tsx?t=1787493067224:68
[    1418ms] [LOG] null @ http://restaurant21.lobytech.test:3002/src/presentation/views/Modules/Admin/Views/Asistencia/Dropdown/index.tsx?t=1787493067224:68
[    1418ms] [LOG] null @ http://restaurant21.lobytech.test:3002/src/presentation/views/Modules/Admin/Views/Asistencia/Dropdown/index.tsx?t=1787493067224:68
[    1418ms] [LOG] null @ http://restaurant21.lobytech.test:3002/src/presentation/views/Modules/Admin/Views/Asistencia/Dropdown/index.tsx?t=1787493067224:68
[    1419ms] [LOG] null @ http://restaurant21.lobytech.test:3002/src/presentation/views/Modules/Admin/Views/Asistencia/Dropdown/index.tsx?t=1787493067224:68
[    1419ms] [LOG] null @ http://restaurant21.lobytech.test:3002/src/presentation/views/Modules/Admin/Views/Asistencia/Dropdown/index.tsx?t=1787493067224:68
[    1420ms] [LOG] null @ http://restaurant21.lobytech.test:3002/src/presentation/views/Modules/Admin/Views/Asistencia/Dropdown/index.tsx?t=1787493067224:68
[    1420ms] [LOG] null @ http://restaurant21.lobytech.test:3002/src/presentation/views/Modules/Admin/Views/Asistencia/Dropdown/index.tsx?t=1787493067224:68
[    1420ms] [LOG] null @ http://restaurant21.lobytech.test:3002/src/presentation/views/Modules/Admin/Views/Asistencia/Dropdown/index.tsx?t=1787493067224:68
[    1421ms] [LOG] null @ http://restaurant21.lobytech.test:3002/src/presentation/views/Modules/Admin/Views/Asistencia/Dropdown/index.tsx?t=1787493067224:68
[    1421ms] [LOG] null @ http://restaurant21.lobytech.test:3002/src/presentation/views/Modules/Admin/Views/Asistencia/Dropdown/index.tsx?t=1787493067224:68
[    1422ms] [LOG] null @ http://restaurant21.lobytech.test:3002/src/presentation/views/Modules/Admin/Views/Asistencia/Dropdown/index.tsx?t=1787493067224:68
[    1423ms] [LOG] null @ http://restaurant21.lobytech.test:3002/src/presentation/views/Modules/Admin/Views/Asistencia/Dropdown/index.tsx?t=1787493067224:68
[    1423ms] [LOG] null @ http://restaurant21.lobytech.test:3002/src/presentation/views/Modules/Admin/Views/Asistencia/Dropdown/index.tsx?t=1787493067224:68
[    1424ms] [LOG] null @ http://restaurant21.lobytech.test:3002/src/presentation/views/Modules/Admin/Views/Asistencia/Dropdown/index.tsx?t=1787493067224:68
[    1424ms] [LOG] null @ http://restaurant21.lobytech.test:3002/src/presentation/views/Modules/Admin/Views/Asistencia/Dropdown/index.tsx?t=1787493067224:68
[    1425ms] [LOG] null @ http://restaurant21.lobytech.test:3002/src/presentation/views/Modules/Admin/Views/Asistencia/Dropdown/index.tsx?t=1787493067224:68
[    1425ms] [LOG] null @ http://restaurant21.lobytech.test:3002/src/presentation/views/Modules/Admin/Views/Asistencia/Dropdown/index.tsx?t=1787493067224:68
[    1426ms] [LOG] null @ http://restaurant21.lobytech.test:3002/src/presentation/views/Modules/Admin/Views/Asistencia/Dropdown/index.tsx?t=1787493067224:68
[    1426ms] [LOG] null @ http://restaurant21.lobytech.test:3002/src/presentation/views/Modules/Admin/Views/Asistencia/Dropdown/index.tsx?t=1787493067224:68
[    1427ms] [LOG] null @ http://restaurant21.lobytech.test:3002/src/presentation/views/Modules/Admin/Views/Asistencia/Dropdown/index.tsx?t=1787493067224:68
[    1428ms] [LOG] null @ http://restaurant21.lobytech.test:3002/src/presentation/views/Modules/Admin/Views/Asistencia/Dropdown/index.tsx?t=1787493067224:68
[    1428ms] [LOG] null @ http://restaurant21.lobytech.test:3002/src/presentation/views/Modules/Admin/Views/Asistencia/Dropdown/index.tsx?t=1787493067224:68
[    1429ms] [LOG] null @ http://restaurant21.lobytech.test:3002/src/presentation/views/Modules/Admin/Views/Asistencia/Dropdown/index.tsx?t=1787493067224:68
[    1429ms] [LOG] null @ http://restaurant21.lobytech.test:3002/src/presentation/views/Modules/Admin/Views/Asistencia/Dropdown/index.tsx?t=1787493067224:68
[    1430ms] [LOG] null @ http://restaurant21.lobytech.test:3002/src/presentation/views/Modules/Admin/Views/Asistencia/Dropdown/index.tsx?t=1787493067224:68
[    1430ms] [LOG] null @ http://restaurant21.lobytech.test:3002/src/presentation/views/Modules/Admin/Views/Asistencia/Dropdown/index.tsx?t=1787493067224:68
[    1431ms] [LOG] null @ http://restaurant21.lobytech.test:3002/src/presentation/views/Modules/Admin/Views/Asistencia/Dropdown/index.tsx?t=1787493067224:68
[    1431ms] [LOG] null @ http://restaurant21.lobytech.test:3002/src/presentation/views/Modules/Admin/Views/Asistencia/Dropdown/index.tsx?t=1787493067224:68
[    1431ms] [LOG] null @ http://restaurant21.lobytech.test:3002/src/presentation/views/Modules/Admin/Views/Asistencia/Dropdown/index.tsx?t=1787493067224:68
[    1431ms] [LOG] null @ http://restaurant21.lobytech.test:3002/src/presentation/views/Modules/Admin/Views/Asistencia/Dropdown/index.tsx?t=1787493067224:68
[    1432ms] [LOG] null @ http://restaurant21.lobytech.test:3002/src/presentation/views/Modules/Admin/Views/Asistencia/Dropdown/index.tsx?t=1787493067224:68
[    1432ms] [LOG] null @ http://restaurant21.lobytech.test:3002/src/presentation/views/Modules/Admin/Views/Asistencia/Dropdown/index.tsx?t=1787493067224:68
[    1432ms] [LOG] null @ http://restaurant21.lobytech.test:3002/src/presentation/views/Modules/Admin/Views/Asistencia/Dropdown/index.tsx?t=1787493067224:68
[    1432ms] [LOG] null @ http://restaurant21.lobytech.test:3002/src/presentation/views/Modules/Admin/Views/Asistencia/Dropdown/index.tsx?t=1787493067224:68
[    1432ms] [LOG] null @ http://restaurant21.lobytech.test:3002/src/presentation/views/Modules/Admin/Views/Asistencia/Dropdown/index.tsx?t=1787493067224:68
[    1432ms] [LOG] null @ http://restaurant21.lobytech.test:3002/src/presentation/views/Modules/Admin/Views/Asistencia/Dropdown/index.tsx?t=1787493067224:68
[    1433ms] [LOG] null @ http://restaurant21.lobytech.test:3002/src/presentation/views/Modules/Admin/Views/Asistencia/Dropdown/index.tsx?t=1787493067224:68
[    1433ms] [LOG] null @ http://restaurant21.lobytech.test:3002/src/presentation/views/Modules/Admin/Views/Asistencia/Dropdown/index.tsx?t=1787493067224:68
[    1433ms] [LOG] null @ http://restaurant21.lobytech.test:3002/src/presentation/views/Modules/Admin/Views/Asistencia/Dropdown/index.tsx?t=1787493067224:68
[    1433ms] [LOG] null @ http://restaurant21.lobytech.test:3002/src/presentation/views/Modules/Admin/Views/Asistencia/Dropdown/index.tsx?t=1787493067224:68
[    1434ms] [LOG] null @ http://restaurant21.lobytech.test:3002/src/presentation/views/Modules/Admin/Views/Asistencia/Dropdown/index.tsx?t=1787493067224:68
[    1434ms] [LOG] null @ http://restaurant21.lobytech.test:3002/src/presentation/views/Modules/Admin/Views/Asistencia/Dropdown/index.tsx?t=1787493067224:68
[    1434ms] [LOG] null @ http://restaurant21.lobytech.test:3002/src/presentation/views/Modules/Admin/Views/Asistencia/Dropdown/index.tsx?t=1787493067224:68
[    1435ms] [LOG] null @ http://restaurant21.lobytech.test:3002/src/presentation/views/Modules/Admin/Views/Asistencia/Dropdown/index.tsx?t=1787493067224:68
[    1436ms] [LOG] null @ http://restaurant21.lobytech.test:3002/src/presentation/views/Modules/Admin/Views/Asistencia/Dropdown/index.tsx?t=1787493067224:68
[    1436ms] [LOG] null @ http://restaurant21.lobytech.test:3002/src/presentation/views/Modules/Admin/Views/Asistencia/Dropdown/index.tsx?t=1787493067224:68
[    1437ms] [LOG] null @ http://restaurant21.lobytech.test:3002/src/presentation/views/Modules/Admin/Views/Asistencia/Dropdown/index.tsx?t=1787493067224:68
[    1437ms] [LOG] null @ http://restaurant21.lobytech.test:3002/src/presentation/views/Modules/Admin/Views/Asistencia/Dropdown/index.tsx?t=1787493067224:68
[    1438ms] [LOG] null @ http://restaurant21.lobytech.test:3002/src/presentation/views/Modules/Admin/Views/Asistencia/Dropdown/index.tsx?t=1787493067224:68
[    1438ms] [LOG] null @ http://restaurant21.lobytech.test:3002/src/presentation/views/Modules/Admin/Views/Asistencia/Dropdown/index.tsx?t=1787493067224:68
[    1439ms] [LOG] null @ http://restaurant21.lobytech.test:3002/src/presentation/views/Modules/Admin/Views/Asistencia/Dropdown/index.tsx?t=1787493067224:68
[    1439ms] [LOG] null @ http://restaurant21.lobytech.test:3002/src/presentation/views/Modules/Admin/Views/Asistencia/Dropdown/index.tsx?t=1787493067224:68
[    1440ms] [LOG] null @ http://restaurant21.lobytech.test:3002/src/presentation/views/Modules/Admin/Views/Asistencia/Dropdown/index.tsx?t=1787493067224:68
[    1440ms] [LOG] null @ http://restaurant21.lobytech.test:3002/src/presentation/views/Modules/Admin/Views/Asistencia/Dropdown/index.tsx?t=1787493067224:68
[    1441ms] [LOG] [Object, Object, Object, Object, Object, Object, Object, Object, Object, Object, Object, Object, Object, Object, Object, Object, Object, Object, Object, Object, Object, Object, Object, Object, Object, Object, Object, Object, Object, Object, Object, Object, Object, Object, Object, Object, Object, Object, Object, Object, Object, Object, Object, Object, Object, Object, Object, Object, Object, Object, Object, Object, Object, Object, Object, Object, Object, Object, Object, Object, Object, Object, Object, Object, Object, Object] @ http://restaurant21.lobytech.test:3002/src/components/Modal/Admin/Asistencia/index.tsx?t=1787530428254:43
[    1441ms] [LOG] [] @ http://restaurant21.lobytech.test:3002/src/components/Modal/Admin/Asistencia/index.tsx?t=1787530428254:50
[    1441ms] [LOG] Sun Aug 23 2026 00:00:00 GMT-0500 (hora estándar de Perú) @ http://restaurant21.lobytech.test:3002/src/components/Modal/Admin/Asistencia/index.tsx?t=1787530428254:79
[    1442ms] [LOG] 1 @ http://restaurant21.lobytech.test:3002/src/components/Modal/Admin/Asistencia/index.tsx?t=1787530428254:95
[    1442ms] [LOG] {habitacionId: 0, habitacion: , anfitrionaId: 0, anfitriona: , turno: } @ http://restaurant21.lobytech.test:3002/src/components/Modal/Admin/Asistencia/index.tsx?t=1787530428254:108
[    1442ms] [LOG] [] @ http://restaurant21.lobytech.test:3002/src/components/Modal/Admin/Asistencia/index.tsx?t=1787530428254:110
[    1442ms] [LOG] 0 @ http://restaurant21.lobytech.test:3002/src/components/Modal/Admin/Asistencia/index.tsx?t=1787530428254:126
[    1442ms] [LOG] undefined @ http://restaurant21.lobytech.test:3002/src/components/Modal/Admin/Asistencia/index.tsx?t=1787530428254:162
[    1442ms] [LOG]  @ http://restaurant21.lobytech.test:3002/src/components/Modal/Admin/Asistencia/index.tsx?t=1787530428254:163
[    1442ms] [LOG] 844 @ http://restaurant21.lobytech.test:3002/src/components/Modal/Admin/Asistencia/index.tsx?t=1787530428254:202
[    1442ms] [LOG] 390 @ http://restaurant21.lobytech.test:3002/src/components/Modal/Admin/Asistencia/index.tsx?t=1787530428254:203
[    1443ms] [LOG] [] @ http://restaurant21.lobytech.test:3002/src/components/Modal/Admin/Fichas/index.tsx?t=1787493067224:37
[    1443ms] [LOG] [] @ http://restaurant21.lobytech.test:3002/src/components/Modal/Admin/Fichas/index.tsx?t=1787493067224:38
[    1443ms] [LOG] null @ http://restaurant21.lobytech.test:3002/src/components/Modal/Admin/Fichas/index.tsx?t=1787493067224:39
[    1443ms] [LOG] 844 @ http://restaurant21.lobytech.test:3002/src/components/Modal/Admin/Fichas/index.tsx?t=1787493067224:47
[    1443ms] [LOG] 844 @ http://restaurant21.lobytech.test:3002/src/components/Modal/Admin/Fichas/index.tsx?t=1787493067224:48
[   25757ms] [LOG] [] @ http://restaurant21.lobytech.test:3002/src/presentation/views/Modules/Admin/Views/Asistencia/index.tsx?t=1787530456087:46
[   25757ms] [LOG] Sun Aug 23 2026 00:00:00 GMT-0500 (hora estándar de Perú) @ http://restaurant21.lobytech.test:3002/src/presentation/views/Modules/Admin/Views/Asistencia/index.tsx?t=1787530456087:115
[   25757ms] [LOG] {turno: Turno Especial, diaSemana: 0} @ http://restaurant21.lobytech.test:3002/src/presentation/views/Modules/Admin/Views/Asistencia/index.tsx?t=1787530456087:129
[   25757ms] [LOG] Sun Aug 23 2026 00:00:00 GMT-0500 (hora estándar de Perú) @ http://restaurant21.lobytech.test:3002/src/presentation/views/Modules/Admin/Views/Asistencia/index.tsx?t=1787530456087:115
[   25757ms] [LOG] Sun Aug 23 2026 00:00:00 GMT-0500 (hora estándar de Perú) @ http://restaurant21.lobytech.test:3002/src/presentation/views/Modules/Admin/Views/Asistencia/index.tsx?t=1787530456087:115
[   25758ms] [LOG] [] @ http://restaurant21.lobytech.test:3002/src/presentation/views/Modules/Admin/Views/Asistencia/index.tsx?t=1787530456087:198
[   25758ms] [LOG] false @ http://restaurant21.lobytech.test:3002/src/components/Toggle/index.tsx:24
[   25758ms] [LOG] () => {
    if (diaSemana === 0) {
      setCheckedTurno(false);
    } else {
      setCheckedTurno(!isTurno);
    }
  } @ http://restaurant21.lobytech.test:3002/src/components/Toggle/index.tsx:25
[   25762ms] [LOG] null @ http://restaurant21.lobytech.test:3002/src/presentation/views/Modules/Admin/Views/Asistencia/Dropdown/index.tsx?t=1787493067224:68
[   25763ms] [LOG] null @ http://restaurant21.lobytech.test:3002/src/presentation/views/Modules/Admin/Views/Asistencia/Dropdown/index.tsx?t=1787493067224:68
[   25764ms] [LOG] null @ http://restaurant21.lobytech.test:3002/src/presentation/views/Modules/Admin/Views/Asistencia/Dropdown/index.tsx?t=1787493067224:68
[   25764ms] [LOG] null @ http://restaurant21.lobytech.test:3002/src/presentation/views/Modules/Admin/Views/Asistencia/Dropdown/index.tsx?t=1787493067224:68
[   25764ms] [LOG] null @ http://restaurant21.lobytech.test:3002/src/presentation/views/Modules/Admin/Views/Asistencia/Dropdown/index.tsx?t=1787493067224:68
[   25764ms] [LOG] null @ http://restaurant21.lobytech.test:3002/src/presentation/views/Modules/Admin/Views/Asistencia/Dropdown/index.tsx?t=1787493067224:68
[   25765ms] [LOG] null @ http://restaurant21.lobytech.test:3002/src/presentation/views/Modules/Admin/Views/Asistencia/Dropdown/index.tsx?t=1787493067224:68
[   25765ms] [LOG] null @ http://restaurant21.lobytech.test:3002/src/presentation/views/Modules/Admin/Views/Asistencia/Dropdown/index.tsx?t=1787493067224:68
[   25766ms] [LOG] null @ http://restaurant21.lobytech.test:3002/src/presentation/views/Modules/Admin/Views/Asistencia/Dropdown/index.tsx?t=1787493067224:68
[   25766ms] [LOG] null @ http://restaurant21.lobytech.test:3002/src/presentation/views/Modules/Admin/Views/Asistencia/Dropdown/index.tsx?t=1787493067224:68
[   25766ms] [LOG] null @ http://restaurant21.lobytech.test:3002/src/presentation/views/Modules/Admin/Views/Asistencia/Dropdown/index.tsx?t=1787493067224:68
[   25767ms] [LOG] null @ http://restaurant21.lobytech.test:3002/src/presentation/views/Modules/Admin/Views/Asistencia/Dropdown/index.tsx?t=1787493067224:68
[   25767ms] [LOG] null @ http://restaurant21.lobytech.test:3002/src/presentation/views/Modules/Admin/Views/Asistencia/Dropdown/index.tsx?t=1787493067224:68
[   25767ms] [LOG] null @ http://restaurant21.lobytech.test:3002/src/presentation/views/Modules/Admin/Views/Asistencia/Dropdown/index.tsx?t=1787493067224:68
[   25768ms] [LOG] null @ http://restaurant21.lobytech.test:3002/src/presentation/views/Modules/Admin/Views/Asistencia/Dropdown/index.tsx?t=1787493067224:68
[   25769ms] [LOG] null @ http://restaurant21.lobytech.test:3002/src/presentation/views/Modules/Admin/Views/Asistencia/Dropdown/index.tsx?t=1787493067224:68
[   25769ms] [LOG] null @ http://restaurant21.lobytech.test:3002/src/presentation/views/Modules/Admin/Views/Asistencia/Dropdown/index.tsx?t=1787493067224:68
[   25770ms] [LOG] null @ http://restaurant21.lobytech.test:3002/src/presentation/views/Modules/Admin/Views/Asistencia/Dropdown/index.tsx?t=1787493067224:68
[   25771ms] [LOG] null @ http://restaurant21.lobytech.test:3002/src/presentation/views/Modules/Admin/Views/Asistencia/Dropdown/index.tsx?t=1787493067224:68
[   25771ms] [LOG] null @ http://restaurant21.lobytech.test:3002/src/presentation/views/Modules/Admin/Views/Asistencia/Dropdown/index.tsx?t=1787493067224:68
[   25771ms] [LOG] null @ http://restaurant21.lobytech.test:3002/src/presentation/views/Modules/Admin/Views/Asistencia/Dropdown/index.tsx?t=1787493067224:68
[   25772ms] [LOG] null @ http://restaurant21.lobytech.test:3002/src/presentation/views/Modules/Admin/Views/Asistencia/Dropdown/index.tsx?t=1787493067224:68
[   25772ms] [LOG] null @ http://restaurant21.lobytech.test:3002/src/presentation/views/Modules/Admin/Views/Asistencia/Dropdown/index.tsx?t=1787493067224:68
[   25773ms] [LOG] null @ http://restaurant21.lobytech.test:3002/src/presentation/views/Modules/Admin/Views/Asistencia/Dropdown/index.tsx?t=1787493067224:68
[   25773ms] [LOG] null @ http://restaurant21.lobytech.test:3002/src/presentation/views/Modules/Admin/Views/Asistencia/Dropdown/index.tsx?t=1787493067224:68
[   25773ms] [LOG] null @ http://restaurant21.lobytech.test:3002/src/presentation/views/Modules/Admin/Views/Asistencia/Dropdown/index.tsx?t=1787493067224:68
[   25774ms] [LOG] null @ http://restaurant21.lobytech.test:3002/src/presentation/views/Modules/Admin/Views/Asistencia/Dropdown/index.tsx?t=1787493067224:68
[   25775ms] [LOG] null @ http://restaurant21.lobytech.test:3002/src/presentation/views/Modules/Admin/Views/Asistencia/Dropdown/index.tsx?t=1787493067224:68
[   25775ms] [LOG] null @ http://restaurant21.lobytech.test:3002/src/presentation/views/Modules/Admin/Views/Asistencia/Dropdown/index.tsx?t=1787493067224:68
[   25775ms] [LOG] null @ http://restaurant21.lobytech.test:3002/src/presentation/views/Modules/Admin/Views/Asistencia/Dropdown/index.tsx?t=1787493067224:68
[   25776ms] [LOG] null @ http://restaurant21.lobytech.test:3002/src/presentation/views/Modules/Admin/Views/Asistencia/Dropdown/index.tsx?t=1787493067224:68
[   25778ms] [LOG] null @ http://restaurant21.lobytech.test:3002/src/presentation/views/Modules/Admin/Views/Asistencia/Dropdown/index.tsx?t=1787493067224:68
[   25778ms] [LOG] null @ http://restaurant21.lobytech.test:3002/src/presentation/views/Modules/Admin/Views/Asistencia/Dropdown/index.tsx?t=1787493067224:68
[   25779ms] [LOG] null @ http://restaurant21.lobytech.test:3002/src/presentation/views/Modules/Admin/Views/Asistencia/Dropdown/index.tsx?t=1787493067224:68
[   25779ms] [LOG] null @ http://restaurant21.lobytech.test:3002/src/presentation/views/Modules/Admin/Views/Asistencia/Dropdown/index.tsx?t=1787493067224:68
[   25780ms] [LOG] null @ http://restaurant21.lobytech.test:3002/src/presentation/views/Modules/Admin/Views/Asistencia/Dropdown/index.tsx?t=1787493067224:68
[   25780ms] [LOG] null @ http://restaurant21.lobytech.test:3002/src/presentation/views/Modules/Admin/Views/Asistencia/Dropdown/index.tsx?t=1787493067224:68
[   25781ms] [LOG] null @ http://restaurant21.lobytech.test:3002/src/presentation/views/Modules/Admin/Views/Asistencia/Dropdown/index.tsx?t=1787493067224:68
[   25781ms] [LOG] null @ http://restaurant21.lobytech.test:3002/src/presentation/views/Modules/Admin/Views/Asistencia/Dropdown/index.tsx?t=1787493067224:68
[   25782ms] [LOG] null @ http://restaurant21.lobytech.test:3002/src/presentation/views/Modules/Admin/Views/Asistencia/Dropdown/index.tsx?t=1787493067224:68
[   25782ms] [LOG] null @ http://restaurant21.lobytech.test:3002/src/presentation/views/Modules/Admin/Views/Asistencia/Dropdown/index.tsx?t=1787493067224:68
[   25782ms] [LOG] null @ http://restaurant21.lobytech.test:3002/src/presentation/views/Modules/Admin/Views/Asistencia/Dropdown/index.tsx?t=1787493067224:68
[   25783ms] [LOG] null @ http://restaurant21.lobytech.test:3002/src/presentation/views/Modules/Admin/Views/Asistencia/Dropdown/index.tsx?t=1787493067224:68
[   25783ms] [LOG] null @ http://restaurant21.lobytech.test:3002/src/presentation/views/Modules/Admin/Views/Asistencia/Dropdown/index.tsx?t=1787493067224:68
[   25784ms] [LOG] null @ http://restaurant21.lobytech.test:3002/src/presentation/views/Modules/Admin/Views/Asistencia/Dropdown/index.tsx?t=1787493067224:68
[   25785ms] [LOG] null @ http://restaurant21.lobytech.test:3002/src/presentation/views/Modules/Admin/Views/Asistencia/Dropdown/index.tsx?t=1787493067224:68
[   25786ms] [LOG] null @ http://restaurant21.lobytech.test:3002/src/presentation/views/Modules/Admin/Views/Asistencia/Dropdown/index.tsx?t=1787493067224:68
[   25787ms] [LOG] null @ http://restaurant21.lobytech.test:3002/src/presentation/views/Modules/Admin/Views/Asistencia/Dropdown/index.tsx?t=1787493067224:68
[   25787ms] [LOG] null @ http://restaurant21.lobytech.test:3002/src/presentation/views/Modules/Admin/Views/Asistencia/Dropdown/index.tsx?t=1787493067224:68
[   25788ms] [LOG] null @ http://restaurant21.lobytech.test:3002/src/presentation/views/Modules/Admin/Views/Asistencia/Dropdown/index.tsx?t=1787493067224:68
[   25788ms] [LOG] null @ http://restaurant21.lobytech.test:3002/src/presentation/views/Modules/Admin/Views/Asistencia/Dropdown/index.tsx?t=1787493067224:68
[   25789ms] [LOG] null @ http://restaurant21.lobytech.test:3002/src/presentation/views/Modules/Admin/Views/Asistencia/Dropdown/index.tsx?t=1787493067224:68
[   25789ms] [LOG] null @ http://restaurant21.lobytech.test:3002/src/presentation/views/Modules/Admin/Views/Asistencia/Dropdown/index.tsx?t=1787493067224:68
[   25790ms] [LOG] null @ http://restaurant21.lobytech.test:3002/src/presentation/views/Modules/Admin/Views/Asistencia/Dropdown/index.tsx?t=1787493067224:68
[   25791ms] [LOG] null @ http://restaurant21.lobytech.test:3002/src/presentation/views/Modules/Admin/Views/Asistencia/Dropdown/index.tsx?t=1787493067224:68
[   25792ms] [LOG] null @ http://restaurant21.lobytech.test:3002/src/presentation/views/Modules/Admin/Views/Asistencia/Dropdown/index.tsx?t=1787493067224:68
[   25792ms] [LOG] null @ http://restaurant21.lobytech.test:3002/src/presentation/views/Modules/Admin/Views/Asistencia/Dropdown/index.tsx?t=1787493067224:68
[   25793ms] [LOG] null @ http://restaurant21.lobytech.test:3002/src/presentation/views/Modules/Admin/Views/Asistencia/Dropdown/index.tsx?t=1787493067224:68
[   25794ms] [LOG] null @ http://restaurant21.lobytech.test:3002/src/presentation/views/Modules/Admin/Views/Asistencia/Dropdown/index.tsx?t=1787493067224:68
[   25794ms] [LOG] null @ http://restaurant21.lobytech.test:3002/src/presentation/views/Modules/Admin/Views/Asistencia/Dropdown/index.tsx?t=1787493067224:68
[   25794ms] [LOG] null @ http://restaurant21.lobytech.test:3002/src/presentation/views/Modules/Admin/Views/Asistencia/Dropdown/index.tsx?t=1787493067224:68
[   25795ms] [LOG] null @ http://restaurant21.lobytech.test:3002/src/presentation/views/Modules/Admin/Views/Asistencia/Dropdown/index.tsx?t=1787493067224:68
[   25795ms] [LOG] null @ http://restaurant21.lobytech.test:3002/src/presentation/views/Modules/Admin/Views/Asistencia/Dropdown/index.tsx?t=1787493067224:68
[   25796ms] [LOG] null @ http://restaurant21.lobytech.test:3002/src/presentation/views/Modules/Admin/Views/Asistencia/Dropdown/index.tsx?t=1787493067224:68
[   25796ms] [LOG] null @ http://restaurant21.lobytech.test:3002/src/presentation/views/Modules/Admin/Views/Asistencia/Dropdown/index.tsx?t=1787493067224:68
[   25796ms] [LOG] null @ http://restaurant21.lobytech.test:3002/src/presentation/views/Modules/Admin/Views/Asistencia/Dropdown/index.tsx?t=1787493067224:68
[   25797ms] [LOG] [Object, Object, Object, Object, Object, Object, Object, Object, Object, Object, Object, Object, Object, Object, Object, Object, Object, Object, Object, Object, Object, Object, Object, Object, Object, Object, Object, Object, Object, Object, Object, Object, Object, Object, Object, Object, Object, Object, Object, Object, Object, Object, Object, Object, Object, Object, Object, Object, Object, Object, Object, Object, Object, Object, Object, Object, Object, Object, Object, Object, Object, Object, Object, Object, Object, Object] @ http://restaurant21.lobytech.test:3002/src/components/Modal/Admin/Asistencia/index.tsx?t=1787530428254:43
[   25797ms] [LOG] [] @ http://restaurant21.lobytech.test:3002/src/components/Modal/Admin/Asistencia/index.tsx?t=1787530428254:50
[   25798ms] [LOG] Sun Aug 23 2026 00:00:00 GMT-0500 (hora estándar de Perú) @ http://restaurant21.lobytech.test:3002/src/components/Modal/Admin/Asistencia/index.tsx?t=1787530428254:79
[   25798ms] [LOG] 1 @ http://restaurant21.lobytech.test:3002/src/components/Modal/Admin/Asistencia/index.tsx?t=1787530428254:95
[   25798ms] [LOG] {habitacionId: 0, habitacion: , anfitrionaId: 0, anfitriona: , turno: } @ http://restaurant21.lobytech.test:3002/src/components/Modal/Admin/Asistencia/index.tsx?t=1787530428254:108
[   25798ms] [LOG] [] @ http://restaurant21.lobytech.test:3002/src/components/Modal/Admin/Asistencia/index.tsx?t=1787530428254:110
[   25798ms] [LOG] 0 @ http://restaurant21.lobytech.test:3002/src/components/Modal/Admin/Asistencia/index.tsx?t=1787530428254:126
[   25798ms] [LOG] undefined @ http://restaurant21.lobytech.test:3002/src/components/Modal/Admin/Asistencia/index.tsx?t=1787530428254:162
[   25798ms] [LOG]  @ http://restaurant21.lobytech.test:3002/src/components/Modal/Admin/Asistencia/index.tsx?t=1787530428254:163
[   25799ms] [LOG] 844 @ http://restaurant21.lobytech.test:3002/src/components/Modal/Admin/Asistencia/index.tsx?t=1787530428254:202
[   25799ms] [LOG] 390 @ http://restaurant21.lobytech.test:3002/src/components/Modal/Admin/Asistencia/index.tsx?t=1787530428254:203
[   25799ms] [LOG] [] @ http://restaurant21.lobytech.test:3002/src/components/Modal/Admin/Fichas/index.tsx?t=1787493067224:37
[   25800ms] [LOG] [] @ http://restaurant21.lobytech.test:3002/src/components/Modal/Admin/Fichas/index.tsx?t=1787493067224:38
[   25800ms] [LOG] null @ http://restaurant21.lobytech.test:3002/src/components/Modal/Admin/Fichas/index.tsx?t=1787493067224:39
[   25800ms] [LOG] 844 @ http://restaurant21.lobytech.test:3002/src/components/Modal/Admin/Fichas/index.tsx?t=1787493067224:47
[   25800ms] [LOG] 844 @ http://restaurant21.lobytech.test:3002/src/components/Modal/Admin/Fichas/index.tsx?t=1787493067224:48
[   25852ms] [ERROR] Failed to load resource: the server responded with a status of 500 (Internal Server Error) @ http://localhost:5002/api/facturacion/listar-fichas?fecha=23/08/2026:0
[   25853ms] [LOG] AxiosError @ http://restaurant21.lobytech.test:3002/src/utils/axios.ts:19
[   25853ms] [LOG] AxiosError @ http://restaurant21.lobytech.test:3002/src/redux/reducers/Admin/asistencia/asistencia.reducer.ts:374
[   25855ms] [LOG] [] @ http://restaurant21.lobytech.test:3002/src/presentation/views/Modules/Admin/Views/Asistencia/index.tsx?t=1787530456087:46
[   25855ms] [LOG] Sun Aug 23 2026 00:00:00 GMT-0500 (hora estándar de Perú) @ http://restaurant21.lobytech.test:3002/src/presentation/views/Modules/Admin/Views/Asistencia/index.tsx?t=1787530456087:115
[   25856ms] [LOG] {turno: Turno Especial, diaSemana: 0} @ http://restaurant21.lobytech.test:3002/src/presentation/views/Modules/Admin/Views/Asistencia/index.tsx?t=1787530456087:129
[   25856ms] [LOG] Sun Aug 23 2026 00:00:00 GMT-0500 (hora estándar de Perú) @ http://restaurant21.lobytech.test:3002/src/presentation/views/Modules/Admin/Views/Asistencia/index.tsx?t=1787530456087:115
[   25857ms] [LOG] Sun Aug 23 2026 00:00:00 GMT-0500 (hora estándar de Perú) @ http://restaurant21.lobytech.test:3002/src/presentation/views/Modules/Admin/Views/Asistencia/index.tsx?t=1787530456087:115
[   25857ms] [LOG] [] @ http://restaurant21.lobytech.test:3002/src/presentation/views/Modules/Admin/Views/Asistencia/index.tsx?t=1787530456087:198
[   25857ms] [LOG] false @ http://restaurant21.lobytech.test:3002/src/components/Toggle/index.tsx:24
[   25858ms] [LOG] () => {
    if (diaSemana === 0) {
      setCheckedTurno(false);
    } else {
      setCheckedTurno(!isTurno);
    }
  } @ http://restaurant21.lobytech.test:3002/src/components/Toggle/index.tsx:25
[   25860ms] [LOG] null @ http://restaurant21.lobytech.test:3002/src/presentation/views/Modules/Admin/Views/Asistencia/Dropdown/index.tsx?t=1787493067224:68
[   25860ms] [LOG] null @ http://restaurant21.lobytech.test:3002/src/presentation/views/Modules/Admin/Views/Asistencia/Dropdown/index.tsx?t=1787493067224:68
[   25861ms] [LOG] null @ http://restaurant21.lobytech.test:3002/src/presentation/views/Modules/Admin/Views/Asistencia/Dropdown/index.tsx?t=1787493067224:68
[   25861ms] [LOG] null @ http://restaurant21.lobytech.test:3002/src/presentation/views/Modules/Admin/Views/Asistencia/Dropdown/index.tsx?t=1787493067224:68
[   25862ms] [LOG] null @ http://restaurant21.lobytech.test:3002/src/presentation/views/Modules/Admin/Views/Asistencia/Dropdown/index.tsx?t=1787493067224:68
[   25862ms] [LOG] null @ http://restaurant21.lobytech.test:3002/src/presentation/views/Modules/Admin/Views/Asistencia/Dropdown/index.tsx?t=1787493067224:68
[   25863ms] [LOG] null @ http://restaurant21.lobytech.test:3002/src/presentation/views/Modules/Admin/Views/Asistencia/Dropdown/index.tsx?t=1787493067224:68
[   25863ms] [LOG] null @ http://restaurant21.lobytech.test:3002/src/presentation/views/Modules/Admin/Views/Asistencia/Dropdown/index.tsx?t=1787493067224:68
[   25864ms] [LOG] null @ http://restaurant21.lobytech.test:3002/src/presentation/views/Modules/Admin/Views/Asistencia/Dropdown/index.tsx?t=1787493067224:68
[   25864ms] [LOG] null @ http://restaurant21.lobytech.test:3002/src/presentation/views/Modules/Admin/Views/Asistencia/Dropdown/index.tsx?t=1787493067224:68
[   25865ms] [LOG] null @ http://restaurant21.lobytech.test:3002/src/presentation/views/Modules/Admin/Views/Asistencia/Dropdown/index.tsx?t=1787493067224:68
[   25865ms] [LOG] null @ http://restaurant21.lobytech.test:3002/src/presentation/views/Modules/Admin/Views/Asistencia/Dropdown/index.tsx?t=1787493067224:68
[   25866ms] [LOG] null @ http://restaurant21.lobytech.test:3002/src/presentation/views/Modules/Admin/Views/Asistencia/Dropdown/index.tsx?t=1787493067224:68
[   25866ms] [LOG] null @ http://restaurant21.lobytech.test:3002/src/presentation/views/Modules/Admin/Views/Asistencia/Dropdown/index.tsx?t=1787493067224:68
[   25866ms] [LOG] null @ http://restaurant21.lobytech.test:3002/src/presentation/views/Modules/Admin/Views/Asistencia/Dropdown/index.tsx?t=1787493067224:68
[   25867ms] [LOG] null @ http://restaurant21.lobytech.test:3002/src/presentation/views/Modules/Admin/Views/Asistencia/Dropdown/index.tsx?t=1787493067224:68
[   25867ms] [LOG] null @ http://restaurant21.lobytech.test:3002/src/presentation/views/Modules/Admin/Views/Asistencia/Dropdown/index.tsx?t=1787493067224:68
[   25867ms] [LOG] null @ http://restaurant21.lobytech.test:3002/src/presentation/views/Modules/Admin/Views/Asistencia/Dropdown/index.tsx?t=1787493067224:68
[   25868ms] [LOG] null @ http://restaurant21.lobytech.test:3002/src/presentation/views/Modules/Admin/Views/Asistencia/Dropdown/index.tsx?t=1787493067224:68
[   25869ms] [LOG] null @ http://restaurant21.lobytech.test:3002/src/presentation/views/Modules/Admin/Views/Asistencia/Dropdown/index.tsx?t=1787493067224:68
[   25869ms] [LOG] null @ http://restaurant21.lobytech.test:3002/src/presentation/views/Modules/Admin/Views/Asistencia/Dropdown/index.tsx?t=1787493067224:68
[   25869ms] [LOG] null @ http://restaurant21.lobytech.test:3002/src/presentation/views/Modules/Admin/Views/Asistencia/Dropdown/index.tsx?t=1787493067224:68
[   25870ms] [LOG] null @ http://restaurant21.lobytech.test:3002/src/presentation/views/Modules/Admin/Views/Asistencia/Dropdown/index.tsx?t=1787493067224:68
[   25871ms] [LOG] null @ http://restaurant21.lobytech.test:3002/src/presentation/views/Modules/Admin/Views/Asistencia/Dropdown/index.tsx?t=1787493067224:68
[   25871ms] [LOG] null @ http://restaurant21.lobytech.test:3002/src/presentation/views/Modules/Admin/Views/Asistencia/Dropdown/index.tsx?t=1787493067224:68
[   25872ms] [LOG] null @ http://restaurant21.lobytech.test:3002/src/presentation/views/Modules/Admin/Views/Asistencia/Dropdown/index.tsx?t=1787493067224:68
[   25873ms] [LOG] null @ http://restaurant21.lobytech.test:3002/src/presentation/views/Modules/Admin/Views/Asistencia/Dropdown/index.tsx?t=1787493067224:68
[   25873ms] [LOG] null @ http://restaurant21.lobytech.test:3002/src/presentation/views/Modules/Admin/Views/Asistencia/Dropdown/index.tsx?t=1787493067224:68
[   25874ms] [LOG] null @ http://restaurant21.lobytech.test:3002/src/presentation/views/Modules/Admin/Views/Asistencia/Dropdown/index.tsx?t=1787493067224:68
[   25874ms] [LOG] null @ http://restaurant21.lobytech.test:3002/src/presentation/views/Modules/Admin/Views/Asistencia/Dropdown/index.tsx?t=1787493067224:68
[   25875ms] [LOG] null @ http://restaurant21.lobytech.test:3002/src/presentation/views/Modules/Admin/Views/Asistencia/Dropdown/index.tsx?t=1787493067224:68
[   25876ms] [LOG] null @ http://restaurant21.lobytech.test:3002/src/presentation/views/Modules/Admin/Views/Asistencia/Dropdown/index.tsx?t=1787493067224:68
[   25876ms] [LOG] null @ http://restaurant21.lobytech.test:3002/src/presentation/views/Modules/Admin/Views/Asistencia/Dropdown/index.tsx?t=1787493067224:68
[   25876ms] [LOG] null @ http://restaurant21.lobytech.test:3002/src/presentation/views/Modules/Admin/Views/Asistencia/Dropdown/index.tsx?t=1787493067224:68
[   25877ms] [LOG] null @ http://restaurant21.lobytech.test:3002/src/presentation/views/Modules/Admin/Views/Asistencia/Dropdown/index.tsx?t=1787493067224:68
[   25877ms] [LOG] null @ http://restaurant21.lobytech.test:3002/src/presentation/views/Modules/Admin/Views/Asistencia/Dropdown/index.tsx?t=1787493067224:68
[   25878ms] [LOG] null @ http://restaurant21.lobytech.test:3002/src/presentation/views/Modules/Admin/Views/Asistencia/Dropdown/index.tsx?t=1787493067224:68
[   25878ms] [LOG] null @ http://restaurant21.lobytech.test:3002/src/presentation/views/Modules/Admin/Views/Asistencia/Dropdown/index.tsx?t=1787493067224:68
[   25879ms] [LOG] null @ http://restaurant21.lobytech.test:3002/src/presentation/views/Modules/Admin/Views/Asistencia/Dropdown/index.tsx?t=1787493067224:68
[   25879ms] [LOG] null @ http://restaurant21.lobytech.test:3002/src/presentation/views/Modules/Admin/Views/Asistencia/Dropdown/index.tsx?t=1787493067224:68
[   25880ms] [LOG] null @ http://restaurant21.lobytech.test:3002/src/presentation/views/Modules/Admin/Views/Asistencia/Dropdown/index.tsx?t=1787493067224:68
[   25880ms] [LOG] null @ http://restaurant21.lobytech.test:3002/src/presentation/views/Modules/Admin/Views/Asistencia/Dropdown/index.tsx?t=1787493067224:68
[   25881ms] [LOG] null @ http://restaurant21.lobytech.test:3002/src/presentation/views/Modules/Admin/Views/Asistencia/Dropdown/index.tsx?t=1787493067224:68
[   25881ms] [LOG] null @ http://restaurant21.lobytech.test:3002/src/presentation/views/Modules/Admin/Views/Asistencia/Dropdown/index.tsx?t=1787493067224:68
[   25881ms] [LOG] null @ http://restaurant21.lobytech.test:3002/src/presentation/views/Modules/Admin/Views/Asistencia/Dropdown/index.tsx?t=1787493067224:68
[   25882ms] [LOG] null @ http://restaurant21.lobytech.test:3002/src/presentation/views/Modules/Admin/Views/Asistencia/Dropdown/index.tsx?t=1787493067224:68
[   25882ms] [LOG] null @ http://restaurant21.lobytech.test:3002/src/presentation/views/Modules/Admin/Views/Asistencia/Dropdown/index.tsx?t=1787493067224:68
[   25883ms] [LOG] null @ http://restaurant21.lobytech.test:3002/src/presentation/views/Modules/Admin/Views/Asistencia/Dropdown/index.tsx?t=1787493067224:68
[   25884ms] [LOG] null @ http://restaurant21.lobytech.test:3002/src/presentation/views/Modules/Admin/Views/Asistencia/Dropdown/index.tsx?t=1787493067224:68
[   25884ms] [LOG] null @ http://restaurant21.lobytech.test:3002/src/presentation/views/Modules/Admin/Views/Asistencia/Dropdown/index.tsx?t=1787493067224:68
[   25885ms] [LOG] null @ http://restaurant21.lobytech.test:3002/src/presentation/views/Modules/Admin/Views/Asistencia/Dropdown/index.tsx?t=1787493067224:68
[   25886ms] [LOG] null @ http://restaurant21.lobytech.test:3002/src/presentation/views/Modules/Admin/Views/Asistencia/Dropdown/index.tsx?t=1787493067224:68
[   25886ms] [LOG] null @ http://restaurant21.lobytech.test:3002/src/presentation/views/Modules/Admin/Views/Asistencia/Dropdown/index.tsx?t=1787493067224:68
[   25887ms] [LOG] null @ http://restaurant21.lobytech.test:3002/src/presentation/views/Modules/Admin/Views/Asistencia/Dropdown/index.tsx?t=1787493067224:68
[   25887ms] [LOG] null @ http://restaurant21.lobytech.test:3002/src/presentation/views/Modules/Admin/Views/Asistencia/Dropdown/index.tsx?t=1787493067224:68
[   25888ms] [LOG] null @ http://restaurant21.lobytech.test:3002/src/presentation/views/Modules/Admin/Views/Asistencia/Dropdown/index.tsx?t=1787493067224:68
[   25888ms] [LOG] null @ http://restaurant21.lobytech.test:3002/src/presentation/views/Modules/Admin/Views/Asistencia/Dropdown/index.tsx?t=1787493067224:68
[   25888ms] [LOG] null @ http://restaurant21.lobytech.test:3002/src/presentation/views/Modules/Admin/Views/Asistencia/Dropdown/index.tsx?t=1787493067224:68
[   25889ms] [LOG] null @ http://restaurant21.lobytech.test:3002/src/presentation/views/Modules/Admin/Views/Asistencia/Dropdown/index.tsx?t=1787493067224:68
[   25889ms] [LOG] null @ http://restaurant21.lobytech.test:3002/src/presentation/views/Modules/Admin/Views/Asistencia/Dropdown/index.tsx?t=1787493067224:68
[   25890ms] [LOG] null @ http://restaurant21.lobytech.test:3002/src/presentation/views/Modules/Admin/Views/Asistencia/Dropdown/index.tsx?t=1787493067224:68
[   25890ms] [LOG] null @ http://restaurant21.lobytech.test:3002/src/presentation/views/Modules/Admin/Views/Asistencia/Dropdown/index.tsx?t=1787493067224:68
[   25891ms] [LOG] null @ http://restaurant21.lobytech.test:3002/src/presentation/views/Modules/Admin/Views/Asistencia/Dropdown/index.tsx?t=1787493067224:68
[   25891ms] [LOG] null @ http://restaurant21.lobytech.test:3002/src/presentation/views/Modules/Admin/Views/Asistencia/Dropdown/index.tsx?t=1787493067224:68
[   25892ms] [LOG] null @ http://restaurant21.lobytech.test:3002/src/presentation/views/Modules/Admin/Views/Asistencia/Dropdown/index.tsx?t=1787493067224:68
[   25892ms] [LOG] null @ http://restaurant21.lobytech.test:3002/src/presentation/views/Modules/Admin/Views/Asistencia/Dropdown/index.tsx?t=1787493067224:68
[   25892ms] [LOG] [Object, Object, Object, Object, Object, Object, Object, Object, Object, Object, Object, Object, Object, Object, Object, Object, Object, Object, Object, Object, Object, Object, Object, Object, Object, Object, Object, Object, Object, Object, Object, Object, Object, Object, Object, Object, Object, Object, Object, Object, Object, Object, Object, Object, Object, Object, Object, Object, Object, Object, Object, Object, Object, Object, Object, Object, Object, Object, Object, Object, Object, Object, Object, Object, Object, Object] @ http://restaurant21.lobytech.test:3002/src/components/Modal/Admin/Asistencia/index.tsx?t=1787530428254:43
[   25893ms] [LOG] [] @ http://restaurant21.lobytech.test:3002/src/components/Modal/Admin/Asistencia/index.tsx?t=1787530428254:50
[   25893ms] [LOG] Sun Aug 23 2026 00:00:00 GMT-0500 (hora estándar de Perú) @ http://restaurant21.lobytech.test:3002/src/components/Modal/Admin/Asistencia/index.tsx?t=1787530428254:79
[   25894ms] [LOG] 1 @ http://restaurant21.lobytech.test:3002/src/components/Modal/Admin/Asistencia/index.tsx?t=1787530428254:95
[   25894ms] [LOG] {habitacionId: 0, habitacion: , anfitrionaId: 0, anfitriona: , turno: } @ http://restaurant21.lobytech.test:3002/src/components/Modal/Admin/Asistencia/index.tsx?t=1787530428254:108
[   25894ms] [LOG] [] @ http://restaurant21.lobytech.test:3002/src/components/Modal/Admin/Asistencia/index.tsx?t=1787530428254:110
[   25894ms] [LOG] 0 @ http://restaurant21.lobytech.test:3002/src/components/Modal/Admin/Asistencia/index.tsx?t=1787530428254:126
[   25894ms] [LOG] undefined @ http://restaurant21.lobytech.test:3002/src/components/Modal/Admin/Asistencia/index.tsx?t=1787530428254:162
[   25894ms] [LOG]  @ http://restaurant21.lobytech.test:3002/src/components/Modal/Admin/Asistencia/index.tsx?t=1787530428254:163
[   25895ms] [LOG] 844 @ http://restaurant21.lobytech.test:3002/src/components/Modal/Admin/Asistencia/index.tsx?t=1787530428254:202
[   25895ms] [LOG] 390 @ http://restaurant21.lobytech.test:3002/src/components/Modal/Admin/Asistencia/index.tsx?t=1787530428254:203
[   25895ms] [LOG] [] @ http://restaurant21.lobytech.test:3002/src/components/Modal/Admin/Fichas/index.tsx?t=1787493067224:37
[   25896ms] [LOG] [] @ http://restaurant21.lobytech.test:3002/src/components/Modal/Admin/Fichas/index.tsx?t=1787493067224:38
[   25896ms] [LOG] null @ http://restaurant21.lobytech.test:3002/src/components/Modal/Admin/Fichas/index.tsx?t=1787493067224:39
[   25896ms] [LOG] 844 @ http://restaurant21.lobytech.test:3002/src/components/Modal/Admin/Fichas/index.tsx?t=1787493067224:47
[   25896ms] [LOG] 844 @ http://restaurant21.lobytech.test:3002/src/components/Modal/Admin/Fichas/index.tsx?t=1787493067224:48
[   26033ms] [LOG] {code: 1, message: Success, data: Array(0), status: 200} @ http://restaurant21.lobytech.test:3002/src/redux/reducers/Admin/asistencia/asistencia.reducer.ts:196
[   26035ms] [LOG] [] @ http://restaurant21.lobytech.test:3002/src/presentation/views/Modules/Admin/Views/Asistencia/index.tsx?t=1787530456087:46
[   26035ms] [LOG] Sun Aug 23 2026 00:00:00 GMT-0500 (hora estándar de Perú) @ http://restaurant21.lobytech.test:3002/src/presentation/views/Modules/Admin/Views/Asistencia/index.tsx?t=1787530456087:115
[   26035ms] [LOG] {turno: Turno Especial, diaSemana: 0} @ http://restaurant21.lobytech.test:3002/src/presentation/views/Modules/Admin/Views/Asistencia/index.tsx?t=1787530456087:129
[   26036ms] [LOG] Sun Aug 23 2026 00:00:00 GMT-0500 (hora estándar de Perú) @ http://restaurant21.lobytech.test:3002/src/presentation/views/Modules/Admin/Views/Asistencia/index.tsx?t=1787530456087:115
[   26036ms] [LOG] Sun Aug 23 2026 00:00:00 GMT-0500 (hora estándar de Perú) @ http://restaurant21.lobytech.test:3002/src/presentation/views/Modules/Admin/Views/Asistencia/index.tsx?t=1787530456087:115
[   26036ms] [LOG] [] @ http://restaurant21.lobytech.test:3002/src/presentation/views/Modules/Admin/Views/Asistencia/index.tsx?t=1787530456087:198
[   26036ms] [LOG] false @ http://restaurant21.lobytech.test:3002/src/components/Toggle/index.tsx:24
[   26036ms] [LOG] () => {
    if (diaSemana === 0) {
      setCheckedTurno(false);
    } else {
      setCheckedTurno(!isTurno);
    }
  } @ http://restaurant21.lobytech.test:3002/src/components/Toggle/index.tsx:25
[   26039ms] [LOG] null @ http://restaurant21.lobytech.test:3002/src/presentation/views/Modules/Admin/Views/Asistencia/Dropdown/index.tsx?t=1787493067224:68
[   26039ms] [LOG] null @ http://restaurant21.lobytech.test:3002/src/presentation/views/Modules/Admin/Views/Asistencia/Dropdown/index.tsx?t=1787493067224:68
[   26040ms] [LOG] null @ http://restaurant21.lobytech.test:3002/src/presentation/views/Modules/Admin/Views/Asistencia/Dropdown/index.tsx?t=1787493067224:68
[   26040ms] [LOG] null @ http://restaurant21.lobytech.test:3002/src/presentation/views/Modules/Admin/Views/Asistencia/Dropdown/index.tsx?t=1787493067224:68
[   26041ms] [LOG] null @ http://restaurant21.lobytech.test:3002/src/presentation/views/Modules/Admin/Views/Asistencia/Dropdown/index.tsx?t=1787493067224:68
[   26041ms] [LOG] null @ http://restaurant21.lobytech.test:3002/src/presentation/views/Modules/Admin/Views/Asistencia/Dropdown/index.tsx?t=1787493067224:68
[   26042ms] [LOG] null @ http://restaurant21.lobytech.test:3002/src/presentation/views/Modules/Admin/Views/Asistencia/Dropdown/index.tsx?t=1787493067224:68
[   26042ms] [LOG] null @ http://restaurant21.lobytech.test:3002/src/presentation/views/Modules/Admin/Views/Asistencia/Dropdown/index.tsx?t=1787493067224:68
[   26042ms] [LOG] null @ http://restaurant21.lobytech.test:3002/src/presentation/views/Modules/Admin/Views/Asistencia/Dropdown/index.tsx?t=1787493067224:68
[   26043ms] [LOG] null @ http://restaurant21.lobytech.test:3002/src/presentation/views/Modules/Admin/Views/Asistencia/Dropdown/index.tsx?t=1787493067224:68
[   26043ms] [LOG] null @ http://restaurant21.lobytech.test:3002/src/presentation/views/Modules/Admin/Views/Asistencia/Dropdown/index.tsx?t=1787493067224:68
[   26043ms] [LOG] null @ http://restaurant21.lobytech.test:3002/src/presentation/views/Modules/Admin/Views/Asistencia/Dropdown/index.tsx?t=1787493067224:68
[   26044ms] [LOG] null @ http://restaurant21.lobytech.test:3002/src/presentation/views/Modules/Admin/Views/Asistencia/Dropdown/index.tsx?t=1787493067224:68
[   26044ms] [LOG] null @ http://restaurant21.lobytech.test:3002/src/presentation/views/Modules/Admin/Views/Asistencia/Dropdown/index.tsx?t=1787493067224:68
[   26045ms] [LOG] null @ http://restaurant21.lobytech.test:3002/src/presentation/views/Modules/Admin/Views/Asistencia/Dropdown/index.tsx?t=1787493067224:68
[   26045ms] [LOG] null @ http://restaurant21.lobytech.test:3002/src/presentation/views/Modules/Admin/Views/Asistencia/Dropdown/index.tsx?t=1787493067224:68
[   26046ms] [LOG] null @ http://restaurant21.lobytech.test:3002/src/presentation/views/Modules/Admin/Views/Asistencia/Dropdown/index.tsx?t=1787493067224:68
[   26046ms] [LOG] null @ http://restaurant21.lobytech.test:3002/src/presentation/views/Modules/Admin/Views/Asistencia/Dropdown/index.tsx?t=1787493067224:68
[   26047ms] [LOG] null @ http://restaurant21.lobytech.test:3002/src/presentation/views/Modules/Admin/Views/Asistencia/Dropdown/index.tsx?t=1787493067224:68
[   26047ms] [LOG] null @ http://restaurant21.lobytech.test:3002/src/presentation/views/Modules/Admin/Views/Asistencia/Dropdown/index.tsx?t=1787493067224:68
[   26047ms] [LOG] null @ http://restaurant21.lobytech.test:3002/src/presentation/views/Modules/Admin/Views/Asistencia/Dropdown/index.tsx?t=1787493067224:68
[   26048ms] [LOG] null @ http://restaurant21.lobytech.test:3002/src/presentation/views/Modules/Admin/Views/Asistencia/Dropdown/index.tsx?t=1787493067224:68
[   26048ms] [LOG] null @ http://restaurant21.lobytech.test:3002/src/presentation/views/Modules/Admin/Views/Asistencia/Dropdown/index.tsx?t=1787493067224:68
[   26049ms] [LOG] null @ http://restaurant21.lobytech.test:3002/src/presentation/views/Modules/Admin/Views/Asistencia/Dropdown/index.tsx?t=1787493067224:68
[   26049ms] [LOG] null @ http://restaurant21.lobytech.test:3002/src/presentation/views/Modules/Admin/Views/Asistencia/Dropdown/index.tsx?t=1787493067224:68
[   26050ms] [LOG] null @ http://restaurant21.lobytech.test:3002/src/presentation/views/Modules/Admin/Views/Asistencia/Dropdown/index.tsx?t=1787493067224:68
[   26050ms] [LOG] null @ http://restaurant21.lobytech.test:3002/src/presentation/views/Modules/Admin/Views/Asistencia/Dropdown/index.tsx?t=1787493067224:68
[   26051ms] [LOG] null @ http://restaurant21.lobytech.test:3002/src/presentation/views/Modules/Admin/Views/Asistencia/Dropdown/index.tsx?t=1787493067224:68
[   26051ms] [LOG] null @ http://restaurant21.lobytech.test:3002/src/presentation/views/Modules/Admin/Views/Asistencia/Dropdown/index.tsx?t=1787493067224:68
[   26052ms] [LOG] null @ http://restaurant21.lobytech.test:3002/src/presentation/views/Modules/Admin/Views/Asistencia/Dropdown/index.tsx?t=1787493067224:68
[   26052ms] [LOG] null @ http://restaurant21.lobytech.test:3002/src/presentation/views/Modules/Admin/Views/Asistencia/Dropdown/index.tsx?t=1787493067224:68
[   26053ms] [LOG] null @ http://restaurant21.lobytech.test:3002/src/presentation/views/Modules/Admin/Views/Asistencia/Dropdown/index.tsx?t=1787493067224:68
[   26053ms] [LOG] null @ http://restaurant21.lobytech.test:3002/src/presentation/views/Modules/Admin/Views/Asistencia/Dropdown/index.tsx?t=1787493067224:68
[   26054ms] [LOG] null @ http://restaurant21.lobytech.test:3002/src/presentation/views/Modules/Admin/Views/Asistencia/Dropdown/index.tsx?t=1787493067224:68
[   26054ms] [LOG] null @ http://restaurant21.lobytech.test:3002/src/presentation/views/Modules/Admin/Views/Asistencia/Dropdown/index.tsx?t=1787493067224:68
[   26055ms] [LOG] null @ http://restaurant21.lobytech.test:3002/src/presentation/views/Modules/Admin/Views/Asistencia/Dropdown/index.tsx?t=1787493067224:68
[   26055ms] [LOG] null @ http://restaurant21.lobytech.test:3002/src/presentation/views/Modules/Admin/Views/Asistencia/Dropdown/index.tsx?t=1787493067224:68
[   26056ms] [LOG] null @ http://restaurant21.lobytech.test:3002/src/presentation/views/Modules/Admin/Views/Asistencia/Dropdown/index.tsx?t=1787493067224:68
[   26056ms] [LOG] null @ http://restaurant21.lobytech.test:3002/src/presentation/views/Modules/Admin/Views/Asistencia/Dropdown/index.tsx?t=1787493067224:68
[   26057ms] [LOG] null @ http://restaurant21.lobytech.test:3002/src/presentation/views/Modules/Admin/Views/Asistencia/Dropdown/index.tsx?t=1787493067224:68
[   26057ms] [LOG] null @ http://restaurant21.lobytech.test:3002/src/presentation/views/Modules/Admin/Views/Asistencia/Dropdown/index.tsx?t=1787493067224:68
[   26058ms] [LOG] null @ http://restaurant21.lobytech.test:3002/src/presentation/views/Modules/Admin/Views/Asistencia/Dropdown/index.tsx?t=1787493067224:68
[   26058ms] [LOG] null @ http://restaurant21.lobytech.test:3002/src/presentation/views/Modules/Admin/Views/Asistencia/Dropdown/index.tsx?t=1787493067224:68
[   26059ms] [LOG] null @ http://restaurant21.lobytech.test:3002/src/presentation/views/Modules/Admin/Views/Asistencia/Dropdown/index.tsx?t=1787493067224:68
[   26059ms] [LOG] null @ http://restaurant21.lobytech.test:3002/src/presentation/views/Modules/Admin/Views/Asistencia/Dropdown/index.tsx?t=1787493067224:68
[   26060ms] [LOG] null @ http://restaurant21.lobytech.test:3002/src/presentation/views/Modules/Admin/Views/Asistencia/Dropdown/index.tsx?t=1787493067224:68
[   26060ms] [LOG] null @ http://restaurant21.lobytech.test:3002/src/presentation/views/Modules/Admin/Views/Asistencia/Dropdown/index.tsx?t=1787493067224:68
[   26060ms] [LOG] null @ http://restaurant21.lobytech.test:3002/src/presentation/views/Modules/Admin/Views/Asistencia/Dropdown/index.tsx?t=1787493067224:68
[   26061ms] [LOG] null @ http://restaurant21.lobytech.test:3002/src/presentation/views/Modules/Admin/Views/Asistencia/Dropdown/index.tsx?t=1787493067224:68
[   26061ms] [LOG] null @ http://restaurant21.lobytech.test:3002/src/presentation/views/Modules/Admin/Views/Asistencia/Dropdown/index.tsx?t=1787493067224:68
[   26062ms] [LOG] null @ http://restaurant21.lobytech.test:3002/src/presentation/views/Modules/Admin/Views/Asistencia/Dropdown/index.tsx?t=1787493067224:68
[   26063ms] [LOG] null @ http://restaurant21.lobytech.test:3002/src/presentation/views/Modules/Admin/Views/Asistencia/Dropdown/index.tsx?t=1787493067224:68
[   26064ms] [LOG] null @ http://restaurant21.lobytech.test:3002/src/presentation/views/Modules/Admin/Views/Asistencia/Dropdown/index.tsx?t=1787493067224:68
[   26064ms] [LOG] null @ http://restaurant21.lobytech.test:3002/src/presentation/views/Modules/Admin/Views/Asistencia/Dropdown/index.tsx?t=1787493067224:68
[   26064ms] [LOG] null @ http://restaurant21.lobytech.test:3002/src/presentation/views/Modules/Admin/Views/Asistencia/Dropdown/index.tsx?t=1787493067224:68
[   26065ms] [LOG] null @ http://restaurant21.lobytech.test:3002/src/presentation/views/Modules/Admin/Views/Asistencia/Dropdown/index.tsx?t=1787493067224:68
[   26065ms] [LOG] null @ http://restaurant21.lobytech.test:3002/src/presentation/views/Modules/Admin/Views/Asistencia/Dropdown/index.tsx?t=1787493067224:68
[   26066ms] [LOG] null @ http://restaurant21.lobytech.test:3002/src/presentation/views/Modules/Admin/Views/Asistencia/Dropdown/index.tsx?t=1787493067224:68
[   26066ms] [LOG] null @ http://restaurant21.lobytech.test:3002/src/presentation/views/Modules/Admin/Views/Asistencia/Dropdown/index.tsx?t=1787493067224:68
[   26067ms] [LOG] null @ http://restaurant21.lobytech.test:3002/src/presentation/views/Modules/Admin/Views/Asistencia/Dropdown/index.tsx?t=1787493067224:68
[   26067ms] [LOG] null @ http://restaurant21.lobytech.test:3002/src/presentation/views/Modules/Admin/Views/Asistencia/Dropdown/index.tsx?t=1787493067224:68
[   26067ms] [LOG] null @ http://restaurant21.lobytech.test:3002/src/presentation/views/Modules/Admin/Views/Asistencia/Dropdown/index.tsx?t=1787493067224:68
[   26068ms] [LOG] null @ http://restaurant21.lobytech.test:3002/src/presentation/views/Modules/Admin/Views/Asistencia/Dropdown/index.tsx?t=1787493067224:68
[   26068ms] [LOG] null @ http://restaurant21.lobytech.test:3002/src/presentation/views/Modules/Admin/Views/Asistencia/Dropdown/index.tsx?t=1787493067224:68
[   26069ms] [LOG] null @ http://restaurant21.lobytech.test:3002/src/presentation/views/Modules/Admin/Views/Asistencia/Dropdown/index.tsx?t=1787493067224:68
[   26069ms] [LOG] null @ http://restaurant21.lobytech.test:3002/src/presentation/views/Modules/Admin/Views/Asistencia/Dropdown/index.tsx?t=1787493067224:68
[   26070ms] [LOG] [Object, Object, Object, Object, Object, Object, Object, Object, Object, Object, Object, Object, Object, Object, Object, Object, Object, Object, Object, Object, Object, Object, Object, Object, Object, Object, Object, Object, Object, Object, Object, Object, Object, Object, Object, Object, Object, Object, Object, Object, Object, Object, Object, Object, Object, Object, Object, Object, Object, Object, Object, Object, Object, Object, Object, Object, Object, Object, Object, Object, Object, Object, Object, Object, Object, Object] @ http://restaurant21.lobytech.test:3002/src/components/Modal/Admin/Asistencia/index.tsx?t=1787530428254:43
[   26071ms] [LOG] [] @ http://restaurant21.lobytech.test:3002/src/components/Modal/Admin/Asistencia/index.tsx?t=1787530428254:50
[   26071ms] [LOG] Sun Aug 23 2026 00:00:00 GMT-0500 (hora estándar de Perú) @ http://restaurant21.lobytech.test:3002/src/components/Modal/Admin/Asistencia/index.tsx?t=1787530428254:79
[   26071ms] [LOG] 1 @ http://restaurant21.lobytech.test:3002/src/components/Modal/Admin/Asistencia/index.tsx?t=1787530428254:95
[   26071ms] [LOG] {habitacionId: 0, habitacion: , anfitrionaId: 0, anfitriona: , turno: } @ http://restaurant21.lobytech.test:3002/src/components/Modal/Admin/Asistencia/index.tsx?t=1787530428254:108
[   26071ms] [LOG] [] @ http://restaurant21.lobytech.test:3002/src/components/Modal/Admin/Asistencia/index.tsx?t=1787530428254:110
[   26072ms] [LOG] 0 @ http://restaurant21.lobytech.test:3002/src/components/Modal/Admin/Asistencia/index.tsx?t=1787530428254:126
[   26072ms] [LOG] undefined @ http://restaurant21.lobytech.test:3002/src/components/Modal/Admin/Asistencia/index.tsx?t=1787530428254:162
[   26072ms] [LOG]  @ http://restaurant21.lobytech.test:3002/src/components/Modal/Admin/Asistencia/index.tsx?t=1787530428254:163
[   26072ms] [LOG] 844 @ http://restaurant21.lobytech.test:3002/src/components/Modal/Admin/Asistencia/index.tsx?t=1787530428254:202
[   26073ms] [LOG] 390 @ http://restaurant21.lobytech.test:3002/src/components/Modal/Admin/Asistencia/index.tsx?t=1787530428254:203
[   26073ms] [LOG] [] @ http://restaurant21.lobytech.test:3002/src/components/Modal/Admin/Fichas/index.tsx?t=1787493067224:37
[   26074ms] [LOG] [] @ http://restaurant21.lobytech.test:3002/src/components/Modal/Admin/Fichas/index.tsx?t=1787493067224:38
[   26074ms] [LOG] null @ http://restaurant21.lobytech.test:3002/src/components/Modal/Admin/Fichas/index.tsx?t=1787493067224:39
[   26074ms] [LOG] 844 @ http://restaurant21.lobytech.test:3002/src/components/Modal/Admin/Fichas/index.tsx?t=1787493067224:47
[   26074ms] [LOG] 844 @ http://restaurant21.lobytech.test:3002/src/components/Modal/Admin/Fichas/index.tsx?t=1787493067224:48
[   26222ms] [LOG] {code: 1, message: Success, data: Object, status: 200} @ http://restaurant21.lobytech.test:3002/src/redux/reducers/Admin/clientes-proveedores/clientesProveedoresAnfitrionas.reducer.ts:250
[   26223ms] [LOG] [Object, Object, Object, Object, Object, Object, Object, Object, Object, Object, Object, Object, Object, Object, Object, Object, Object, Object, Object, Object, Object, Object, Object, Object, Object, Object, Object, Object, Object, Object, Object, Object, Object, Object, Object, Object, Object, Object, Object, Object, Object, Object, Object, Object, Object, Object, Object, Object, Object, Object, Object, Object, Object, Object, Object, Object, Object, Object, Object, Object, Object, Object, Object, Object, Object, Object] @ http://restaurant21.lobytech.test:3002/src/components/Modal/Admin/Asistencia/index.tsx?t=1787530428254:43
[   26223ms] [LOG] [] @ http://restaurant21.lobytech.test:3002/src/components/Modal/Admin/Asistencia/index.tsx?t=1787530428254:50
[   26223ms] [LOG] Sun Aug 23 2026 00:00:00 GMT-0500 (hora estándar de Perú) @ http://restaurant21.lobytech.test:3002/src/components/Modal/Admin/Asistencia/index.tsx?t=1787530428254:79
[   26224ms] [LOG] 1 @ http://restaurant21.lobytech.test:3002/src/components/Modal/Admin/Asistencia/index.tsx?t=1787530428254:95
[   26224ms] [LOG] {habitacionId: 0, habitacion: , anfitrionaId: 0, anfitriona: , turno: } @ http://restaurant21.lobytech.test:3002/src/components/Modal/Admin/Asistencia/index.tsx?t=1787530428254:108
[   26224ms] [LOG] [] @ http://restaurant21.lobytech.test:3002/src/components/Modal/Admin/Asistencia/index.tsx?t=1787530428254:110
[   26224ms] [LOG] 0 @ http://restaurant21.lobytech.test:3002/src/components/Modal/Admin/Asistencia/index.tsx?t=1787530428254:126
[   26224ms] [LOG] undefined @ http://restaurant21.lobytech.test:3002/src/components/Modal/Admin/Asistencia/index.tsx?t=1787530428254:162
[   26224ms] [LOG]  @ http://restaurant21.lobytech.test:3002/src/components/Modal/Admin/Asistencia/index.tsx?t=1787530428254:163
[   26225ms] [LOG] 844 @ http://restaurant21.lobytech.test:3002/src/components/Modal/Admin/Asistencia/index.tsx?t=1787530428254:202
[   26225ms] [LOG] 390 @ http://restaurant21.lobytech.test:3002/src/components/Modal/Admin/Asistencia/index.tsx?t=1787530428254:203
[   26227ms] [ERROR] Failed to load resource: the server responded with a status of 404 (Not Found) @ http://localhost:5002/api/productos/listar?CategoriaId=2&GrupoId=16&Value=&Page=1&Amount=100:0
[   26227ms] [LOG] AxiosError @ http://restaurant21.lobytech.test:3002/src/utils/axios.ts:19
[   26227ms] [LOG] AxiosError @ http://restaurant21.lobytech.test:3002/src/redux/reducers/Admin/productos/producto.reducer.ts:364
[   26228ms] [LOG] [Object, Object, Object, Object, Object, Object, Object, Object, Object, Object, Object, Object, Object, Object, Object, Object, Object, Object, Object, Object, Object, Object, Object, Object, Object, Object, Object, Object, Object, Object, Object, Object, Object, Object, Object, Object, Object, Object, Object, Object, Object, Object, Object, Object, Object, Object, Object, Object, Object, Object, Object, Object, Object, Object, Object, Object, Object, Object, Object, Object, Object, Object, Object, Object, Object, Object] @ http://restaurant21.lobytech.test:3002/src/components/Modal/Admin/Asistencia/index.tsx?t=1787530428254:43
[   26228ms] [LOG] [] @ http://restaurant21.lobytech.test:3002/src/components/Modal/Admin/Asistencia/index.tsx?t=1787530428254:50
[   26229ms] [LOG] Sun Aug 23 2026 00:00:00 GMT-0500 (hora estándar de Perú) @ http://restaurant21.lobytech.test:3002/src/components/Modal/Admin/Asistencia/index.tsx?t=1787530428254:79
[   26229ms] [LOG] 1 @ http://restaurant21.lobytech.test:3002/src/components/Modal/Admin/Asistencia/index.tsx?t=1787530428254:95
[   26229ms] [LOG] {habitacionId: 0, habitacion: , anfitrionaId: 0, anfitriona: , turno: } @ http://restaurant21.lobytech.test:3002/src/components/Modal/Admin/Asistencia/index.tsx?t=1787530428254:108
[   26229ms] [LOG] [] @ http://restaurant21.lobytech.test:3002/src/components/Modal/Admin/Asistencia/index.tsx?t=1787530428254:110
[   26229ms] [LOG] 0 @ http://restaurant21.lobytech.test:3002/src/components/Modal/Admin/Asistencia/index.tsx?t=1787530428254:126
[   26229ms] [LOG] undefined @ http://restaurant21.lobytech.test:3002/src/components/Modal/Admin/Asistencia/index.tsx?t=1787530428254:162
[   26229ms] [LOG]  @ http://restaurant21.lobytech.test:3002/src/components/Modal/Admin/Asistencia/index.tsx?t=1787530428254:163
[   26230ms] [LOG] 844 @ http://restaurant21.lobytech.test:3002/src/components/Modal/Admin/Asistencia/index.tsx?t=1787530428254:202
[   26230ms] [LOG] 390 @ http://restaurant21.lobytech.test:3002/src/components/Modal/Admin/Asistencia/index.tsx?t=1787530428254:203
[   26417ms] [LOG] {code: 1, message: Success, data: Array(66), status: 200} @ http://restaurant21.lobytech.test:3002/src/redux/reducers/Admin/asistencia/asistencia.reducer.ts:222
[   26418ms] [LOG] [] @ http://restaurant21.lobytech.test:3002/src/presentation/views/Modules/Admin/Views/Asistencia/index.tsx?t=1787530456087:46
[   26418ms] [LOG] Sun Aug 23 2026 00:00:00 GMT-0500 (hora estándar de Perú) @ http://restaurant21.lobytech.test:3002/src/presentation/views/Modules/Admin/Views/Asistencia/index.tsx?t=1787530456087:115
[   26419ms] [LOG] {turno: Turno Especial, diaSemana: 0} @ http://restaurant21.lobytech.test:3002/src/presentation/views/Modules/Admin/Views/Asistencia/index.tsx?t=1787530456087:129
[   26420ms] [LOG] Sun Aug 23 2026 00:00:00 GMT-0500 (hora estándar de Perú) @ http://restaurant21.lobytech.test:3002/src/presentation/views/Modules/Admin/Views/Asistencia/index.tsx?t=1787530456087:115
[   26420ms] [LOG] Sun Aug 23 2026 00:00:00 GMT-0500 (hora estándar de Perú) @ http://restaurant21.lobytech.test:3002/src/presentation/views/Modules/Admin/Views/Asistencia/index.tsx?t=1787530456087:115
[   26420ms] [LOG] [] @ http://restaurant21.lobytech.test:3002/src/presentation/views/Modules/Admin/Views/Asistencia/index.tsx?t=1787530456087:198
[   26421ms] [LOG] false @ http://restaurant21.lobytech.test:3002/src/components/Toggle/index.tsx:24
[   26421ms] [LOG] () => {
    if (diaSemana === 0) {
      setCheckedTurno(false);
    } else {
      setCheckedTurno(!isTurno);
    }
  } @ http://restaurant21.lobytech.test:3002/src/components/Toggle/index.tsx:25
[   26423ms] [LOG] null @ http://restaurant21.lobytech.test:3002/src/presentation/views/Modules/Admin/Views/Asistencia/Dropdown/index.tsx?t=1787493067224:68
[   26424ms] [LOG] null @ http://restaurant21.lobytech.test:3002/src/presentation/views/Modules/Admin/Views/Asistencia/Dropdown/index.tsx?t=1787493067224:68
[   26425ms] [LOG] null @ http://restaurant21.lobytech.test:3002/src/presentation/views/Modules/Admin/Views/Asistencia/Dropdown/index.tsx?t=1787493067224:68
[   26425ms] [LOG] null @ http://restaurant21.lobytech.test:3002/src/presentation/views/Modules/Admin/Views/Asistencia/Dropdown/index.tsx?t=1787493067224:68
[   26426ms] [LOG] null @ http://restaurant21.lobytech.test:3002/src/presentation/views/Modules/Admin/Views/Asistencia/Dropdown/index.tsx?t=1787493067224:68
[   26426ms] [LOG] null @ http://restaurant21.lobytech.test:3002/src/presentation/views/Modules/Admin/Views/Asistencia/Dropdown/index.tsx?t=1787493067224:68
[   26427ms] [LOG] null @ http://restaurant21.lobytech.test:3002/src/presentation/views/Modules/Admin/Views/Asistencia/Dropdown/index.tsx?t=1787493067224:68
[   26428ms] [LOG] null @ http://restaurant21.lobytech.test:3002/src/presentation/views/Modules/Admin/Views/Asistencia/Dropdown/index.tsx?t=1787493067224:68
[   26428ms] [LOG] null @ http://restaurant21.lobytech.test:3002/src/presentation/views/Modules/Admin/Views/Asistencia/Dropdown/index.tsx?t=1787493067224:68
[   26429ms] [LOG] null @ http://restaurant21.lobytech.test:3002/src/presentation/views/Modules/Admin/Views/Asistencia/Dropdown/index.tsx?t=1787493067224:68
[   26429ms] [LOG] null @ http://restaurant21.lobytech.test:3002/src/presentation/views/Modules/Admin/Views/Asistencia/Dropdown/index.tsx?t=1787493067224:68
[   26430ms] [LOG] null @ http://restaurant21.lobytech.test:3002/src/presentation/views/Modules/Admin/Views/Asistencia/Dropdown/index.tsx?t=1787493067224:68
[   26430ms] [LOG] null @ http://restaurant21.lobytech.test:3002/src/presentation/views/Modules/Admin/Views/Asistencia/Dropdown/index.tsx?t=1787493067224:68
[   26431ms] [LOG] null @ http://restaurant21.lobytech.test:3002/src/presentation/views/Modules/Admin/Views/Asistencia/Dropdown/index.tsx?t=1787493067224:68
[   26431ms] [LOG] null @ http://restaurant21.lobytech.test:3002/src/presentation/views/Modules/Admin/Views/Asistencia/Dropdown/index.tsx?t=1787493067224:68
[   26432ms] [LOG] null @ http://restaurant21.lobytech.test:3002/src/presentation/views/Modules/Admin/Views/Asistencia/Dropdown/index.tsx?t=1787493067224:68
[   26432ms] [LOG] null @ http://restaurant21.lobytech.test:3002/src/presentation/views/Modules/Admin/Views/Asistencia/Dropdown/index.tsx?t=1787493067224:68
[   26432ms] [LOG] null @ http://restaurant21.lobytech.test:3002/src/presentation/views/Modules/Admin/Views/Asistencia/Dropdown/index.tsx?t=1787493067224:68
[   26433ms] [LOG] null @ http://restaurant21.lobytech.test:3002/src/presentation/views/Modules/Admin/Views/Asistencia/Dropdown/index.tsx?t=1787493067224:68
[   26433ms] [LOG] null @ http://restaurant21.lobytech.test:3002/src/presentation/views/Modules/Admin/Views/Asistencia/Dropdown/index.tsx?t=1787493067224:68
[   26434ms] [LOG] null @ http://restaurant21.lobytech.test:3002/src/presentation/views/Modules/Admin/Views/Asistencia/Dropdown/index.tsx?t=1787493067224:68
[   26435ms] [LOG] null @ http://restaurant21.lobytech.test:3002/src/presentation/views/Modules/Admin/Views/Asistencia/Dropdown/index.tsx?t=1787493067224:68
[   26436ms] [LOG] null @ http://restaurant21.lobytech.test:3002/src/presentation/views/Modules/Admin/Views/Asistencia/Dropdown/index.tsx?t=1787493067224:68
[   26436ms] [LOG] null @ http://restaurant21.lobytech.test:3002/src/presentation/views/Modules/Admin/Views/Asistencia/Dropdown/index.tsx?t=1787493067224:68
[   26437ms] [LOG] null @ http://restaurant21.lobytech.test:3002/src/presentation/views/Modules/Admin/Views/Asistencia/Dropdown/index.tsx?t=1787493067224:68
[   26437ms] [LOG] null @ http://restaurant21.lobytech.test:3002/src/presentation/views/Modules/Admin/Views/Asistencia/Dropdown/index.tsx?t=1787493067224:68
[   26438ms] [LOG] null @ http://restaurant21.lobytech.test:3002/src/presentation/views/Modules/Admin/Views/Asistencia/Dropdown/index.tsx?t=1787493067224:68
[   26438ms] [LOG] null @ http://restaurant21.lobytech.test:3002/src/presentation/views/Modules/Admin/Views/Asistencia/Dropdown/index.tsx?t=1787493067224:68
[   26439ms] [LOG] null @ http://restaurant21.lobytech.test:3002/src/presentation/views/Modules/Admin/Views/Asistencia/Dropdown/index.tsx?t=1787493067224:68
[   26439ms] [LOG] null @ http://restaurant21.lobytech.test:3002/src/presentation/views/Modules/Admin/Views/Asistencia/Dropdown/index.tsx?t=1787493067224:68
[   26440ms] [LOG] null @ http://restaurant21.lobytech.test:3002/src/presentation/views/Modules/Admin/Views/Asistencia/Dropdown/index.tsx?t=1787493067224:68
[   26441ms] [LOG] null @ http://restaurant21.lobytech.test:3002/src/presentation/views/Modules/Admin/Views/Asistencia/Dropdown/index.tsx?t=1787493067224:68
[   26441ms] [LOG] null @ http://restaurant21.lobytech.test:3002/src/presentation/views/Modules/Admin/Views/Asistencia/Dropdown/index.tsx?t=1787493067224:68
[   26442ms] [LOG] null @ http://restaurant21.lobytech.test:3002/src/presentation/views/Modules/Admin/Views/Asistencia/Dropdown/index.tsx?t=1787493067224:68
[   26442ms] [LOG] null @ http://restaurant21.lobytech.test:3002/src/presentation/views/Modules/Admin/Views/Asistencia/Dropdown/index.tsx?t=1787493067224:68
[   26442ms] [LOG] null @ http://restaurant21.lobytech.test:3002/src/presentation/views/Modules/Admin/Views/Asistencia/Dropdown/index.tsx?t=1787493067224:68
[   26443ms] [LOG] null @ http://restaurant21.lobytech.test:3002/src/presentation/views/Modules/Admin/Views/Asistencia/Dropdown/index.tsx?t=1787493067224:68
[   26443ms] [LOG] null @ http://restaurant21.lobytech.test:3002/src/presentation/views/Modules/Admin/Views/Asistencia/Dropdown/index.tsx?t=1787493067224:68
[   26443ms] [LOG] null @ http://restaurant21.lobytech.test:3002/src/presentation/views/Modules/Admin/Views/Asistencia/Dropdown/index.tsx?t=1787493067224:68
[   26444ms] [LOG] null @ http://restaurant21.lobytech.test:3002/src/presentation/views/Modules/Admin/Views/Asistencia/Dropdown/index.tsx?t=1787493067224:68
[   26444ms] [LOG] null @ http://restaurant21.lobytech.test:3002/src/presentation/views/Modules/Admin/Views/Asistencia/Dropdown/index.tsx?t=1787493067224:68
[   26445ms] [LOG] null @ http://restaurant21.lobytech.test:3002/src/presentation/views/Modules/Admin/Views/Asistencia/Dropdown/index.tsx?t=1787493067224:68
[   26445ms] [LOG] null @ http://restaurant21.lobytech.test:3002/src/presentation/views/Modules/Admin/Views/Asistencia/Dropdown/index.tsx?t=1787493067224:68
[   26446ms] [LOG] null @ http://restaurant21.lobytech.test:3002/src/presentation/views/Modules/Admin/Views/Asistencia/Dropdown/index.tsx?t=1787493067224:68
[   26447ms] [LOG] null @ http://restaurant21.lobytech.test:3002/src/presentation/views/Modules/Admin/Views/Asistencia/Dropdown/index.tsx?t=1787493067224:68
[   26447ms] [LOG] null @ http://restaurant21.lobytech.test:3002/src/presentation/views/Modules/Admin/Views/Asistencia/Dropdown/index.tsx?t=1787493067224:68
[   26448ms] [LOG] null @ http://restaurant21.lobytech.test:3002/src/presentation/views/Modules/Admin/Views/Asistencia/Dropdown/index.tsx?t=1787493067224:68
[   26448ms] [LOG] null @ http://restaurant21.lobytech.test:3002/src/presentation/views/Modules/Admin/Views/Asistencia/Dropdown/index.tsx?t=1787493067224:68
[   26449ms] [LOG] null @ http://restaurant21.lobytech.test:3002/src/presentation/views/Modules/Admin/Views/Asistencia/Dropdown/index.tsx?t=1787493067224:68
[   26449ms] [LOG] null @ http://restaurant21.lobytech.test:3002/src/presentation/views/Modules/Admin/Views/Asistencia/Dropdown/index.tsx?t=1787493067224:68
[   26449ms] [LOG] null @ http://restaurant21.lobytech.test:3002/src/presentation/views/Modules/Admin/Views/Asistencia/Dropdown/index.tsx?t=1787493067224:68
[   26450ms] [LOG] null @ http://restaurant21.lobytech.test:3002/src/presentation/views/Modules/Admin/Views/Asistencia/Dropdown/index.tsx?t=1787493067224:68
[   26450ms] [LOG] null @ http://restaurant21.lobytech.test:3002/src/presentation/views/Modules/Admin/Views/Asistencia/Dropdown/index.tsx?t=1787493067224:68
[   26451ms] [LOG] null @ http://restaurant21.lobytech.test:3002/src/presentation/views/Modules/Admin/Views/Asistencia/Dropdown/index.tsx?t=1787493067224:68
[   26452ms] [LOG] null @ http://restaurant21.lobytech.test:3002/src/presentation/views/Modules/Admin/Views/Asistencia/Dropdown/index.tsx?t=1787493067224:68
[   26453ms] [LOG] null @ http://restaurant21.lobytech.test:3002/src/presentation/views/Modules/Admin/Views/Asistencia/Dropdown/index.tsx?t=1787493067224:68
[   26453ms] [LOG] null @ http://restaurant21.lobytech.test:3002/src/presentation/views/Modules/Admin/Views/Asistencia/Dropdown/index.tsx?t=1787493067224:68
[   26454ms] [LOG] null @ http://restaurant21.lobytech.test:3002/src/presentation/views/Modules/Admin/Views/Asistencia/Dropdown/index.tsx?t=1787493067224:68
[   26454ms] [LOG] null @ http://restaurant21.lobytech.test:3002/src/presentation/views/Modules/Admin/Views/Asistencia/Dropdown/index.tsx?t=1787493067224:68
[   26454ms] [LOG] null @ http://restaurant21.lobytech.test:3002/src/presentation/views/Modules/Admin/Views/Asistencia/Dropdown/index.tsx?t=1787493067224:68
[   26455ms] [LOG] null @ http://restaurant21.lobytech.test:3002/src/presentation/views/Modules/Admin/Views/Asistencia/Dropdown/index.tsx?t=1787493067224:68
[   26455ms] [LOG] null @ http://restaurant21.lobytech.test:3002/src/presentation/views/Modules/Admin/Views/Asistencia/Dropdown/index.tsx?t=1787493067224:68
[   26455ms] [LOG] null @ http://restaurant21.lobytech.test:3002/src/presentation/views/Modules/Admin/Views/Asistencia/Dropdown/index.tsx?t=1787493067224:68
[   26456ms] [LOG] null @ http://restaurant21.lobytech.test:3002/src/presentation/views/Modules/Admin/Views/Asistencia/Dropdown/index.tsx?t=1787493067224:68
[   26456ms] [LOG] null @ http://restaurant21.lobytech.test:3002/src/presentation/views/Modules/Admin/Views/Asistencia/Dropdown/index.tsx?t=1787493067224:68
[   26456ms] [LOG] null @ http://restaurant21.lobytech.test:3002/src/presentation/views/Modules/Admin/Views/Asistencia/Dropdown/index.tsx?t=1787493067224:68
[   26456ms] [LOG] [Object, Object, Object, Object, Object, Object, Object, Object, Object, Object, Object, Object, Object, Object, Object, Object, Object, Object, Object, Object, Object, Object, Object, Object, Object, Object, Object, Object, Object, Object, Object, Object, Object, Object, Object, Object, Object, Object, Object, Object, Object, Object, Object, Object, Object, Object, Object, Object, Object, Object, Object, Object, Object, Object, Object, Object, Object, Object, Object, Object, Object, Object, Object, Object, Object, Object] @ http://restaurant21.lobytech.test:3002/src/components/Modal/Admin/Asistencia/index.tsx?t=1787530428254:43
[   26457ms] [LOG] [] @ http://restaurant21.lobytech.test:3002/src/components/Modal/Admin/Asistencia/index.tsx?t=1787530428254:50
[   26457ms] [LOG] Sun Aug 23 2026 00:00:00 GMT-0500 (hora estándar de Perú) @ http://restaurant21.lobytech.test:3002/src/components/Modal/Admin/Asistencia/index.tsx?t=1787530428254:79
[   26457ms] [LOG] 1 @ http://restaurant21.lobytech.test:3002/src/components/Modal/Admin/Asistencia/index.tsx?t=1787530428254:95
[   26458ms] [LOG] {habitacionId: 0, habitacion: , anfitrionaId: 0, anfitriona: , turno: } @ http://restaurant21.lobytech.test:3002/src/components/Modal/Admin/Asistencia/index.tsx?t=1787530428254:108
[   26458ms] [LOG] [] @ http://restaurant21.lobytech.test:3002/src/components/Modal/Admin/Asistencia/index.tsx?t=1787530428254:110
[   26458ms] [LOG] 0 @ http://restaurant21.lobytech.test:3002/src/components/Modal/Admin/Asistencia/index.tsx?t=1787530428254:126
[   26458ms] [LOG] undefined @ http://restaurant21.lobytech.test:3002/src/components/Modal/Admin/Asistencia/index.tsx?t=1787530428254:162
[   26458ms] [LOG]  @ http://restaurant21.lobytech.test:3002/src/components/Modal/Admin/Asistencia/index.tsx?t=1787530428254:163
[   26459ms] [LOG] 844 @ http://restaurant21.lobytech.test:3002/src/components/Modal/Admin/Asistencia/index.tsx?t=1787530428254:202
[   26459ms] [LOG] 390 @ http://restaurant21.lobytech.test:3002/src/components/Modal/Admin/Asistencia/index.tsx?t=1787530428254:203
[   26459ms] [LOG] [] @ http://restaurant21.lobytech.test:3002/src/components/Modal/Admin/Fichas/index.tsx?t=1787493067224:37
[   26460ms] [LOG] [] @ http://restaurant21.lobytech.test:3002/src/components/Modal/Admin/Fichas/index.tsx?t=1787493067224:38
[   26460ms] [LOG] null @ http://restaurant21.lobytech.test:3002/src/components/Modal/Admin/Fichas/index.tsx?t=1787493067224:39
[   26460ms] [LOG] 844 @ http://restaurant21.lobytech.test:3002/src/components/Modal/Admin/Fichas/index.tsx?t=1787493067224:47
[   26460ms] [LOG] 844 @ http://restaurant21.lobytech.test:3002/src/components/Modal/Admin/Fichas/index.tsx?t=1787493067224:48
[   29720ms] [LOG] [] @ http://restaurant21.lobytech.test:3002/src/presentation/views/Modules/Admin/Views/Asistencia/index.tsx?t=1787530460165:46
[   29721ms] [LOG] Sun Aug 23 2026 00:00:00 GMT-0500 (hora estándar de Perú) @ http://restaurant21.lobytech.test:3002/src/presentation/views/Modules/Admin/Views/Asistencia/index.tsx?t=1787530460165:115
[   29721ms] [LOG] {turno: Turno Especial, diaSemana: 0} @ http://restaurant21.lobytech.test:3002/src/presentation/views/Modules/Admin/Views/Asistencia/index.tsx?t=1787530460165:129
[   29722ms] [LOG] Sun Aug 23 2026 00:00:00 GMT-0500 (hora estándar de Perú) @ http://restaurant21.lobytech.test:3002/src/presentation/views/Modules/Admin/Views/Asistencia/index.tsx?t=1787530460165:115
[   29722ms] [LOG] Sun Aug 23 2026 00:00:00 GMT-0500 (hora estándar de Perú) @ http://restaurant21.lobytech.test:3002/src/presentation/views/Modules/Admin/Views/Asistencia/index.tsx?t=1787530460165:115
[   29722ms] [LOG] [] @ http://restaurant21.lobytech.test:3002/src/presentation/views/Modules/Admin/Views/Asistencia/index.tsx?t=1787530460165:198
[   29723ms] [LOG] false @ http://restaurant21.lobytech.test:3002/src/components/Toggle/index.tsx:24
[   29723ms] [LOG] () => {
    if (diaSemana === 0) {
      setCheckedTurno(false);
    } else {
      setCheckedTurno(!isTurno);
    }
  } @ http://restaurant21.lobytech.test:3002/src/components/Toggle/index.tsx:25
[   29726ms] [LOG] null @ http://restaurant21.lobytech.test:3002/src/presentation/views/Modules/Admin/Views/Asistencia/Dropdown/index.tsx?t=1787493067224:68
[   29727ms] [LOG] null @ http://restaurant21.lobytech.test:3002/src/presentation/views/Modules/Admin/Views/Asistencia/Dropdown/index.tsx?t=1787493067224:68
[   29728ms] [LOG] null @ http://restaurant21.lobytech.test:3002/src/presentation/views/Modules/Admin/Views/Asistencia/Dropdown/index.tsx?t=1787493067224:68
[   29728ms] [LOG] null @ http://restaurant21.lobytech.test:3002/src/presentation/views/Modules/Admin/Views/Asistencia/Dropdown/index.tsx?t=1787493067224:68
[   29729ms] [LOG] null @ http://restaurant21.lobytech.test:3002/src/presentation/views/Modules/Admin/Views/Asistencia/Dropdown/index.tsx?t=1787493067224:68
[   29729ms] [LOG] null @ http://restaurant21.lobytech.test:3002/src/presentation/views/Modules/Admin/Views/Asistencia/Dropdown/index.tsx?t=1787493067224:68
[   29730ms] [LOG] null @ http://restaurant21.lobytech.test:3002/src/presentation/views/Modules/Admin/Views/Asistencia/Dropdown/index.tsx?t=1787493067224:68
[   29730ms] [LOG] null @ http://restaurant21.lobytech.test:3002/src/presentation/views/Modules/Admin/Views/Asistencia/Dropdown/index.tsx?t=1787493067224:68
[   29730ms] [LOG] null @ http://restaurant21.lobytech.test:3002/src/presentation/views/Modules/Admin/Views/Asistencia/Dropdown/index.tsx?t=1787493067224:68
[   29731ms] [LOG] null @ http://restaurant21.lobytech.test:3002/src/presentation/views/Modules/Admin/Views/Asistencia/Dropdown/index.tsx?t=1787493067224:68
[   29732ms] [LOG] null @ http://restaurant21.lobytech.test:3002/src/presentation/views/Modules/Admin/Views/Asistencia/Dropdown/index.tsx?t=1787493067224:68
[   29732ms] [LOG] null @ http://restaurant21.lobytech.test:3002/src/presentation/views/Modules/Admin/Views/Asistencia/Dropdown/index.tsx?t=1787493067224:68
[   29733ms] [LOG] null @ http://restaurant21.lobytech.test:3002/src/presentation/views/Modules/Admin/Views/Asistencia/Dropdown/index.tsx?t=1787493067224:68
[   29733ms] [LOG] null @ http://restaurant21.lobytech.test:3002/src/presentation/views/Modules/Admin/Views/Asistencia/Dropdown/index.tsx?t=1787493067224:68
[   29734ms] [LOG] null @ http://restaurant21.lobytech.test:3002/src/presentation/views/Modules/Admin/Views/Asistencia/Dropdown/index.tsx?t=1787493067224:68
[   29734ms] [LOG] null @ http://restaurant21.lobytech.test:3002/src/presentation/views/Modules/Admin/Views/Asistencia/Dropdown/index.tsx?t=1787493067224:68
[   29734ms] [LOG] null @ http://restaurant21.lobytech.test:3002/src/presentation/views/Modules/Admin/Views/Asistencia/Dropdown/index.tsx?t=1787493067224:68
[   29735ms] [LOG] null @ http://restaurant21.lobytech.test:3002/src/presentation/views/Modules/Admin/Views/Asistencia/Dropdown/index.tsx?t=1787493067224:68
[   29735ms] [LOG] null @ http://restaurant21.lobytech.test:3002/src/presentation/views/Modules/Admin/Views/Asistencia/Dropdown/index.tsx?t=1787493067224:68
[   29736ms] [LOG] null @ http://restaurant21.lobytech.test:3002/src/presentation/views/Modules/Admin/Views/Asistencia/Dropdown/index.tsx?t=1787493067224:68
[   29736ms] [LOG] null @ http://restaurant21.lobytech.test:3002/src/presentation/views/Modules/Admin/Views/Asistencia/Dropdown/index.tsx?t=1787493067224:68
[   29737ms] [LOG] null @ http://restaurant21.lobytech.test:3002/src/presentation/views/Modules/Admin/Views/Asistencia/Dropdown/index.tsx?t=1787493067224:68
[   29737ms] [LOG] null @ http://restaurant21.lobytech.test:3002/src/presentation/views/Modules/Admin/Views/Asistencia/Dropdown/index.tsx?t=1787493067224:68
[   29738ms] [LOG] null @ http://restaurant21.lobytech.test:3002/src/presentation/views/Modules/Admin/Views/Asistencia/Dropdown/index.tsx?t=1787493067224:68
[   29738ms] [LOG] null @ http://restaurant21.lobytech.test:3002/src/presentation/views/Modules/Admin/Views/Asistencia/Dropdown/index.tsx?t=1787493067224:68
[   29738ms] [LOG] null @ http://restaurant21.lobytech.test:3002/src/presentation/views/Modules/Admin/Views/Asistencia/Dropdown/index.tsx?t=1787493067224:68
[   29739ms] [LOG] null @ http://restaurant21.lobytech.test:3002/src/presentation/views/Modules/Admin/Views/Asistencia/Dropdown/index.tsx?t=1787493067224:68
[   29739ms] [LOG] null @ http://restaurant21.lobytech.test:3002/src/presentation/views/Modules/Admin/Views/Asistencia/Dropdown/index.tsx?t=1787493067224:68
[   29740ms] [LOG] null @ http://restaurant21.lobytech.test:3002/src/presentation/views/Modules/Admin/Views/Asistencia/Dropdown/index.tsx?t=1787493067224:68
[   29740ms] [LOG] null @ http://restaurant21.lobytech.test:3002/src/presentation/views/Modules/Admin/Views/Asistencia/Dropdown/index.tsx?t=1787493067224:68
[   29740ms] [LOG] null @ http://restaurant21.lobytech.test:3002/src/presentation/views/Modules/Admin/Views/Asistencia/Dropdown/index.tsx?t=1787493067224:68
[   29742ms] [LOG] null @ http://restaurant21.lobytech.test:3002/src/presentation/views/Modules/Admin/Views/Asistencia/Dropdown/index.tsx?t=1787493067224:68
[   29743ms] [LOG] null @ http://restaurant21.lobytech.test:3002/src/presentation/views/Modules/Admin/Views/Asistencia/Dropdown/index.tsx?t=1787493067224:68
[   29744ms] [LOG] null @ http://restaurant21.lobytech.test:3002/src/presentation/views/Modules/Admin/Views/Asistencia/Dropdown/index.tsx?t=1787493067224:68
[   29744ms] [LOG] null @ http://restaurant21.lobytech.test:3002/src/presentation/views/Modules/Admin/Views/Asistencia/Dropdown/index.tsx?t=1787493067224:68
[   29745ms] [LOG] null @ http://restaurant21.lobytech.test:3002/src/presentation/views/Modules/Admin/Views/Asistencia/Dropdown/index.tsx?t=1787493067224:68
[   29746ms] [LOG] null @ http://restaurant21.lobytech.test:3002/src/presentation/views/Modules/Admin/Views/Asistencia/Dropdown/index.tsx?t=1787493067224:68
[   29746ms] [LOG] null @ http://restaurant21.lobytech.test:3002/src/presentation/views/Modules/Admin/Views/Asistencia/Dropdown/index.tsx?t=1787493067224:68
[   29747ms] [LOG] null @ http://restaurant21.lobytech.test:3002/src/presentation/views/Modules/Admin/Views/Asistencia/Dropdown/index.tsx?t=1787493067224:68
[   29747ms] [LOG] null @ http://restaurant21.lobytech.test:3002/src/presentation/views/Modules/Admin/Views/Asistencia/Dropdown/index.tsx?t=1787493067224:68
[   29748ms] [LOG] null @ http://restaurant21.lobytech.test:3002/src/presentation/views/Modules/Admin/Views/Asistencia/Dropdown/index.tsx?t=1787493067224:68
[   29748ms] [LOG] null @ http://restaurant21.lobytech.test:3002/src/presentation/views/Modules/Admin/Views/Asistencia/Dropdown/index.tsx?t=1787493067224:68
[   29748ms] [LOG] null @ http://restaurant21.lobytech.test:3002/src/presentation/views/Modules/Admin/Views/Asistencia/Dropdown/index.tsx?t=1787493067224:68
[   29749ms] [LOG] null @ http://restaurant21.lobytech.test:3002/src/presentation/views/Modules/Admin/Views/Asistencia/Dropdown/index.tsx?t=1787493067224:68
[   29749ms] [LOG] null @ http://restaurant21.lobytech.test:3002/src/presentation/views/Modules/Admin/Views/Asistencia/Dropdown/index.tsx?t=1787493067224:68
[   29749ms] [LOG] null @ http://restaurant21.lobytech.test:3002/src/presentation/views/Modules/Admin/Views/Asistencia/Dropdown/index.tsx?t=1787493067224:68
[   29750ms] [LOG] null @ http://restaurant21.lobytech.test:3002/src/presentation/views/Modules/Admin/Views/Asistencia/Dropdown/index.tsx?t=1787493067224:68
[   29750ms] [LOG] null @ http://restaurant21.lobytech.test:3002/src/presentation/views/Modules/Admin/Views/Asistencia/Dropdown/index.tsx?t=1787493067224:68
[   29751ms] [LOG] null @ http://restaurant21.lobytech.test:3002/src/presentation/views/Modules/Admin/Views/Asistencia/Dropdown/index.tsx?t=1787493067224:68
[   29751ms] [LOG] null @ http://restaurant21.lobytech.test:3002/src/presentation/views/Modules/Admin/Views/Asistencia/Dropdown/index.tsx?t=1787493067224:68
[   29752ms] [LOG] null @ http://restaurant21.lobytech.test:3002/src/presentation/views/Modules/Admin/Views/Asistencia/Dropdown/index.tsx?t=1787493067224:68
[   29752ms] [LOG] null @ http://restaurant21.lobytech.test:3002/src/presentation/views/Modules/Admin/Views/Asistencia/Dropdown/index.tsx?t=1787493067224:68
[   29753ms] [LOG] null @ http://restaurant21.lobytech.test:3002/src/presentation/views/Modules/Admin/Views/Asistencia/Dropdown/index.tsx?t=1787493067224:68
[   29753ms] [LOG] null @ http://restaurant21.lobytech.test:3002/src/presentation/views/Modules/Admin/Views/Asistencia/Dropdown/index.tsx?t=1787493067224:68
[   29753ms] [LOG] null @ http://restaurant21.lobytech.test:3002/src/presentation/views/Modules/Admin/Views/Asistencia/Dropdown/index.tsx?t=1787493067224:68
[   29754ms] [LOG] null @ http://restaurant21.lobytech.test:3002/src/presentation/views/Modules/Admin/Views/Asistencia/Dropdown/index.tsx?t=1787493067224:68
[   29754ms] [LOG] null @ http://restaurant21.lobytech.test:3002/src/presentation/views/Modules/Admin/Views/Asistencia/Dropdown/index.tsx?t=1787493067224:68
[   29754ms] [LOG] null @ http://restaurant21.lobytech.test:3002/src/presentation/views/Modules/Admin/Views/Asistencia/Dropdown/index.tsx?t=1787493067224:68
[   29755ms] [LOG] null @ http://restaurant21.lobytech.test:3002/src/presentation/views/Modules/Admin/Views/Asistencia/Dropdown/index.tsx?t=1787493067224:68
[   29755ms] [LOG] null @ http://restaurant21.lobytech.test:3002/src/presentation/views/Modules/Admin/Views/Asistencia/Dropdown/index.tsx?t=1787493067224:68
[   29756ms] [LOG] null @ http://restaurant21.lobytech.test:3002/src/presentation/views/Modules/Admin/Views/Asistencia/Dropdown/index.tsx?t=1787493067224:68
[   29756ms] [LOG] null @ http://restaurant21.lobytech.test:3002/src/presentation/views/Modules/Admin/Views/Asistencia/Dropdown/index.tsx?t=1787493067224:68
[   29757ms] [LOG] null @ http://restaurant21.lobytech.test:3002/src/presentation/views/Modules/Admin/Views/Asistencia/Dropdown/index.tsx?t=1787493067224:68
[   29757ms] [LOG] null @ http://restaurant21.lobytech.test:3002/src/presentation/views/Modules/Admin/Views/Asistencia/Dropdown/index.tsx?t=1787493067224:68
[   29758ms] [LOG] null @ http://restaurant21.lobytech.test:3002/src/presentation/views/Modules/Admin/Views/Asistencia/Dropdown/index.tsx?t=1787493067224:68
[   29758ms] [LOG] null @ http://restaurant21.lobytech.test:3002/src/presentation/views/Modules/Admin/Views/Asistencia/Dropdown/index.tsx?t=1787493067224:68
[   29759ms] [LOG] [Object, Object, Object, Object, Object, Object, Object, Object, Object, Object, Object, Object, Object, Object, Object, Object, Object, Object, Object, Object, Object, Object, Object, Object, Object, Object, Object, Object, Object, Object, Object, Object, Object, Object, Object, Object, Object, Object, Object, Object, Object, Object, Object, Object, Object, Object, Object, Object, Object, Object, Object, Object, Object, Object, Object, Object, Object, Object, Object, Object, Object, Object, Object, Object, Object, Object] @ http://restaurant21.lobytech.test:3002/src/components/Modal/Admin/Asistencia/index.tsx?t=1787530428254:43
[   29760ms] [LOG] [] @ http://restaurant21.lobytech.test:3002/src/components/Modal/Admin/Asistencia/index.tsx?t=1787530428254:50
[   29760ms] [LOG] Sun Aug 23 2026 00:00:00 GMT-0500 (hora estándar de Perú) @ http://restaurant21.lobytech.test:3002/src/components/Modal/Admin/Asistencia/index.tsx?t=1787530428254:79
[   29760ms] [LOG] 1 @ http://restaurant21.lobytech.test:3002/src/components/Modal/Admin/Asistencia/index.tsx?t=1787530428254:95
[   29761ms] [LOG] {habitacionId: 0, habitacion: , anfitrionaId: 0, anfitriona: , turno: } @ http://restaurant21.lobytech.test:3002/src/components/Modal/Admin/Asistencia/index.tsx?t=1787530428254:108
[   29761ms] [LOG] [] @ http://restaurant21.lobytech.test:3002/src/components/Modal/Admin/Asistencia/index.tsx?t=1787530428254:110
[   29761ms] [LOG] 0 @ http://restaurant21.lobytech.test:3002/src/components/Modal/Admin/Asistencia/index.tsx?t=1787530428254:126
[   29761ms] [LOG] undefined @ http://restaurant21.lobytech.test:3002/src/components/Modal/Admin/Asistencia/index.tsx?t=1787530428254:162
[   29761ms] [LOG]  @ http://restaurant21.lobytech.test:3002/src/components/Modal/Admin/Asistencia/index.tsx?t=1787530428254:163
[   29761ms] [LOG] 844 @ http://restaurant21.lobytech.test:3002/src/components/Modal/Admin/Asistencia/index.tsx?t=1787530428254:202
[   29762ms] [LOG] 390 @ http://restaurant21.lobytech.test:3002/src/components/Modal/Admin/Asistencia/index.tsx?t=1787530428254:203
[   29762ms] [LOG] [] @ http://restaurant21.lobytech.test:3002/src/components/Modal/Admin/Fichas/index.tsx?t=1787493067224:37
[   29762ms] [LOG] [] @ http://restaurant21.lobytech.test:3002/src/components/Modal/Admin/Fichas/index.tsx?t=1787493067224:38
[   29763ms] [LOG] null @ http://restaurant21.lobytech.test:3002/src/components/Modal/Admin/Fichas/index.tsx?t=1787493067224:39
[   29763ms] [LOG] 844 @ http://restaurant21.lobytech.test:3002/src/components/Modal/Admin/Fichas/index.tsx?t=1787493067224:47
[   29763ms] [LOG] 844 @ http://restaurant21.lobytech.test:3002/src/components/Modal/Admin/Fichas/index.tsx?t=1787493067224:48
[   29811ms] [ERROR] Failed to load resource: the server responded with a status of 500 (Internal Server Error) @ http://localhost:5002/api/facturacion/listar-fichas?fecha=23/08/2026:0
[   29812ms] [LOG] AxiosError @ http://restaurant21.lobytech.test:3002/src/utils/axios.ts:19
[   29812ms] [LOG] AxiosError @ http://restaurant21.lobytech.test:3002/src/redux/reducers/Admin/asistencia/asistencia.reducer.ts:374
[   29813ms] [LOG] [] @ http://restaurant21.lobytech.test:3002/src/presentation/views/Modules/Admin/Views/Asistencia/index.tsx?t=1787530460165:46
[   29814ms] [LOG] Sun Aug 23 2026 00:00:00 GMT-0500 (hora estándar de Perú) @ http://restaurant21.lobytech.test:3002/src/presentation/views/Modules/Admin/Views/Asistencia/index.tsx?t=1787530460165:115
[   29814ms] [LOG] {turno: Turno Especial, diaSemana: 0} @ http://restaurant21.lobytech.test:3002/src/presentation/views/Modules/Admin/Views/Asistencia/index.tsx?t=1787530460165:129
[   29814ms] [LOG] Sun Aug 23 2026 00:00:00 GMT-0500 (hora estándar de Perú) @ http://restaurant21.lobytech.test:3002/src/presentation/views/Modules/Admin/Views/Asistencia/index.tsx?t=1787530460165:115
[   29814ms] [LOG] Sun Aug 23 2026 00:00:00 GMT-0500 (hora estándar de Perú) @ http://restaurant21.lobytech.test:3002/src/presentation/views/Modules/Admin/Views/Asistencia/index.tsx?t=1787530460165:115
[   29815ms] [LOG] [] @ http://restaurant21.lobytech.test:3002/src/presentation/views/Modules/Admin/Views/Asistencia/index.tsx?t=1787530460165:198
[   29815ms] [LOG] false @ http://restaurant21.lobytech.test:3002/src/components/Toggle/index.tsx:24
[   29815ms] [LOG] () => {
    if (diaSemana === 0) {
      setCheckedTurno(false);
    } else {
      setCheckedTurno(!isTurno);
    }
  } @ http://restaurant21.lobytech.test:3002/src/components/Toggle/index.tsx:25
[   29818ms] [LOG] null @ http://restaurant21.lobytech.test:3002/src/presentation/views/Modules/Admin/Views/Asistencia/Dropdown/index.tsx?t=1787493067224:68
[   29819ms] [LOG] null @ http://restaurant21.lobytech.test:3002/src/presentation/views/Modules/Admin/Views/Asistencia/Dropdown/index.tsx?t=1787493067224:68
[   29820ms] [LOG] null @ http://restaurant21.lobytech.test:3002/src/presentation/views/Modules/Admin/Views/Asistencia/Dropdown/index.tsx?t=1787493067224:68
[   29821ms] [LOG] null @ http://restaurant21.lobytech.test:3002/src/presentation/views/Modules/Admin/Views/Asistencia/Dropdown/index.tsx?t=1787493067224:68
[   29822ms] [LOG] null @ http://restaurant21.lobytech.test:3002/src/presentation/views/Modules/Admin/Views/Asistencia/Dropdown/index.tsx?t=1787493067224:68
[   29822ms] [LOG] null @ http://restaurant21.lobytech.test:3002/src/presentation/views/Modules/Admin/Views/Asistencia/Dropdown/index.tsx?t=1787493067224:68
[   29823ms] [LOG] null @ http://restaurant21.lobytech.test:3002/src/presentation/views/Modules/Admin/Views/Asistencia/Dropdown/index.tsx?t=1787493067224:68
[   29824ms] [LOG] null @ http://restaurant21.lobytech.test:3002/src/presentation/views/Modules/Admin/Views/Asistencia/Dropdown/index.tsx?t=1787493067224:68
[   29824ms] [LOG] null @ http://restaurant21.lobytech.test:3002/src/presentation/views/Modules/Admin/Views/Asistencia/Dropdown/index.tsx?t=1787493067224:68
[   29825ms] [LOG] null @ http://restaurant21.lobytech.test:3002/src/presentation/views/Modules/Admin/Views/Asistencia/Dropdown/index.tsx?t=1787493067224:68
[   29825ms] [LOG] null @ http://restaurant21.lobytech.test:3002/src/presentation/views/Modules/Admin/Views/Asistencia/Dropdown/index.tsx?t=1787493067224:68
[   29825ms] [LOG] null @ http://restaurant21.lobytech.test:3002/src/presentation/views/Modules/Admin/Views/Asistencia/Dropdown/index.tsx?t=1787493067224:68
[   29826ms] [LOG] null @ http://restaurant21.lobytech.test:3002/src/presentation/views/Modules/Admin/Views/Asistencia/Dropdown/index.tsx?t=1787493067224:68
[   29826ms] [LOG] null @ http://restaurant21.lobytech.test:3002/src/presentation/views/Modules/Admin/Views/Asistencia/Dropdown/index.tsx?t=1787493067224:68
[   29827ms] [LOG] null @ http://restaurant21.lobytech.test:3002/src/presentation/views/Modules/Admin/Views/Asistencia/Dropdown/index.tsx?t=1787493067224:68
[   29827ms] [LOG] null @ http://restaurant21.lobytech.test:3002/src/presentation/views/Modules/Admin/Views/Asistencia/Dropdown/index.tsx?t=1787493067224:68
[   29827ms] [LOG] null @ http://restaurant21.lobytech.test:3002/src/presentation/views/Modules/Admin/Views/Asistencia/Dropdown/index.tsx?t=1787493067224:68
[   29828ms] [LOG] null @ http://restaurant21.lobytech.test:3002/src/presentation/views/Modules/Admin/Views/Asistencia/Dropdown/index.tsx?t=1787493067224:68
[   29828ms] [LOG] null @ http://restaurant21.lobytech.test:3002/src/presentation/views/Modules/Admin/Views/Asistencia/Dropdown/index.tsx?t=1787493067224:68
[   29829ms] [LOG] null @ http://restaurant21.lobytech.test:3002/src/presentation/views/Modules/Admin/Views/Asistencia/Dropdown/index.tsx?t=1787493067224:68
[   29829ms] [LOG] null @ http://restaurant21.lobytech.test:3002/src/presentation/views/Modules/Admin/Views/Asistencia/Dropdown/index.tsx?t=1787493067224:68
[   29830ms] [LOG] null @ http://restaurant21.lobytech.test:3002/src/presentation/views/Modules/Admin/Views/Asistencia/Dropdown/index.tsx?t=1787493067224:68
[   29830ms] [LOG] null @ http://restaurant21.lobytech.test:3002/src/presentation/views/Modules/Admin/Views/Asistencia/Dropdown/index.tsx?t=1787493067224:68
[   29831ms] [LOG] null @ http://restaurant21.lobytech.test:3002/src/presentation/views/Modules/Admin/Views/Asistencia/Dropdown/index.tsx?t=1787493067224:68
[   29831ms] [LOG] null @ http://restaurant21.lobytech.test:3002/src/presentation/views/Modules/Admin/Views/Asistencia/Dropdown/index.tsx?t=1787493067224:68
[   29831ms] [LOG] null @ http://restaurant21.lobytech.test:3002/src/presentation/views/Modules/Admin/Views/Asistencia/Dropdown/index.tsx?t=1787493067224:68
[   29832ms] [LOG] null @ http://restaurant21.lobytech.test:3002/src/presentation/views/Modules/Admin/Views/Asistencia/Dropdown/index.tsx?t=1787493067224:68
[   29832ms] [LOG] null @ http://restaurant21.lobytech.test:3002/src/presentation/views/Modules/Admin/Views/Asistencia/Dropdown/index.tsx?t=1787493067224:68
[   29832ms] [LOG] null @ http://restaurant21.lobytech.test:3002/src/presentation/views/Modules/Admin/Views/Asistencia/Dropdown/index.tsx?t=1787493067224:68
[   29833ms] [LOG] null @ http://restaurant21.lobytech.test:3002/src/presentation/views/Modules/Admin/Views/Asistencia/Dropdown/index.tsx?t=1787493067224:68
[   29833ms] [LOG] null @ http://restaurant21.lobytech.test:3002/src/presentation/views/Modules/Admin/Views/Asistencia/Dropdown/index.tsx?t=1787493067224:68
[   29834ms] [LOG] null @ http://restaurant21.lobytech.test:3002/src/presentation/views/Modules/Admin/Views/Asistencia/Dropdown/index.tsx?t=1787493067224:68
[   29835ms] [LOG] null @ http://restaurant21.lobytech.test:3002/src/presentation/views/Modules/Admin/Views/Asistencia/Dropdown/index.tsx?t=1787493067224:68
[   29836ms] [LOG] null @ http://restaurant21.lobytech.test:3002/src/presentation/views/Modules/Admin/Views/Asistencia/Dropdown/index.tsx?t=1787493067224:68
[   29836ms] [LOG] null @ http://restaurant21.lobytech.test:3002/src/presentation/views/Modules/Admin/Views/Asistencia/Dropdown/index.tsx?t=1787493067224:68
[   29837ms] [LOG] null @ http://restaurant21.lobytech.test:3002/src/presentation/views/Modules/Admin/Views/Asistencia/Dropdown/index.tsx?t=1787493067224:68
[   29837ms] [LOG] null @ http://restaurant21.lobytech.test:3002/src/presentation/views/Modules/Admin/Views/Asistencia/Dropdown/index.tsx?t=1787493067224:68
[   29838ms] [LOG] null @ http://restaurant21.lobytech.test:3002/src/presentation/views/Modules/Admin/Views/Asistencia/Dropdown/index.tsx?t=1787493067224:68
[   29838ms] [LOG] null @ http://restaurant21.lobytech.test:3002/src/presentation/views/Modules/Admin/Views/Asistencia/Dropdown/index.tsx?t=1787493067224:68
[   29838ms] [LOG] null @ http://restaurant21.lobytech.test:3002/src/presentation/views/Modules/Admin/Views/Asistencia/Dropdown/index.tsx?t=1787493067224:68
[   29839ms] [LOG] null @ http://restaurant21.lobytech.test:3002/src/presentation/views/Modules/Admin/Views/Asistencia/Dropdown/index.tsx?t=1787493067224:68
[   29839ms] [LOG] null @ http://restaurant21.lobytech.test:3002/src/presentation/views/Modules/Admin/Views/Asistencia/Dropdown/index.tsx?t=1787493067224:68
[   29840ms] [LOG] null @ http://restaurant21.lobytech.test:3002/src/presentation/views/Modules/Admin/Views/Asistencia/Dropdown/index.tsx?t=1787493067224:68
[   29841ms] [LOG] null @ http://restaurant21.lobytech.test:3002/src/presentation/views/Modules/Admin/Views/Asistencia/Dropdown/index.tsx?t=1787493067224:68
[   29841ms] [LOG] null @ http://restaurant21.lobytech.test:3002/src/presentation/views/Modules/Admin/Views/Asistencia/Dropdown/index.tsx?t=1787493067224:68
[   29841ms] [LOG] null @ http://restaurant21.lobytech.test:3002/src/presentation/views/Modules/Admin/Views/Asistencia/Dropdown/index.tsx?t=1787493067224:68
[   29841ms] [LOG] null @ http://restaurant21.lobytech.test:3002/src/presentation/views/Modules/Admin/Views/Asistencia/Dropdown/index.tsx?t=1787493067224:68
[   29842ms] [LOG] null @ http://restaurant21.lobytech.test:3002/src/presentation/views/Modules/Admin/Views/Asistencia/Dropdown/index.tsx?t=1787493067224:68
[   29842ms] [LOG] null @ http://restaurant21.lobytech.test:3002/src/presentation/views/Modules/Admin/Views/Asistencia/Dropdown/index.tsx?t=1787493067224:68
[   29842ms] [LOG] null @ http://restaurant21.lobytech.test:3002/src/presentation/views/Modules/Admin/Views/Asistencia/Dropdown/index.tsx?t=1787493067224:68
[   29843ms] [LOG] null @ http://restaurant21.lobytech.test:3002/src/presentation/views/Modules/Admin/Views/Asistencia/Dropdown/index.tsx?t=1787493067224:68
[   29843ms] [LOG] null @ http://restaurant21.lobytech.test:3002/src/presentation/views/Modules/Admin/Views/Asistencia/Dropdown/index.tsx?t=1787493067224:68
[   29843ms] [LOG] null @ http://restaurant21.lobytech.test:3002/src/presentation/views/Modules/Admin/Views/Asistencia/Dropdown/index.tsx?t=1787493067224:68
[   29844ms] [LOG] null @ http://restaurant21.lobytech.test:3002/src/presentation/views/Modules/Admin/Views/Asistencia/Dropdown/index.tsx?t=1787493067224:68
[   29844ms] [LOG] null @ http://restaurant21.lobytech.test:3002/src/presentation/views/Modules/Admin/Views/Asistencia/Dropdown/index.tsx?t=1787493067224:68
[   29844ms] [LOG] null @ http://restaurant21.lobytech.test:3002/src/presentation/views/Modules/Admin/Views/Asistencia/Dropdown/index.tsx?t=1787493067224:68
[   29845ms] [LOG] null @ http://restaurant21.lobytech.test:3002/src/presentation/views/Modules/Admin/Views/Asistencia/Dropdown/index.tsx?t=1787493067224:68
[   29846ms] [LOG] null @ http://restaurant21.lobytech.test:3002/src/presentation/views/Modules/Admin/Views/Asistencia/Dropdown/index.tsx?t=1787493067224:68
[   29846ms] [LOG] null @ http://restaurant21.lobytech.test:3002/src/presentation/views/Modules/Admin/Views/Asistencia/Dropdown/index.tsx?t=1787493067224:68
[   29846ms] [LOG] null @ http://restaurant21.lobytech.test:3002/src/presentation/views/Modules/Admin/Views/Asistencia/Dropdown/index.tsx?t=1787493067224:68
[   29847ms] [LOG] null @ http://restaurant21.lobytech.test:3002/src/presentation/views/Modules/Admin/Views/Asistencia/Dropdown/index.tsx?t=1787493067224:68
[   29847ms] [LOG] null @ http://restaurant21.lobytech.test:3002/src/presentation/views/Modules/Admin/Views/Asistencia/Dropdown/index.tsx?t=1787493067224:68
[   29848ms] [LOG] null @ http://restaurant21.lobytech.test:3002/src/presentation/views/Modules/Admin/Views/Asistencia/Dropdown/index.tsx?t=1787493067224:68
[   29848ms] [LOG] null @ http://restaurant21.lobytech.test:3002/src/presentation/views/Modules/Admin/Views/Asistencia/Dropdown/index.tsx?t=1787493067224:68
[   29849ms] [LOG] null @ http://restaurant21.lobytech.test:3002/src/presentation/views/Modules/Admin/Views/Asistencia/Dropdown/index.tsx?t=1787493067224:68
[   29849ms] [LOG] null @ http://restaurant21.lobytech.test:3002/src/presentation/views/Modules/Admin/Views/Asistencia/Dropdown/index.tsx?t=1787493067224:68
[   29850ms] [LOG] [Object, Object, Object, Object, Object, Object, Object, Object, Object, Object, Object, Object, Object, Object, Object, Object, Object, Object, Object, Object, Object, Object, Object, Object, Object, Object, Object, Object, Object, Object, Object, Object, Object, Object, Object, Object, Object, Object, Object, Object, Object, Object, Object, Object, Object, Object, Object, Object, Object, Object, Object, Object, Object, Object, Object, Object, Object, Object, Object, Object, Object, Object, Object, Object, Object, Object] @ http://restaurant21.lobytech.test:3002/src/components/Modal/Admin/Asistencia/index.tsx?t=1787530428254:43
[   29850ms] [LOG] [] @ http://restaurant21.lobytech.test:3002/src/components/Modal/Admin/Asistencia/index.tsx?t=1787530428254:50
[   29851ms] [LOG] Sun Aug 23 2026 00:00:00 GMT-0500 (hora estándar de Perú) @ http://restaurant21.lobytech.test:3002/src/components/Modal/Admin/Asistencia/index.tsx?t=1787530428254:79
[   29851ms] [LOG] 1 @ http://restaurant21.lobytech.test:3002/src/components/Modal/Admin/Asistencia/index.tsx?t=1787530428254:95
[   29851ms] [LOG] {habitacionId: 0, habitacion: , anfitrionaId: 0, anfitriona: , turno: } @ http://restaurant21.lobytech.test:3002/src/components/Modal/Admin/Asistencia/index.tsx?t=1787530428254:108
[   29851ms] [LOG] [] @ http://restaurant21.lobytech.test:3002/src/components/Modal/Admin/Asistencia/index.tsx?t=1787530428254:110
[   29852ms] [LOG] 0 @ http://restaurant21.lobytech.test:3002/src/components/Modal/Admin/Asistencia/index.tsx?t=1787530428254:126
[   29852ms] [LOG] undefined @ http://restaurant21.lobytech.test:3002/src/components/Modal/Admin/Asistencia/index.tsx?t=1787530428254:162
[   29852ms] [LOG]  @ http://restaurant21.lobytech.test:3002/src/components/Modal/Admin/Asistencia/index.tsx?t=1787530428254:163
[   29852ms] [LOG] 844 @ http://restaurant21.lobytech.test:3002/src/components/Modal/Admin/Asistencia/index.tsx?t=1787530428254:202
[   29852ms] [LOG] 390 @ http://restaurant21.lobytech.test:3002/src/components/Modal/Admin/Asistencia/index.tsx?t=1787530428254:203
[   29853ms] [LOG] [] @ http://restaurant21.lobytech.test:3002/src/components/Modal/Admin/Fichas/index.tsx?t=1787493067224:37
[   29853ms] [LOG] [] @ http://restaurant21.lobytech.test:3002/src/components/Modal/Admin/Fichas/index.tsx?t=1787493067224:38
[   29853ms] [LOG] null @ http://restaurant21.lobytech.test:3002/src/components/Modal/Admin/Fichas/index.tsx?t=1787493067224:39
[   29853ms] [LOG] 844 @ http://restaurant21.lobytech.test:3002/src/components/Modal/Admin/Fichas/index.tsx?t=1787493067224:47
[   29854ms] [LOG] 844 @ http://restaurant21.lobytech.test:3002/src/components/Modal/Admin/Fichas/index.tsx?t=1787493067224:48
[   29976ms] [LOG] {code: 1, message: Success, data: Array(0), status: 200} @ http://restaurant21.lobytech.test:3002/src/redux/reducers/Admin/asistencia/asistencia.reducer.ts:196
[   29978ms] [LOG] [] @ http://restaurant21.lobytech.test:3002/src/presentation/views/Modules/Admin/Views/Asistencia/index.tsx?t=1787530460165:46
[   29978ms] [LOG] Sun Aug 23 2026 00:00:00 GMT-0500 (hora estándar de Perú) @ http://restaurant21.lobytech.test:3002/src/presentation/views/Modules/Admin/Views/Asistencia/index.tsx?t=1787530460165:115
[   29978ms] [LOG] {turno: Turno Especial, diaSemana: 0} @ http://restaurant21.lobytech.test:3002/src/presentation/views/Modules/Admin/Views/Asistencia/index.tsx?t=1787530460165:129
[   29979ms] [LOG] Sun Aug 23 2026 00:00:00 GMT-0500 (hora estándar de Perú) @ http://restaurant21.lobytech.test:3002/src/presentation/views/Modules/Admin/Views/Asistencia/index.tsx?t=1787530460165:115
[   29979ms] [LOG] Sun Aug 23 2026 00:00:00 GMT-0500 (hora estándar de Perú) @ http://restaurant21.lobytech.test:3002/src/presentation/views/Modules/Admin/Views/Asistencia/index.tsx?t=1787530460165:115
[   29979ms] [LOG] [] @ http://restaurant21.lobytech.test:3002/src/presentation/views/Modules/Admin/Views/Asistencia/index.tsx?t=1787530460165:198
[   29980ms] [LOG] false @ http://restaurant21.lobytech.test:3002/src/components/Toggle/index.tsx:24
[   29980ms] [LOG] () => {
    if (diaSemana === 0) {
      setCheckedTurno(false);
    } else {
      setCheckedTurno(!isTurno);
    }
  } @ http://restaurant21.lobytech.test:3002/src/components/Toggle/index.tsx:25
[   29982ms] [LOG] null @ http://restaurant21.lobytech.test:3002/src/presentation/views/Modules/Admin/Views/Asistencia/Dropdown/index.tsx?t=1787493067224:68
[   29982ms] [LOG] null @ http://restaurant21.lobytech.test:3002/src/presentation/views/Modules/Admin/Views/Asistencia/Dropdown/index.tsx?t=1787493067224:68
[   29983ms] [LOG] null @ http://restaurant21.lobytech.test:3002/src/presentation/views/Modules/Admin/Views/Asistencia/Dropdown/index.tsx?t=1787493067224:68
[   29983ms] [LOG] null @ http://restaurant21.lobytech.test:3002/src/presentation/views/Modules/Admin/Views/Asistencia/Dropdown/index.tsx?t=1787493067224:68
[   29984ms] [LOG] null @ http://restaurant21.lobytech.test:3002/src/presentation/views/Modules/Admin/Views/Asistencia/Dropdown/index.tsx?t=1787493067224:68
[   29985ms] [LOG] null @ http://restaurant21.lobytech.test:3002/src/presentation/views/Modules/Admin/Views/Asistencia/Dropdown/index.tsx?t=1787493067224:68
[   29985ms] [LOG] null @ http://restaurant21.lobytech.test:3002/src/presentation/views/Modules/Admin/Views/Asistencia/Dropdown/index.tsx?t=1787493067224:68
[   29986ms] [LOG] null @ http://restaurant21.lobytech.test:3002/src/presentation/views/Modules/Admin/Views/Asistencia/Dropdown/index.tsx?t=1787493067224:68
[   29986ms] [LOG] null @ http://restaurant21.lobytech.test:3002/src/presentation/views/Modules/Admin/Views/Asistencia/Dropdown/index.tsx?t=1787493067224:68
[   29986ms] [LOG] null @ http://restaurant21.lobytech.test:3002/src/presentation/views/Modules/Admin/Views/Asistencia/Dropdown/index.tsx?t=1787493067224:68
[   29987ms] [LOG] null @ http://restaurant21.lobytech.test:3002/src/presentation/views/Modules/Admin/Views/Asistencia/Dropdown/index.tsx?t=1787493067224:68
[   29987ms] [LOG] null @ http://restaurant21.lobytech.test:3002/src/presentation/views/Modules/Admin/Views/Asistencia/Dropdown/index.tsx?t=1787493067224:68
[   29988ms] [LOG] null @ http://restaurant21.lobytech.test:3002/src/presentation/views/Modules/Admin/Views/Asistencia/Dropdown/index.tsx?t=1787493067224:68
[   29989ms] [LOG] null @ http://restaurant21.lobytech.test:3002/src/presentation/views/Modules/Admin/Views/Asistencia/Dropdown/index.tsx?t=1787493067224:68
[   29989ms] [LOG] null @ http://restaurant21.lobytech.test:3002/src/presentation/views/Modules/Admin/Views/Asistencia/Dropdown/index.tsx?t=1787493067224:68
[   29990ms] [LOG] null @ http://restaurant21.lobytech.test:3002/src/presentation/views/Modules/Admin/Views/Asistencia/Dropdown/index.tsx?t=1787493067224:68
[   29990ms] [LOG] null @ http://restaurant21.lobytech.test:3002/src/presentation/views/Modules/Admin/Views/Asistencia/Dropdown/index.tsx?t=1787493067224:68
[   29991ms] [LOG] null @ http://restaurant21.lobytech.test:3002/src/presentation/views/Modules/Admin/Views/Asistencia/Dropdown/index.tsx?t=1787493067224:68
[   29991ms] [LOG] null @ http://restaurant21.lobytech.test:3002/src/presentation/views/Modules/Admin/Views/Asistencia/Dropdown/index.tsx?t=1787493067224:68
[   29992ms] [LOG] null @ http://restaurant21.lobytech.test:3002/src/presentation/views/Modules/Admin/Views/Asistencia/Dropdown/index.tsx?t=1787493067224:68
[   29992ms] [LOG] null @ http://restaurant21.lobytech.test:3002/src/presentation/views/Modules/Admin/Views/Asistencia/Dropdown/index.tsx?t=1787493067224:68
[   29993ms] [LOG] null @ http://restaurant21.lobytech.test:3002/src/presentation/views/Modules/Admin/Views/Asistencia/Dropdown/index.tsx?t=1787493067224:68
[   29994ms] [LOG] null @ http://restaurant21.lobytech.test:3002/src/presentation/views/Modules/Admin/Views/Asistencia/Dropdown/index.tsx?t=1787493067224:68
[   29994ms] [LOG] null @ http://restaurant21.lobytech.test:3002/src/presentation/views/Modules/Admin/Views/Asistencia/Dropdown/index.tsx?t=1787493067224:68
[   29994ms] [LOG] null @ http://restaurant21.lobytech.test:3002/src/presentation/views/Modules/Admin/Views/Asistencia/Dropdown/index.tsx?t=1787493067224:68
[   29995ms] [LOG] null @ http://restaurant21.lobytech.test:3002/src/presentation/views/Modules/Admin/Views/Asistencia/Dropdown/index.tsx?t=1787493067224:68
[   29995ms] [LOG] null @ http://restaurant21.lobytech.test:3002/src/presentation/views/Modules/Admin/Views/Asistencia/Dropdown/index.tsx?t=1787493067224:68
[   29996ms] [LOG] null @ http://restaurant21.lobytech.test:3002/src/presentation/views/Modules/Admin/Views/Asistencia/Dropdown/index.tsx?t=1787493067224:68
[   29996ms] [LOG] null @ http://restaurant21.lobytech.test:3002/src/presentation/views/Modules/Admin/Views/Asistencia/Dropdown/index.tsx?t=1787493067224:68
[   29996ms] [LOG] null @ http://restaurant21.lobytech.test:3002/src/presentation/views/Modules/Admin/Views/Asistencia/Dropdown/index.tsx?t=1787493067224:68
[   29997ms] [LOG] null @ http://restaurant21.lobytech.test:3002/src/presentation/views/Modules/Admin/Views/Asistencia/Dropdown/index.tsx?t=1787493067224:68
[   29998ms] [LOG] null @ http://restaurant21.lobytech.test:3002/src/presentation/views/Modules/Admin/Views/Asistencia/Dropdown/index.tsx?t=1787493067224:68
[   29998ms] [LOG] null @ http://restaurant21.lobytech.test:3002/src/presentation/views/Modules/Admin/Views/Asistencia/Dropdown/index.tsx?t=1787493067224:68
[   29999ms] [LOG] null @ http://restaurant21.lobytech.test:3002/src/presentation/views/Modules/Admin/Views/Asistencia/Dropdown/index.tsx?t=1787493067224:68
[   30000ms] [LOG] null @ http://restaurant21.lobytech.test:3002/src/presentation/views/Modules/Admin/Views/Asistencia/Dropdown/index.tsx?t=1787493067224:68
[   30000ms] [LOG] null @ http://restaurant21.lobytech.test:3002/src/presentation/views/Modules/Admin/Views/Asistencia/Dropdown/index.tsx?t=1787493067224:68
[   30000ms] [LOG] null @ http://restaurant21.lobytech.test:3002/src/presentation/views/Modules/Admin/Views/Asistencia/Dropdown/index.tsx?t=1787493067224:68
[   30001ms] [LOG] null @ http://restaurant21.lobytech.test:3002/src/presentation/views/Modules/Admin/Views/Asistencia/Dropdown/index.tsx?t=1787493067224:68
[   30001ms] [LOG] null @ http://restaurant21.lobytech.test:3002/src/presentation/views/Modules/Admin/Views/Asistencia/Dropdown/index.tsx?t=1787493067224:68
[   30001ms] [LOG] null @ http://restaurant21.lobytech.test:3002/src/presentation/views/Modules/Admin/Views/Asistencia/Dropdown/index.tsx?t=1787493067224:68
[   30002ms] [LOG] null @ http://restaurant21.lobytech.test:3002/src/presentation/views/Modules/Admin/Views/Asistencia/Dropdown/index.tsx?t=1787493067224:68
[   30002ms] [LOG] null @ http://restaurant21.lobytech.test:3002/src/presentation/views/Modules/Admin/Views/Asistencia/Dropdown/index.tsx?t=1787493067224:68
[   30002ms] [LOG] null @ http://restaurant21.lobytech.test:3002/src/presentation/views/Modules/Admin/Views/Asistencia/Dropdown/index.tsx?t=1787493067224:68
[   30003ms] [LOG] null @ http://restaurant21.lobytech.test:3002/src/presentation/views/Modules/Admin/Views/Asistencia/Dropdown/index.tsx?t=1787493067224:68
[   30003ms] [LOG] null @ http://restaurant21.lobytech.test:3002/src/presentation/views/Modules/Admin/Views/Asistencia/Dropdown/index.tsx?t=1787493067224:68
[   30003ms] [LOG] null @ http://restaurant21.lobytech.test:3002/src/presentation/views/Modules/Admin/Views/Asistencia/Dropdown/index.tsx?t=1787493067224:68
[   30003ms] [LOG] null @ http://restaurant21.lobytech.test:3002/src/presentation/views/Modules/Admin/Views/Asistencia/Dropdown/index.tsx?t=1787493067224:68
[   30004ms] [LOG] null @ http://restaurant21.lobytech.test:3002/src/presentation/views/Modules/Admin/Views/Asistencia/Dropdown/index.tsx?t=1787493067224:68
[   30004ms] [LOG] null @ http://restaurant21.lobytech.test:3002/src/presentation/views/Modules/Admin/Views/Asistencia/Dropdown/index.tsx?t=1787493067224:68
[   30004ms] [LOG] null @ http://restaurant21.lobytech.test:3002/src/presentation/views/Modules/Admin/Views/Asistencia/Dropdown/index.tsx?t=1787493067224:68
[   30005ms] [LOG] null @ http://restaurant21.lobytech.test:3002/src/presentation/views/Modules/Admin/Views/Asistencia/Dropdown/index.tsx?t=1787493067224:68
[   30005ms] [LOG] null @ http://restaurant21.lobytech.test:3002/src/presentation/views/Modules/Admin/Views/Asistencia/Dropdown/index.tsx?t=1787493067224:68
[   30006ms] [LOG] null @ http://restaurant21.lobytech.test:3002/src/presentation/views/Modules/Admin/Views/Asistencia/Dropdown/index.tsx?t=1787493067224:68
[   30006ms] [LOG] null @ http://restaurant21.lobytech.test:3002/src/presentation/views/Modules/Admin/Views/Asistencia/Dropdown/index.tsx?t=1787493067224:68
[   30007ms] [LOG] null @ http://restaurant21.lobytech.test:3002/src/presentation/views/Modules/Admin/Views/Asistencia/Dropdown/index.tsx?t=1787493067224:68
[   30007ms] [LOG] null @ http://restaurant21.lobytech.test:3002/src/presentation/views/Modules/Admin/Views/Asistencia/Dropdown/index.tsx?t=1787493067224:68
[   30008ms] [LOG] null @ http://restaurant21.lobytech.test:3002/src/presentation/views/Modules/Admin/Views/Asistencia/Dropdown/index.tsx?t=1787493067224:68
[   30008ms] [LOG] null @ http://restaurant21.lobytech.test:3002/src/presentation/views/Modules/Admin/Views/Asistencia/Dropdown/index.tsx?t=1787493067224:68
[   30009ms] [LOG] null @ http://restaurant21.lobytech.test:3002/src/presentation/views/Modules/Admin/Views/Asistencia/Dropdown/index.tsx?t=1787493067224:68
[   30009ms] [LOG] null @ http://restaurant21.lobytech.test:3002/src/presentation/views/Modules/Admin/Views/Asistencia/Dropdown/index.tsx?t=1787493067224:68
[   30009ms] [LOG] null @ http://restaurant21.lobytech.test:3002/src/presentation/views/Modules/Admin/Views/Asistencia/Dropdown/index.tsx?t=1787493067224:68
[   30009ms] [LOG] null @ http://restaurant21.lobytech.test:3002/src/presentation/views/Modules/Admin/Views/Asistencia/Dropdown/index.tsx?t=1787493067224:68
[   30010ms] [LOG] null @ http://restaurant21.lobytech.test:3002/src/presentation/views/Modules/Admin/Views/Asistencia/Dropdown/index.tsx?t=1787493067224:68
[   30010ms] [LOG] null @ http://restaurant21.lobytech.test:3002/src/presentation/views/Modules/Admin/Views/Asistencia/Dropdown/index.tsx?t=1787493067224:68
[   30010ms] [LOG] null @ http://restaurant21.lobytech.test:3002/src/presentation/views/Modules/Admin/Views/Asistencia/Dropdown/index.tsx?t=1787493067224:68
[   30010ms] [LOG] null @ http://restaurant21.lobytech.test:3002/src/presentation/views/Modules/Admin/Views/Asistencia/Dropdown/index.tsx?t=1787493067224:68
[   30011ms] [LOG] [Object, Object, Object, Object, Object, Object, Object, Object, Object, Object, Object, Object, Object, Object, Object, Object, Object, Object, Object, Object, Object, Object, Object, Object, Object, Object, Object, Object, Object, Object, Object, Object, Object, Object, Object, Object, Object, Object, Object, Object, Object, Object, Object, Object, Object, Object, Object, Object, Object, Object, Object, Object, Object, Object, Object, Object, Object, Object, Object, Object, Object, Object, Object, Object, Object, Object] @ http://restaurant21.lobytech.test:3002/src/components/Modal/Admin/Asistencia/index.tsx?t=1787530428254:43
[   30012ms] [LOG] [] @ http://restaurant21.lobytech.test:3002/src/components/Modal/Admin/Asistencia/index.tsx?t=1787530428254:50
[   30012ms] [LOG] Sun Aug 23 2026 00:00:00 GMT-0500 (hora estándar de Perú) @ http://restaurant21.lobytech.test:3002/src/components/Modal/Admin/Asistencia/index.tsx?t=1787530428254:79
[   30012ms] [LOG] 1 @ http://restaurant21.lobytech.test:3002/src/components/Modal/Admin/Asistencia/index.tsx?t=1787530428254:95
[   30012ms] [LOG] {habitacionId: 0, habitacion: , anfitrionaId: 0, anfitriona: , turno: } @ http://restaurant21.lobytech.test:3002/src/components/Modal/Admin/Asistencia/index.tsx?t=1787530428254:108
[   30012ms] [LOG] [] @ http://restaurant21.lobytech.test:3002/src/components/Modal/Admin/Asistencia/index.tsx?t=1787530428254:110
[   30013ms] [LOG] 0 @ http://restaurant21.lobytech.test:3002/src/components/Modal/Admin/Asistencia/index.tsx?t=1787530428254:126
[   30013ms] [LOG] undefined @ http://restaurant21.lobytech.test:3002/src/components/Modal/Admin/Asistencia/index.tsx?t=1787530428254:162
[   30013ms] [LOG]  @ http://restaurant21.lobytech.test:3002/src/components/Modal/Admin/Asistencia/index.tsx?t=1787530428254:163
[   30013ms] [LOG] 844 @ http://restaurant21.lobytech.test:3002/src/components/Modal/Admin/Asistencia/index.tsx?t=1787530428254:202
[   30013ms] [LOG] 390 @ http://restaurant21.lobytech.test:3002/src/components/Modal/Admin/Asistencia/index.tsx?t=1787530428254:203
[   30013ms] [LOG] [] @ http://restaurant21.lobytech.test:3002/src/components/Modal/Admin/Fichas/index.tsx?t=1787493067224:37
[   30014ms] [LOG] [] @ http://restaurant21.lobytech.test:3002/src/components/Modal/Admin/Fichas/index.tsx?t=1787493067224:38
[   30014ms] [LOG] null @ http://restaurant21.lobytech.test:3002/src/components/Modal/Admin/Fichas/index.tsx?t=1787493067224:39
[   30014ms] [LOG] 844 @ http://restaurant21.lobytech.test:3002/src/components/Modal/Admin/Fichas/index.tsx?t=1787493067224:47
[   30014ms] [LOG] 844 @ http://restaurant21.lobytech.test:3002/src/components/Modal/Admin/Fichas/index.tsx?t=1787493067224:48
[   30172ms] [LOG] {code: 1, message: Success, data: Object, status: 200} @ http://restaurant21.lobytech.test:3002/src/redux/reducers/Admin/clientes-proveedores/clientesProveedoresAnfitrionas.reducer.ts:250
[   30174ms] [LOG] [Object, Object, Object, Object, Object, Object, Object, Object, Object, Object, Object, Object, Object, Object, Object, Object, Object, Object, Object, Object, Object, Object, Object, Object, Object, Object, Object, Object, Object, Object, Object, Object, Object, Object, Object, Object, Object, Object, Object, Object, Object, Object, Object, Object, Object, Object, Object, Object, Object, Object, Object, Object, Object, Object, Object, Object, Object, Object, Object, Object, Object, Object, Object, Object, Object, Object] @ http://restaurant21.lobytech.test:3002/src/components/Modal/Admin/Asistencia/index.tsx?t=1787530428254:43
[   30174ms] [LOG] [] @ http://restaurant21.lobytech.test:3002/src/components/Modal/Admin/Asistencia/index.tsx?t=1787530428254:50
[   30175ms] [LOG] Sun Aug 23 2026 00:00:00 GMT-0500 (hora estándar de Perú) @ http://restaurant21.lobytech.test:3002/src/components/Modal/Admin/Asistencia/index.tsx?t=1787530428254:79
[   30175ms] [LOG] 1 @ http://restaurant21.lobytech.test:3002/src/components/Modal/Admin/Asistencia/index.tsx?t=1787530428254:95
[   30175ms] [LOG] {habitacionId: 0, habitacion: , anfitrionaId: 0, anfitriona: , turno: } @ http://restaurant21.lobytech.test:3002/src/components/Modal/Admin/Asistencia/index.tsx?t=1787530428254:108
[   30176ms] [LOG] [] @ http://restaurant21.lobytech.test:3002/src/components/Modal/Admin/Asistencia/index.tsx?t=1787530428254:110
[   30176ms] [LOG] 0 @ http://restaurant21.lobytech.test:3002/src/components/Modal/Admin/Asistencia/index.tsx?t=1787530428254:126
[   30176ms] [LOG] undefined @ http://restaurant21.lobytech.test:3002/src/components/Modal/Admin/Asistencia/index.tsx?t=1787530428254:162
[   30176ms] [LOG]  @ http://restaurant21.lobytech.test:3002/src/components/Modal/Admin/Asistencia/index.tsx?t=1787530428254:163
[   30176ms] [LOG] 844 @ http://restaurant21.lobytech.test:3002/src/components/Modal/Admin/Asistencia/index.tsx?t=1787530428254:202
[   30176ms] [LOG] 390 @ http://restaurant21.lobytech.test:3002/src/components/Modal/Admin/Asistencia/index.tsx?t=1787530428254:203
[   30181ms] [ERROR] Failed to load resource: the server responded with a status of 404 (Not Found) @ http://localhost:5002/api/productos/listar?CategoriaId=2&GrupoId=16&Value=&Page=1&Amount=100:0
[   30181ms] [LOG] AxiosError @ http://restaurant21.lobytech.test:3002/src/utils/axios.ts:19
[   30181ms] [LOG] AxiosError @ http://restaurant21.lobytech.test:3002/src/redux/reducers/Admin/productos/producto.reducer.ts:364
[   30182ms] [LOG] [Object, Object, Object, Object, Object, Object, Object, Object, Object, Object, Object, Object, Object, Object, Object, Object, Object, Object, Object, Object, Object, Object, Object, Object, Object, Object, Object, Object, Object, Object, Object, Object, Object, Object, Object, Object, Object, Object, Object, Object, Object, Object, Object, Object, Object, Object, Object, Object, Object, Object, Object, Object, Object, Object, Object, Object, Object, Object, Object, Object, Object, Object, Object, Object, Object, Object] @ http://restaurant21.lobytech.test:3002/src/components/Modal/Admin/Asistencia/index.tsx?t=1787530428254:43
[   30183ms] [LOG] [] @ http://restaurant21.lobytech.test:3002/src/components/Modal/Admin/Asistencia/index.tsx?t=1787530428254:50
[   30183ms] [LOG] Sun Aug 23 2026 00:00:00 GMT-0500 (hora estándar de Perú) @ http://restaurant21.lobytech.test:3002/src/components/Modal/Admin/Asistencia/index.tsx?t=1787530428254:79
[   30183ms] [LOG] 1 @ http://restaurant21.lobytech.test:3002/src/components/Modal/Admin/Asistencia/index.tsx?t=1787530428254:95
[   30183ms] [LOG] {habitacionId: 0, habitacion: , anfitrionaId: 0, anfitriona: , turno: } @ http://restaurant21.lobytech.test:3002/src/components/Modal/Admin/Asistencia/index.tsx?t=1787530428254:108
[   30183ms] [LOG] [] @ http://restaurant21.lobytech.test:3002/src/components/Modal/Admin/Asistencia/index.tsx?t=1787530428254:110
[   30184ms] [LOG] 0 @ http://restaurant21.lobytech.test:3002/src/components/Modal/Admin/Asistencia/index.tsx?t=1787530428254:126
[   30184ms] [LOG] undefined @ http://restaurant21.lobytech.test:3002/src/components/Modal/Admin/Asistencia/index.tsx?t=1787530428254:162
[   30184ms] [LOG]  @ http://restaurant21.lobytech.test:3002/src/components/Modal/Admin/Asistencia/index.tsx?t=1787530428254:163
[   30184ms] [LOG] 844 @ http://restaurant21.lobytech.test:3002/src/components/Modal/Admin/Asistencia/index.tsx?t=1787530428254:202
[   30184ms] [LOG] 390 @ http://restaurant21.lobytech.test:3002/src/components/Modal/Admin/Asistencia/index.tsx?t=1787530428254:203
[   30361ms] [LOG] {code: 1, message: Success, data: Array(66), status: 200} @ http://restaurant21.lobytech.test:3002/src/redux/reducers/Admin/asistencia/asistencia.reducer.ts:222
[   30363ms] [LOG] [] @ http://restaurant21.lobytech.test:3002/src/presentation/views/Modules/Admin/Views/Asistencia/index.tsx?t=1787530460165:46
[   30363ms] [LOG] Sun Aug 23 2026 00:00:00 GMT-0500 (hora estándar de Perú) @ http://restaurant21.lobytech.test:3002/src/presentation/views/Modules/Admin/Views/Asistencia/index.tsx?t=1787530460165:115
[   30364ms] [LOG] {turno: Turno Especial, diaSemana: 0} @ http://restaurant21.lobytech.test:3002/src/presentation/views/Modules/Admin/Views/Asistencia/index.tsx?t=1787530460165:129
[   30364ms] [LOG] Sun Aug 23 2026 00:00:00 GMT-0500 (hora estándar de Perú) @ http://restaurant21.lobytech.test:3002/src/presentation/views/Modules/Admin/Views/Asistencia/index.tsx?t=1787530460165:115
[   30364ms] [LOG] Sun Aug 23 2026 00:00:00 GMT-0500 (hora estándar de Perú) @ http://restaurant21.lobytech.test:3002/src/presentation/views/Modules/Admin/Views/Asistencia/index.tsx?t=1787530460165:115
[   30365ms] [LOG] [] @ http://restaurant21.lobytech.test:3002/src/presentation/views/Modules/Admin/Views/Asistencia/index.tsx?t=1787530460165:198
[   30365ms] [LOG] false @ http://restaurant21.lobytech.test:3002/src/components/Toggle/index.tsx:24
[   30365ms] [LOG] () => {
    if (diaSemana === 0) {
      setCheckedTurno(false);
    } else {
      setCheckedTurno(!isTurno);
    }
  } @ http://restaurant21.lobytech.test:3002/src/components/Toggle/index.tsx:25
[   30367ms] [LOG] null @ http://restaurant21.lobytech.test:3002/src/presentation/views/Modules/Admin/Views/Asistencia/Dropdown/index.tsx?t=1787493067224:68
[   30367ms] [LOG] null @ http://restaurant21.lobytech.test:3002/src/presentation/views/Modules/Admin/Views/Asistencia/Dropdown/index.tsx?t=1787493067224:68
[   30368ms] [LOG] null @ http://restaurant21.lobytech.test:3002/src/presentation/views/Modules/Admin/Views/Asistencia/Dropdown/index.tsx?t=1787493067224:68
[   30368ms] [LOG] null @ http://restaurant21.lobytech.test:3002/src/presentation/views/Modules/Admin/Views/Asistencia/Dropdown/index.tsx?t=1787493067224:68
[   30369ms] [LOG] null @ http://restaurant21.lobytech.test:3002/src/presentation/views/Modules/Admin/Views/Asistencia/Dropdown/index.tsx?t=1787493067224:68
[   30369ms] [LOG] null @ http://restaurant21.lobytech.test:3002/src/presentation/views/Modules/Admin/Views/Asistencia/Dropdown/index.tsx?t=1787493067224:68
[   30369ms] [LOG] null @ http://restaurant21.lobytech.test:3002/src/presentation/views/Modules/Admin/Views/Asistencia/Dropdown/index.tsx?t=1787493067224:68
[   30370ms] [LOG] null @ http://restaurant21.lobytech.test:3002/src/presentation/views/Modules/Admin/Views/Asistencia/Dropdown/index.tsx?t=1787493067224:68
[   30370ms] [LOG] null @ http://restaurant21.lobytech.test:3002/src/presentation/views/Modules/Admin/Views/Asistencia/Dropdown/index.tsx?t=1787493067224:68
[   30371ms] [LOG] null @ http://restaurant21.lobytech.test:3002/src/presentation/views/Modules/Admin/Views/Asistencia/Dropdown/index.tsx?t=1787493067224:68
[   30371ms] [LOG] null @ http://restaurant21.lobytech.test:3002/src/presentation/views/Modules/Admin/Views/Asistencia/Dropdown/index.tsx?t=1787493067224:68
[   30372ms] [LOG] null @ http://restaurant21.lobytech.test:3002/src/presentation/views/Modules/Admin/Views/Asistencia/Dropdown/index.tsx?t=1787493067224:68
[   30373ms] [LOG] null @ http://restaurant21.lobytech.test:3002/src/presentation/views/Modules/Admin/Views/Asistencia/Dropdown/index.tsx?t=1787493067224:68
[   30373ms] [LOG] null @ http://restaurant21.lobytech.test:3002/src/presentation/views/Modules/Admin/Views/Asistencia/Dropdown/index.tsx?t=1787493067224:68
[   30374ms] [LOG] null @ http://restaurant21.lobytech.test:3002/src/presentation/views/Modules/Admin/Views/Asistencia/Dropdown/index.tsx?t=1787493067224:68
[   30374ms] [LOG] null @ http://restaurant21.lobytech.test:3002/src/presentation/views/Modules/Admin/Views/Asistencia/Dropdown/index.tsx?t=1787493067224:68
[   30374ms] [LOG] null @ http://restaurant21.lobytech.test:3002/src/presentation/views/Modules/Admin/Views/Asistencia/Dropdown/index.tsx?t=1787493067224:68
[   30375ms] [LOG] null @ http://restaurant21.lobytech.test:3002/src/presentation/views/Modules/Admin/Views/Asistencia/Dropdown/index.tsx?t=1787493067224:68
[   30375ms] [LOG] null @ http://restaurant21.lobytech.test:3002/src/presentation/views/Modules/Admin/Views/Asistencia/Dropdown/index.tsx?t=1787493067224:68
[   30375ms] [LOG] null @ http://restaurant21.lobytech.test:3002/src/presentation/views/Modules/Admin/Views/Asistencia/Dropdown/index.tsx?t=1787493067224:68
[   30375ms] [LOG] null @ http://restaurant21.lobytech.test:3002/src/presentation/views/Modules/Admin/Views/Asistencia/Dropdown/index.tsx?t=1787493067224:68
[   30375ms] [LOG] null @ http://restaurant21.lobytech.test:3002/src/presentation/views/Modules/Admin/Views/Asistencia/Dropdown/index.tsx?t=1787493067224:68
[   30376ms] [LOG] null @ http://restaurant21.lobytech.test:3002/src/presentation/views/Modules/Admin/Views/Asistencia/Dropdown/index.tsx?t=1787493067224:68
[   30376ms] [LOG] null @ http://restaurant21.lobytech.test:3002/src/presentation/views/Modules/Admin/Views/Asistencia/Dropdown/index.tsx?t=1787493067224:68
[   30377ms] [LOG] null @ http://restaurant21.lobytech.test:3002/src/presentation/views/Modules/Admin/Views/Asistencia/Dropdown/index.tsx?t=1787493067224:68
[   30377ms] [LOG] null @ http://restaurant21.lobytech.test:3002/src/presentation/views/Modules/Admin/Views/Asistencia/Dropdown/index.tsx?t=1787493067224:68
[   30377ms] [LOG] null @ http://restaurant21.lobytech.test:3002/src/presentation/views/Modules/Admin/Views/Asistencia/Dropdown/index.tsx?t=1787493067224:68
[   30377ms] [LOG] null @ http://restaurant21.lobytech.test:3002/src/presentation/views/Modules/Admin/Views/Asistencia/Dropdown/index.tsx?t=1787493067224:68
[   30378ms] [LOG] null @ http://restaurant21.lobytech.test:3002/src/presentation/views/Modules/Admin/Views/Asistencia/Dropdown/index.tsx?t=1787493067224:68
[   30378ms] [LOG] null @ http://restaurant21.lobytech.test:3002/src/presentation/views/Modules/Admin/Views/Asistencia/Dropdown/index.tsx?t=1787493067224:68
[   30378ms] [LOG] null @ http://restaurant21.lobytech.test:3002/src/presentation/views/Modules/Admin/Views/Asistencia/Dropdown/index.tsx?t=1787493067224:68
[   30379ms] [LOG] null @ http://restaurant21.lobytech.test:3002/src/presentation/views/Modules/Admin/Views/Asistencia/Dropdown/index.tsx?t=1787493067224:68
[   30380ms] [LOG] null @ http://restaurant21.lobytech.test:3002/src/presentation/views/Modules/Admin/Views/Asistencia/Dropdown/index.tsx?t=1787493067224:68
[   30380ms] [LOG] null @ http://restaurant21.lobytech.test:3002/src/presentation/views/Modules/Admin/Views/Asistencia/Dropdown/index.tsx?t=1787493067224:68
[   30381ms] [LOG] null @ http://restaurant21.lobytech.test:3002/src/presentation/views/Modules/Admin/Views/Asistencia/Dropdown/index.tsx?t=1787493067224:68
[   30381ms] [LOG] null @ http://restaurant21.lobytech.test:3002/src/presentation/views/Modules/Admin/Views/Asistencia/Dropdown/index.tsx?t=1787493067224:68
[   30381ms] [LOG] null @ http://restaurant21.lobytech.test:3002/src/presentation/views/Modules/Admin/Views/Asistencia/Dropdown/index.tsx?t=1787493067224:68
[   30382ms] [LOG] null @ http://restaurant21.lobytech.test:3002/src/presentation/views/Modules/Admin/Views/Asistencia/Dropdown/index.tsx?t=1787493067224:68
[   30382ms] [LOG] null @ http://restaurant21.lobytech.test:3002/src/presentation/views/Modules/Admin/Views/Asistencia/Dropdown/index.tsx?t=1787493067224:68
[   30383ms] [LOG] null @ http://restaurant21.lobytech.test:3002/src/presentation/views/Modules/Admin/Views/Asistencia/Dropdown/index.tsx?t=1787493067224:68
[   30383ms] [LOG] null @ http://restaurant21.lobytech.test:3002/src/presentation/views/Modules/Admin/Views/Asistencia/Dropdown/index.tsx?t=1787493067224:68
[   30383ms] [LOG] null @ http://restaurant21.lobytech.test:3002/src/presentation/views/Modules/Admin/Views/Asistencia/Dropdown/index.tsx?t=1787493067224:68
[   30384ms] [LOG] null @ http://restaurant21.lobytech.test:3002/src/presentation/views/Modules/Admin/Views/Asistencia/Dropdown/index.tsx?t=1787493067224:68
[   30384ms] [LOG] null @ http://restaurant21.lobytech.test:3002/src/presentation/views/Modules/Admin/Views/Asistencia/Dropdown/index.tsx?t=1787493067224:68
[   30384ms] [LOG] null @ http://restaurant21.lobytech.test:3002/src/presentation/views/Modules/Admin/Views/Asistencia/Dropdown/index.tsx?t=1787493067224:68
[   30385ms] [LOG] null @ http://restaurant21.lobytech.test:3002/src/presentation/views/Modules/Admin/Views/Asistencia/Dropdown/index.tsx?t=1787493067224:68
[   30385ms] [LOG] null @ http://restaurant21.lobytech.test:3002/src/presentation/views/Modules/Admin/Views/Asistencia/Dropdown/index.tsx?t=1787493067224:68
[   30385ms] [LOG] null @ http://restaurant21.lobytech.test:3002/src/presentation/views/Modules/Admin/Views/Asistencia/Dropdown/index.tsx?t=1787493067224:68
[   30386ms] [LOG] null @ http://restaurant21.lobytech.test:3002/src/presentation/views/Modules/Admin/Views/Asistencia/Dropdown/index.tsx?t=1787493067224:68
[   30386ms] [LOG] null @ http://restaurant21.lobytech.test:3002/src/presentation/views/Modules/Admin/Views/Asistencia/Dropdown/index.tsx?t=1787493067224:68
[   30386ms] [LOG] null @ http://restaurant21.lobytech.test:3002/src/presentation/views/Modules/Admin/Views/Asistencia/Dropdown/index.tsx?t=1787493067224:68
[   30387ms] [LOG] null @ http://restaurant21.lobytech.test:3002/src/presentation/views/Modules/Admin/Views/Asistencia/Dropdown/index.tsx?t=1787493067224:68
[   30387ms] [LOG] null @ http://restaurant21.lobytech.test:3002/src/presentation/views/Modules/Admin/Views/Asistencia/Dropdown/index.tsx?t=1787493067224:68
[   30388ms] [LOG] null @ http://restaurant21.lobytech.test:3002/src/presentation/views/Modules/Admin/Views/Asistencia/Dropdown/index.tsx?t=1787493067224:68
[   30388ms] [LOG] null @ http://restaurant21.lobytech.test:3002/src/presentation/views/Modules/Admin/Views/Asistencia/Dropdown/index.tsx?t=1787493067224:68
[   30389ms] [LOG] null @ http://restaurant21.lobytech.test:3002/src/presentation/views/Modules/Admin/Views/Asistencia/Dropdown/index.tsx?t=1787493067224:68
[   30392ms] [LOG] null @ http://restaurant21.lobytech.test:3002/src/presentation/views/Modules/Admin/Views/Asistencia/Dropdown/index.tsx?t=1787493067224:68
[   30392ms] [LOG] null @ http://restaurant21.lobytech.test:3002/src/presentation/views/Modules/Admin/Views/Asistencia/Dropdown/index.tsx?t=1787493067224:68
[   30393ms] [LOG] null @ http://restaurant21.lobytech.test:3002/src/presentation/views/Modules/Admin/Views/Asistencia/Dropdown/index.tsx?t=1787493067224:68
[   30393ms] [LOG] null @ http://restaurant21.lobytech.test:3002/src/presentation/views/Modules/Admin/Views/Asistencia/Dropdown/index.tsx?t=1787493067224:68
[   30393ms] [LOG] null @ http://restaurant21.lobytech.test:3002/src/presentation/views/Modules/Admin/Views/Asistencia/Dropdown/index.tsx?t=1787493067224:68
[   30394ms] [LOG] null @ http://restaurant21.lobytech.test:3002/src/presentation/views/Modules/Admin/Views/Asistencia/Dropdown/index.tsx?t=1787493067224:68
[   30394ms] [LOG] null @ http://restaurant21.lobytech.test:3002/src/presentation/views/Modules/Admin/Views/Asistencia/Dropdown/index.tsx?t=1787493067224:68
[   30395ms] [LOG] null @ http://restaurant21.lobytech.test:3002/src/presentation/views/Modules/Admin/Views/Asistencia/Dropdown/index.tsx?t=1787493067224:68
[   30395ms] [LOG] null @ http://restaurant21.lobytech.test:3002/src/presentation/views/Modules/Admin/Views/Asistencia/Dropdown/index.tsx?t=1787493067224:68
[   30395ms] [LOG] null @ http://restaurant21.lobytech.test:3002/src/presentation/views/Modules/Admin/Views/Asistencia/Dropdown/index.tsx?t=1787493067224:68
[   30396ms] [LOG] [Object, Object, Object, Object, Object, Object, Object, Object, Object, Object, Object, Object, Object, Object, Object, Object, Object, Object, Object, Object, Object, Object, Object, Object, Object, Object, Object, Object, Object, Object, Object, Object, Object, Object, Object, Object, Object, Object, Object, Object, Object, Object, Object, Object, Object, Object, Object, Object, Object, Object, Object, Object, Object, Object, Object, Object, Object, Object, Object, Object, Object, Object, Object, Object, Object, Object] @ http://restaurant21.lobytech.test:3002/src/components/Modal/Admin/Asistencia/index.tsx?t=1787530428254:43
[   30396ms] [LOG] [] @ http://restaurant21.lobytech.test:3002/src/components/Modal/Admin/Asistencia/index.tsx?t=1787530428254:50
[   30397ms] [LOG] Sun Aug 23 2026 00:00:00 GMT-0500 (hora estándar de Perú) @ http://restaurant21.lobytech.test:3002/src/components/Modal/Admin/Asistencia/index.tsx?t=1787530428254:79
[   30397ms] [LOG] 1 @ http://restaurant21.lobytech.test:3002/src/components/Modal/Admin/Asistencia/index.tsx?t=1787530428254:95
[   30397ms] [LOG] {habitacionId: 0, habitacion: , anfitrionaId: 0, anfitriona: , turno: } @ http://restaurant21.lobytech.test:3002/src/components/Modal/Admin/Asistencia/index.tsx?t=1787530428254:108
[   30397ms] [LOG] [] @ http://restaurant21.lobytech.test:3002/src/components/Modal/Admin/Asistencia/index.tsx?t=1787530428254:110
[   30397ms] [LOG] 0 @ http://restaurant21.lobytech.test:3002/src/components/Modal/Admin/Asistencia/index.tsx?t=1787530428254:126
[   30397ms] [LOG] undefined @ http://restaurant21.lobytech.test:3002/src/components/Modal/Admin/Asistencia/index.tsx?t=1787530428254:162
[   30397ms] [LOG]  @ http://restaurant21.lobytech.test:3002/src/components/Modal/Admin/Asistencia/index.tsx?t=1787530428254:163
[   30397ms] [LOG] 844 @ http://restaurant21.lobytech.test:3002/src/components/Modal/Admin/Asistencia/index.tsx?t=1787530428254:202
[   30398ms] [LOG] 390 @ http://restaurant21.lobytech.test:3002/src/components/Modal/Admin/Asistencia/index.tsx?t=1787530428254:203
[   30398ms] [LOG] [] @ http://restaurant21.lobytech.test:3002/src/components/Modal/Admin/Fichas/index.tsx?t=1787493067224:37
[   30398ms] [LOG] [] @ http://restaurant21.lobytech.test:3002/src/components/Modal/Admin/Fichas/index.tsx?t=1787493067224:38
[   30398ms] [LOG] null @ http://restaurant21.lobytech.test:3002/src/components/Modal/Admin/Fichas/index.tsx?t=1787493067224:39
[   30398ms] [LOG] 844 @ http://restaurant21.lobytech.test:3002/src/components/Modal/Admin/Fichas/index.tsx?t=1787493067224:47
[   30398ms] [LOG] 844 @ http://restaurant21.lobytech.test:3002/src/components/Modal/Admin/Fichas/index.tsx?t=1787493067224:48
[   33637ms] [LOG] [] @ http://restaurant21.lobytech.test:3002/src/presentation/views/Modules/Admin/Views/Asistencia/index.tsx?t=1787530464079:46
[   33638ms] [LOG] Sun Aug 23 2026 00:00:00 GMT-0500 (hora estándar de Perú) @ http://restaurant21.lobytech.test:3002/src/presentation/views/Modules/Admin/Views/Asistencia/index.tsx?t=1787530464079:115
[   33638ms] [LOG] {turno: Turno Especial, diaSemana: 0} @ http://restaurant21.lobytech.test:3002/src/presentation/views/Modules/Admin/Views/Asistencia/index.tsx?t=1787530464079:129
[   33638ms] [LOG] Sun Aug 23 2026 00:00:00 GMT-0500 (hora estándar de Perú) @ http://restaurant21.lobytech.test:3002/src/presentation/views/Modules/Admin/Views/Asistencia/index.tsx?t=1787530464079:115
[   33638ms] [LOG] Sun Aug 23 2026 00:00:00 GMT-0500 (hora estándar de Perú) @ http://restaurant21.lobytech.test:3002/src/presentation/views/Modules/Admin/Views/Asistencia/index.tsx?t=1787530464079:115
[   33639ms] [LOG] [] @ http://restaurant21.lobytech.test:3002/src/presentation/views/Modules/Admin/Views/Asistencia/index.tsx?t=1787530464079:198
[   33639ms] [LOG] false @ http://restaurant21.lobytech.test:3002/src/components/Toggle/index.tsx:24
[   33639ms] [LOG] () => {
    if (diaSemana === 0) {
      setCheckedTurno(false);
    } else {
      setCheckedTurno(!isTurno);
    }
  } @ http://restaurant21.lobytech.test:3002/src/components/Toggle/index.tsx:25
[   33642ms] [LOG] null @ http://restaurant21.lobytech.test:3002/src/presentation/views/Modules/Admin/Views/Asistencia/Dropdown/index.tsx?t=1787493067224:68
[   33643ms] [LOG] null @ http://restaurant21.lobytech.test:3002/src/presentation/views/Modules/Admin/Views/Asistencia/Dropdown/index.tsx?t=1787493067224:68
[   33643ms] [LOG] null @ http://restaurant21.lobytech.test:3002/src/presentation/views/Modules/Admin/Views/Asistencia/Dropdown/index.tsx?t=1787493067224:68
[   33644ms] [LOG] null @ http://restaurant21.lobytech.test:3002/src/presentation/views/Modules/Admin/Views/Asistencia/Dropdown/index.tsx?t=1787493067224:68
[   33644ms] [LOG] null @ http://restaurant21.lobytech.test:3002/src/presentation/views/Modules/Admin/Views/Asistencia/Dropdown/index.tsx?t=1787493067224:68
[   33645ms] [LOG] null @ http://restaurant21.lobytech.test:3002/src/presentation/views/Modules/Admin/Views/Asistencia/Dropdown/index.tsx?t=1787493067224:68
[   33645ms] [LOG] null @ http://restaurant21.lobytech.test:3002/src/presentation/views/Modules/Admin/Views/Asistencia/Dropdown/index.tsx?t=1787493067224:68
[   33645ms] [LOG] null @ http://restaurant21.lobytech.test:3002/src/presentation/views/Modules/Admin/Views/Asistencia/Dropdown/index.tsx?t=1787493067224:68
[   33646ms] [LOG] null @ http://restaurant21.lobytech.test:3002/src/presentation/views/Modules/Admin/Views/Asistencia/Dropdown/index.tsx?t=1787493067224:68
[   33646ms] [LOG] null @ http://restaurant21.lobytech.test:3002/src/presentation/views/Modules/Admin/Views/Asistencia/Dropdown/index.tsx?t=1787493067224:68
[   33647ms] [LOG] null @ http://restaurant21.lobytech.test:3002/src/presentation/views/Modules/Admin/Views/Asistencia/Dropdown/index.tsx?t=1787493067224:68
[   33647ms] [LOG] null @ http://restaurant21.lobytech.test:3002/src/presentation/views/Modules/Admin/Views/Asistencia/Dropdown/index.tsx?t=1787493067224:68
[   33648ms] [LOG] null @ http://restaurant21.lobytech.test:3002/src/presentation/views/Modules/Admin/Views/Asistencia/Dropdown/index.tsx?t=1787493067224:68
[   33648ms] [LOG] null @ http://restaurant21.lobytech.test:3002/src/presentation/views/Modules/Admin/Views/Asistencia/Dropdown/index.tsx?t=1787493067224:68
[   33648ms] [LOG] null @ http://restaurant21.lobytech.test:3002/src/presentation/views/Modules/Admin/Views/Asistencia/Dropdown/index.tsx?t=1787493067224:68
[   33648ms] [LOG] null @ http://restaurant21.lobytech.test:3002/src/presentation/views/Modules/Admin/Views/Asistencia/Dropdown/index.tsx?t=1787493067224:68
[   33649ms] [LOG] null @ http://restaurant21.lobytech.test:3002/src/presentation/views/Modules/Admin/Views/Asistencia/Dropdown/index.tsx?t=1787493067224:68
[   33649ms] [LOG] null @ http://restaurant21.lobytech.test:3002/src/presentation/views/Modules/Admin/Views/Asistencia/Dropdown/index.tsx?t=1787493067224:68
[   33649ms] [LOG] null @ http://restaurant21.lobytech.test:3002/src/presentation/views/Modules/Admin/Views/Asistencia/Dropdown/index.tsx?t=1787493067224:68
[   33650ms] [LOG] null @ http://restaurant21.lobytech.test:3002/src/presentation/views/Modules/Admin/Views/Asistencia/Dropdown/index.tsx?t=1787493067224:68
[   33650ms] [LOG] null @ http://restaurant21.lobytech.test:3002/src/presentation/views/Modules/Admin/Views/Asistencia/Dropdown/index.tsx?t=1787493067224:68
[   33651ms] [LOG] null @ http://restaurant21.lobytech.test:3002/src/presentation/views/Modules/Admin/Views/Asistencia/Dropdown/index.tsx?t=1787493067224:68
[   33651ms] [LOG] null @ http://restaurant21.lobytech.test:3002/src/presentation/views/Modules/Admin/Views/Asistencia/Dropdown/index.tsx?t=1787493067224:68
[   33651ms] [LOG] null @ http://restaurant21.lobytech.test:3002/src/presentation/views/Modules/Admin/Views/Asistencia/Dropdown/index.tsx?t=1787493067224:68
[   33652ms] [LOG] null @ http://restaurant21.lobytech.test:3002/src/presentation/views/Modules/Admin/Views/Asistencia/Dropdown/index.tsx?t=1787493067224:68
[   33652ms] [LOG] null @ http://restaurant21.lobytech.test:3002/src/presentation/views/Modules/Admin/Views/Asistencia/Dropdown/index.tsx?t=1787493067224:68
[   33653ms] [LOG] null @ http://restaurant21.lobytech.test:3002/src/presentation/views/Modules/Admin/Views/Asistencia/Dropdown/index.tsx?t=1787493067224:68
[   33653ms] [LOG] null @ http://restaurant21.lobytech.test:3002/src/presentation/views/Modules/Admin/Views/Asistencia/Dropdown/index.tsx?t=1787493067224:68
[   33654ms] [LOG] null @ http://restaurant21.lobytech.test:3002/src/presentation/views/Modules/Admin/Views/Asistencia/Dropdown/index.tsx?t=1787493067224:68
[   33654ms] [LOG] null @ http://restaurant21.lobytech.test:3002/src/presentation/views/Modules/Admin/Views/Asistencia/Dropdown/index.tsx?t=1787493067224:68
[   33655ms] [LOG] null @ http://restaurant21.lobytech.test:3002/src/presentation/views/Modules/Admin/Views/Asistencia/Dropdown/index.tsx?t=1787493067224:68
[   33657ms] [LOG] null @ http://restaurant21.lobytech.test:3002/src/presentation/views/Modules/Admin/Views/Asistencia/Dropdown/index.tsx?t=1787493067224:68
[   33658ms] [LOG] null @ http://restaurant21.lobytech.test:3002/src/presentation/views/Modules/Admin/Views/Asistencia/Dropdown/index.tsx?t=1787493067224:68
[   33658ms] [LOG] null @ http://restaurant21.lobytech.test:3002/src/presentation/views/Modules/Admin/Views/Asistencia/Dropdown/index.tsx?t=1787493067224:68
[   33659ms] [LOG] null @ http://restaurant21.lobytech.test:3002/src/presentation/views/Modules/Admin/Views/Asistencia/Dropdown/index.tsx?t=1787493067224:68
[   33659ms] [LOG] null @ http://restaurant21.lobytech.test:3002/src/presentation/views/Modules/Admin/Views/Asistencia/Dropdown/index.tsx?t=1787493067224:68
[   33659ms] [LOG] null @ http://restaurant21.lobytech.test:3002/src/presentation/views/Modules/Admin/Views/Asistencia/Dropdown/index.tsx?t=1787493067224:68
[   33660ms] [LOG] null @ http://restaurant21.lobytech.test:3002/src/presentation/views/Modules/Admin/Views/Asistencia/Dropdown/index.tsx?t=1787493067224:68
[   33660ms] [LOG] null @ http://restaurant21.lobytech.test:3002/src/presentation/views/Modules/Admin/Views/Asistencia/Dropdown/index.tsx?t=1787493067224:68
[   33661ms] [LOG] null @ http://restaurant21.lobytech.test:3002/src/presentation/views/Modules/Admin/Views/Asistencia/Dropdown/index.tsx?t=1787493067224:68
[   33662ms] [LOG] null @ http://restaurant21.lobytech.test:3002/src/presentation/views/Modules/Admin/Views/Asistencia/Dropdown/index.tsx?t=1787493067224:68
[   33662ms] [LOG] null @ http://restaurant21.lobytech.test:3002/src/presentation/views/Modules/Admin/Views/Asistencia/Dropdown/index.tsx?t=1787493067224:68
[   33662ms] [LOG] null @ http://restaurant21.lobytech.test:3002/src/presentation/views/Modules/Admin/Views/Asistencia/Dropdown/index.tsx?t=1787493067224:68
[   33663ms] [LOG] null @ http://restaurant21.lobytech.test:3002/src/presentation/views/Modules/Admin/Views/Asistencia/Dropdown/index.tsx?t=1787493067224:68
[   33663ms] [LOG] null @ http://restaurant21.lobytech.test:3002/src/presentation/views/Modules/Admin/Views/Asistencia/Dropdown/index.tsx?t=1787493067224:68
[   33663ms] [LOG] null @ http://restaurant21.lobytech.test:3002/src/presentation/views/Modules/Admin/Views/Asistencia/Dropdown/index.tsx?t=1787493067224:68
[   33664ms] [LOG] null @ http://restaurant21.lobytech.test:3002/src/presentation/views/Modules/Admin/Views/Asistencia/Dropdown/index.tsx?t=1787493067224:68
[   33664ms] [LOG] null @ http://restaurant21.lobytech.test:3002/src/presentation/views/Modules/Admin/Views/Asistencia/Dropdown/index.tsx?t=1787493067224:68
[   33664ms] [LOG] null @ http://restaurant21.lobytech.test:3002/src/presentation/views/Modules/Admin/Views/Asistencia/Dropdown/index.tsx?t=1787493067224:68
[   33665ms] [LOG] null @ http://restaurant21.lobytech.test:3002/src/presentation/views/Modules/Admin/Views/Asistencia/Dropdown/index.tsx?t=1787493067224:68
[   33665ms] [LOG] null @ http://restaurant21.lobytech.test:3002/src/presentation/views/Modules/Admin/Views/Asistencia/Dropdown/index.tsx?t=1787493067224:68
[   33665ms] [LOG] null @ http://restaurant21.lobytech.test:3002/src/presentation/views/Modules/Admin/Views/Asistencia/Dropdown/index.tsx?t=1787493067224:68
[   33666ms] [LOG] null @ http://restaurant21.lobytech.test:3002/src/presentation/views/Modules/Admin/Views/Asistencia/Dropdown/index.tsx?t=1787493067224:68
[   33668ms] [LOG] null @ http://restaurant21.lobytech.test:3002/src/presentation/views/Modules/Admin/Views/Asistencia/Dropdown/index.tsx?t=1787493067224:68
[   33668ms] [LOG] null @ http://restaurant21.lobytech.test:3002/src/presentation/views/Modules/Admin/Views/Asistencia/Dropdown/index.tsx?t=1787493067224:68
[   33669ms] [LOG] null @ http://restaurant21.lobytech.test:3002/src/presentation/views/Modules/Admin/Views/Asistencia/Dropdown/index.tsx?t=1787493067224:68
[   33669ms] [LOG] null @ http://restaurant21.lobytech.test:3002/src/presentation/views/Modules/Admin/Views/Asistencia/Dropdown/index.tsx?t=1787493067224:68
[   33670ms] [LOG] null @ http://restaurant21.lobytech.test:3002/src/presentation/views/Modules/Admin/Views/Asistencia/Dropdown/index.tsx?t=1787493067224:68
[   33671ms] [LOG] null @ http://restaurant21.lobytech.test:3002/src/presentation/views/Modules/Admin/Views/Asistencia/Dropdown/index.tsx?t=1787493067224:68
[   33671ms] [LOG] null @ http://restaurant21.lobytech.test:3002/src/presentation/views/Modules/Admin/Views/Asistencia/Dropdown/index.tsx?t=1787493067224:68
[   33671ms] [LOG] null @ http://restaurant21.lobytech.test:3002/src/presentation/views/Modules/Admin/Views/Asistencia/Dropdown/index.tsx?t=1787493067224:68
[   33672ms] [LOG] null @ http://restaurant21.lobytech.test:3002/src/presentation/views/Modules/Admin/Views/Asistencia/Dropdown/index.tsx?t=1787493067224:68
[   33673ms] [LOG] null @ http://restaurant21.lobytech.test:3002/src/presentation/views/Modules/Admin/Views/Asistencia/Dropdown/index.tsx?t=1787493067224:68
[   33673ms] [LOG] null @ http://restaurant21.lobytech.test:3002/src/presentation/views/Modules/Admin/Views/Asistencia/Dropdown/index.tsx?t=1787493067224:68
[   33673ms] [LOG] null @ http://restaurant21.lobytech.test:3002/src/presentation/views/Modules/Admin/Views/Asistencia/Dropdown/index.tsx?t=1787493067224:68
[   33674ms] [LOG] null @ http://restaurant21.lobytech.test:3002/src/presentation/views/Modules/Admin/Views/Asistencia/Dropdown/index.tsx?t=1787493067224:68
[   33674ms] [LOG] [Object, Object, Object, Object, Object, Object, Object, Object, Object, Object, Object, Object, Object, Object, Object, Object, Object, Object, Object, Object, Object, Object, Object, Object, Object, Object, Object, Object, Object, Object, Object, Object, Object, Object, Object, Object, Object, Object, Object, Object, Object, Object, Object, Object, Object, Object, Object, Object, Object, Object, Object, Object, Object, Object, Object, Object, Object, Object, Object, Object, Object, Object, Object, Object, Object, Object] @ http://restaurant21.lobytech.test:3002/src/components/Modal/Admin/Asistencia/index.tsx?t=1787530428254:43
[   33674ms] [LOG] [] @ http://restaurant21.lobytech.test:3002/src/components/Modal/Admin/Asistencia/index.tsx?t=1787530428254:50
[   33675ms] [LOG] Sun Aug 23 2026 00:00:00 GMT-0500 (hora estándar de Perú) @ http://restaurant21.lobytech.test:3002/src/components/Modal/Admin/Asistencia/index.tsx?t=1787530428254:79
[   33675ms] [LOG] 1 @ http://restaurant21.lobytech.test:3002/src/components/Modal/Admin/Asistencia/index.tsx?t=1787530428254:95
[   33675ms] [LOG] {habitacionId: 0, habitacion: , anfitrionaId: 0, anfitriona: , turno: } @ http://restaurant21.lobytech.test:3002/src/components/Modal/Admin/Asistencia/index.tsx?t=1787530428254:108
[   33675ms] [LOG] [] @ http://restaurant21.lobytech.test:3002/src/components/Modal/Admin/Asistencia/index.tsx?t=1787530428254:110
[   33675ms] [LOG] 0 @ http://restaurant21.lobytech.test:3002/src/components/Modal/Admin/Asistencia/index.tsx?t=1787530428254:126
[   33675ms] [LOG] undefined @ http://restaurant21.lobytech.test:3002/src/components/Modal/Admin/Asistencia/index.tsx?t=1787530428254:162
[   33675ms] [LOG]  @ http://restaurant21.lobytech.test:3002/src/components/Modal/Admin/Asistencia/index.tsx?t=1787530428254:163
[   33675ms] [LOG] 844 @ http://restaurant21.lobytech.test:3002/src/components/Modal/Admin/Asistencia/index.tsx?t=1787530428254:202
[   33675ms] [LOG] 390 @ http://restaurant21.lobytech.test:3002/src/components/Modal/Admin/Asistencia/index.tsx?t=1787530428254:203
[   33676ms] [LOG] [] @ http://restaurant21.lobytech.test:3002/src/components/Modal/Admin/Fichas/index.tsx?t=1787493067224:37
[   33676ms] [LOG] [] @ http://restaurant21.lobytech.test:3002/src/components/Modal/Admin/Fichas/index.tsx?t=1787493067224:38
[   33676ms] [LOG] null @ http://restaurant21.lobytech.test:3002/src/components/Modal/Admin/Fichas/index.tsx?t=1787493067224:39
[   33676ms] [LOG] 844 @ http://restaurant21.lobytech.test:3002/src/components/Modal/Admin/Fichas/index.tsx?t=1787493067224:47
[   33676ms] [LOG] 844 @ http://restaurant21.lobytech.test:3002/src/components/Modal/Admin/Fichas/index.tsx?t=1787493067224:48
[   33737ms] [ERROR] Failed to load resource: the server responded with a status of 500 (Internal Server Error) @ http://localhost:5002/api/facturacion/listar-fichas?fecha=23/08/2026:0
[   33738ms] [LOG] AxiosError @ http://restaurant21.lobytech.test:3002/src/utils/axios.ts:19
[   33738ms] [LOG] AxiosError @ http://restaurant21.lobytech.test:3002/src/redux/reducers/Admin/asistencia/asistencia.reducer.ts:374
[   33739ms] [LOG] [] @ http://restaurant21.lobytech.test:3002/src/presentation/views/Modules/Admin/Views/Asistencia/index.tsx?t=1787530464079:46
[   33739ms] [LOG] Sun Aug 23 2026 00:00:00 GMT-0500 (hora estándar de Perú) @ http://restaurant21.lobytech.test:3002/src/presentation/views/Modules/Admin/Views/Asistencia/index.tsx?t=1787530464079:115
[   33739ms] [LOG] {turno: Turno Especial, diaSemana: 0} @ http://restaurant21.lobytech.test:3002/src/presentation/views/Modules/Admin/Views/Asistencia/index.tsx?t=1787530464079:129
[   33739ms] [LOG] Sun Aug 23 2026 00:00:00 GMT-0500 (hora estándar de Perú) @ http://restaurant21.lobytech.test:3002/src/presentation/views/Modules/Admin/Views/Asistencia/index.tsx?t=1787530464079:115
[   33739ms] [LOG] Sun Aug 23 2026 00:00:00 GMT-0500 (hora estándar de Perú) @ http://restaurant21.lobytech.test:3002/src/presentation/views/Modules/Admin/Views/Asistencia/index.tsx?t=1787530464079:115
[   33740ms] [LOG] [] @ http://restaurant21.lobytech.test:3002/src/presentation/views/Modules/Admin/Views/Asistencia/index.tsx?t=1787530464079:198
[   33741ms] [LOG] false @ http://restaurant21.lobytech.test:3002/src/components/Toggle/index.tsx:24
[   33741ms] [LOG] () => {
    if (diaSemana === 0) {
      setCheckedTurno(false);
    } else {
      setCheckedTurno(!isTurno);
    }
  } @ http://restaurant21.lobytech.test:3002/src/components/Toggle/index.tsx:25
[   33752ms] [LOG] null @ http://restaurant21.lobytech.test:3002/src/presentation/views/Modules/Admin/Views/Asistencia/Dropdown/index.tsx?t=1787493067224:68
[   33753ms] [LOG] null @ http://restaurant21.lobytech.test:3002/src/presentation/views/Modules/Admin/Views/Asistencia/Dropdown/index.tsx?t=1787493067224:68
[   33754ms] [LOG] null @ http://restaurant21.lobytech.test:3002/src/presentation/views/Modules/Admin/Views/Asistencia/Dropdown/index.tsx?t=1787493067224:68
[   33754ms] [LOG] null @ http://restaurant21.lobytech.test:3002/src/presentation/views/Modules/Admin/Views/Asistencia/Dropdown/index.tsx?t=1787493067224:68
[   33755ms] [LOG] null @ http://restaurant21.lobytech.test:3002/src/presentation/views/Modules/Admin/Views/Asistencia/Dropdown/index.tsx?t=1787493067224:68
[   33755ms] [LOG] null @ http://restaurant21.lobytech.test:3002/src/presentation/views/Modules/Admin/Views/Asistencia/Dropdown/index.tsx?t=1787493067224:68
[   33756ms] [LOG] null @ http://restaurant21.lobytech.test:3002/src/presentation/views/Modules/Admin/Views/Asistencia/Dropdown/index.tsx?t=1787493067224:68
[   33756ms] [LOG] null @ http://restaurant21.lobytech.test:3002/src/presentation/views/Modules/Admin/Views/Asistencia/Dropdown/index.tsx?t=1787493067224:68
[   33756ms] [LOG] null @ http://restaurant21.lobytech.test:3002/src/presentation/views/Modules/Admin/Views/Asistencia/Dropdown/index.tsx?t=1787493067224:68
[   33757ms] [LOG] null @ http://restaurant21.lobytech.test:3002/src/presentation/views/Modules/Admin/Views/Asistencia/Dropdown/index.tsx?t=1787493067224:68
[   33758ms] [LOG] null @ http://restaurant21.lobytech.test:3002/src/presentation/views/Modules/Admin/Views/Asistencia/Dropdown/index.tsx?t=1787493067224:68
[   33758ms] [LOG] null @ http://restaurant21.lobytech.test:3002/src/presentation/views/Modules/Admin/Views/Asistencia/Dropdown/index.tsx?t=1787493067224:68
[   33758ms] [LOG] null @ http://restaurant21.lobytech.test:3002/src/presentation/views/Modules/Admin/Views/Asistencia/Dropdown/index.tsx?t=1787493067224:68
[   33759ms] [LOG] null @ http://restaurant21.lobytech.test:3002/src/presentation/views/Modules/Admin/Views/Asistencia/Dropdown/index.tsx?t=1787493067224:68
[   33759ms] [LOG] null @ http://restaurant21.lobytech.test:3002/src/presentation/views/Modules/Admin/Views/Asistencia/Dropdown/index.tsx?t=1787493067224:68
[   33760ms] [LOG] null @ http://restaurant21.lobytech.test:3002/src/presentation/views/Modules/Admin/Views/Asistencia/Dropdown/index.tsx?t=1787493067224:68
[   33760ms] [LOG] null @ http://restaurant21.lobytech.test:3002/src/presentation/views/Modules/Admin/Views/Asistencia/Dropdown/index.tsx?t=1787493067224:68
[   33760ms] [LOG] null @ http://restaurant21.lobytech.test:3002/src/presentation/views/Modules/Admin/Views/Asistencia/Dropdown/index.tsx?t=1787493067224:68
[   33760ms] [LOG] null @ http://restaurant21.lobytech.test:3002/src/presentation/views/Modules/Admin/Views/Asistencia/Dropdown/index.tsx?t=1787493067224:68
[   33761ms] [LOG] null @ http://restaurant21.lobytech.test:3002/src/presentation/views/Modules/Admin/Views/Asistencia/Dropdown/index.tsx?t=1787493067224:68
[   33761ms] [LOG] null @ http://restaurant21.lobytech.test:3002/src/presentation/views/Modules/Admin/Views/Asistencia/Dropdown/index.tsx?t=1787493067224:68
[   33761ms] [LOG] null @ http://restaurant21.lobytech.test:3002/src/presentation/views/Modules/Admin/Views/Asistencia/Dropdown/index.tsx?t=1787493067224:68
[   33762ms] [LOG] null @ http://restaurant21.lobytech.test:3002/src/presentation/views/Modules/Admin/Views/Asistencia/Dropdown/index.tsx?t=1787493067224:68
[   33762ms] [LOG] null @ http://restaurant21.lobytech.test:3002/src/presentation/views/Modules/Admin/Views/Asistencia/Dropdown/index.tsx?t=1787493067224:68
[   33762ms] [LOG] null @ http://restaurant21.lobytech.test:3002/src/presentation/views/Modules/Admin/Views/Asistencia/Dropdown/index.tsx?t=1787493067224:68
[   33763ms] [LOG] null @ http://restaurant21.lobytech.test:3002/src/presentation/views/Modules/Admin/Views/Asistencia/Dropdown/index.tsx?t=1787493067224:68
[   33763ms] [LOG] null @ http://restaurant21.lobytech.test:3002/src/presentation/views/Modules/Admin/Views/Asistencia/Dropdown/index.tsx?t=1787493067224:68
[   33764ms] [LOG] null @ http://restaurant21.lobytech.test:3002/src/presentation/views/Modules/Admin/Views/Asistencia/Dropdown/index.tsx?t=1787493067224:68
[   33764ms] [LOG] null @ http://restaurant21.lobytech.test:3002/src/presentation/views/Modules/Admin/Views/Asistencia/Dropdown/index.tsx?t=1787493067224:68
[   33765ms] [LOG] null @ http://restaurant21.lobytech.test:3002/src/presentation/views/Modules/Admin/Views/Asistencia/Dropdown/index.tsx?t=1787493067224:68
[   33765ms] [LOG] null @ http://restaurant21.lobytech.test:3002/src/presentation/views/Modules/Admin/Views/Asistencia/Dropdown/index.tsx?t=1787493067224:68
[   33766ms] [LOG] null @ http://restaurant21.lobytech.test:3002/src/presentation/views/Modules/Admin/Views/Asistencia/Dropdown/index.tsx?t=1787493067224:68
[   33767ms] [LOG] null @ http://restaurant21.lobytech.test:3002/src/presentation/views/Modules/Admin/Views/Asistencia/Dropdown/index.tsx?t=1787493067224:68
[   33767ms] [LOG] null @ http://restaurant21.lobytech.test:3002/src/presentation/views/Modules/Admin/Views/Asistencia/Dropdown/index.tsx?t=1787493067224:68
[   33768ms] [LOG] null @ http://restaurant21.lobytech.test:3002/src/presentation/views/Modules/Admin/Views/Asistencia/Dropdown/index.tsx?t=1787493067224:68
[   33769ms] [LOG] null @ http://restaurant21.lobytech.test:3002/src/presentation/views/Modules/Admin/Views/Asistencia/Dropdown/index.tsx?t=1787493067224:68
[   33769ms] [LOG] null @ http://restaurant21.lobytech.test:3002/src/presentation/views/Modules/Admin/Views/Asistencia/Dropdown/index.tsx?t=1787493067224:68
[   33770ms] [LOG] null @ http://restaurant21.lobytech.test:3002/src/presentation/views/Modules/Admin/Views/Asistencia/Dropdown/index.tsx?t=1787493067224:68
[   33770ms] [LOG] null @ http://restaurant21.lobytech.test:3002/src/presentation/views/Modules/Admin/Views/Asistencia/Dropdown/index.tsx?t=1787493067224:68
[   33771ms] [LOG] null @ http://restaurant21.lobytech.test:3002/src/presentation/views/Modules/Admin/Views/Asistencia/Dropdown/index.tsx?t=1787493067224:68
[   33771ms] [LOG] null @ http://restaurant21.lobytech.test:3002/src/presentation/views/Modules/Admin/Views/Asistencia/Dropdown/index.tsx?t=1787493067224:68
[   33772ms] [LOG] null @ http://restaurant21.lobytech.test:3002/src/presentation/views/Modules/Admin/Views/Asistencia/Dropdown/index.tsx?t=1787493067224:68
[   33772ms] [LOG] null @ http://restaurant21.lobytech.test:3002/src/presentation/views/Modules/Admin/Views/Asistencia/Dropdown/index.tsx?t=1787493067224:68
[   33773ms] [LOG] null @ http://restaurant21.lobytech.test:3002/src/presentation/views/Modules/Admin/Views/Asistencia/Dropdown/index.tsx?t=1787493067224:68
[   33773ms] [LOG] null @ http://restaurant21.lobytech.test:3002/src/presentation/views/Modules/Admin/Views/Asistencia/Dropdown/index.tsx?t=1787493067224:68
[   33773ms] [LOG] null @ http://restaurant21.lobytech.test:3002/src/presentation/views/Modules/Admin/Views/Asistencia/Dropdown/index.tsx?t=1787493067224:68
[   33774ms] [LOG] null @ http://restaurant21.lobytech.test:3002/src/presentation/views/Modules/Admin/Views/Asistencia/Dropdown/index.tsx?t=1787493067224:68
[   33774ms] [LOG] null @ http://restaurant21.lobytech.test:3002/src/presentation/views/Modules/Admin/Views/Asistencia/Dropdown/index.tsx?t=1787493067224:68
[   33775ms] [LOG] null @ http://restaurant21.lobytech.test:3002/src/presentation/views/Modules/Admin/Views/Asistencia/Dropdown/index.tsx?t=1787493067224:68
[   33775ms] [LOG] null @ http://restaurant21.lobytech.test:3002/src/presentation/views/Modules/Admin/Views/Asistencia/Dropdown/index.tsx?t=1787493067224:68
[   33776ms] [LOG] null @ http://restaurant21.lobytech.test:3002/src/presentation/views/Modules/Admin/Views/Asistencia/Dropdown/index.tsx?t=1787493067224:68
[   33776ms] [LOG] null @ http://restaurant21.lobytech.test:3002/src/presentation/views/Modules/Admin/Views/Asistencia/Dropdown/index.tsx?t=1787493067224:68
[   33776ms] [LOG] null @ http://restaurant21.lobytech.test:3002/src/presentation/views/Modules/Admin/Views/Asistencia/Dropdown/index.tsx?t=1787493067224:68
[   33777ms] [LOG] null @ http://restaurant21.lobytech.test:3002/src/presentation/views/Modules/Admin/Views/Asistencia/Dropdown/index.tsx?t=1787493067224:68
[   33777ms] [LOG] null @ http://restaurant21.lobytech.test:3002/src/presentation/views/Modules/Admin/Views/Asistencia/Dropdown/index.tsx?t=1787493067224:68
[   33777ms] [LOG] null @ http://restaurant21.lobytech.test:3002/src/presentation/views/Modules/Admin/Views/Asistencia/Dropdown/index.tsx?t=1787493067224:68
[   33778ms] [LOG] null @ http://restaurant21.lobytech.test:3002/src/presentation/views/Modules/Admin/Views/Asistencia/Dropdown/index.tsx?t=1787493067224:68
[   33778ms] [LOG] null @ http://restaurant21.lobytech.test:3002/src/presentation/views/Modules/Admin/Views/Asistencia/Dropdown/index.tsx?t=1787493067224:68
[   33779ms] [LOG] null @ http://restaurant21.lobytech.test:3002/src/presentation/views/Modules/Admin/Views/Asistencia/Dropdown/index.tsx?t=1787493067224:68
[   33779ms] [LOG] null @ http://restaurant21.lobytech.test:3002/src/presentation/views/Modules/Admin/Views/Asistencia/Dropdown/index.tsx?t=1787493067224:68
[   33779ms] [LOG] null @ http://restaurant21.lobytech.test:3002/src/presentation/views/Modules/Admin/Views/Asistencia/Dropdown/index.tsx?t=1787493067224:68
[   33780ms] [LOG] null @ http://restaurant21.lobytech.test:3002/src/presentation/views/Modules/Admin/Views/Asistencia/Dropdown/index.tsx?t=1787493067224:68
[   33780ms] [LOG] null @ http://restaurant21.lobytech.test:3002/src/presentation/views/Modules/Admin/Views/Asistencia/Dropdown/index.tsx?t=1787493067224:68
[   33781ms] [LOG] null @ http://restaurant21.lobytech.test:3002/src/presentation/views/Modules/Admin/Views/Asistencia/Dropdown/index.tsx?t=1787493067224:68
[   33781ms] [LOG] null @ http://restaurant21.lobytech.test:3002/src/presentation/views/Modules/Admin/Views/Asistencia/Dropdown/index.tsx?t=1787493067224:68
[   33781ms] [LOG] null @ http://restaurant21.lobytech.test:3002/src/presentation/views/Modules/Admin/Views/Asistencia/Dropdown/index.tsx?t=1787493067224:68
[   33782ms] [LOG] [Object, Object, Object, Object, Object, Object, Object, Object, Object, Object, Object, Object, Object, Object, Object, Object, Object, Object, Object, Object, Object, Object, Object, Object, Object, Object, Object, Object, Object, Object, Object, Object, Object, Object, Object, Object, Object, Object, Object, Object, Object, Object, Object, Object, Object, Object, Object, Object, Object, Object, Object, Object, Object, Object, Object, Object, Object, Object, Object, Object, Object, Object, Object, Object, Object, Object] @ http://restaurant21.lobytech.test:3002/src/components/Modal/Admin/Asistencia/index.tsx?t=1787530428254:43
[   33782ms] [LOG] [] @ http://restaurant21.lobytech.test:3002/src/components/Modal/Admin/Asistencia/index.tsx?t=1787530428254:50
[   33782ms] [LOG] Sun Aug 23 2026 00:00:00 GMT-0500 (hora estándar de Perú) @ http://restaurant21.lobytech.test:3002/src/components/Modal/Admin/Asistencia/index.tsx?t=1787530428254:79
[   33783ms] [LOG] 1 @ http://restaurant21.lobytech.test:3002/src/components/Modal/Admin/Asistencia/index.tsx?t=1787530428254:95
[   33783ms] [LOG] {habitacionId: 0, habitacion: , anfitrionaId: 0, anfitriona: , turno: } @ http://restaurant21.lobytech.test:3002/src/components/Modal/Admin/Asistencia/index.tsx?t=1787530428254:108
[   33783ms] [LOG] [] @ http://restaurant21.lobytech.test:3002/src/components/Modal/Admin/Asistencia/index.tsx?t=1787530428254:110
[   33783ms] [LOG] 0 @ http://restaurant21.lobytech.test:3002/src/components/Modal/Admin/Asistencia/index.tsx?t=1787530428254:126
[   33783ms] [LOG] undefined @ http://restaurant21.lobytech.test:3002/src/components/Modal/Admin/Asistencia/index.tsx?t=1787530428254:162
[   33783ms] [LOG]  @ http://restaurant21.lobytech.test:3002/src/components/Modal/Admin/Asistencia/index.tsx?t=1787530428254:163
[   33783ms] [LOG] 844 @ http://restaurant21.lobytech.test:3002/src/components/Modal/Admin/Asistencia/index.tsx?t=1787530428254:202
[   33783ms] [LOG] 390 @ http://restaurant21.lobytech.test:3002/src/components/Modal/Admin/Asistencia/index.tsx?t=1787530428254:203
[   33784ms] [LOG] [] @ http://restaurant21.lobytech.test:3002/src/components/Modal/Admin/Fichas/index.tsx?t=1787493067224:37
[   33784ms] [LOG] [] @ http://restaurant21.lobytech.test:3002/src/components/Modal/Admin/Fichas/index.tsx?t=1787493067224:38
[   33784ms] [LOG] null @ http://restaurant21.lobytech.test:3002/src/components/Modal/Admin/Fichas/index.tsx?t=1787493067224:39
[   33785ms] [LOG] 844 @ http://restaurant21.lobytech.test:3002/src/components/Modal/Admin/Fichas/index.tsx?t=1787493067224:47
[   33785ms] [LOG] 844 @ http://restaurant21.lobytech.test:3002/src/components/Modal/Admin/Fichas/index.tsx?t=1787493067224:48
[   33892ms] [LOG] {code: 1, message: Success, data: Array(0), status: 200} @ http://restaurant21.lobytech.test:3002/src/redux/reducers/Admin/asistencia/asistencia.reducer.ts:196
[   33893ms] [LOG] [] @ http://restaurant21.lobytech.test:3002/src/presentation/views/Modules/Admin/Views/Asistencia/index.tsx?t=1787530464079:46
[   33894ms] [LOG] Sun Aug 23 2026 00:00:00 GMT-0500 (hora estándar de Perú) @ http://restaurant21.lobytech.test:3002/src/presentation/views/Modules/Admin/Views/Asistencia/index.tsx?t=1787530464079:115
[   33894ms] [LOG] {turno: Turno Especial, diaSemana: 0} @ http://restaurant21.lobytech.test:3002/src/presentation/views/Modules/Admin/Views/Asistencia/index.tsx?t=1787530464079:129
[   33894ms] [LOG] Sun Aug 23 2026 00:00:00 GMT-0500 (hora estándar de Perú) @ http://restaurant21.lobytech.test:3002/src/presentation/views/Modules/Admin/Views/Asistencia/index.tsx?t=1787530464079:115
[   33895ms] [LOG] Sun Aug 23 2026 00:00:00 GMT-0500 (hora estándar de Perú) @ http://restaurant21.lobytech.test:3002/src/presentation/views/Modules/Admin/Views/Asistencia/index.tsx?t=1787530464079:115
[   33895ms] [LOG] [] @ http://restaurant21.lobytech.test:3002/src/presentation/views/Modules/Admin/Views/Asistencia/index.tsx?t=1787530464079:198
[   33896ms] [LOG] false @ http://restaurant21.lobytech.test:3002/src/components/Toggle/index.tsx:24
[   33896ms] [LOG] () => {
    if (diaSemana === 0) {
      setCheckedTurno(false);
    } else {
      setCheckedTurno(!isTurno);
    }
  } @ http://restaurant21.lobytech.test:3002/src/components/Toggle/index.tsx:25
[   33898ms] [LOG] null @ http://restaurant21.lobytech.test:3002/src/presentation/views/Modules/Admin/Views/Asistencia/Dropdown/index.tsx?t=1787493067224:68
[   33898ms] [LOG] null @ http://restaurant21.lobytech.test:3002/src/presentation/views/Modules/Admin/Views/Asistencia/Dropdown/index.tsx?t=1787493067224:68
[   33899ms] [LOG] null @ http://restaurant21.lobytech.test:3002/src/presentation/views/Modules/Admin/Views/Asistencia/Dropdown/index.tsx?t=1787493067224:68
[   33900ms] [LOG] null @ http://restaurant21.lobytech.test:3002/src/presentation/views/Modules/Admin/Views/Asistencia/Dropdown/index.tsx?t=1787493067224:68
[   33900ms] [LOG] null @ http://restaurant21.lobytech.test:3002/src/presentation/views/Modules/Admin/Views/Asistencia/Dropdown/index.tsx?t=1787493067224:68
[   33900ms] [LOG] null @ http://restaurant21.lobytech.test:3002/src/presentation/views/Modules/Admin/Views/Asistencia/Dropdown/index.tsx?t=1787493067224:68
[   33901ms] [LOG] null @ http://restaurant21.lobytech.test:3002/src/presentation/views/Modules/Admin/Views/Asistencia/Dropdown/index.tsx?t=1787493067224:68
[   33902ms] [LOG] null @ http://restaurant21.lobytech.test:3002/src/presentation/views/Modules/Admin/Views/Asistencia/Dropdown/index.tsx?t=1787493067224:68
[   33902ms] [LOG] null @ http://restaurant21.lobytech.test:3002/src/presentation/views/Modules/Admin/Views/Asistencia/Dropdown/index.tsx?t=1787493067224:68
[   33903ms] [LOG] null @ http://restaurant21.lobytech.test:3002/src/presentation/views/Modules/Admin/Views/Asistencia/Dropdown/index.tsx?t=1787493067224:68
[   33903ms] [LOG] null @ http://restaurant21.lobytech.test:3002/src/presentation/views/Modules/Admin/Views/Asistencia/Dropdown/index.tsx?t=1787493067224:68
[   33904ms] [LOG] null @ http://restaurant21.lobytech.test:3002/src/presentation/views/Modules/Admin/Views/Asistencia/Dropdown/index.tsx?t=1787493067224:68
[   33904ms] [LOG] null @ http://restaurant21.lobytech.test:3002/src/presentation/views/Modules/Admin/Views/Asistencia/Dropdown/index.tsx?t=1787493067224:68
[   33904ms] [LOG] null @ http://restaurant21.lobytech.test:3002/src/presentation/views/Modules/Admin/Views/Asistencia/Dropdown/index.tsx?t=1787493067224:68
[   33905ms] [LOG] null @ http://restaurant21.lobytech.test:3002/src/presentation/views/Modules/Admin/Views/Asistencia/Dropdown/index.tsx?t=1787493067224:68
[   33905ms] [LOG] null @ http://restaurant21.lobytech.test:3002/src/presentation/views/Modules/Admin/Views/Asistencia/Dropdown/index.tsx?t=1787493067224:68
[   33905ms] [LOG] null @ http://restaurant21.lobytech.test:3002/src/presentation/views/Modules/Admin/Views/Asistencia/Dropdown/index.tsx?t=1787493067224:68
[   33906ms] [LOG] null @ http://restaurant21.lobytech.test:3002/src/presentation/views/Modules/Admin/Views/Asistencia/Dropdown/index.tsx?t=1787493067224:68
[   33906ms] [LOG] null @ http://restaurant21.lobytech.test:3002/src/presentation/views/Modules/Admin/Views/Asistencia/Dropdown/index.tsx?t=1787493067224:68
[   33906ms] [LOG] null @ http://restaurant21.lobytech.test:3002/src/presentation/views/Modules/Admin/Views/Asistencia/Dropdown/index.tsx?t=1787493067224:68
[   33907ms] [LOG] null @ http://restaurant21.lobytech.test:3002/src/presentation/views/Modules/Admin/Views/Asistencia/Dropdown/index.tsx?t=1787493067224:68
[   33907ms] [LOG] null @ http://restaurant21.lobytech.test:3002/src/presentation/views/Modules/Admin/Views/Asistencia/Dropdown/index.tsx?t=1787493067224:68
[   33907ms] [LOG] null @ http://restaurant21.lobytech.test:3002/src/presentation/views/Modules/Admin/Views/Asistencia/Dropdown/index.tsx?t=1787493067224:68
[   33908ms] [LOG] null @ http://restaurant21.lobytech.test:3002/src/presentation/views/Modules/Admin/Views/Asistencia/Dropdown/index.tsx?t=1787493067224:68
[   33908ms] [LOG] null @ http://restaurant21.lobytech.test:3002/src/presentation/views/Modules/Admin/Views/Asistencia/Dropdown/index.tsx?t=1787493067224:68
[   33908ms] [LOG] null @ http://restaurant21.lobytech.test:3002/src/presentation/views/Modules/Admin/Views/Asistencia/Dropdown/index.tsx?t=1787493067224:68
[   33909ms] [LOG] null @ http://restaurant21.lobytech.test:3002/src/presentation/views/Modules/Admin/Views/Asistencia/Dropdown/index.tsx?t=1787493067224:68
[   33909ms] [LOG] null @ http://restaurant21.lobytech.test:3002/src/presentation/views/Modules/Admin/Views/Asistencia/Dropdown/index.tsx?t=1787493067224:68
[   33909ms] [LOG] null @ http://restaurant21.lobytech.test:3002/src/presentation/views/Modules/Admin/Views/Asistencia/Dropdown/index.tsx?t=1787493067224:68
[   33910ms] [LOG] null @ http://restaurant21.lobytech.test:3002/src/presentation/views/Modules/Admin/Views/Asistencia/Dropdown/index.tsx?t=1787493067224:68
[   33910ms] [LOG] null @ http://restaurant21.lobytech.test:3002/src/presentation/views/Modules/Admin/Views/Asistencia/Dropdown/index.tsx?t=1787493067224:68
[   33911ms] [LOG] null @ http://restaurant21.lobytech.test:3002/src/presentation/views/Modules/Admin/Views/Asistencia/Dropdown/index.tsx?t=1787493067224:68
[   33911ms] [LOG] null @ http://restaurant21.lobytech.test:3002/src/presentation/views/Modules/Admin/Views/Asistencia/Dropdown/index.tsx?t=1787493067224:68
[   33911ms] [LOG] null @ http://restaurant21.lobytech.test:3002/src/presentation/views/Modules/Admin/Views/Asistencia/Dropdown/index.tsx?t=1787493067224:68
[   33912ms] [LOG] null @ http://restaurant21.lobytech.test:3002/src/presentation/views/Modules/Admin/Views/Asistencia/Dropdown/index.tsx?t=1787493067224:68
[   33912ms] [LOG] null @ http://restaurant21.lobytech.test:3002/src/presentation/views/Modules/Admin/Views/Asistencia/Dropdown/index.tsx?t=1787493067224:68
[   33912ms] [LOG] null @ http://restaurant21.lobytech.test:3002/src/presentation/views/Modules/Admin/Views/Asistencia/Dropdown/index.tsx?t=1787493067224:68
[   33913ms] [LOG] null @ http://restaurant21.lobytech.test:3002/src/presentation/views/Modules/Admin/Views/Asistencia/Dropdown/index.tsx?t=1787493067224:68
[   33913ms] [LOG] null @ http://restaurant21.lobytech.test:3002/src/presentation/views/Modules/Admin/Views/Asistencia/Dropdown/index.tsx?t=1787493067224:68
[   33913ms] [LOG] null @ http://restaurant21.lobytech.test:3002/src/presentation/views/Modules/Admin/Views/Asistencia/Dropdown/index.tsx?t=1787493067224:68
[   33914ms] [LOG] null @ http://restaurant21.lobytech.test:3002/src/presentation/views/Modules/Admin/Views/Asistencia/Dropdown/index.tsx?t=1787493067224:68
[   33914ms] [LOG] null @ http://restaurant21.lobytech.test:3002/src/presentation/views/Modules/Admin/Views/Asistencia/Dropdown/index.tsx?t=1787493067224:68
[   33914ms] [LOG] null @ http://restaurant21.lobytech.test:3002/src/presentation/views/Modules/Admin/Views/Asistencia/Dropdown/index.tsx?t=1787493067224:68
[   33915ms] [LOG] null @ http://restaurant21.lobytech.test:3002/src/presentation/views/Modules/Admin/Views/Asistencia/Dropdown/index.tsx?t=1787493067224:68
[   33916ms] [LOG] null @ http://restaurant21.lobytech.test:3002/src/presentation/views/Modules/Admin/Views/Asistencia/Dropdown/index.tsx?t=1787493067224:68
[   33917ms] [LOG] null @ http://restaurant21.lobytech.test:3002/src/presentation/views/Modules/Admin/Views/Asistencia/Dropdown/index.tsx?t=1787493067224:68
[   33918ms] [LOG] null @ http://restaurant21.lobytech.test:3002/src/presentation/views/Modules/Admin/Views/Asistencia/Dropdown/index.tsx?t=1787493067224:68
[   33918ms] [LOG] null @ http://restaurant21.lobytech.test:3002/src/presentation/views/Modules/Admin/Views/Asistencia/Dropdown/index.tsx?t=1787493067224:68
[   33919ms] [LOG] null @ http://restaurant21.lobytech.test:3002/src/presentation/views/Modules/Admin/Views/Asistencia/Dropdown/index.tsx?t=1787493067224:68
[   33919ms] [LOG] null @ http://restaurant21.lobytech.test:3002/src/presentation/views/Modules/Admin/Views/Asistencia/Dropdown/index.tsx?t=1787493067224:68
[   33920ms] [LOG] null @ http://restaurant21.lobytech.test:3002/src/presentation/views/Modules/Admin/Views/Asistencia/Dropdown/index.tsx?t=1787493067224:68
[   33920ms] [LOG] null @ http://restaurant21.lobytech.test:3002/src/presentation/views/Modules/Admin/Views/Asistencia/Dropdown/index.tsx?t=1787493067224:68
[   33921ms] [LOG] null @ http://restaurant21.lobytech.test:3002/src/presentation/views/Modules/Admin/Views/Asistencia/Dropdown/index.tsx?t=1787493067224:68
[   33921ms] [LOG] null @ http://restaurant21.lobytech.test:3002/src/presentation/views/Modules/Admin/Views/Asistencia/Dropdown/index.tsx?t=1787493067224:68
[   33922ms] [LOG] null @ http://restaurant21.lobytech.test:3002/src/presentation/views/Modules/Admin/Views/Asistencia/Dropdown/index.tsx?t=1787493067224:68
[   33922ms] [LOG] null @ http://restaurant21.lobytech.test:3002/src/presentation/views/Modules/Admin/Views/Asistencia/Dropdown/index.tsx?t=1787493067224:68
[   33922ms] [LOG] null @ http://restaurant21.lobytech.test:3002/src/presentation/views/Modules/Admin/Views/Asistencia/Dropdown/index.tsx?t=1787493067224:68
[   33923ms] [LOG] null @ http://restaurant21.lobytech.test:3002/src/presentation/views/Modules/Admin/Views/Asistencia/Dropdown/index.tsx?t=1787493067224:68
[   33923ms] [LOG] null @ http://restaurant21.lobytech.test:3002/src/presentation/views/Modules/Admin/Views/Asistencia/Dropdown/index.tsx?t=1787493067224:68
[   33923ms] [LOG] null @ http://restaurant21.lobytech.test:3002/src/presentation/views/Modules/Admin/Views/Asistencia/Dropdown/index.tsx?t=1787493067224:68
[   33924ms] [LOG] null @ http://restaurant21.lobytech.test:3002/src/presentation/views/Modules/Admin/Views/Asistencia/Dropdown/index.tsx?t=1787493067224:68
[   33924ms] [LOG] null @ http://restaurant21.lobytech.test:3002/src/presentation/views/Modules/Admin/Views/Asistencia/Dropdown/index.tsx?t=1787493067224:68
[   33924ms] [LOG] null @ http://restaurant21.lobytech.test:3002/src/presentation/views/Modules/Admin/Views/Asistencia/Dropdown/index.tsx?t=1787493067224:68
[   33925ms] [LOG] null @ http://restaurant21.lobytech.test:3002/src/presentation/views/Modules/Admin/Views/Asistencia/Dropdown/index.tsx?t=1787493067224:68
[   33925ms] [LOG] null @ http://restaurant21.lobytech.test:3002/src/presentation/views/Modules/Admin/Views/Asistencia/Dropdown/index.tsx?t=1787493067224:68
[   33925ms] [LOG] null @ http://restaurant21.lobytech.test:3002/src/presentation/views/Modules/Admin/Views/Asistencia/Dropdown/index.tsx?t=1787493067224:68
[   33925ms] [LOG] [Object, Object, Object, Object, Object, Object, Object, Object, Object, Object, Object, Object, Object, Object, Object, Object, Object, Object, Object, Object, Object, Object, Object, Object, Object, Object, Object, Object, Object, Object, Object, Object, Object, Object, Object, Object, Object, Object, Object, Object, Object, Object, Object, Object, Object, Object, Object, Object, Object, Object, Object, Object, Object, Object, Object, Object, Object, Object, Object, Object, Object, Object, Object, Object, Object, Object] @ http://restaurant21.lobytech.test:3002/src/components/Modal/Admin/Asistencia/index.tsx?t=1787530428254:43
[   33926ms] [LOG] [] @ http://restaurant21.lobytech.test:3002/src/components/Modal/Admin/Asistencia/index.tsx?t=1787530428254:50
[   33926ms] [LOG] Sun Aug 23 2026 00:00:00 GMT-0500 (hora estándar de Perú) @ http://restaurant21.lobytech.test:3002/src/components/Modal/Admin/Asistencia/index.tsx?t=1787530428254:79
[   33927ms] [LOG] 1 @ http://restaurant21.lobytech.test:3002/src/components/Modal/Admin/Asistencia/index.tsx?t=1787530428254:95
[   33927ms] [LOG] {habitacionId: 0, habitacion: , anfitrionaId: 0, anfitriona: , turno: } @ http://restaurant21.lobytech.test:3002/src/components/Modal/Admin/Asistencia/index.tsx?t=1787530428254:108
[   33927ms] [LOG] [] @ http://restaurant21.lobytech.test:3002/src/components/Modal/Admin/Asistencia/index.tsx?t=1787530428254:110
[   33927ms] [LOG] 0 @ http://restaurant21.lobytech.test:3002/src/components/Modal/Admin/Asistencia/index.tsx?t=1787530428254:126
[   33928ms] [LOG] undefined @ http://restaurant21.lobytech.test:3002/src/components/Modal/Admin/Asistencia/index.tsx?t=1787530428254:162
[   33928ms] [LOG]  @ http://restaurant21.lobytech.test:3002/src/components/Modal/Admin/Asistencia/index.tsx?t=1787530428254:163
[   33928ms] [LOG] 844 @ http://restaurant21.lobytech.test:3002/src/components/Modal/Admin/Asistencia/index.tsx?t=1787530428254:202
[   33928ms] [LOG] 390 @ http://restaurant21.lobytech.test:3002/src/components/Modal/Admin/Asistencia/index.tsx?t=1787530428254:203
[   33928ms] [LOG] [] @ http://restaurant21.lobytech.test:3002/src/components/Modal/Admin/Fichas/index.tsx?t=1787493067224:37
[   33929ms] [LOG] [] @ http://restaurant21.lobytech.test:3002/src/components/Modal/Admin/Fichas/index.tsx?t=1787493067224:38
[   33929ms] [LOG] null @ http://restaurant21.lobytech.test:3002/src/components/Modal/Admin/Fichas/index.tsx?t=1787493067224:39
[   33929ms] [LOG] 844 @ http://restaurant21.lobytech.test:3002/src/components/Modal/Admin/Fichas/index.tsx?t=1787493067224:47
[   33929ms] [LOG] 844 @ http://restaurant21.lobytech.test:3002/src/components/Modal/Admin/Fichas/index.tsx?t=1787493067224:48
[   34093ms] [LOG] {code: 1, message: Success, data: Object, status: 200} @ http://restaurant21.lobytech.test:3002/src/redux/reducers/Admin/clientes-proveedores/clientesProveedoresAnfitrionas.reducer.ts:250
[   34094ms] [LOG] [Object, Object, Object, Object, Object, Object, Object, Object, Object, Object, Object, Object, Object, Object, Object, Object, Object, Object, Object, Object, Object, Object, Object, Object, Object, Object, Object, Object, Object, Object, Object, Object, Object, Object, Object, Object, Object, Object, Object, Object, Object, Object, Object, Object, Object, Object, Object, Object, Object, Object, Object, Object, Object, Object, Object, Object, Object, Object, Object, Object, Object, Object, Object, Object, Object, Object] @ http://restaurant21.lobytech.test:3002/src/components/Modal/Admin/Asistencia/index.tsx?t=1787530428254:43
[   34095ms] [LOG] [] @ http://restaurant21.lobytech.test:3002/src/components/Modal/Admin/Asistencia/index.tsx?t=1787530428254:50
[   34095ms] [LOG] Sun Aug 23 2026 00:00:00 GMT-0500 (hora estándar de Perú) @ http://restaurant21.lobytech.test:3002/src/components/Modal/Admin/Asistencia/index.tsx?t=1787530428254:79
[   34096ms] [LOG] 1 @ http://restaurant21.lobytech.test:3002/src/components/Modal/Admin/Asistencia/index.tsx?t=1787530428254:95
[   34096ms] [LOG] {habitacionId: 0, habitacion: , anfitrionaId: 0, anfitriona: , turno: } @ http://restaurant21.lobytech.test:3002/src/components/Modal/Admin/Asistencia/index.tsx?t=1787530428254:108
[   34096ms] [LOG] [] @ http://restaurant21.lobytech.test:3002/src/components/Modal/Admin/Asistencia/index.tsx?t=1787530428254:110
[   34096ms] [LOG] 0 @ http://restaurant21.lobytech.test:3002/src/components/Modal/Admin/Asistencia/index.tsx?t=1787530428254:126
[   34096ms] [LOG] undefined @ http://restaurant21.lobytech.test:3002/src/components/Modal/Admin/Asistencia/index.tsx?t=1787530428254:162
[   34096ms] [LOG]  @ http://restaurant21.lobytech.test:3002/src/components/Modal/Admin/Asistencia/index.tsx?t=1787530428254:163
[   34096ms] [LOG] 844 @ http://restaurant21.lobytech.test:3002/src/components/Modal/Admin/Asistencia/index.tsx?t=1787530428254:202
[   34096ms] [LOG] 390 @ http://restaurant21.lobytech.test:3002/src/components/Modal/Admin/Asistencia/index.tsx?t=1787530428254:203
[   34097ms] [ERROR] Failed to load resource: the server responded with a status of 404 (Not Found) @ http://localhost:5002/api/productos/listar?CategoriaId=2&GrupoId=16&Value=&Page=1&Amount=100:0
[   34098ms] [LOG] AxiosError @ http://restaurant21.lobytech.test:3002/src/utils/axios.ts:19
[   34098ms] [LOG] AxiosError @ http://restaurant21.lobytech.test:3002/src/redux/reducers/Admin/productos/producto.reducer.ts:364
[   34099ms] [LOG] [Object, Object, Object, Object, Object, Object, Object, Object, Object, Object, Object, Object, Object, Object, Object, Object, Object, Object, Object, Object, Object, Object, Object, Object, Object, Object, Object, Object, Object, Object, Object, Object, Object, Object, Object, Object, Object, Object, Object, Object, Object, Object, Object, Object, Object, Object, Object, Object, Object, Object, Object, Object, Object, Object, Object, Object, Object, Object, Object, Object, Object, Object, Object, Object, Object, Object] @ http://restaurant21.lobytech.test:3002/src/components/Modal/Admin/Asistencia/index.tsx?t=1787530428254:43
[   34099ms] [LOG] [] @ http://restaurant21.lobytech.test:3002/src/components/Modal/Admin/Asistencia/index.tsx?t=1787530428254:50
[   34099ms] [LOG] Sun Aug 23 2026 00:00:00 GMT-0500 (hora estándar de Perú) @ http://restaurant21.lobytech.test:3002/src/components/Modal/Admin/Asistencia/index.tsx?t=1787530428254:79
[   34100ms] [LOG] 1 @ http://restaurant21.lobytech.test:3002/src/components/Modal/Admin/Asistencia/index.tsx?t=1787530428254:95
[   34100ms] [LOG] {habitacionId: 0, habitacion: , anfitrionaId: 0, anfitriona: , turno: } @ http://restaurant21.lobytech.test:3002/src/components/Modal/Admin/Asistencia/index.tsx?t=1787530428254:108
[   34100ms] [LOG] [] @ http://restaurant21.lobytech.test:3002/src/components/Modal/Admin/Asistencia/index.tsx?t=1787530428254:110
[   34100ms] [LOG] 0 @ http://restaurant21.lobytech.test:3002/src/components/Modal/Admin/Asistencia/index.tsx?t=1787530428254:126
[   34101ms] [LOG] undefined @ http://restaurant21.lobytech.test:3002/src/components/Modal/Admin/Asistencia/index.tsx?t=1787530428254:162
[   34101ms] [LOG]  @ http://restaurant21.lobytech.test:3002/src/components/Modal/Admin/Asistencia/index.tsx?t=1787530428254:163
[   34101ms] [LOG] 844 @ http://restaurant21.lobytech.test:3002/src/components/Modal/Admin/Asistencia/index.tsx?t=1787530428254:202
[   34101ms] [LOG] 390 @ http://restaurant21.lobytech.test:3002/src/components/Modal/Admin/Asistencia/index.tsx?t=1787530428254:203
[   34299ms] [LOG] {code: 1, message: Success, data: Array(66), status: 200} @ http://restaurant21.lobytech.test:3002/src/redux/reducers/Admin/asistencia/asistencia.reducer.ts:222
[   34301ms] [LOG] [] @ http://restaurant21.lobytech.test:3002/src/presentation/views/Modules/Admin/Views/Asistencia/index.tsx?t=1787530464079:46
[   34302ms] [LOG] Sun Aug 23 2026 00:00:00 GMT-0500 (hora estándar de Perú) @ http://restaurant21.lobytech.test:3002/src/presentation/views/Modules/Admin/Views/Asistencia/index.tsx?t=1787530464079:115
[   34302ms] [LOG] {turno: Turno Especial, diaSemana: 0} @ http://restaurant21.lobytech.test:3002/src/presentation/views/Modules/Admin/Views/Asistencia/index.tsx?t=1787530464079:129
[   34302ms] [LOG] Sun Aug 23 2026 00:00:00 GMT-0500 (hora estándar de Perú) @ http://restaurant21.lobytech.test:3002/src/presentation/views/Modules/Admin/Views/Asistencia/index.tsx?t=1787530464079:115
[   34303ms] [LOG] Sun Aug 23 2026 00:00:00 GMT-0500 (hora estándar de Perú) @ http://restaurant21.lobytech.test:3002/src/presentation/views/Modules/Admin/Views/Asistencia/index.tsx?t=1787530464079:115
[   34303ms] [LOG] [] @ http://restaurant21.lobytech.test:3002/src/presentation/views/Modules/Admin/Views/Asistencia/index.tsx?t=1787530464079:198
[   34303ms] [LOG] false @ http://restaurant21.lobytech.test:3002/src/components/Toggle/index.tsx:24
[   34304ms] [LOG] () => {
    if (diaSemana === 0) {
      setCheckedTurno(false);
    } else {
      setCheckedTurno(!isTurno);
    }
  } @ http://restaurant21.lobytech.test:3002/src/components/Toggle/index.tsx:25
[   34306ms] [LOG] null @ http://restaurant21.lobytech.test:3002/src/presentation/views/Modules/Admin/Views/Asistencia/Dropdown/index.tsx?t=1787493067224:68
[   34307ms] [LOG] null @ http://restaurant21.lobytech.test:3002/src/presentation/views/Modules/Admin/Views/Asistencia/Dropdown/index.tsx?t=1787493067224:68
[   34308ms] [LOG] null @ http://restaurant21.lobytech.test:3002/src/presentation/views/Modules/Admin/Views/Asistencia/Dropdown/index.tsx?t=1787493067224:68
[   34308ms] [LOG] null @ http://restaurant21.lobytech.test:3002/src/presentation/views/Modules/Admin/Views/Asistencia/Dropdown/index.tsx?t=1787493067224:68
[   34309ms] [LOG] null @ http://restaurant21.lobytech.test:3002/src/presentation/views/Modules/Admin/Views/Asistencia/Dropdown/index.tsx?t=1787493067224:68
[   34309ms] [LOG] null @ http://restaurant21.lobytech.test:3002/src/presentation/views/Modules/Admin/Views/Asistencia/Dropdown/index.tsx?t=1787493067224:68
[   34310ms] [LOG] null @ http://restaurant21.lobytech.test:3002/src/presentation/views/Modules/Admin/Views/Asistencia/Dropdown/index.tsx?t=1787493067224:68
[   34310ms] [LOG] null @ http://restaurant21.lobytech.test:3002/src/presentation/views/Modules/Admin/Views/Asistencia/Dropdown/index.tsx?t=1787493067224:68
[   34310ms] [LOG] null @ http://restaurant21.lobytech.test:3002/src/presentation/views/Modules/Admin/Views/Asistencia/Dropdown/index.tsx?t=1787493067224:68
[   34311ms] [LOG] null @ http://restaurant21.lobytech.test:3002/src/presentation/views/Modules/Admin/Views/Asistencia/Dropdown/index.tsx?t=1787493067224:68
[   34311ms] [LOG] null @ http://restaurant21.lobytech.test:3002/src/presentation/views/Modules/Admin/Views/Asistencia/Dropdown/index.tsx?t=1787493067224:68
[   34312ms] [LOG] null @ http://restaurant21.lobytech.test:3002/src/presentation/views/Modules/Admin/Views/Asistencia/Dropdown/index.tsx?t=1787493067224:68
[   34312ms] [LOG] null @ http://restaurant21.lobytech.test:3002/src/presentation/views/Modules/Admin/Views/Asistencia/Dropdown/index.tsx?t=1787493067224:68
[   34313ms] [LOG] null @ http://restaurant21.lobytech.test:3002/src/presentation/views/Modules/Admin/Views/Asistencia/Dropdown/index.tsx?t=1787493067224:68
[   34314ms] [LOG] null @ http://restaurant21.lobytech.test:3002/src/presentation/views/Modules/Admin/Views/Asistencia/Dropdown/index.tsx?t=1787493067224:68
[   34314ms] [LOG] null @ http://restaurant21.lobytech.test:3002/src/presentation/views/Modules/Admin/Views/Asistencia/Dropdown/index.tsx?t=1787493067224:68
[   34314ms] [LOG] null @ http://restaurant21.lobytech.test:3002/src/presentation/views/Modules/Admin/Views/Asistencia/Dropdown/index.tsx?t=1787493067224:68
[   34315ms] [LOG] null @ http://restaurant21.lobytech.test:3002/src/presentation/views/Modules/Admin/Views/Asistencia/Dropdown/index.tsx?t=1787493067224:68
[   34316ms] [LOG] null @ http://restaurant21.lobytech.test:3002/src/presentation/views/Modules/Admin/Views/Asistencia/Dropdown/index.tsx?t=1787493067224:68
[   34316ms] [LOG] null @ http://restaurant21.lobytech.test:3002/src/presentation/views/Modules/Admin/Views/Asistencia/Dropdown/index.tsx?t=1787493067224:68
[   34316ms] [LOG] null @ http://restaurant21.lobytech.test:3002/src/presentation/views/Modules/Admin/Views/Asistencia/Dropdown/index.tsx?t=1787493067224:68
[   34317ms] [LOG] null @ http://restaurant21.lobytech.test:3002/src/presentation/views/Modules/Admin/Views/Asistencia/Dropdown/index.tsx?t=1787493067224:68
[   34317ms] [LOG] null @ http://restaurant21.lobytech.test:3002/src/presentation/views/Modules/Admin/Views/Asistencia/Dropdown/index.tsx?t=1787493067224:68
[   34317ms] [LOG] null @ http://restaurant21.lobytech.test:3002/src/presentation/views/Modules/Admin/Views/Asistencia/Dropdown/index.tsx?t=1787493067224:68
[   34317ms] [LOG] null @ http://restaurant21.lobytech.test:3002/src/presentation/views/Modules/Admin/Views/Asistencia/Dropdown/index.tsx?t=1787493067224:68
[   34318ms] [LOG] null @ http://restaurant21.lobytech.test:3002/src/presentation/views/Modules/Admin/Views/Asistencia/Dropdown/index.tsx?t=1787493067224:68
[   34318ms] [LOG] null @ http://restaurant21.lobytech.test:3002/src/presentation/views/Modules/Admin/Views/Asistencia/Dropdown/index.tsx?t=1787493067224:68
[   34318ms] [LOG] null @ http://restaurant21.lobytech.test:3002/src/presentation/views/Modules/Admin/Views/Asistencia/Dropdown/index.tsx?t=1787493067224:68
[   34319ms] [LOG] null @ http://restaurant21.lobytech.test:3002/src/presentation/views/Modules/Admin/Views/Asistencia/Dropdown/index.tsx?t=1787493067224:68
[   34319ms] [LOG] null @ http://restaurant21.lobytech.test:3002/src/presentation/views/Modules/Admin/Views/Asistencia/Dropdown/index.tsx?t=1787493067224:68
[   34319ms] [LOG] null @ http://restaurant21.lobytech.test:3002/src/presentation/views/Modules/Admin/Views/Asistencia/Dropdown/index.tsx?t=1787493067224:68
[   34320ms] [LOG] null @ http://restaurant21.lobytech.test:3002/src/presentation/views/Modules/Admin/Views/Asistencia/Dropdown/index.tsx?t=1787493067224:68
[   34321ms] [LOG] null @ http://restaurant21.lobytech.test:3002/src/presentation/views/Modules/Admin/Views/Asistencia/Dropdown/index.tsx?t=1787493067224:68
[   34321ms] [LOG] null @ http://restaurant21.lobytech.test:3002/src/presentation/views/Modules/Admin/Views/Asistencia/Dropdown/index.tsx?t=1787493067224:68
[   34322ms] [LOG] null @ http://restaurant21.lobytech.test:3002/src/presentation/views/Modules/Admin/Views/Asistencia/Dropdown/index.tsx?t=1787493067224:68
[   34322ms] [LOG] null @ http://restaurant21.lobytech.test:3002/src/presentation/views/Modules/Admin/Views/Asistencia/Dropdown/index.tsx?t=1787493067224:68
[   34322ms] [LOG] null @ http://restaurant21.lobytech.test:3002/src/presentation/views/Modules/Admin/Views/Asistencia/Dropdown/index.tsx?t=1787493067224:68
[   34323ms] [LOG] null @ http://restaurant21.lobytech.test:3002/src/presentation/views/Modules/Admin/Views/Asistencia/Dropdown/index.tsx?t=1787493067224:68
[   34324ms] [LOG] null @ http://restaurant21.lobytech.test:3002/src/presentation/views/Modules/Admin/Views/Asistencia/Dropdown/index.tsx?t=1787493067224:68
[   34324ms] [LOG] null @ http://restaurant21.lobytech.test:3002/src/presentation/views/Modules/Admin/Views/Asistencia/Dropdown/index.tsx?t=1787493067224:68
[   34325ms] [LOG] null @ http://restaurant21.lobytech.test:3002/src/presentation/views/Modules/Admin/Views/Asistencia/Dropdown/index.tsx?t=1787493067224:68
[   34325ms] [LOG] null @ http://restaurant21.lobytech.test:3002/src/presentation/views/Modules/Admin/Views/Asistencia/Dropdown/index.tsx?t=1787493067224:68
[   34325ms] [LOG] null @ http://restaurant21.lobytech.test:3002/src/presentation/views/Modules/Admin/Views/Asistencia/Dropdown/index.tsx?t=1787493067224:68
[   34325ms] [LOG] null @ http://restaurant21.lobytech.test:3002/src/presentation/views/Modules/Admin/Views/Asistencia/Dropdown/index.tsx?t=1787493067224:68
[   34326ms] [LOG] null @ http://restaurant21.lobytech.test:3002/src/presentation/views/Modules/Admin/Views/Asistencia/Dropdown/index.tsx?t=1787493067224:68
[   34326ms] [LOG] null @ http://restaurant21.lobytech.test:3002/src/presentation/views/Modules/Admin/Views/Asistencia/Dropdown/index.tsx?t=1787493067224:68
[   34326ms] [LOG] null @ http://restaurant21.lobytech.test:3002/src/presentation/views/Modules/Admin/Views/Asistencia/Dropdown/index.tsx?t=1787493067224:68
[   34326ms] [LOG] null @ http://restaurant21.lobytech.test:3002/src/presentation/views/Modules/Admin/Views/Asistencia/Dropdown/index.tsx?t=1787493067224:68
[   34327ms] [LOG] null @ http://restaurant21.lobytech.test:3002/src/presentation/views/Modules/Admin/Views/Asistencia/Dropdown/index.tsx?t=1787493067224:68
[   34327ms] [LOG] null @ http://restaurant21.lobytech.test:3002/src/presentation/views/Modules/Admin/Views/Asistencia/Dropdown/index.tsx?t=1787493067224:68
[   34327ms] [LOG] null @ http://restaurant21.lobytech.test:3002/src/presentation/views/Modules/Admin/Views/Asistencia/Dropdown/index.tsx?t=1787493067224:68
[   34327ms] [LOG] null @ http://restaurant21.lobytech.test:3002/src/presentation/views/Modules/Admin/Views/Asistencia/Dropdown/index.tsx?t=1787493067224:68
[   34328ms] [LOG] null @ http://restaurant21.lobytech.test:3002/src/presentation/views/Modules/Admin/Views/Asistencia/Dropdown/index.tsx?t=1787493067224:68
[   34328ms] [LOG] null @ http://restaurant21.lobytech.test:3002/src/presentation/views/Modules/Admin/Views/Asistencia/Dropdown/index.tsx?t=1787493067224:68
[   34328ms] [LOG] null @ http://restaurant21.lobytech.test:3002/src/presentation/views/Modules/Admin/Views/Asistencia/Dropdown/index.tsx?t=1787493067224:68
[   34329ms] [LOG] null @ http://restaurant21.lobytech.test:3002/src/presentation/views/Modules/Admin/Views/Asistencia/Dropdown/index.tsx?t=1787493067224:68
[   34329ms] [LOG] null @ http://restaurant21.lobytech.test:3002/src/presentation/views/Modules/Admin/Views/Asistencia/Dropdown/index.tsx?t=1787493067224:68
[   34329ms] [LOG] null @ http://restaurant21.lobytech.test:3002/src/presentation/views/Modules/Admin/Views/Asistencia/Dropdown/index.tsx?t=1787493067224:68
[   34330ms] [LOG] null @ http://restaurant21.lobytech.test:3002/src/presentation/views/Modules/Admin/Views/Asistencia/Dropdown/index.tsx?t=1787493067224:68
[   34331ms] [LOG] null @ http://restaurant21.lobytech.test:3002/src/presentation/views/Modules/Admin/Views/Asistencia/Dropdown/index.tsx?t=1787493067224:68
[   34331ms] [LOG] null @ http://restaurant21.lobytech.test:3002/src/presentation/views/Modules/Admin/Views/Asistencia/Dropdown/index.tsx?t=1787493067224:68
[   34332ms] [LOG] null @ http://restaurant21.lobytech.test:3002/src/presentation/views/Modules/Admin/Views/Asistencia/Dropdown/index.tsx?t=1787493067224:68
[   34332ms] [LOG] null @ http://restaurant21.lobytech.test:3002/src/presentation/views/Modules/Admin/Views/Asistencia/Dropdown/index.tsx?t=1787493067224:68
[   34333ms] [LOG] null @ http://restaurant21.lobytech.test:3002/src/presentation/views/Modules/Admin/Views/Asistencia/Dropdown/index.tsx?t=1787493067224:68
[   34333ms] [LOG] null @ http://restaurant21.lobytech.test:3002/src/presentation/views/Modules/Admin/Views/Asistencia/Dropdown/index.tsx?t=1787493067224:68
[   34333ms] [LOG] null @ http://restaurant21.lobytech.test:3002/src/presentation/views/Modules/Admin/Views/Asistencia/Dropdown/index.tsx?t=1787493067224:68
[   34334ms] [LOG] [Object, Object, Object, Object, Object, Object, Object, Object, Object, Object, Object, Object, Object, Object, Object, Object, Object, Object, Object, Object, Object, Object, Object, Object, Object, Object, Object, Object, Object, Object, Object, Object, Object, Object, Object, Object, Object, Object, Object, Object, Object, Object, Object, Object, Object, Object, Object, Object, Object, Object, Object, Object, Object, Object, Object, Object, Object, Object, Object, Object, Object, Object, Object, Object, Object, Object] @ http://restaurant21.lobytech.test:3002/src/components/Modal/Admin/Asistencia/index.tsx?t=1787530428254:43
[   34334ms] [LOG] [] @ http://restaurant21.lobytech.test:3002/src/components/Modal/Admin/Asistencia/index.tsx?t=1787530428254:50
[   34335ms] [LOG] Sun Aug 23 2026 00:00:00 GMT-0500 (hora estándar de Perú) @ http://restaurant21.lobytech.test:3002/src/components/Modal/Admin/Asistencia/index.tsx?t=1787530428254:79
[   34335ms] [LOG] 1 @ http://restaurant21.lobytech.test:3002/src/components/Modal/Admin/Asistencia/index.tsx?t=1787530428254:95
[   34335ms] [LOG] {habitacionId: 0, habitacion: , anfitrionaId: 0, anfitriona: , turno: } @ http://restaurant21.lobytech.test:3002/src/components/Modal/Admin/Asistencia/index.tsx?t=1787530428254:108
[   34335ms] [LOG] [] @ http://restaurant21.lobytech.test:3002/src/components/Modal/Admin/Asistencia/index.tsx?t=1787530428254:110
[   34335ms] [LOG] 0 @ http://restaurant21.lobytech.test:3002/src/components/Modal/Admin/Asistencia/index.tsx?t=1787530428254:126
[   34336ms] [LOG] undefined @ http://restaurant21.lobytech.test:3002/src/components/Modal/Admin/Asistencia/index.tsx?t=1787530428254:162
[   34336ms] [LOG]  @ http://restaurant21.lobytech.test:3002/src/components/Modal/Admin/Asistencia/index.tsx?t=1787530428254:163
[   34336ms] [LOG] 844 @ http://restaurant21.lobytech.test:3002/src/components/Modal/Admin/Asistencia/index.tsx?t=1787530428254:202
[   34336ms] [LOG] 390 @ http://restaurant21.lobytech.test:3002/src/components/Modal/Admin/Asistencia/index.tsx?t=1787530428254:203
[   34336ms] [LOG] [] @ http://restaurant21.lobytech.test:3002/src/components/Modal/Admin/Fichas/index.tsx?t=1787493067224:37
[   34337ms] [LOG] [] @ http://restaurant21.lobytech.test:3002/src/components/Modal/Admin/Fichas/index.tsx?t=1787493067224:38
[   34337ms] [LOG] null @ http://restaurant21.lobytech.test:3002/src/components/Modal/Admin/Fichas/index.tsx?t=1787493067224:39
[   34337ms] [LOG] 844 @ http://restaurant21.lobytech.test:3002/src/components/Modal/Admin/Fichas/index.tsx?t=1787493067224:47
[   34337ms] [LOG] 844 @ http://restaurant21.lobytech.test:3002/src/components/Modal/Admin/Fichas/index.tsx?t=1787493067224:48
[   37020ms] [LOG] [] @ http://restaurant21.lobytech.test:3002/src/presentation/views/Modules/Admin/Views/Asistencia/index.tsx?t=1787530467484:46
[   37020ms] [LOG] Sun Aug 23 2026 00:00:00 GMT-0500 (hora estándar de Perú) @ http://restaurant21.lobytech.test:3002/src/presentation/views/Modules/Admin/Views/Asistencia/index.tsx?t=1787530467484:115
[   37020ms] [LOG] {turno: Turno Especial, diaSemana: 0} @ http://restaurant21.lobytech.test:3002/src/presentation/views/Modules/Admin/Views/Asistencia/index.tsx?t=1787530467484:129
[   37021ms] [LOG] Sun Aug 23 2026 00:00:00 GMT-0500 (hora estándar de Perú) @ http://restaurant21.lobytech.test:3002/src/presentation/views/Modules/Admin/Views/Asistencia/index.tsx?t=1787530467484:115
[   37021ms] [LOG] Sun Aug 23 2026 00:00:00 GMT-0500 (hora estándar de Perú) @ http://restaurant21.lobytech.test:3002/src/presentation/views/Modules/Admin/Views/Asistencia/index.tsx?t=1787530467484:115
[   37021ms] [LOG] [] @ http://restaurant21.lobytech.test:3002/src/presentation/views/Modules/Admin/Views/Asistencia/index.tsx?t=1787530467484:198
[   37021ms] [LOG] false @ http://restaurant21.lobytech.test:3002/src/components/Toggle/index.tsx:24
[   37022ms] [LOG] () => {
    if (diaSemana === 0) {
      setCheckedTurno(false);
    } else {
      setCheckedTurno(!isTurno);
    }
  } @ http://restaurant21.lobytech.test:3002/src/components/Toggle/index.tsx:25
[   37024ms] [LOG] null @ http://restaurant21.lobytech.test:3002/src/presentation/views/Modules/Admin/Views/Asistencia/Dropdown/index.tsx?t=1787493067224:68
[   37024ms] [LOG] null @ http://restaurant21.lobytech.test:3002/src/presentation/views/Modules/Admin/Views/Asistencia/Dropdown/index.tsx?t=1787493067224:68
[   37025ms] [LOG] null @ http://restaurant21.lobytech.test:3002/src/presentation/views/Modules/Admin/Views/Asistencia/Dropdown/index.tsx?t=1787493067224:68
[   37025ms] [LOG] null @ http://restaurant21.lobytech.test:3002/src/presentation/views/Modules/Admin/Views/Asistencia/Dropdown/index.tsx?t=1787493067224:68
[   37026ms] [LOG] null @ http://restaurant21.lobytech.test:3002/src/presentation/views/Modules/Admin/Views/Asistencia/Dropdown/index.tsx?t=1787493067224:68
[   37026ms] [LOG] null @ http://restaurant21.lobytech.test:3002/src/presentation/views/Modules/Admin/Views/Asistencia/Dropdown/index.tsx?t=1787493067224:68
[   37027ms] [LOG] null @ http://restaurant21.lobytech.test:3002/src/presentation/views/Modules/Admin/Views/Asistencia/Dropdown/index.tsx?t=1787493067224:68
[   37027ms] [LOG] null @ http://restaurant21.lobytech.test:3002/src/presentation/views/Modules/Admin/Views/Asistencia/Dropdown/index.tsx?t=1787493067224:68
[   37028ms] [LOG] null @ http://restaurant21.lobytech.test:3002/src/presentation/views/Modules/Admin/Views/Asistencia/Dropdown/index.tsx?t=1787493067224:68
[   37028ms] [LOG] null @ http://restaurant21.lobytech.test:3002/src/presentation/views/Modules/Admin/Views/Asistencia/Dropdown/index.tsx?t=1787493067224:68
[   37029ms] [LOG] null @ http://restaurant21.lobytech.test:3002/src/presentation/views/Modules/Admin/Views/Asistencia/Dropdown/index.tsx?t=1787493067224:68
[   37029ms] [LOG] null @ http://restaurant21.lobytech.test:3002/src/presentation/views/Modules/Admin/Views/Asistencia/Dropdown/index.tsx?t=1787493067224:68
[   37029ms] [LOG] null @ http://restaurant21.lobytech.test:3002/src/presentation/views/Modules/Admin/Views/Asistencia/Dropdown/index.tsx?t=1787493067224:68
[   37030ms] [LOG] null @ http://restaurant21.lobytech.test:3002/src/presentation/views/Modules/Admin/Views/Asistencia/Dropdown/index.tsx?t=1787493067224:68
[   37030ms] [LOG] null @ http://restaurant21.lobytech.test:3002/src/presentation/views/Modules/Admin/Views/Asistencia/Dropdown/index.tsx?t=1787493067224:68
[   37031ms] [LOG] null @ http://restaurant21.lobytech.test:3002/src/presentation/views/Modules/Admin/Views/Asistencia/Dropdown/index.tsx?t=1787493067224:68
[   37031ms] [LOG] null @ http://restaurant21.lobytech.test:3002/src/presentation/views/Modules/Admin/Views/Asistencia/Dropdown/index.tsx?t=1787493067224:68
[   37032ms] [LOG] null @ http://restaurant21.lobytech.test:3002/src/presentation/views/Modules/Admin/Views/Asistencia/Dropdown/index.tsx?t=1787493067224:68
[   37032ms] [LOG] null @ http://restaurant21.lobytech.test:3002/src/presentation/views/Modules/Admin/Views/Asistencia/Dropdown/index.tsx?t=1787493067224:68
[   37033ms] [LOG] null @ http://restaurant21.lobytech.test:3002/src/presentation/views/Modules/Admin/Views/Asistencia/Dropdown/index.tsx?t=1787493067224:68
[   37033ms] [LOG] null @ http://restaurant21.lobytech.test:3002/src/presentation/views/Modules/Admin/Views/Asistencia/Dropdown/index.tsx?t=1787493067224:68
[   37034ms] [LOG] null @ http://restaurant21.lobytech.test:3002/src/presentation/views/Modules/Admin/Views/Asistencia/Dropdown/index.tsx?t=1787493067224:68
[   37035ms] [LOG] null @ http://restaurant21.lobytech.test:3002/src/presentation/views/Modules/Admin/Views/Asistencia/Dropdown/index.tsx?t=1787493067224:68
[   37035ms] [LOG] null @ http://restaurant21.lobytech.test:3002/src/presentation/views/Modules/Admin/Views/Asistencia/Dropdown/index.tsx?t=1787493067224:68
[   37036ms] [LOG] null @ http://restaurant21.lobytech.test:3002/src/presentation/views/Modules/Admin/Views/Asistencia/Dropdown/index.tsx?t=1787493067224:68
[   37036ms] [LOG] null @ http://restaurant21.lobytech.test:3002/src/presentation/views/Modules/Admin/Views/Asistencia/Dropdown/index.tsx?t=1787493067224:68
[   37037ms] [LOG] null @ http://restaurant21.lobytech.test:3002/src/presentation/views/Modules/Admin/Views/Asistencia/Dropdown/index.tsx?t=1787493067224:68
[   37037ms] [LOG] null @ http://restaurant21.lobytech.test:3002/src/presentation/views/Modules/Admin/Views/Asistencia/Dropdown/index.tsx?t=1787493067224:68
[   37038ms] [LOG] null @ http://restaurant21.lobytech.test:3002/src/presentation/views/Modules/Admin/Views/Asistencia/Dropdown/index.tsx?t=1787493067224:68
[   37038ms] [LOG] null @ http://restaurant21.lobytech.test:3002/src/presentation/views/Modules/Admin/Views/Asistencia/Dropdown/index.tsx?t=1787493067224:68
[   37038ms] [LOG] null @ http://restaurant21.lobytech.test:3002/src/presentation/views/Modules/Admin/Views/Asistencia/Dropdown/index.tsx?t=1787493067224:68
[   37040ms] [LOG] null @ http://restaurant21.lobytech.test:3002/src/presentation/views/Modules/Admin/Views/Asistencia/Dropdown/index.tsx?t=1787493067224:68
[   37041ms] [LOG] null @ http://restaurant21.lobytech.test:3002/src/presentation/views/Modules/Admin/Views/Asistencia/Dropdown/index.tsx?t=1787493067224:68
[   37041ms] [LOG] null @ http://restaurant21.lobytech.test:3002/src/presentation/views/Modules/Admin/Views/Asistencia/Dropdown/index.tsx?t=1787493067224:68
[   37041ms] [LOG] null @ http://restaurant21.lobytech.test:3002/src/presentation/views/Modules/Admin/Views/Asistencia/Dropdown/index.tsx?t=1787493067224:68
[   37042ms] [LOG] null @ http://restaurant21.lobytech.test:3002/src/presentation/views/Modules/Admin/Views/Asistencia/Dropdown/index.tsx?t=1787493067224:68
[   37042ms] [LOG] null @ http://restaurant21.lobytech.test:3002/src/presentation/views/Modules/Admin/Views/Asistencia/Dropdown/index.tsx?t=1787493067224:68
[   37043ms] [LOG] null @ http://restaurant21.lobytech.test:3002/src/presentation/views/Modules/Admin/Views/Asistencia/Dropdown/index.tsx?t=1787493067224:68
[   37043ms] [LOG] null @ http://restaurant21.lobytech.test:3002/src/presentation/views/Modules/Admin/Views/Asistencia/Dropdown/index.tsx?t=1787493067224:68
[   37044ms] [LOG] null @ http://restaurant21.lobytech.test:3002/src/presentation/views/Modules/Admin/Views/Asistencia/Dropdown/index.tsx?t=1787493067224:68
[   37044ms] [LOG] null @ http://restaurant21.lobytech.test:3002/src/presentation/views/Modules/Admin/Views/Asistencia/Dropdown/index.tsx?t=1787493067224:68
[   37044ms] [LOG] null @ http://restaurant21.lobytech.test:3002/src/presentation/views/Modules/Admin/Views/Asistencia/Dropdown/index.tsx?t=1787493067224:68
[   37045ms] [LOG] null @ http://restaurant21.lobytech.test:3002/src/presentation/views/Modules/Admin/Views/Asistencia/Dropdown/index.tsx?t=1787493067224:68
[   37045ms] [LOG] null @ http://restaurant21.lobytech.test:3002/src/presentation/views/Modules/Admin/Views/Asistencia/Dropdown/index.tsx?t=1787493067224:68
[   37045ms] [LOG] null @ http://restaurant21.lobytech.test:3002/src/presentation/views/Modules/Admin/Views/Asistencia/Dropdown/index.tsx?t=1787493067224:68
[   37045ms] [LOG] null @ http://restaurant21.lobytech.test:3002/src/presentation/views/Modules/Admin/Views/Asistencia/Dropdown/index.tsx?t=1787493067224:68
[   37046ms] [LOG] null @ http://restaurant21.lobytech.test:3002/src/presentation/views/Modules/Admin/Views/Asistencia/Dropdown/index.tsx?t=1787493067224:68
[   37046ms] [LOG] null @ http://restaurant21.lobytech.test:3002/src/presentation/views/Modules/Admin/Views/Asistencia/Dropdown/index.tsx?t=1787493067224:68
[   37047ms] [LOG] null @ http://restaurant21.lobytech.test:3002/src/presentation/views/Modules/Admin/Views/Asistencia/Dropdown/index.tsx?t=1787493067224:68
[   37047ms] [LOG] null @ http://restaurant21.lobytech.test:3002/src/presentation/views/Modules/Admin/Views/Asistencia/Dropdown/index.tsx?t=1787493067224:68
[   37047ms] [LOG] null @ http://restaurant21.lobytech.test:3002/src/presentation/views/Modules/Admin/Views/Asistencia/Dropdown/index.tsx?t=1787493067224:68
[   37048ms] [LOG] null @ http://restaurant21.lobytech.test:3002/src/presentation/views/Modules/Admin/Views/Asistencia/Dropdown/index.tsx?t=1787493067224:68
[   37048ms] [LOG] null @ http://restaurant21.lobytech.test:3002/src/presentation/views/Modules/Admin/Views/Asistencia/Dropdown/index.tsx?t=1787493067224:68
[   37048ms] [LOG] null @ http://restaurant21.lobytech.test:3002/src/presentation/views/Modules/Admin/Views/Asistencia/Dropdown/index.tsx?t=1787493067224:68
[   37049ms] [LOG] null @ http://restaurant21.lobytech.test:3002/src/presentation/views/Modules/Admin/Views/Asistencia/Dropdown/index.tsx?t=1787493067224:68
[   37049ms] [LOG] null @ http://restaurant21.lobytech.test:3002/src/presentation/views/Modules/Admin/Views/Asistencia/Dropdown/index.tsx?t=1787493067224:68
[   37050ms] [LOG] null @ http://restaurant21.lobytech.test:3002/src/presentation/views/Modules/Admin/Views/Asistencia/Dropdown/index.tsx?t=1787493067224:68
[   37050ms] [LOG] null @ http://restaurant21.lobytech.test:3002/src/presentation/views/Modules/Admin/Views/Asistencia/Dropdown/index.tsx?t=1787493067224:68
[   37050ms] [LOG] null @ http://restaurant21.lobytech.test:3002/src/presentation/views/Modules/Admin/Views/Asistencia/Dropdown/index.tsx?t=1787493067224:68
[   37051ms] [LOG] null @ http://restaurant21.lobytech.test:3002/src/presentation/views/Modules/Admin/Views/Asistencia/Dropdown/index.tsx?t=1787493067224:68
[   37051ms] [LOG] null @ http://restaurant21.lobytech.test:3002/src/presentation/views/Modules/Admin/Views/Asistencia/Dropdown/index.tsx?t=1787493067224:68
[   37052ms] [LOG] null @ http://restaurant21.lobytech.test:3002/src/presentation/views/Modules/Admin/Views/Asistencia/Dropdown/index.tsx?t=1787493067224:68
[   37053ms] [LOG] null @ http://restaurant21.lobytech.test:3002/src/presentation/views/Modules/Admin/Views/Asistencia/Dropdown/index.tsx?t=1787493067224:68
[   37053ms] [LOG] null @ http://restaurant21.lobytech.test:3002/src/presentation/views/Modules/Admin/Views/Asistencia/Dropdown/index.tsx?t=1787493067224:68
[   37054ms] [LOG] null @ http://restaurant21.lobytech.test:3002/src/presentation/views/Modules/Admin/Views/Asistencia/Dropdown/index.tsx?t=1787493067224:68
[   37055ms] [LOG] null @ http://restaurant21.lobytech.test:3002/src/presentation/views/Modules/Admin/Views/Asistencia/Dropdown/index.tsx?t=1787493067224:68
[   37056ms] [LOG] [Object, Object, Object, Object, Object, Object, Object, Object, Object, Object, Object, Object, Object, Object, Object, Object, Object, Object, Object, Object, Object, Object, Object, Object, Object, Object, Object, Object, Object, Object, Object, Object, Object, Object, Object, Object, Object, Object, Object, Object, Object, Object, Object, Object, Object, Object, Object, Object, Object, Object, Object, Object, Object, Object, Object, Object, Object, Object, Object, Object, Object, Object, Object, Object, Object, Object] @ http://restaurant21.lobytech.test:3002/src/components/Modal/Admin/Asistencia/index.tsx?t=1787530428254:43
[   37056ms] [LOG] [] @ http://restaurant21.lobytech.test:3002/src/components/Modal/Admin/Asistencia/index.tsx?t=1787530428254:50
[   37057ms] [LOG] Sun Aug 23 2026 00:00:00 GMT-0500 (hora estándar de Perú) @ http://restaurant21.lobytech.test:3002/src/components/Modal/Admin/Asistencia/index.tsx?t=1787530428254:79
[   37057ms] [LOG] 1 @ http://restaurant21.lobytech.test:3002/src/components/Modal/Admin/Asistencia/index.tsx?t=1787530428254:95
[   37057ms] [LOG] {habitacionId: 0, habitacion: , anfitrionaId: 0, anfitriona: , turno: } @ http://restaurant21.lobytech.test:3002/src/components/Modal/Admin/Asistencia/index.tsx?t=1787530428254:108
[   37057ms] [LOG] [] @ http://restaurant21.lobytech.test:3002/src/components/Modal/Admin/Asistencia/index.tsx?t=1787530428254:110
[   37057ms] [LOG] 0 @ http://restaurant21.lobytech.test:3002/src/components/Modal/Admin/Asistencia/index.tsx?t=1787530428254:126
[   37057ms] [LOG] undefined @ http://restaurant21.lobytech.test:3002/src/components/Modal/Admin/Asistencia/index.tsx?t=1787530428254:162
[   37058ms] [LOG]  @ http://restaurant21.lobytech.test:3002/src/components/Modal/Admin/Asistencia/index.tsx?t=1787530428254:163
[   37058ms] [LOG] 844 @ http://restaurant21.lobytech.test:3002/src/components/Modal/Admin/Asistencia/index.tsx?t=1787530428254:202
[   37058ms] [LOG] 390 @ http://restaurant21.lobytech.test:3002/src/components/Modal/Admin/Asistencia/index.tsx?t=1787530428254:203
[   37058ms] [LOG] [] @ http://restaurant21.lobytech.test:3002/src/components/Modal/Admin/Fichas/index.tsx?t=1787493067224:37
[   37058ms] [LOG] [] @ http://restaurant21.lobytech.test:3002/src/components/Modal/Admin/Fichas/index.tsx?t=1787493067224:38
[   37059ms] [LOG] null @ http://restaurant21.lobytech.test:3002/src/components/Modal/Admin/Fichas/index.tsx?t=1787493067224:39
[   37059ms] [LOG] 844 @ http://restaurant21.lobytech.test:3002/src/components/Modal/Admin/Fichas/index.tsx?t=1787493067224:47
[   37059ms] [LOG] 844 @ http://restaurant21.lobytech.test:3002/src/components/Modal/Admin/Fichas/index.tsx?t=1787493067224:48
[   37120ms] [ERROR] Failed to load resource: the server responded with a status of 500 (Internal Server Error) @ http://localhost:5002/api/facturacion/listar-fichas?fecha=23/08/2026:0
[   37120ms] [LOG] AxiosError @ http://restaurant21.lobytech.test:3002/src/utils/axios.ts:19
[   37121ms] [LOG] AxiosError @ http://restaurant21.lobytech.test:3002/src/redux/reducers/Admin/asistencia/asistencia.reducer.ts:374
[   37122ms] [LOG] [] @ http://restaurant21.lobytech.test:3002/src/presentation/views/Modules/Admin/Views/Asistencia/index.tsx?t=1787530467484:46
[   37122ms] [LOG] Sun Aug 23 2026 00:00:00 GMT-0500 (hora estándar de Perú) @ http://restaurant21.lobytech.test:3002/src/presentation/views/Modules/Admin/Views/Asistencia/index.tsx?t=1787530467484:115
[   37122ms] [LOG] {turno: Turno Especial, diaSemana: 0} @ http://restaurant21.lobytech.test:3002/src/presentation/views/Modules/Admin/Views/Asistencia/index.tsx?t=1787530467484:129
[   37123ms] [LOG] Sun Aug 23 2026 00:00:00 GMT-0500 (hora estándar de Perú) @ http://restaurant21.lobytech.test:3002/src/presentation/views/Modules/Admin/Views/Asistencia/index.tsx?t=1787530467484:115
[   37123ms] [LOG] Sun Aug 23 2026 00:00:00 GMT-0500 (hora estándar de Perú) @ http://restaurant21.lobytech.test:3002/src/presentation/views/Modules/Admin/Views/Asistencia/index.tsx?t=1787530467484:115
[   37123ms] [LOG] [] @ http://restaurant21.lobytech.test:3002/src/presentation/views/Modules/Admin/Views/Asistencia/index.tsx?t=1787530467484:198
[   37124ms] [LOG] false @ http://restaurant21.lobytech.test:3002/src/components/Toggle/index.tsx:24
[   37124ms] [LOG] () => {
    if (diaSemana === 0) {
      setCheckedTurno(false);
    } else {
      setCheckedTurno(!isTurno);
    }
  } @ http://restaurant21.lobytech.test:3002/src/components/Toggle/index.tsx:25
[   37126ms] [LOG] null @ http://restaurant21.lobytech.test:3002/src/presentation/views/Modules/Admin/Views/Asistencia/Dropdown/index.tsx?t=1787493067224:68
[   37127ms] [LOG] null @ http://restaurant21.lobytech.test:3002/src/presentation/views/Modules/Admin/Views/Asistencia/Dropdown/index.tsx?t=1787493067224:68
[   37128ms] [LOG] null @ http://restaurant21.lobytech.test:3002/src/presentation/views/Modules/Admin/Views/Asistencia/Dropdown/index.tsx?t=1787493067224:68
[   37129ms] [LOG] null @ http://restaurant21.lobytech.test:3002/src/presentation/views/Modules/Admin/Views/Asistencia/Dropdown/index.tsx?t=1787493067224:68
[   37129ms] [LOG] null @ http://restaurant21.lobytech.test:3002/src/presentation/views/Modules/Admin/Views/Asistencia/Dropdown/index.tsx?t=1787493067224:68
[   37129ms] [LOG] null @ http://restaurant21.lobytech.test:3002/src/presentation/views/Modules/Admin/Views/Asistencia/Dropdown/index.tsx?t=1787493067224:68
[   37130ms] [LOG] null @ http://restaurant21.lobytech.test:3002/src/presentation/views/Modules/Admin/Views/Asistencia/Dropdown/index.tsx?t=1787493067224:68
[   37130ms] [LOG] null @ http://restaurant21.lobytech.test:3002/src/presentation/views/Modules/Admin/Views/Asistencia/Dropdown/index.tsx?t=1787493067224:68
[   37130ms] [LOG] null @ http://restaurant21.lobytech.test:3002/src/presentation/views/Modules/Admin/Views/Asistencia/Dropdown/index.tsx?t=1787493067224:68
[   37131ms] [LOG] null @ http://restaurant21.lobytech.test:3002/src/presentation/views/Modules/Admin/Views/Asistencia/Dropdown/index.tsx?t=1787493067224:68
[   37131ms] [LOG] null @ http://restaurant21.lobytech.test:3002/src/presentation/views/Modules/Admin/Views/Asistencia/Dropdown/index.tsx?t=1787493067224:68
[   37131ms] [LOG] null @ http://restaurant21.lobytech.test:3002/src/presentation/views/Modules/Admin/Views/Asistencia/Dropdown/index.tsx?t=1787493067224:68
[   37132ms] [LOG] null @ http://restaurant21.lobytech.test:3002/src/presentation/views/Modules/Admin/Views/Asistencia/Dropdown/index.tsx?t=1787493067224:68
[   37132ms] [LOG] null @ http://restaurant21.lobytech.test:3002/src/presentation/views/Modules/Admin/Views/Asistencia/Dropdown/index.tsx?t=1787493067224:68
[   37133ms] [LOG] null @ http://restaurant21.lobytech.test:3002/src/presentation/views/Modules/Admin/Views/Asistencia/Dropdown/index.tsx?t=1787493067224:68
[   37133ms] [LOG] null @ http://restaurant21.lobytech.test:3002/src/presentation/views/Modules/Admin/Views/Asistencia/Dropdown/index.tsx?t=1787493067224:68
[   37134ms] [LOG] null @ http://restaurant21.lobytech.test:3002/src/presentation/views/Modules/Admin/Views/Asistencia/Dropdown/index.tsx?t=1787493067224:68
[   37135ms] [LOG] null @ http://restaurant21.lobytech.test:3002/src/presentation/views/Modules/Admin/Views/Asistencia/Dropdown/index.tsx?t=1787493067224:68
[   37135ms] [LOG] null @ http://restaurant21.lobytech.test:3002/src/presentation/views/Modules/Admin/Views/Asistencia/Dropdown/index.tsx?t=1787493067224:68
[   37136ms] [LOG] null @ http://restaurant21.lobytech.test:3002/src/presentation/views/Modules/Admin/Views/Asistencia/Dropdown/index.tsx?t=1787493067224:68
[   37136ms] [LOG] null @ http://restaurant21.lobytech.test:3002/src/presentation/views/Modules/Admin/Views/Asistencia/Dropdown/index.tsx?t=1787493067224:68
[   37137ms] [LOG] null @ http://restaurant21.lobytech.test:3002/src/presentation/views/Modules/Admin/Views/Asistencia/Dropdown/index.tsx?t=1787493067224:68
[   37137ms] [LOG] null @ http://restaurant21.lobytech.test:3002/src/presentation/views/Modules/Admin/Views/Asistencia/Dropdown/index.tsx?t=1787493067224:68
[   37138ms] [LOG] null @ http://restaurant21.lobytech.test:3002/src/presentation/views/Modules/Admin/Views/Asistencia/Dropdown/index.tsx?t=1787493067224:68
[   37138ms] [LOG] null @ http://restaurant21.lobytech.test:3002/src/presentation/views/Modules/Admin/Views/Asistencia/Dropdown/index.tsx?t=1787493067224:68
[   37139ms] [LOG] null @ http://restaurant21.lobytech.test:3002/src/presentation/views/Modules/Admin/Views/Asistencia/Dropdown/index.tsx?t=1787493067224:68
[   37140ms] [LOG] null @ http://restaurant21.lobytech.test:3002/src/presentation/views/Modules/Admin/Views/Asistencia/Dropdown/index.tsx?t=1787493067224:68
[   37140ms] [LOG] null @ http://restaurant21.lobytech.test:3002/src/presentation/views/Modules/Admin/Views/Asistencia/Dropdown/index.tsx?t=1787493067224:68
[   37141ms] [LOG] null @ http://restaurant21.lobytech.test:3002/src/presentation/views/Modules/Admin/Views/Asistencia/Dropdown/index.tsx?t=1787493067224:68
[   37142ms] [LOG] null @ http://restaurant21.lobytech.test:3002/src/presentation/views/Modules/Admin/Views/Asistencia/Dropdown/index.tsx?t=1787493067224:68
[   37142ms] [LOG] null @ http://restaurant21.lobytech.test:3002/src/presentation/views/Modules/Admin/Views/Asistencia/Dropdown/index.tsx?t=1787493067224:68
[   37143ms] [LOG] null @ http://restaurant21.lobytech.test:3002/src/presentation/views/Modules/Admin/Views/Asistencia/Dropdown/index.tsx?t=1787493067224:68
[   37144ms] [LOG] null @ http://restaurant21.lobytech.test:3002/src/presentation/views/Modules/Admin/Views/Asistencia/Dropdown/index.tsx?t=1787493067224:68
[   37144ms] [LOG] null @ http://restaurant21.lobytech.test:3002/src/presentation/views/Modules/Admin/Views/Asistencia/Dropdown/index.tsx?t=1787493067224:68
[   37145ms] [LOG] null @ http://restaurant21.lobytech.test:3002/src/presentation/views/Modules/Admin/Views/Asistencia/Dropdown/index.tsx?t=1787493067224:68
[   37145ms] [LOG] null @ http://restaurant21.lobytech.test:3002/src/presentation/views/Modules/Admin/Views/Asistencia/Dropdown/index.tsx?t=1787493067224:68
[   37145ms] [LOG] null @ http://restaurant21.lobytech.test:3002/src/presentation/views/Modules/Admin/Views/Asistencia/Dropdown/index.tsx?t=1787493067224:68
[   37146ms] [LOG] null @ http://restaurant21.lobytech.test:3002/src/presentation/views/Modules/Admin/Views/Asistencia/Dropdown/index.tsx?t=1787493067224:68
[   37146ms] [LOG] null @ http://restaurant21.lobytech.test:3002/src/presentation/views/Modules/Admin/Views/Asistencia/Dropdown/index.tsx?t=1787493067224:68
[   37147ms] [LOG] null @ http://restaurant21.lobytech.test:3002/src/presentation/views/Modules/Admin/Views/Asistencia/Dropdown/index.tsx?t=1787493067224:68
[   37147ms] [LOG] null @ http://restaurant21.lobytech.test:3002/src/presentation/views/Modules/Admin/Views/Asistencia/Dropdown/index.tsx?t=1787493067224:68
[   37148ms] [LOG] null @ http://restaurant21.lobytech.test:3002/src/presentation/views/Modules/Admin/Views/Asistencia/Dropdown/index.tsx?t=1787493067224:68
[   37149ms] [LOG] null @ http://restaurant21.lobytech.test:3002/src/presentation/views/Modules/Admin/Views/Asistencia/Dropdown/index.tsx?t=1787493067224:68
[   37149ms] [LOG] null @ http://restaurant21.lobytech.test:3002/src/presentation/views/Modules/Admin/Views/Asistencia/Dropdown/index.tsx?t=1787493067224:68
[   37150ms] [LOG] null @ http://restaurant21.lobytech.test:3002/src/presentation/views/Modules/Admin/Views/Asistencia/Dropdown/index.tsx?t=1787493067224:68
[   37150ms] [LOG] null @ http://restaurant21.lobytech.test:3002/src/presentation/views/Modules/Admin/Views/Asistencia/Dropdown/index.tsx?t=1787493067224:68
[   37151ms] [LOG] null @ http://restaurant21.lobytech.test:3002/src/presentation/views/Modules/Admin/Views/Asistencia/Dropdown/index.tsx?t=1787493067224:68
[   37152ms] [LOG] null @ http://restaurant21.lobytech.test:3002/src/presentation/views/Modules/Admin/Views/Asistencia/Dropdown/index.tsx?t=1787493067224:68
[   37153ms] [LOG] null @ http://restaurant21.lobytech.test:3002/src/presentation/views/Modules/Admin/Views/Asistencia/Dropdown/index.tsx?t=1787493067224:68
[   37153ms] [LOG] null @ http://restaurant21.lobytech.test:3002/src/presentation/views/Modules/Admin/Views/Asistencia/Dropdown/index.tsx?t=1787493067224:68
[   37154ms] [LOG] null @ http://restaurant21.lobytech.test:3002/src/presentation/views/Modules/Admin/Views/Asistencia/Dropdown/index.tsx?t=1787493067224:68
[   37154ms] [LOG] null @ http://restaurant21.lobytech.test:3002/src/presentation/views/Modules/Admin/Views/Asistencia/Dropdown/index.tsx?t=1787493067224:68
[   37155ms] [LOG] null @ http://restaurant21.lobytech.test:3002/src/presentation/views/Modules/Admin/Views/Asistencia/Dropdown/index.tsx?t=1787493067224:68
[   37155ms] [LOG] null @ http://restaurant21.lobytech.test:3002/src/presentation/views/Modules/Admin/Views/Asistencia/Dropdown/index.tsx?t=1787493067224:68
[   37155ms] [LOG] null @ http://restaurant21.lobytech.test:3002/src/presentation/views/Modules/Admin/Views/Asistencia/Dropdown/index.tsx?t=1787493067224:68
[   37156ms] [LOG] null @ http://restaurant21.lobytech.test:3002/src/presentation/views/Modules/Admin/Views/Asistencia/Dropdown/index.tsx?t=1787493067224:68
[   37156ms] [LOG] null @ http://restaurant21.lobytech.test:3002/src/presentation/views/Modules/Admin/Views/Asistencia/Dropdown/index.tsx?t=1787493067224:68
[   37157ms] [LOG] null @ http://restaurant21.lobytech.test:3002/src/presentation/views/Modules/Admin/Views/Asistencia/Dropdown/index.tsx?t=1787493067224:68
[   37157ms] [LOG] null @ http://restaurant21.lobytech.test:3002/src/presentation/views/Modules/Admin/Views/Asistencia/Dropdown/index.tsx?t=1787493067224:68
[   37160ms] [LOG] null @ http://restaurant21.lobytech.test:3002/src/presentation/views/Modules/Admin/Views/Asistencia/Dropdown/index.tsx?t=1787493067224:68
[   37160ms] [LOG] null @ http://restaurant21.lobytech.test:3002/src/presentation/views/Modules/Admin/Views/Asistencia/Dropdown/index.tsx?t=1787493067224:68
[   37161ms] [LOG] null @ http://restaurant21.lobytech.test:3002/src/presentation/views/Modules/Admin/Views/Asistencia/Dropdown/index.tsx?t=1787493067224:68
[   37161ms] [LOG] null @ http://restaurant21.lobytech.test:3002/src/presentation/views/Modules/Admin/Views/Asistencia/Dropdown/index.tsx?t=1787493067224:68
[   37161ms] [LOG] null @ http://restaurant21.lobytech.test:3002/src/presentation/views/Modules/Admin/Views/Asistencia/Dropdown/index.tsx?t=1787493067224:68
[   37162ms] [LOG] null @ http://restaurant21.lobytech.test:3002/src/presentation/views/Modules/Admin/Views/Asistencia/Dropdown/index.tsx?t=1787493067224:68
[   37162ms] [LOG] null @ http://restaurant21.lobytech.test:3002/src/presentation/views/Modules/Admin/Views/Asistencia/Dropdown/index.tsx?t=1787493067224:68
[   37162ms] [LOG] [Object, Object, Object, Object, Object, Object, Object, Object, Object, Object, Object, Object, Object, Object, Object, Object, Object, Object, Object, Object, Object, Object, Object, Object, Object, Object, Object, Object, Object, Object, Object, Object, Object, Object, Object, Object, Object, Object, Object, Object, Object, Object, Object, Object, Object, Object, Object, Object, Object, Object, Object, Object, Object, Object, Object, Object, Object, Object, Object, Object, Object, Object, Object, Object, Object, Object] @ http://restaurant21.lobytech.test:3002/src/components/Modal/Admin/Asistencia/index.tsx?t=1787530428254:43
[   37163ms] [LOG] [] @ http://restaurant21.lobytech.test:3002/src/components/Modal/Admin/Asistencia/index.tsx?t=1787530428254:50
[   37163ms] [LOG] Sun Aug 23 2026 00:00:00 GMT-0500 (hora estándar de Perú) @ http://restaurant21.lobytech.test:3002/src/components/Modal/Admin/Asistencia/index.tsx?t=1787530428254:79
[   37163ms] [LOG] 1 @ http://restaurant21.lobytech.test:3002/src/components/Modal/Admin/Asistencia/index.tsx?t=1787530428254:95
[   37163ms] [LOG] {habitacionId: 0, habitacion: , anfitrionaId: 0, anfitriona: , turno: } @ http://restaurant21.lobytech.test:3002/src/components/Modal/Admin/Asistencia/index.tsx?t=1787530428254:108
[   37163ms] [LOG] [] @ http://restaurant21.lobytech.test:3002/src/components/Modal/Admin/Asistencia/index.tsx?t=1787530428254:110
[   37164ms] [LOG] 0 @ http://restaurant21.lobytech.test:3002/src/components/Modal/Admin/Asistencia/index.tsx?t=1787530428254:126
[   37164ms] [LOG] undefined @ http://restaurant21.lobytech.test:3002/src/components/Modal/Admin/Asistencia/index.tsx?t=1787530428254:162
[   37164ms] [LOG]  @ http://restaurant21.lobytech.test:3002/src/components/Modal/Admin/Asistencia/index.tsx?t=1787530428254:163
[   37164ms] [LOG] 844 @ http://restaurant21.lobytech.test:3002/src/components/Modal/Admin/Asistencia/index.tsx?t=1787530428254:202
[   37164ms] [LOG] 390 @ http://restaurant21.lobytech.test:3002/src/components/Modal/Admin/Asistencia/index.tsx?t=1787530428254:203
[   37164ms] [LOG] [] @ http://restaurant21.lobytech.test:3002/src/components/Modal/Admin/Fichas/index.tsx?t=1787493067224:37
[   37165ms] [LOG] [] @ http://restaurant21.lobytech.test:3002/src/components/Modal/Admin/Fichas/index.tsx?t=1787493067224:38
[   37165ms] [LOG] null @ http://restaurant21.lobytech.test:3002/src/components/Modal/Admin/Fichas/index.tsx?t=1787493067224:39
[   37165ms] [LOG] 844 @ http://restaurant21.lobytech.test:3002/src/components/Modal/Admin/Fichas/index.tsx?t=1787493067224:47
[   37165ms] [LOG] 844 @ http://restaurant21.lobytech.test:3002/src/components/Modal/Admin/Fichas/index.tsx?t=1787493067224:48
[   37306ms] [LOG] {code: 1, message: Success, data: Array(0), status: 200} @ http://restaurant21.lobytech.test:3002/src/redux/reducers/Admin/asistencia/asistencia.reducer.ts:196
[   37307ms] [LOG] [] @ http://restaurant21.lobytech.test:3002/src/presentation/views/Modules/Admin/Views/Asistencia/index.tsx?t=1787530467484:46
[   37307ms] [LOG] Sun Aug 23 2026 00:00:00 GMT-0500 (hora estándar de Perú) @ http://restaurant21.lobytech.test:3002/src/presentation/views/Modules/Admin/Views/Asistencia/index.tsx?t=1787530467484:115
[   37307ms] [LOG] {turno: Turno Especial, diaSemana: 0} @ http://restaurant21.lobytech.test:3002/src/presentation/views/Modules/Admin/Views/Asistencia/index.tsx?t=1787530467484:129
[   37307ms] [LOG] Sun Aug 23 2026 00:00:00 GMT-0500 (hora estándar de Perú) @ http://restaurant21.lobytech.test:3002/src/presentation/views/Modules/Admin/Views/Asistencia/index.tsx?t=1787530467484:115
[   37307ms] [LOG] Sun Aug 23 2026 00:00:00 GMT-0500 (hora estándar de Perú) @ http://restaurant21.lobytech.test:3002/src/presentation/views/Modules/Admin/Views/Asistencia/index.tsx?t=1787530467484:115
[   37308ms] [LOG] [] @ http://restaurant21.lobytech.test:3002/src/presentation/views/Modules/Admin/Views/Asistencia/index.tsx?t=1787530467484:198
[   37308ms] [LOG] false @ http://restaurant21.lobytech.test:3002/src/components/Toggle/index.tsx:24
[   37308ms] [LOG] () => {
    if (diaSemana === 0) {
      setCheckedTurno(false);
    } else {
      setCheckedTurno(!isTurno);
    }
  } @ http://restaurant21.lobytech.test:3002/src/components/Toggle/index.tsx:25
[   37310ms] [LOG] null @ http://restaurant21.lobytech.test:3002/src/presentation/views/Modules/Admin/Views/Asistencia/Dropdown/index.tsx?t=1787493067224:68
[   37310ms] [LOG] null @ http://restaurant21.lobytech.test:3002/src/presentation/views/Modules/Admin/Views/Asistencia/Dropdown/index.tsx?t=1787493067224:68
[   37310ms] [LOG] null @ http://restaurant21.lobytech.test:3002/src/presentation/views/Modules/Admin/Views/Asistencia/Dropdown/index.tsx?t=1787493067224:68
[   37311ms] [LOG] null @ http://restaurant21.lobytech.test:3002/src/presentation/views/Modules/Admin/Views/Asistencia/Dropdown/index.tsx?t=1787493067224:68
[   37311ms] [LOG] null @ http://restaurant21.lobytech.test:3002/src/presentation/views/Modules/Admin/Views/Asistencia/Dropdown/index.tsx?t=1787493067224:68
[   37311ms] [LOG] null @ http://restaurant21.lobytech.test:3002/src/presentation/views/Modules/Admin/Views/Asistencia/Dropdown/index.tsx?t=1787493067224:68
[   37312ms] [LOG] null @ http://restaurant21.lobytech.test:3002/src/presentation/views/Modules/Admin/Views/Asistencia/Dropdown/index.tsx?t=1787493067224:68
[   37312ms] [LOG] null @ http://restaurant21.lobytech.test:3002/src/presentation/views/Modules/Admin/Views/Asistencia/Dropdown/index.tsx?t=1787493067224:68
[   37313ms] [LOG] null @ http://restaurant21.lobytech.test:3002/src/presentation/views/Modules/Admin/Views/Asistencia/Dropdown/index.tsx?t=1787493067224:68
[   37313ms] [LOG] null @ http://restaurant21.lobytech.test:3002/src/presentation/views/Modules/Admin/Views/Asistencia/Dropdown/index.tsx?t=1787493067224:68
[   37314ms] [LOG] null @ http://restaurant21.lobytech.test:3002/src/presentation/views/Modules/Admin/Views/Asistencia/Dropdown/index.tsx?t=1787493067224:68
[   37314ms] [LOG] null @ http://restaurant21.lobytech.test:3002/src/presentation/views/Modules/Admin/Views/Asistencia/Dropdown/index.tsx?t=1787493067224:68
[   37314ms] [LOG] null @ http://restaurant21.lobytech.test:3002/src/presentation/views/Modules/Admin/Views/Asistencia/Dropdown/index.tsx?t=1787493067224:68
[   37315ms] [LOG] null @ http://restaurant21.lobytech.test:3002/src/presentation/views/Modules/Admin/Views/Asistencia/Dropdown/index.tsx?t=1787493067224:68
[   37315ms] [LOG] null @ http://restaurant21.lobytech.test:3002/src/presentation/views/Modules/Admin/Views/Asistencia/Dropdown/index.tsx?t=1787493067224:68
[   37316ms] [LOG] null @ http://restaurant21.lobytech.test:3002/src/presentation/views/Modules/Admin/Views/Asistencia/Dropdown/index.tsx?t=1787493067224:68
[   37316ms] [LOG] null @ http://restaurant21.lobytech.test:3002/src/presentation/views/Modules/Admin/Views/Asistencia/Dropdown/index.tsx?t=1787493067224:68
[   37317ms] [LOG] null @ http://restaurant21.lobytech.test:3002/src/presentation/views/Modules/Admin/Views/Asistencia/Dropdown/index.tsx?t=1787493067224:68
[   37317ms] [LOG] null @ http://restaurant21.lobytech.test:3002/src/presentation/views/Modules/Admin/Views/Asistencia/Dropdown/index.tsx?t=1787493067224:68
[   37317ms] [LOG] null @ http://restaurant21.lobytech.test:3002/src/presentation/views/Modules/Admin/Views/Asistencia/Dropdown/index.tsx?t=1787493067224:68
[   37318ms] [LOG] null @ http://restaurant21.lobytech.test:3002/src/presentation/views/Modules/Admin/Views/Asistencia/Dropdown/index.tsx?t=1787493067224:68
[   37318ms] [LOG] null @ http://restaurant21.lobytech.test:3002/src/presentation/views/Modules/Admin/Views/Asistencia/Dropdown/index.tsx?t=1787493067224:68
[   37318ms] [LOG] null @ http://restaurant21.lobytech.test:3002/src/presentation/views/Modules/Admin/Views/Asistencia/Dropdown/index.tsx?t=1787493067224:68
[   37319ms] [LOG] null @ http://restaurant21.lobytech.test:3002/src/presentation/views/Modules/Admin/Views/Asistencia/Dropdown/index.tsx?t=1787493067224:68
[   37319ms] [LOG] null @ http://restaurant21.lobytech.test:3002/src/presentation/views/Modules/Admin/Views/Asistencia/Dropdown/index.tsx?t=1787493067224:68
[   37320ms] [LOG] null @ http://restaurant21.lobytech.test:3002/src/presentation/views/Modules/Admin/Views/Asistencia/Dropdown/index.tsx?t=1787493067224:68
[   37320ms] [LOG] null @ http://restaurant21.lobytech.test:3002/src/presentation/views/Modules/Admin/Views/Asistencia/Dropdown/index.tsx?t=1787493067224:68
[   37321ms] [LOG] null @ http://restaurant21.lobytech.test:3002/src/presentation/views/Modules/Admin/Views/Asistencia/Dropdown/index.tsx?t=1787493067224:68
[   37321ms] [LOG] null @ http://restaurant21.lobytech.test:3002/src/presentation/views/Modules/Admin/Views/Asistencia/Dropdown/index.tsx?t=1787493067224:68
[   37322ms] [LOG] null @ http://restaurant21.lobytech.test:3002/src/presentation/views/Modules/Admin/Views/Asistencia/Dropdown/index.tsx?t=1787493067224:68
[   37322ms] [LOG] null @ http://restaurant21.lobytech.test:3002/src/presentation/views/Modules/Admin/Views/Asistencia/Dropdown/index.tsx?t=1787493067224:68
[   37323ms] [LOG] null @ http://restaurant21.lobytech.test:3002/src/presentation/views/Modules/Admin/Views/Asistencia/Dropdown/index.tsx?t=1787493067224:68
[   37324ms] [LOG] null @ http://restaurant21.lobytech.test:3002/src/presentation/views/Modules/Admin/Views/Asistencia/Dropdown/index.tsx?t=1787493067224:68
[   37324ms] [LOG] null @ http://restaurant21.lobytech.test:3002/src/presentation/views/Modules/Admin/Views/Asistencia/Dropdown/index.tsx?t=1787493067224:68
[   37325ms] [LOG] null @ http://restaurant21.lobytech.test:3002/src/presentation/views/Modules/Admin/Views/Asistencia/Dropdown/index.tsx?t=1787493067224:68
[   37325ms] [LOG] null @ http://restaurant21.lobytech.test:3002/src/presentation/views/Modules/Admin/Views/Asistencia/Dropdown/index.tsx?t=1787493067224:68
[   37326ms] [LOG] null @ http://restaurant21.lobytech.test:3002/src/presentation/views/Modules/Admin/Views/Asistencia/Dropdown/index.tsx?t=1787493067224:68
[   37326ms] [LOG] null @ http://restaurant21.lobytech.test:3002/src/presentation/views/Modules/Admin/Views/Asistencia/Dropdown/index.tsx?t=1787493067224:68
[   37327ms] [LOG] null @ http://restaurant21.lobytech.test:3002/src/presentation/views/Modules/Admin/Views/Asistencia/Dropdown/index.tsx?t=1787493067224:68
[   37328ms] [LOG] null @ http://restaurant21.lobytech.test:3002/src/presentation/views/Modules/Admin/Views/Asistencia/Dropdown/index.tsx?t=1787493067224:68
[   37328ms] [LOG] null @ http://restaurant21.lobytech.test:3002/src/presentation/views/Modules/Admin/Views/Asistencia/Dropdown/index.tsx?t=1787493067224:68
[   37329ms] [LOG] null @ http://restaurant21.lobytech.test:3002/src/presentation/views/Modules/Admin/Views/Asistencia/Dropdown/index.tsx?t=1787493067224:68
[   37329ms] [LOG] null @ http://restaurant21.lobytech.test:3002/src/presentation/views/Modules/Admin/Views/Asistencia/Dropdown/index.tsx?t=1787493067224:68
[   37330ms] [LOG] null @ http://restaurant21.lobytech.test:3002/src/presentation/views/Modules/Admin/Views/Asistencia/Dropdown/index.tsx?t=1787493067224:68
[   37330ms] [LOG] null @ http://restaurant21.lobytech.test:3002/src/presentation/views/Modules/Admin/Views/Asistencia/Dropdown/index.tsx?t=1787493067224:68
[   37331ms] [LOG] null @ http://restaurant21.lobytech.test:3002/src/presentation/views/Modules/Admin/Views/Asistencia/Dropdown/index.tsx?t=1787493067224:68
[   37331ms] [LOG] null @ http://restaurant21.lobytech.test:3002/src/presentation/views/Modules/Admin/Views/Asistencia/Dropdown/index.tsx?t=1787493067224:68
[   37332ms] [LOG] null @ http://restaurant21.lobytech.test:3002/src/presentation/views/Modules/Admin/Views/Asistencia/Dropdown/index.tsx?t=1787493067224:68
[   37333ms] [LOG] null @ http://restaurant21.lobytech.test:3002/src/presentation/views/Modules/Admin/Views/Asistencia/Dropdown/index.tsx?t=1787493067224:68
[   37333ms] [LOG] null @ http://restaurant21.lobytech.test:3002/src/presentation/views/Modules/Admin/Views/Asistencia/Dropdown/index.tsx?t=1787493067224:68
[   37333ms] [LOG] null @ http://restaurant21.lobytech.test:3002/src/presentation/views/Modules/Admin/Views/Asistencia/Dropdown/index.tsx?t=1787493067224:68
[   37334ms] [LOG] null @ http://restaurant21.lobytech.test:3002/src/presentation/views/Modules/Admin/Views/Asistencia/Dropdown/index.tsx?t=1787493067224:68
[   37334ms] [LOG] null @ http://restaurant21.lobytech.test:3002/src/presentation/views/Modules/Admin/Views/Asistencia/Dropdown/index.tsx?t=1787493067224:68
[   37334ms] [LOG] null @ http://restaurant21.lobytech.test:3002/src/presentation/views/Modules/Admin/Views/Asistencia/Dropdown/index.tsx?t=1787493067224:68
[   37335ms] [LOG] null @ http://restaurant21.lobytech.test:3002/src/presentation/views/Modules/Admin/Views/Asistencia/Dropdown/index.tsx?t=1787493067224:68
[   37335ms] [LOG] null @ http://restaurant21.lobytech.test:3002/src/presentation/views/Modules/Admin/Views/Asistencia/Dropdown/index.tsx?t=1787493067224:68
[   37336ms] [LOG] null @ http://restaurant21.lobytech.test:3002/src/presentation/views/Modules/Admin/Views/Asistencia/Dropdown/index.tsx?t=1787493067224:68
[   37336ms] [LOG] null @ http://restaurant21.lobytech.test:3002/src/presentation/views/Modules/Admin/Views/Asistencia/Dropdown/index.tsx?t=1787493067224:68
[   37337ms] [LOG] null @ http://restaurant21.lobytech.test:3002/src/presentation/views/Modules/Admin/Views/Asistencia/Dropdown/index.tsx?t=1787493067224:68
[   37337ms] [LOG] null @ http://restaurant21.lobytech.test:3002/src/presentation/views/Modules/Admin/Views/Asistencia/Dropdown/index.tsx?t=1787493067224:68
[   37337ms] [LOG] null @ http://restaurant21.lobytech.test:3002/src/presentation/views/Modules/Admin/Views/Asistencia/Dropdown/index.tsx?t=1787493067224:68
[   37338ms] [LOG] null @ http://restaurant21.lobytech.test:3002/src/presentation/views/Modules/Admin/Views/Asistencia/Dropdown/index.tsx?t=1787493067224:68
[   37338ms] [LOG] null @ http://restaurant21.lobytech.test:3002/src/presentation/views/Modules/Admin/Views/Asistencia/Dropdown/index.tsx?t=1787493067224:68
[   37338ms] [LOG] null @ http://restaurant21.lobytech.test:3002/src/presentation/views/Modules/Admin/Views/Asistencia/Dropdown/index.tsx?t=1787493067224:68
[   37339ms] [LOG] null @ http://restaurant21.lobytech.test:3002/src/presentation/views/Modules/Admin/Views/Asistencia/Dropdown/index.tsx?t=1787493067224:68
[   37340ms] [LOG] null @ http://restaurant21.lobytech.test:3002/src/presentation/views/Modules/Admin/Views/Asistencia/Dropdown/index.tsx?t=1787493067224:68
[   37340ms] [LOG] [Object, Object, Object, Object, Object, Object, Object, Object, Object, Object, Object, Object, Object, Object, Object, Object, Object, Object, Object, Object, Object, Object, Object, Object, Object, Object, Object, Object, Object, Object, Object, Object, Object, Object, Object, Object, Object, Object, Object, Object, Object, Object, Object, Object, Object, Object, Object, Object, Object, Object, Object, Object, Object, Object, Object, Object, Object, Object, Object, Object, Object, Object, Object, Object, Object, Object] @ http://restaurant21.lobytech.test:3002/src/components/Modal/Admin/Asistencia/index.tsx?t=1787530428254:43
[   37341ms] [LOG] [] @ http://restaurant21.lobytech.test:3002/src/components/Modal/Admin/Asistencia/index.tsx?t=1787530428254:50
[   37341ms] [LOG] Sun Aug 23 2026 00:00:00 GMT-0500 (hora estándar de Perú) @ http://restaurant21.lobytech.test:3002/src/components/Modal/Admin/Asistencia/index.tsx?t=1787530428254:79
[   37341ms] [LOG] 1 @ http://restaurant21.lobytech.test:3002/src/components/Modal/Admin/Asistencia/index.tsx?t=1787530428254:95
[   37341ms] [LOG] {habitacionId: 0, habitacion: , anfitrionaId: 0, anfitriona: , turno: } @ http://restaurant21.lobytech.test:3002/src/components/Modal/Admin/Asistencia/index.tsx?t=1787530428254:108
[   37342ms] [LOG] [] @ http://restaurant21.lobytech.test:3002/src/components/Modal/Admin/Asistencia/index.tsx?t=1787530428254:110
[   37342ms] [LOG] 0 @ http://restaurant21.lobytech.test:3002/src/components/Modal/Admin/Asistencia/index.tsx?t=1787530428254:126
[   37342ms] [LOG] undefined @ http://restaurant21.lobytech.test:3002/src/components/Modal/Admin/Asistencia/index.tsx?t=1787530428254:162
[   37342ms] [LOG]  @ http://restaurant21.lobytech.test:3002/src/components/Modal/Admin/Asistencia/index.tsx?t=1787530428254:163
[   37342ms] [LOG] 844 @ http://restaurant21.lobytech.test:3002/src/components/Modal/Admin/Asistencia/index.tsx?t=1787530428254:202
[   37342ms] [LOG] 390 @ http://restaurant21.lobytech.test:3002/src/components/Modal/Admin/Asistencia/index.tsx?t=1787530428254:203
[   37342ms] [LOG] [] @ http://restaurant21.lobytech.test:3002/src/components/Modal/Admin/Fichas/index.tsx?t=1787493067224:37
[   37343ms] [LOG] [] @ http://restaurant21.lobytech.test:3002/src/components/Modal/Admin/Fichas/index.tsx?t=1787493067224:38
[   37343ms] [LOG] null @ http://restaurant21.lobytech.test:3002/src/components/Modal/Admin/Fichas/index.tsx?t=1787493067224:39
[   37343ms] [LOG] 844 @ http://restaurant21.lobytech.test:3002/src/components/Modal/Admin/Fichas/index.tsx?t=1787493067224:47
[   37343ms] [LOG] 844 @ http://restaurant21.lobytech.test:3002/src/components/Modal/Admin/Fichas/index.tsx?t=1787493067224:48
[   37505ms] [ERROR] Failed to load resource: the server responded with a status of 404 (Not Found) @ http://localhost:5002/api/productos/listar?CategoriaId=2&GrupoId=16&Value=&Page=1&Amount=100:0
[   37506ms] [LOG] AxiosError @ http://restaurant21.lobytech.test:3002/src/utils/axios.ts:19
[   37506ms] [LOG] AxiosError @ http://restaurant21.lobytech.test:3002/src/redux/reducers/Admin/productos/producto.reducer.ts:364
[   37507ms] [LOG] [Object, Object, Object, Object, Object, Object, Object, Object, Object, Object, Object, Object, Object, Object, Object, Object, Object, Object, Object, Object, Object, Object, Object, Object, Object, Object, Object, Object, Object, Object, Object, Object, Object, Object, Object, Object, Object, Object, Object, Object, Object, Object, Object, Object, Object, Object, Object, Object, Object, Object, Object, Object, Object, Object, Object, Object, Object, Object, Object, Object, Object, Object, Object, Object, Object, Object] @ http://restaurant21.lobytech.test:3002/src/components/Modal/Admin/Asistencia/index.tsx?t=1787530428254:43
[   37508ms] [LOG] [] @ http://restaurant21.lobytech.test:3002/src/components/Modal/Admin/Asistencia/index.tsx?t=1787530428254:50
[   37508ms] [LOG] Sun Aug 23 2026 00:00:00 GMT-0500 (hora estándar de Perú) @ http://restaurant21.lobytech.test:3002/src/components/Modal/Admin/Asistencia/index.tsx?t=1787530428254:79
[   37508ms] [LOG] 1 @ http://restaurant21.lobytech.test:3002/src/components/Modal/Admin/Asistencia/index.tsx?t=1787530428254:95
[   37508ms] [LOG] {habitacionId: 0, habitacion: , anfitrionaId: 0, anfitriona: , turno: } @ http://restaurant21.lobytech.test:3002/src/components/Modal/Admin/Asistencia/index.tsx?t=1787530428254:108
[   37508ms] [LOG] [] @ http://restaurant21.lobytech.test:3002/src/components/Modal/Admin/Asistencia/index.tsx?t=1787530428254:110
[   37508ms] [LOG] 0 @ http://restaurant21.lobytech.test:3002/src/components/Modal/Admin/Asistencia/index.tsx?t=1787530428254:126
[   37508ms] [LOG] undefined @ http://restaurant21.lobytech.test:3002/src/components/Modal/Admin/Asistencia/index.tsx?t=1787530428254:162
[   37509ms] [LOG]  @ http://restaurant21.lobytech.test:3002/src/components/Modal/Admin/Asistencia/index.tsx?t=1787530428254:163
[   37509ms] [LOG] 844 @ http://restaurant21.lobytech.test:3002/src/components/Modal/Admin/Asistencia/index.tsx?t=1787530428254:202
[   37509ms] [LOG] 390 @ http://restaurant21.lobytech.test:3002/src/components/Modal/Admin/Asistencia/index.tsx?t=1787530428254:203
[   37510ms] [LOG] {code: 1, message: Success, data: Object, status: 200} @ http://restaurant21.lobytech.test:3002/src/redux/reducers/Admin/clientes-proveedores/clientesProveedoresAnfitrionas.reducer.ts:250
[   37511ms] [LOG] [Object, Object, Object, Object, Object, Object, Object, Object, Object, Object, Object, Object, Object, Object, Object, Object, Object, Object, Object, Object, Object, Object, Object, Object, Object, Object, Object, Object, Object, Object, Object, Object, Object, Object, Object, Object, Object, Object, Object, Object, Object, Object, Object, Object, Object, Object, Object, Object, Object, Object, Object, Object, Object, Object, Object, Object, Object, Object, Object, Object, Object, Object, Object, Object, Object, Object] @ http://restaurant21.lobytech.test:3002/src/components/Modal/Admin/Asistencia/index.tsx?t=1787530428254:43
[   37511ms] [LOG] [] @ http://restaurant21.lobytech.test:3002/src/components/Modal/Admin/Asistencia/index.tsx?t=1787530428254:50
[   37512ms] [LOG] Sun Aug 23 2026 00:00:00 GMT-0500 (hora estándar de Perú) @ http://restaurant21.lobytech.test:3002/src/components/Modal/Admin/Asistencia/index.tsx?t=1787530428254:79
[   37512ms] [LOG] 1 @ http://restaurant21.lobytech.test:3002/src/components/Modal/Admin/Asistencia/index.tsx?t=1787530428254:95
[   37512ms] [LOG] {habitacionId: 0, habitacion: , anfitrionaId: 0, anfitriona: , turno: } @ http://restaurant21.lobytech.test:3002/src/components/Modal/Admin/Asistencia/index.tsx?t=1787530428254:108
[   37512ms] [LOG] [] @ http://restaurant21.lobytech.test:3002/src/components/Modal/Admin/Asistencia/index.tsx?t=1787530428254:110
[   37512ms] [LOG] 0 @ http://restaurant21.lobytech.test:3002/src/components/Modal/Admin/Asistencia/index.tsx?t=1787530428254:126
[   37512ms] [LOG] undefined @ http://restaurant21.lobytech.test:3002/src/components/Modal/Admin/Asistencia/index.tsx?t=1787530428254:162
[   37512ms] [LOG]  @ http://restaurant21.lobytech.test:3002/src/components/Modal/Admin/Asistencia/index.tsx?t=1787530428254:163
[   37513ms] [LOG] 844 @ http://restaurant21.lobytech.test:3002/src/components/Modal/Admin/Asistencia/index.tsx?t=1787530428254:202
[   37513ms] [LOG] 390 @ http://restaurant21.lobytech.test:3002/src/components/Modal/Admin/Asistencia/index.tsx?t=1787530428254:203
[   37697ms] [LOG] {code: 1, message: Success, data: Array(66), status: 200} @ http://restaurant21.lobytech.test:3002/src/redux/reducers/Admin/asistencia/asistencia.reducer.ts:222
[   37699ms] [LOG] [] @ http://restaurant21.lobytech.test:3002/src/presentation/views/Modules/Admin/Views/Asistencia/index.tsx?t=1787530467484:46
[   37699ms] [LOG] Sun Aug 23 2026 00:00:00 GMT-0500 (hora estándar de Perú) @ http://restaurant21.lobytech.test:3002/src/presentation/views/Modules/Admin/Views/Asistencia/index.tsx?t=1787530467484:115
[   37699ms] [LOG] {turno: Turno Especial, diaSemana: 0} @ http://restaurant21.lobytech.test:3002/src/presentation/views/Modules/Admin/Views/Asistencia/index.tsx?t=1787530467484:129
[   37700ms] [LOG] Sun Aug 23 2026 00:00:00 GMT-0500 (hora estándar de Perú) @ http://restaurant21.lobytech.test:3002/src/presentation/views/Modules/Admin/Views/Asistencia/index.tsx?t=1787530467484:115
[   37700ms] [LOG] Sun Aug 23 2026 00:00:00 GMT-0500 (hora estándar de Perú) @ http://restaurant21.lobytech.test:3002/src/presentation/views/Modules/Admin/Views/Asistencia/index.tsx?t=1787530467484:115
[   37700ms] [LOG] [] @ http://restaurant21.lobytech.test:3002/src/presentation/views/Modules/Admin/Views/Asistencia/index.tsx?t=1787530467484:198
[   37701ms] [LOG] false @ http://restaurant21.lobytech.test:3002/src/components/Toggle/index.tsx:24
[   37701ms] [LOG] () => {
    if (diaSemana === 0) {
      setCheckedTurno(false);
    } else {
      setCheckedTurno(!isTurno);
    }
  } @ http://restaurant21.lobytech.test:3002/src/components/Toggle/index.tsx:25
[   37704ms] [LOG] null @ http://restaurant21.lobytech.test:3002/src/presentation/views/Modules/Admin/Views/Asistencia/Dropdown/index.tsx?t=1787493067224:68
[   37705ms] [LOG] null @ http://restaurant21.lobytech.test:3002/src/presentation/views/Modules/Admin/Views/Asistencia/Dropdown/index.tsx?t=1787493067224:68
[   37705ms] [LOG] null @ http://restaurant21.lobytech.test:3002/src/presentation/views/Modules/Admin/Views/Asistencia/Dropdown/index.tsx?t=1787493067224:68
[   37706ms] [LOG] null @ http://restaurant21.lobytech.test:3002/src/presentation/views/Modules/Admin/Views/Asistencia/Dropdown/index.tsx?t=1787493067224:68
[   37707ms] [LOG] null @ http://restaurant21.lobytech.test:3002/src/presentation/views/Modules/Admin/Views/Asistencia/Dropdown/index.tsx?t=1787493067224:68
[   37707ms] [LOG] null @ http://restaurant21.lobytech.test:3002/src/presentation/views/Modules/Admin/Views/Asistencia/Dropdown/index.tsx?t=1787493067224:68
[   37707ms] [LOG] null @ http://restaurant21.lobytech.test:3002/src/presentation/views/Modules/Admin/Views/Asistencia/Dropdown/index.tsx?t=1787493067224:68
[   37708ms] [LOG] null @ http://restaurant21.lobytech.test:3002/src/presentation/views/Modules/Admin/Views/Asistencia/Dropdown/index.tsx?t=1787493067224:68
[   37708ms] [LOG] null @ http://restaurant21.lobytech.test:3002/src/presentation/views/Modules/Admin/Views/Asistencia/Dropdown/index.tsx?t=1787493067224:68
[   37709ms] [LOG] null @ http://restaurant21.lobytech.test:3002/src/presentation/views/Modules/Admin/Views/Asistencia/Dropdown/index.tsx?t=1787493067224:68
[   37709ms] [LOG] null @ http://restaurant21.lobytech.test:3002/src/presentation/views/Modules/Admin/Views/Asistencia/Dropdown/index.tsx?t=1787493067224:68
[   37710ms] [LOG] null @ http://restaurant21.lobytech.test:3002/src/presentation/views/Modules/Admin/Views/Asistencia/Dropdown/index.tsx?t=1787493067224:68
[   37710ms] [LOG] null @ http://restaurant21.lobytech.test:3002/src/presentation/views/Modules/Admin/Views/Asistencia/Dropdown/index.tsx?t=1787493067224:68
[   37710ms] [LOG] null @ http://restaurant21.lobytech.test:3002/src/presentation/views/Modules/Admin/Views/Asistencia/Dropdown/index.tsx?t=1787493067224:68
[   37711ms] [LOG] null @ http://restaurant21.lobytech.test:3002/src/presentation/views/Modules/Admin/Views/Asistencia/Dropdown/index.tsx?t=1787493067224:68
[   37712ms] [LOG] null @ http://restaurant21.lobytech.test:3002/src/presentation/views/Modules/Admin/Views/Asistencia/Dropdown/index.tsx?t=1787493067224:68
[   37712ms] [LOG] null @ http://restaurant21.lobytech.test:3002/src/presentation/views/Modules/Admin/Views/Asistencia/Dropdown/index.tsx?t=1787493067224:68
[   37713ms] [LOG] null @ http://restaurant21.lobytech.test:3002/src/presentation/views/Modules/Admin/Views/Asistencia/Dropdown/index.tsx?t=1787493067224:68
[   37713ms] [LOG] null @ http://restaurant21.lobytech.test:3002/src/presentation/views/Modules/Admin/Views/Asistencia/Dropdown/index.tsx?t=1787493067224:68
[   37713ms] [LOG] null @ http://restaurant21.lobytech.test:3002/src/presentation/views/Modules/Admin/Views/Asistencia/Dropdown/index.tsx?t=1787493067224:68
[   37714ms] [LOG] null @ http://restaurant21.lobytech.test:3002/src/presentation/views/Modules/Admin/Views/Asistencia/Dropdown/index.tsx?t=1787493067224:68
[   37714ms] [LOG] null @ http://restaurant21.lobytech.test:3002/src/presentation/views/Modules/Admin/Views/Asistencia/Dropdown/index.tsx?t=1787493067224:68
[   37714ms] [LOG] null @ http://restaurant21.lobytech.test:3002/src/presentation/views/Modules/Admin/Views/Asistencia/Dropdown/index.tsx?t=1787493067224:68
[   37715ms] [LOG] null @ http://restaurant21.lobytech.test:3002/src/presentation/views/Modules/Admin/Views/Asistencia/Dropdown/index.tsx?t=1787493067224:68
[   37715ms] [LOG] null @ http://restaurant21.lobytech.test:3002/src/presentation/views/Modules/Admin/Views/Asistencia/Dropdown/index.tsx?t=1787493067224:68
[   37716ms] [LOG] null @ http://restaurant21.lobytech.test:3002/src/presentation/views/Modules/Admin/Views/Asistencia/Dropdown/index.tsx?t=1787493067224:68
[   37716ms] [LOG] null @ http://restaurant21.lobytech.test:3002/src/presentation/views/Modules/Admin/Views/Asistencia/Dropdown/index.tsx?t=1787493067224:68
[   37716ms] [LOG] null @ http://restaurant21.lobytech.test:3002/src/presentation/views/Modules/Admin/Views/Asistencia/Dropdown/index.tsx?t=1787493067224:68
[   37717ms] [LOG] null @ http://restaurant21.lobytech.test:3002/src/presentation/views/Modules/Admin/Views/Asistencia/Dropdown/index.tsx?t=1787493067224:68
[   37717ms] [LOG] null @ http://restaurant21.lobytech.test:3002/src/presentation/views/Modules/Admin/Views/Asistencia/Dropdown/index.tsx?t=1787493067224:68
[   37718ms] [LOG] null @ http://restaurant21.lobytech.test:3002/src/presentation/views/Modules/Admin/Views/Asistencia/Dropdown/index.tsx?t=1787493067224:68
[   37719ms] [LOG] null @ http://restaurant21.lobytech.test:3002/src/presentation/views/Modules/Admin/Views/Asistencia/Dropdown/index.tsx?t=1787493067224:68
[   37720ms] [LOG] null @ http://restaurant21.lobytech.test:3002/src/presentation/views/Modules/Admin/Views/Asistencia/Dropdown/index.tsx?t=1787493067224:68
[   37721ms] [LOG] null @ http://restaurant21.lobytech.test:3002/src/presentation/views/Modules/Admin/Views/Asistencia/Dropdown/index.tsx?t=1787493067224:68
[   37722ms] [LOG] null @ http://restaurant21.lobytech.test:3002/src/presentation/views/Modules/Admin/Views/Asistencia/Dropdown/index.tsx?t=1787493067224:68
[   37722ms] [LOG] null @ http://restaurant21.lobytech.test:3002/src/presentation/views/Modules/Admin/Views/Asistencia/Dropdown/index.tsx?t=1787493067224:68
[   37723ms] [LOG] null @ http://restaurant21.lobytech.test:3002/src/presentation/views/Modules/Admin/Views/Asistencia/Dropdown/index.tsx?t=1787493067224:68
[   37723ms] [LOG] null @ http://restaurant21.lobytech.test:3002/src/presentation/views/Modules/Admin/Views/Asistencia/Dropdown/index.tsx?t=1787493067224:68
[   37723ms] [LOG] null @ http://restaurant21.lobytech.test:3002/src/presentation/views/Modules/Admin/Views/Asistencia/Dropdown/index.tsx?t=1787493067224:68
[   37724ms] [LOG] null @ http://restaurant21.lobytech.test:3002/src/presentation/views/Modules/Admin/Views/Asistencia/Dropdown/index.tsx?t=1787493067224:68
[   37724ms] [LOG] null @ http://restaurant21.lobytech.test:3002/src/presentation/views/Modules/Admin/Views/Asistencia/Dropdown/index.tsx?t=1787493067224:68
[   37724ms] [LOG] null @ http://restaurant21.lobytech.test:3002/src/presentation/views/Modules/Admin/Views/Asistencia/Dropdown/index.tsx?t=1787493067224:68
[   37727ms] [LOG] null @ http://restaurant21.lobytech.test:3002/src/presentation/views/Modules/Admin/Views/Asistencia/Dropdown/index.tsx?t=1787493067224:68
[   37728ms] [LOG] null @ http://restaurant21.lobytech.test:3002/src/presentation/views/Modules/Admin/Views/Asistencia/Dropdown/index.tsx?t=1787493067224:68
[   37728ms] [LOG] null @ http://restaurant21.lobytech.test:3002/src/presentation/views/Modules/Admin/Views/Asistencia/Dropdown/index.tsx?t=1787493067224:68
[   37728ms] [LOG] null @ http://restaurant21.lobytech.test:3002/src/presentation/views/Modules/Admin/Views/Asistencia/Dropdown/index.tsx?t=1787493067224:68
[   37729ms] [LOG] null @ http://restaurant21.lobytech.test:3002/src/presentation/views/Modules/Admin/Views/Asistencia/Dropdown/index.tsx?t=1787493067224:68
[   37729ms] [LOG] null @ http://restaurant21.lobytech.test:3002/src/presentation/views/Modules/Admin/Views/Asistencia/Dropdown/index.tsx?t=1787493067224:68
[   37729ms] [LOG] null @ http://restaurant21.lobytech.test:3002/src/presentation/views/Modules/Admin/Views/Asistencia/Dropdown/index.tsx?t=1787493067224:68
[   37729ms] [LOG] null @ http://restaurant21.lobytech.test:3002/src/presentation/views/Modules/Admin/Views/Asistencia/Dropdown/index.tsx?t=1787493067224:68
[   37730ms] [LOG] null @ http://restaurant21.lobytech.test:3002/src/presentation/views/Modules/Admin/Views/Asistencia/Dropdown/index.tsx?t=1787493067224:68
[   37730ms] [LOG] null @ http://restaurant21.lobytech.test:3002/src/presentation/views/Modules/Admin/Views/Asistencia/Dropdown/index.tsx?t=1787493067224:68
[   37730ms] [LOG] null @ http://restaurant21.lobytech.test:3002/src/presentation/views/Modules/Admin/Views/Asistencia/Dropdown/index.tsx?t=1787493067224:68
[   37731ms] [LOG] null @ http://restaurant21.lobytech.test:3002/src/presentation/views/Modules/Admin/Views/Asistencia/Dropdown/index.tsx?t=1787493067224:68
[   37731ms] [LOG] null @ http://restaurant21.lobytech.test:3002/src/presentation/views/Modules/Admin/Views/Asistencia/Dropdown/index.tsx?t=1787493067224:68
[   37731ms] [LOG] null @ http://restaurant21.lobytech.test:3002/src/presentation/views/Modules/Admin/Views/Asistencia/Dropdown/index.tsx?t=1787493067224:68
[   37732ms] [LOG] null @ http://restaurant21.lobytech.test:3002/src/presentation/views/Modules/Admin/Views/Asistencia/Dropdown/index.tsx?t=1787493067224:68
[   37732ms] [LOG] null @ http://restaurant21.lobytech.test:3002/src/presentation/views/Modules/Admin/Views/Asistencia/Dropdown/index.tsx?t=1787493067224:68
[   37733ms] [LOG] null @ http://restaurant21.lobytech.test:3002/src/presentation/views/Modules/Admin/Views/Asistencia/Dropdown/index.tsx?t=1787493067224:68
[   37733ms] [LOG] null @ http://restaurant21.lobytech.test:3002/src/presentation/views/Modules/Admin/Views/Asistencia/Dropdown/index.tsx?t=1787493067224:68
[   37734ms] [LOG] null @ http://restaurant21.lobytech.test:3002/src/presentation/views/Modules/Admin/Views/Asistencia/Dropdown/index.tsx?t=1787493067224:68
[   37734ms] [LOG] null @ http://restaurant21.lobytech.test:3002/src/presentation/views/Modules/Admin/Views/Asistencia/Dropdown/index.tsx?t=1787493067224:68
[   37735ms] [LOG] null @ http://restaurant21.lobytech.test:3002/src/presentation/views/Modules/Admin/Views/Asistencia/Dropdown/index.tsx?t=1787493067224:68
[   37736ms] [LOG] null @ http://restaurant21.lobytech.test:3002/src/presentation/views/Modules/Admin/Views/Asistencia/Dropdown/index.tsx?t=1787493067224:68
[   37736ms] [LOG] null @ http://restaurant21.lobytech.test:3002/src/presentation/views/Modules/Admin/Views/Asistencia/Dropdown/index.tsx?t=1787493067224:68
[   37736ms] [LOG] null @ http://restaurant21.lobytech.test:3002/src/presentation/views/Modules/Admin/Views/Asistencia/Dropdown/index.tsx?t=1787493067224:68
[   37737ms] [LOG] [Object, Object, Object, Object, Object, Object, Object, Object, Object, Object, Object, Object, Object, Object, Object, Object, Object, Object, Object, Object, Object, Object, Object, Object, Object, Object, Object, Object, Object, Object, Object, Object, Object, Object, Object, Object, Object, Object, Object, Object, Object, Object, Object, Object, Object, Object, Object, Object, Object, Object, Object, Object, Object, Object, Object, Object, Object, Object, Object, Object, Object, Object, Object, Object, Object, Object] @ http://restaurant21.lobytech.test:3002/src/components/Modal/Admin/Asistencia/index.tsx?t=1787530428254:43
[   37738ms] [LOG] [] @ http://restaurant21.lobytech.test:3002/src/components/Modal/Admin/Asistencia/index.tsx?t=1787530428254:50
[   37738ms] [LOG] Sun Aug 23 2026 00:00:00 GMT-0500 (hora estándar de Perú) @ http://restaurant21.lobytech.test:3002/src/components/Modal/Admin/Asistencia/index.tsx?t=1787530428254:79
[   37738ms] [LOG] 1 @ http://restaurant21.lobytech.test:3002/src/components/Modal/Admin/Asistencia/index.tsx?t=1787530428254:95
[   37739ms] [LOG] {habitacionId: 0, habitacion: , anfitrionaId: 0, anfitriona: , turno: } @ http://restaurant21.lobytech.test:3002/src/components/Modal/Admin/Asistencia/index.tsx?t=1787530428254:108
[   37739ms] [LOG] [] @ http://restaurant21.lobytech.test:3002/src/components/Modal/Admin/Asistencia/index.tsx?t=1787530428254:110
[   37739ms] [LOG] 0 @ http://restaurant21.lobytech.test:3002/src/components/Modal/Admin/Asistencia/index.tsx?t=1787530428254:126
[   37739ms] [LOG] undefined @ http://restaurant21.lobytech.test:3002/src/components/Modal/Admin/Asistencia/index.tsx?t=1787530428254:162
[   37739ms] [LOG]  @ http://restaurant21.lobytech.test:3002/src/components/Modal/Admin/Asistencia/index.tsx?t=1787530428254:163
[   37739ms] [LOG] 844 @ http://restaurant21.lobytech.test:3002/src/components/Modal/Admin/Asistencia/index.tsx?t=1787530428254:202
[   37739ms] [LOG] 390 @ http://restaurant21.lobytech.test:3002/src/components/Modal/Admin/Asistencia/index.tsx?t=1787530428254:203
[   37740ms] [LOG] [] @ http://restaurant21.lobytech.test:3002/src/components/Modal/Admin/Fichas/index.tsx?t=1787493067224:37
[   37740ms] [LOG] [] @ http://restaurant21.lobytech.test:3002/src/components/Modal/Admin/Fichas/index.tsx?t=1787493067224:38
[   37741ms] [LOG] null @ http://restaurant21.lobytech.test:3002/src/components/Modal/Admin/Fichas/index.tsx?t=1787493067224:39
[   37741ms] [LOG] 844 @ http://restaurant21.lobytech.test:3002/src/components/Modal/Admin/Fichas/index.tsx?t=1787493067224:47
[   37741ms] [LOG] 844 @ http://restaurant21.lobytech.test:3002/src/components/Modal/Admin/Fichas/index.tsx?t=1787493067224:48
