[     436ms] [INFO] %cDownload the React DevTools for a better development experience: https://reactjs.org/link/react-devtools font-weight:bold @ http://restaurant21.lobytech.test:3002/node_modules/.vite/deps/chunk-GYWC62UC.js?v=23710b64:21535
[     491ms] [LOG] [] @ http://restaurant21.lobytech.test:3002/src/presentation/views/Modules/Admin/Views/Asistencia/index.tsx?t=1787493088342:46
[     492ms] [LOG] Sun Aug 23 2026 00:00:00 GMT-0500 (hora estándar de Perú) @ http://restaurant21.lobytech.test:3002/src/presentation/views/Modules/Admin/Views/Asistencia/index.tsx?t=1787493088342:115
[     492ms] [LOG] {turno: Turno Especial, diaSemana: 0} @ http://restaurant21.lobytech.test:3002/src/presentation/views/Modules/Admin/Views/Asistencia/index.tsx?t=1787493088342:129
[     492ms] [LOG] Sun Aug 23 2026 00:00:00 GMT-0500 (hora estándar de Perú) @ http://restaurant21.lobytech.test:3002/src/presentation/views/Modules/Admin/Views/Asistencia/index.tsx?t=1787493088342:115
[     492ms] [LOG] Sun Aug 23 2026 00:00:00 GMT-0500 (hora estándar de Perú) @ http://restaurant21.lobytech.test:3002/src/presentation/views/Modules/Admin/Views/Asistencia/index.tsx?t=1787493088342:115
[     492ms] [LOG] [] @ http://restaurant21.lobytech.test:3002/src/presentation/views/Modules/Admin/Views/Asistencia/index.tsx?t=1787493088342:198
[     493ms] [LOG] false @ http://restaurant21.lobytech.test:3002/src/components/Toggle/index.tsx:24
[     493ms] [LOG] () => {
    if (diaSemana === 0) {
      setCheckedTurno(false);
    } else {
      setCheckedTurno(!isTurno);
    }
  } @ http://restaurant21.lobytech.test:3002/src/components/Toggle/index.tsx:25
[     497ms] [ERROR] Warning: Each child in a list should have a unique "key" prop.%s%s See https://reactjs.org/link/warning-keys for more information.%s 

Check the render method of `Indicadores`.  
    at Indicador (http://restaurant21.lobytech.test:3002/src/presentation/views/Modules/Admin/Views/Asistencia/Indicadores/Indicador.tsx:20:3)
    at Indicadores (http://restaurant21.lobytech.test:3002/src/presentation/views/Modules/Admin/Views/Asistencia/Indicadores/Indicadores.tsx:20:3)
    at div
    at div
    at div
    at Asistencia (http://restaurant21.lobytech.test:3002/src/presentation/views/Modules/Admin/Views/Asistencia/index.tsx?t=1787493088342:42:20)
    at RenderedRoute (http://restaurant21.lobytech.test:3002/node_modules/.vite/deps/react-router-dom.js?v=23710b64:3310:5)
    at Outlet (http://restaurant21.lobytech.test:3002/node_modules/.vite/deps/react-router-dom.js?v=23710b64:3703:26)
    at div
    at div
    at div
    at LayoutView (http://restaurant21.lobytech.test:3002/src/components/Sidebar/index.tsx?t=1787527165311:31:20)
    at RenderedRoute (http://restaurant21.lobytech.test:3002/node_modules/.vite/deps/react-router-dom.js?v=23710b64:3310:5)
    at Routes (http://restaurant21.lobytech.test:3002/node_modules/.vite/deps/react-router-dom.js?v=23710b64:3763:5)
    at div
    at Router (http://restaurant21.lobytech.test:3002/node_modules/.vite/deps/react-router-dom.js?v=23710b64:3710:15)
    at BrowserRouter (http://restaurant21.lobytech.test:3002/node_modules/.vite/deps/react-router-dom.js?v=23710b64:4190:5)
    at Dashboard
    at QueryClientProvider2 (http://restaurant21.lobytech.test:3002/node_modules/.vite/deps/react-query.js?v=23710b64:2647:21)
    at Provider (http://restaurant21.lobytech.test:3002/node_modules/.vite/deps/react-redux.js?v=23710b64:1481:3)
    at App (http://restaurant21.lobytech.test:3002/src/App.tsx?t=1787530374483:31:7)
    at Provider (http://restaurant21.lobytech.test:3002/node_modules/.vite/deps/react-redux.js?v=23710b64:1481:3) @ http://restaurant21.lobytech.test:3002/node_modules/.vite/deps/react_jsx-dev-runtime.js?v=23710b64:63
[     500ms] [LOG] null @ http://restaurant21.lobytech.test:3002/src/presentation/views/Modules/Admin/Views/Asistencia/Dropdown/index.tsx?t=1787493067224:68
[     501ms] [LOG] null @ http://restaurant21.lobytech.test:3002/src/presentation/views/Modules/Admin/Views/Asistencia/Dropdown/index.tsx?t=1787493067224:68
[     502ms] [LOG] null @ http://restaurant21.lobytech.test:3002/src/presentation/views/Modules/Admin/Views/Asistencia/Dropdown/index.tsx?t=1787493067224:68
[     502ms] [LOG] null @ http://restaurant21.lobytech.test:3002/src/presentation/views/Modules/Admin/Views/Asistencia/Dropdown/index.tsx?t=1787493067224:68
[     503ms] [LOG] null @ http://restaurant21.lobytech.test:3002/src/presentation/views/Modules/Admin/Views/Asistencia/Dropdown/index.tsx?t=1787493067224:68
[     505ms] [LOG] null @ http://restaurant21.lobytech.test:3002/src/presentation/views/Modules/Admin/Views/Asistencia/Dropdown/index.tsx?t=1787493067224:68
[     505ms] [LOG] null @ http://restaurant21.lobytech.test:3002/src/presentation/views/Modules/Admin/Views/Asistencia/Dropdown/index.tsx?t=1787493067224:68
[     506ms] [LOG] null @ http://restaurant21.lobytech.test:3002/src/presentation/views/Modules/Admin/Views/Asistencia/Dropdown/index.tsx?t=1787493067224:68
[     507ms] [LOG] null @ http://restaurant21.lobytech.test:3002/src/presentation/views/Modules/Admin/Views/Asistencia/Dropdown/index.tsx?t=1787493067224:68
[     507ms] [LOG] null @ http://restaurant21.lobytech.test:3002/src/presentation/views/Modules/Admin/Views/Asistencia/Dropdown/index.tsx?t=1787493067224:68
[     508ms] [LOG] null @ http://restaurant21.lobytech.test:3002/src/presentation/views/Modules/Admin/Views/Asistencia/Dropdown/index.tsx?t=1787493067224:68
[     508ms] [LOG] null @ http://restaurant21.lobytech.test:3002/src/presentation/views/Modules/Admin/Views/Asistencia/Dropdown/index.tsx?t=1787493067224:68
[     511ms] [LOG] null @ http://restaurant21.lobytech.test:3002/src/presentation/views/Modules/Admin/Views/Asistencia/Dropdown/index.tsx?t=1787493067224:68
[     512ms] [LOG] null @ http://restaurant21.lobytech.test:3002/src/presentation/views/Modules/Admin/Views/Asistencia/Dropdown/index.tsx?t=1787493067224:68
[     512ms] [LOG] null @ http://restaurant21.lobytech.test:3002/src/presentation/views/Modules/Admin/Views/Asistencia/Dropdown/index.tsx?t=1787493067224:68
[     513ms] [LOG] null @ http://restaurant21.lobytech.test:3002/src/presentation/views/Modules/Admin/Views/Asistencia/Dropdown/index.tsx?t=1787493067224:68
[     514ms] [LOG] null @ http://restaurant21.lobytech.test:3002/src/presentation/views/Modules/Admin/Views/Asistencia/Dropdown/index.tsx?t=1787493067224:68
[     515ms] [LOG] null @ http://restaurant21.lobytech.test:3002/src/presentation/views/Modules/Admin/Views/Asistencia/Dropdown/index.tsx?t=1787493067224:68
[     516ms] [LOG] null @ http://restaurant21.lobytech.test:3002/src/presentation/views/Modules/Admin/Views/Asistencia/Dropdown/index.tsx?t=1787493067224:68
[     517ms] [LOG] null @ http://restaurant21.lobytech.test:3002/src/presentation/views/Modules/Admin/Views/Asistencia/Dropdown/index.tsx?t=1787493067224:68
[     517ms] [LOG] null @ http://restaurant21.lobytech.test:3002/src/presentation/views/Modules/Admin/Views/Asistencia/Dropdown/index.tsx?t=1787493067224:68
[     518ms] [LOG] null @ http://restaurant21.lobytech.test:3002/src/presentation/views/Modules/Admin/Views/Asistencia/Dropdown/index.tsx?t=1787493067224:68
[     519ms] [LOG] null @ http://restaurant21.lobytech.test:3002/src/presentation/views/Modules/Admin/Views/Asistencia/Dropdown/index.tsx?t=1787493067224:68
[     519ms] [LOG] null @ http://restaurant21.lobytech.test:3002/src/presentation/views/Modules/Admin/Views/Asistencia/Dropdown/index.tsx?t=1787493067224:68
[     520ms] [LOG] null @ http://restaurant21.lobytech.test:3002/src/presentation/views/Modules/Admin/Views/Asistencia/Dropdown/index.tsx?t=1787493067224:68
[     521ms] [LOG] null @ http://restaurant21.lobytech.test:3002/src/presentation/views/Modules/Admin/Views/Asistencia/Dropdown/index.tsx?t=1787493067224:68
[     521ms] [LOG] null @ http://restaurant21.lobytech.test:3002/src/presentation/views/Modules/Admin/Views/Asistencia/Dropdown/index.tsx?t=1787493067224:68
[     521ms] [LOG] null @ http://restaurant21.lobytech.test:3002/src/presentation/views/Modules/Admin/Views/Asistencia/Dropdown/index.tsx?t=1787493067224:68
[     522ms] [LOG] null @ http://restaurant21.lobytech.test:3002/src/presentation/views/Modules/Admin/Views/Asistencia/Dropdown/index.tsx?t=1787493067224:68
[     522ms] [LOG] null @ http://restaurant21.lobytech.test:3002/src/presentation/views/Modules/Admin/Views/Asistencia/Dropdown/index.tsx?t=1787493067224:68
[     523ms] [LOG] null @ http://restaurant21.lobytech.test:3002/src/presentation/views/Modules/Admin/Views/Asistencia/Dropdown/index.tsx?t=1787493067224:68
[     525ms] [LOG] null @ http://restaurant21.lobytech.test:3002/src/presentation/views/Modules/Admin/Views/Asistencia/Dropdown/index.tsx?t=1787493067224:68
[     525ms] [LOG] null @ http://restaurant21.lobytech.test:3002/src/presentation/views/Modules/Admin/Views/Asistencia/Dropdown/index.tsx?t=1787493067224:68
[     526ms] [LOG] null @ http://restaurant21.lobytech.test:3002/src/presentation/views/Modules/Admin/Views/Asistencia/Dropdown/index.tsx?t=1787493067224:68
[     526ms] [LOG] null @ http://restaurant21.lobytech.test:3002/src/presentation/views/Modules/Admin/Views/Asistencia/Dropdown/index.tsx?t=1787493067224:68
[     527ms] [LOG] null @ http://restaurant21.lobytech.test:3002/src/presentation/views/Modules/Admin/Views/Asistencia/Dropdown/index.tsx?t=1787493067224:68
[     527ms] [LOG] null @ http://restaurant21.lobytech.test:3002/src/presentation/views/Modules/Admin/Views/Asistencia/Dropdown/index.tsx?t=1787493067224:68
[     528ms] [LOG] null @ http://restaurant21.lobytech.test:3002/src/presentation/views/Modules/Admin/Views/Asistencia/Dropdown/index.tsx?t=1787493067224:68
[     528ms] [LOG] null @ http://restaurant21.lobytech.test:3002/src/presentation/views/Modules/Admin/Views/Asistencia/Dropdown/index.tsx?t=1787493067224:68
[     529ms] [LOG] null @ http://restaurant21.lobytech.test:3002/src/presentation/views/Modules/Admin/Views/Asistencia/Dropdown/index.tsx?t=1787493067224:68
[     529ms] [LOG] null @ http://restaurant21.lobytech.test:3002/src/presentation/views/Modules/Admin/Views/Asistencia/Dropdown/index.tsx?t=1787493067224:68
[     529ms] [LOG] null @ http://restaurant21.lobytech.test:3002/src/presentation/views/Modules/Admin/Views/Asistencia/Dropdown/index.tsx?t=1787493067224:68
[     530ms] [LOG] null @ http://restaurant21.lobytech.test:3002/src/presentation/views/Modules/Admin/Views/Asistencia/Dropdown/index.tsx?t=1787493067224:68
[     530ms] [LOG] null @ http://restaurant21.lobytech.test:3002/src/presentation/views/Modules/Admin/Views/Asistencia/Dropdown/index.tsx?t=1787493067224:68
[     531ms] [LOG] null @ http://restaurant21.lobytech.test:3002/src/presentation/views/Modules/Admin/Views/Asistencia/Dropdown/index.tsx?t=1787493067224:68
[     531ms] [LOG] null @ http://restaurant21.lobytech.test:3002/src/presentation/views/Modules/Admin/Views/Asistencia/Dropdown/index.tsx?t=1787493067224:68
[     532ms] [LOG] null @ http://restaurant21.lobytech.test:3002/src/presentation/views/Modules/Admin/Views/Asistencia/Dropdown/index.tsx?t=1787493067224:68
[     533ms] [LOG] null @ http://restaurant21.lobytech.test:3002/src/presentation/views/Modules/Admin/Views/Asistencia/Dropdown/index.tsx?t=1787493067224:68
[     533ms] [LOG] null @ http://restaurant21.lobytech.test:3002/src/presentation/views/Modules/Admin/Views/Asistencia/Dropdown/index.tsx?t=1787493067224:68
[     534ms] [LOG] null @ http://restaurant21.lobytech.test:3002/src/presentation/views/Modules/Admin/Views/Asistencia/Dropdown/index.tsx?t=1787493067224:68
[     534ms] [LOG] null @ http://restaurant21.lobytech.test:3002/src/presentation/views/Modules/Admin/Views/Asistencia/Dropdown/index.tsx?t=1787493067224:68
[     535ms] [LOG] null @ http://restaurant21.lobytech.test:3002/src/presentation/views/Modules/Admin/Views/Asistencia/Dropdown/index.tsx?t=1787493067224:68
[     535ms] [LOG] null @ http://restaurant21.lobytech.test:3002/src/presentation/views/Modules/Admin/Views/Asistencia/Dropdown/index.tsx?t=1787493067224:68
[     536ms] [LOG] null @ http://restaurant21.lobytech.test:3002/src/presentation/views/Modules/Admin/Views/Asistencia/Dropdown/index.tsx?t=1787493067224:68
[     536ms] [LOG] null @ http://restaurant21.lobytech.test:3002/src/presentation/views/Modules/Admin/Views/Asistencia/Dropdown/index.tsx?t=1787493067224:68
[     536ms] [LOG] null @ http://restaurant21.lobytech.test:3002/src/presentation/views/Modules/Admin/Views/Asistencia/Dropdown/index.tsx?t=1787493067224:68
[     537ms] [LOG] null @ http://restaurant21.lobytech.test:3002/src/presentation/views/Modules/Admin/Views/Asistencia/Dropdown/index.tsx?t=1787493067224:68
[     537ms] [LOG] null @ http://restaurant21.lobytech.test:3002/src/presentation/views/Modules/Admin/Views/Asistencia/Dropdown/index.tsx?t=1787493067224:68
[     537ms] [LOG] null @ http://restaurant21.lobytech.test:3002/src/presentation/views/Modules/Admin/Views/Asistencia/Dropdown/index.tsx?t=1787493067224:68
[     538ms] [LOG] null @ http://restaurant21.lobytech.test:3002/src/presentation/views/Modules/Admin/Views/Asistencia/Dropdown/index.tsx?t=1787493067224:68
[     538ms] [LOG] null @ http://restaurant21.lobytech.test:3002/src/presentation/views/Modules/Admin/Views/Asistencia/Dropdown/index.tsx?t=1787493067224:68
[     538ms] [LOG] null @ http://restaurant21.lobytech.test:3002/src/presentation/views/Modules/Admin/Views/Asistencia/Dropdown/index.tsx?t=1787493067224:68
[     539ms] [LOG] null @ http://restaurant21.lobytech.test:3002/src/presentation/views/Modules/Admin/Views/Asistencia/Dropdown/index.tsx?t=1787493067224:68
[     539ms] [LOG] null @ http://restaurant21.lobytech.test:3002/src/presentation/views/Modules/Admin/Views/Asistencia/Dropdown/index.tsx?t=1787493067224:68
[     540ms] [LOG] null @ http://restaurant21.lobytech.test:3002/src/presentation/views/Modules/Admin/Views/Asistencia/Dropdown/index.tsx?t=1787493067224:68
[     540ms] [LOG] null @ http://restaurant21.lobytech.test:3002/src/presentation/views/Modules/Admin/Views/Asistencia/Dropdown/index.tsx?t=1787493067224:68
[     542ms] [LOG] [] @ http://restaurant21.lobytech.test:3002/src/components/Modal/Admin/Asistencia/index.tsx?t=1787493067224:43
[     542ms] [LOG] [] @ http://restaurant21.lobytech.test:3002/src/components/Modal/Admin/Asistencia/index.tsx?t=1787493067224:50
[     542ms] [LOG] Sun Aug 23 2026 00:00:00 GMT-0500 (hora estándar de Perú) @ http://restaurant21.lobytech.test:3002/src/components/Modal/Admin/Asistencia/index.tsx?t=1787493067224:79
[     543ms] [LOG] 1 @ http://restaurant21.lobytech.test:3002/src/components/Modal/Admin/Asistencia/index.tsx?t=1787493067224:95
[     543ms] [LOG] {habitacionId: 0, habitacion: , anfitrionaId: 0, anfitriona: , turno: } @ http://restaurant21.lobytech.test:3002/src/components/Modal/Admin/Asistencia/index.tsx?t=1787493067224:108
[     543ms] [LOG] [] @ http://restaurant21.lobytech.test:3002/src/components/Modal/Admin/Asistencia/index.tsx?t=1787493067224:110
[     543ms] [LOG] 0 @ http://restaurant21.lobytech.test:3002/src/components/Modal/Admin/Asistencia/index.tsx?t=1787493067224:126
[     543ms] [LOG] [] @ http://restaurant21.lobytech.test:3002/src/components/Modal/Admin/Asistencia/index.tsx?t=1787493067224:162
[     543ms] [LOG]  @ http://restaurant21.lobytech.test:3002/src/components/Modal/Admin/Asistencia/index.tsx?t=1787493067224:163
[     544ms] [LOG] 844 @ http://restaurant21.lobytech.test:3002/src/components/Modal/Admin/Asistencia/index.tsx?t=1787493067224:202
[     544ms] [LOG] 390 @ http://restaurant21.lobytech.test:3002/src/components/Modal/Admin/Asistencia/index.tsx?t=1787493067224:203
[     545ms] [LOG] [] @ http://restaurant21.lobytech.test:3002/src/components/Modal/Admin/Fichas/index.tsx?t=1787493067224:37
[     546ms] [LOG] [] @ http://restaurant21.lobytech.test:3002/src/components/Modal/Admin/Fichas/index.tsx?t=1787493067224:38
[     546ms] [LOG] null @ http://restaurant21.lobytech.test:3002/src/components/Modal/Admin/Fichas/index.tsx?t=1787493067224:39
[     546ms] [LOG] 844 @ http://restaurant21.lobytech.test:3002/src/components/Modal/Admin/Fichas/index.tsx?t=1787493067224:47
[     546ms] [LOG] 844 @ http://restaurant21.lobytech.test:3002/src/components/Modal/Admin/Fichas/index.tsx?t=1787493067224:48
[     641ms] [LOG] [] @ http://restaurant21.lobytech.test:3002/src/presentation/views/Modules/Admin/Views/Asistencia/index.tsx?t=1787493088342:46
[     641ms] [LOG] Sun Aug 23 2026 00:00:00 GMT-0500 (hora estándar de Perú) @ http://restaurant21.lobytech.test:3002/src/presentation/views/Modules/Admin/Views/Asistencia/index.tsx?t=1787493088342:115
[     642ms] [LOG] {turno: Turno Especial, diaSemana: 0} @ http://restaurant21.lobytech.test:3002/src/presentation/views/Modules/Admin/Views/Asistencia/index.tsx?t=1787493088342:129
[     642ms] [LOG] Sun Aug 23 2026 00:00:00 GMT-0500 (hora estándar de Perú) @ http://restaurant21.lobytech.test:3002/src/presentation/views/Modules/Admin/Views/Asistencia/index.tsx?t=1787493088342:115
[     642ms] [LOG] Sun Aug 23 2026 00:00:00 GMT-0500 (hora estándar de Perú) @ http://restaurant21.lobytech.test:3002/src/presentation/views/Modules/Admin/Views/Asistencia/index.tsx?t=1787493088342:115
[     643ms] [LOG] [] @ http://restaurant21.lobytech.test:3002/src/presentation/views/Modules/Admin/Views/Asistencia/index.tsx?t=1787493088342:198
[     643ms] [LOG] false @ http://restaurant21.lobytech.test:3002/src/components/Toggle/index.tsx:24
[     644ms] [LOG] () => {
    if (diaSemana === 0) {
      setCheckedTurno(false);
    } else {
      setCheckedTurno(!isTurno);
    }
  } @ http://restaurant21.lobytech.test:3002/src/components/Toggle/index.tsx:25
[     646ms] [LOG] null @ http://restaurant21.lobytech.test:3002/src/presentation/views/Modules/Admin/Views/Asistencia/Dropdown/index.tsx?t=1787493067224:68
[     647ms] [LOG] null @ http://restaurant21.lobytech.test:3002/src/presentation/views/Modules/Admin/Views/Asistencia/Dropdown/index.tsx?t=1787493067224:68
[     648ms] [LOG] null @ http://restaurant21.lobytech.test:3002/src/presentation/views/Modules/Admin/Views/Asistencia/Dropdown/index.tsx?t=1787493067224:68
[     649ms] [LOG] null @ http://restaurant21.lobytech.test:3002/src/presentation/views/Modules/Admin/Views/Asistencia/Dropdown/index.tsx?t=1787493067224:68
[     650ms] [LOG] null @ http://restaurant21.lobytech.test:3002/src/presentation/views/Modules/Admin/Views/Asistencia/Dropdown/index.tsx?t=1787493067224:68
[     651ms] [LOG] null @ http://restaurant21.lobytech.test:3002/src/presentation/views/Modules/Admin/Views/Asistencia/Dropdown/index.tsx?t=1787493067224:68
[     651ms] [LOG] null @ http://restaurant21.lobytech.test:3002/src/presentation/views/Modules/Admin/Views/Asistencia/Dropdown/index.tsx?t=1787493067224:68
[     652ms] [LOG] null @ http://restaurant21.lobytech.test:3002/src/presentation/views/Modules/Admin/Views/Asistencia/Dropdown/index.tsx?t=1787493067224:68
[     652ms] [LOG] null @ http://restaurant21.lobytech.test:3002/src/presentation/views/Modules/Admin/Views/Asistencia/Dropdown/index.tsx?t=1787493067224:68
[     653ms] [LOG] null @ http://restaurant21.lobytech.test:3002/src/presentation/views/Modules/Admin/Views/Asistencia/Dropdown/index.tsx?t=1787493067224:68
[     653ms] [LOG] null @ http://restaurant21.lobytech.test:3002/src/presentation/views/Modules/Admin/Views/Asistencia/Dropdown/index.tsx?t=1787493067224:68
[     653ms] [LOG] null @ http://restaurant21.lobytech.test:3002/src/presentation/views/Modules/Admin/Views/Asistencia/Dropdown/index.tsx?t=1787493067224:68
[     654ms] [LOG] null @ http://restaurant21.lobytech.test:3002/src/presentation/views/Modules/Admin/Views/Asistencia/Dropdown/index.tsx?t=1787493067224:68
[     654ms] [LOG] null @ http://restaurant21.lobytech.test:3002/src/presentation/views/Modules/Admin/Views/Asistencia/Dropdown/index.tsx?t=1787493067224:68
[     655ms] [LOG] null @ http://restaurant21.lobytech.test:3002/src/presentation/views/Modules/Admin/Views/Asistencia/Dropdown/index.tsx?t=1787493067224:68
[     655ms] [LOG] null @ http://restaurant21.lobytech.test:3002/src/presentation/views/Modules/Admin/Views/Asistencia/Dropdown/index.tsx?t=1787493067224:68
[     655ms] [LOG] null @ http://restaurant21.lobytech.test:3002/src/presentation/views/Modules/Admin/Views/Asistencia/Dropdown/index.tsx?t=1787493067224:68
[     656ms] [LOG] null @ http://restaurant21.lobytech.test:3002/src/presentation/views/Modules/Admin/Views/Asistencia/Dropdown/index.tsx?t=1787493067224:68
[     656ms] [LOG] null @ http://restaurant21.lobytech.test:3002/src/presentation/views/Modules/Admin/Views/Asistencia/Dropdown/index.tsx?t=1787493067224:68
[     657ms] [LOG] null @ http://restaurant21.lobytech.test:3002/src/presentation/views/Modules/Admin/Views/Asistencia/Dropdown/index.tsx?t=1787493067224:68
[     657ms] [LOG] null @ http://restaurant21.lobytech.test:3002/src/presentation/views/Modules/Admin/Views/Asistencia/Dropdown/index.tsx?t=1787493067224:68
[     657ms] [LOG] null @ http://restaurant21.lobytech.test:3002/src/presentation/views/Modules/Admin/Views/Asistencia/Dropdown/index.tsx?t=1787493067224:68
[     658ms] [LOG] null @ http://restaurant21.lobytech.test:3002/src/presentation/views/Modules/Admin/Views/Asistencia/Dropdown/index.tsx?t=1787493067224:68
[     658ms] [LOG] null @ http://restaurant21.lobytech.test:3002/src/presentation/views/Modules/Admin/Views/Asistencia/Dropdown/index.tsx?t=1787493067224:68
[     659ms] [LOG] null @ http://restaurant21.lobytech.test:3002/src/presentation/views/Modules/Admin/Views/Asistencia/Dropdown/index.tsx?t=1787493067224:68
[     659ms] [LOG] null @ http://restaurant21.lobytech.test:3002/src/presentation/views/Modules/Admin/Views/Asistencia/Dropdown/index.tsx?t=1787493067224:68
[     660ms] [LOG] null @ http://restaurant21.lobytech.test:3002/src/presentation/views/Modules/Admin/Views/Asistencia/Dropdown/index.tsx?t=1787493067224:68
[     660ms] [LOG] null @ http://restaurant21.lobytech.test:3002/src/presentation/views/Modules/Admin/Views/Asistencia/Dropdown/index.tsx?t=1787493067224:68
[     661ms] [LOG] null @ http://restaurant21.lobytech.test:3002/src/presentation/views/Modules/Admin/Views/Asistencia/Dropdown/index.tsx?t=1787493067224:68
[     662ms] [LOG] null @ http://restaurant21.lobytech.test:3002/src/presentation/views/Modules/Admin/Views/Asistencia/Dropdown/index.tsx?t=1787493067224:68
[     662ms] [LOG] null @ http://restaurant21.lobytech.test:3002/src/presentation/views/Modules/Admin/Views/Asistencia/Dropdown/index.tsx?t=1787493067224:68
[     663ms] [LOG] null @ http://restaurant21.lobytech.test:3002/src/presentation/views/Modules/Admin/Views/Asistencia/Dropdown/index.tsx?t=1787493067224:68
[     664ms] [LOG] null @ http://restaurant21.lobytech.test:3002/src/presentation/views/Modules/Admin/Views/Asistencia/Dropdown/index.tsx?t=1787493067224:68
[     665ms] [LOG] null @ http://restaurant21.lobytech.test:3002/src/presentation/views/Modules/Admin/Views/Asistencia/Dropdown/index.tsx?t=1787493067224:68
[     666ms] [LOG] null @ http://restaurant21.lobytech.test:3002/src/presentation/views/Modules/Admin/Views/Asistencia/Dropdown/index.tsx?t=1787493067224:68
[     666ms] [LOG] null @ http://restaurant21.lobytech.test:3002/src/presentation/views/Modules/Admin/Views/Asistencia/Dropdown/index.tsx?t=1787493067224:68
[     666ms] [LOG] null @ http://restaurant21.lobytech.test:3002/src/presentation/views/Modules/Admin/Views/Asistencia/Dropdown/index.tsx?t=1787493067224:68
[     667ms] [LOG] null @ http://restaurant21.lobytech.test:3002/src/presentation/views/Modules/Admin/Views/Asistencia/Dropdown/index.tsx?t=1787493067224:68
[     667ms] [LOG] null @ http://restaurant21.lobytech.test:3002/src/presentation/views/Modules/Admin/Views/Asistencia/Dropdown/index.tsx?t=1787493067224:68
[     668ms] [LOG] null @ http://restaurant21.lobytech.test:3002/src/presentation/views/Modules/Admin/Views/Asistencia/Dropdown/index.tsx?t=1787493067224:68
[     668ms] [LOG] null @ http://restaurant21.lobytech.test:3002/src/presentation/views/Modules/Admin/Views/Asistencia/Dropdown/index.tsx?t=1787493067224:68
[     668ms] [LOG] null @ http://restaurant21.lobytech.test:3002/src/presentation/views/Modules/Admin/Views/Asistencia/Dropdown/index.tsx?t=1787493067224:68
[     669ms] [LOG] null @ http://restaurant21.lobytech.test:3002/src/presentation/views/Modules/Admin/Views/Asistencia/Dropdown/index.tsx?t=1787493067224:68
[     669ms] [LOG] null @ http://restaurant21.lobytech.test:3002/src/presentation/views/Modules/Admin/Views/Asistencia/Dropdown/index.tsx?t=1787493067224:68
[     669ms] [LOG] null @ http://restaurant21.lobytech.test:3002/src/presentation/views/Modules/Admin/Views/Asistencia/Dropdown/index.tsx?t=1787493067224:68
[     670ms] [LOG] null @ http://restaurant21.lobytech.test:3002/src/presentation/views/Modules/Admin/Views/Asistencia/Dropdown/index.tsx?t=1787493067224:68
[     670ms] [LOG] null @ http://restaurant21.lobytech.test:3002/src/presentation/views/Modules/Admin/Views/Asistencia/Dropdown/index.tsx?t=1787493067224:68
[     670ms] [LOG] null @ http://restaurant21.lobytech.test:3002/src/presentation/views/Modules/Admin/Views/Asistencia/Dropdown/index.tsx?t=1787493067224:68
[     671ms] [LOG] null @ http://restaurant21.lobytech.test:3002/src/presentation/views/Modules/Admin/Views/Asistencia/Dropdown/index.tsx?t=1787493067224:68
[     671ms] [LOG] null @ http://restaurant21.lobytech.test:3002/src/presentation/views/Modules/Admin/Views/Asistencia/Dropdown/index.tsx?t=1787493067224:68
[     672ms] [LOG] null @ http://restaurant21.lobytech.test:3002/src/presentation/views/Modules/Admin/Views/Asistencia/Dropdown/index.tsx?t=1787493067224:68
[     672ms] [LOG] null @ http://restaurant21.lobytech.test:3002/src/presentation/views/Modules/Admin/Views/Asistencia/Dropdown/index.tsx?t=1787493067224:68
[     672ms] [LOG] null @ http://restaurant21.lobytech.test:3002/src/presentation/views/Modules/Admin/Views/Asistencia/Dropdown/index.tsx?t=1787493067224:68
[     673ms] [LOG] null @ http://restaurant21.lobytech.test:3002/src/presentation/views/Modules/Admin/Views/Asistencia/Dropdown/index.tsx?t=1787493067224:68
[     673ms] [LOG] null @ http://restaurant21.lobytech.test:3002/src/presentation/views/Modules/Admin/Views/Asistencia/Dropdown/index.tsx?t=1787493067224:68
[     673ms] [LOG] null @ http://restaurant21.lobytech.test:3002/src/presentation/views/Modules/Admin/Views/Asistencia/Dropdown/index.tsx?t=1787493067224:68
[     674ms] [LOG] null @ http://restaurant21.lobytech.test:3002/src/presentation/views/Modules/Admin/Views/Asistencia/Dropdown/index.tsx?t=1787493067224:68
[     675ms] [LOG] null @ http://restaurant21.lobytech.test:3002/src/presentation/views/Modules/Admin/Views/Asistencia/Dropdown/index.tsx?t=1787493067224:68
[     675ms] [LOG] null @ http://restaurant21.lobytech.test:3002/src/presentation/views/Modules/Admin/Views/Asistencia/Dropdown/index.tsx?t=1787493067224:68
[     676ms] [LOG] null @ http://restaurant21.lobytech.test:3002/src/presentation/views/Modules/Admin/Views/Asistencia/Dropdown/index.tsx?t=1787493067224:68
[     676ms] [LOG] null @ http://restaurant21.lobytech.test:3002/src/presentation/views/Modules/Admin/Views/Asistencia/Dropdown/index.tsx?t=1787493067224:68
[     677ms] [LOG] null @ http://restaurant21.lobytech.test:3002/src/presentation/views/Modules/Admin/Views/Asistencia/Dropdown/index.tsx?t=1787493067224:68
[     677ms] [LOG] null @ http://restaurant21.lobytech.test:3002/src/presentation/views/Modules/Admin/Views/Asistencia/Dropdown/index.tsx?t=1787493067224:68
[     678ms] [LOG] null @ http://restaurant21.lobytech.test:3002/src/presentation/views/Modules/Admin/Views/Asistencia/Dropdown/index.tsx?t=1787493067224:68
[     678ms] [LOG] null @ http://restaurant21.lobytech.test:3002/src/presentation/views/Modules/Admin/Views/Asistencia/Dropdown/index.tsx?t=1787493067224:68
[     678ms] [LOG] null @ http://restaurant21.lobytech.test:3002/src/presentation/views/Modules/Admin/Views/Asistencia/Dropdown/index.tsx?t=1787493067224:68
[     679ms] [LOG] [] @ http://restaurant21.lobytech.test:3002/src/components/Modal/Admin/Asistencia/index.tsx?t=1787493067224:43
[     679ms] [LOG] [] @ http://restaurant21.lobytech.test:3002/src/components/Modal/Admin/Asistencia/index.tsx?t=1787493067224:50
[     679ms] [LOG] Sun Aug 23 2026 00:00:00 GMT-0500 (hora estándar de Perú) @ http://restaurant21.lobytech.test:3002/src/components/Modal/Admin/Asistencia/index.tsx?t=1787493067224:79
[     680ms] [LOG] 1 @ http://restaurant21.lobytech.test:3002/src/components/Modal/Admin/Asistencia/index.tsx?t=1787493067224:95
[     680ms] [LOG] {habitacionId: 0, habitacion: , anfitrionaId: 0, anfitriona: , turno: } @ http://restaurant21.lobytech.test:3002/src/components/Modal/Admin/Asistencia/index.tsx?t=1787493067224:108
[     680ms] [LOG] [] @ http://restaurant21.lobytech.test:3002/src/components/Modal/Admin/Asistencia/index.tsx?t=1787493067224:110
[     680ms] [LOG] 0 @ http://restaurant21.lobytech.test:3002/src/components/Modal/Admin/Asistencia/index.tsx?t=1787493067224:126
[     680ms] [LOG] [] @ http://restaurant21.lobytech.test:3002/src/components/Modal/Admin/Asistencia/index.tsx?t=1787493067224:162
[     680ms] [LOG]  @ http://restaurant21.lobytech.test:3002/src/components/Modal/Admin/Asistencia/index.tsx?t=1787493067224:163
[     680ms] [LOG] 844 @ http://restaurant21.lobytech.test:3002/src/components/Modal/Admin/Asistencia/index.tsx?t=1787493067224:202
[     681ms] [LOG] 390 @ http://restaurant21.lobytech.test:3002/src/components/Modal/Admin/Asistencia/index.tsx?t=1787493067224:203
[     682ms] [LOG] [] @ http://restaurant21.lobytech.test:3002/src/components/Modal/Admin/Fichas/index.tsx?t=1787493067224:37
[     682ms] [LOG] [] @ http://restaurant21.lobytech.test:3002/src/components/Modal/Admin/Fichas/index.tsx?t=1787493067224:38
[     682ms] [LOG] null @ http://restaurant21.lobytech.test:3002/src/components/Modal/Admin/Fichas/index.tsx?t=1787493067224:39
[     682ms] [LOG] 844 @ http://restaurant21.lobytech.test:3002/src/components/Modal/Admin/Fichas/index.tsx?t=1787493067224:47
[     682ms] [LOG] 844 @ http://restaurant21.lobytech.test:3002/src/components/Modal/Admin/Fichas/index.tsx?t=1787493067224:48
[     685ms] [ERROR] Warning: Unexpected ref object provided for %s. Use either a ref-setter function or React.createRef().%s div 
    at div
    at div
    at DropdownPopover (http://restaurant21.lobytech.test:3002/src/presentation/views/Modules/Admin/Views/Asistencia/Dropdown/index.tsx?t=1787493067224:24:3)
    at td
    at tr
    at tbody
    at table
    at div
    at div
    at Piso1 (http://restaurant21.lobytech.test:3002/src/presentation/views/Modules/Admin/Views/Asistencia/Piso1/index.tsx?t=1787493067224:23:3)
    at div
    at div
    at Asistencia (http://restaurant21.lobytech.test:3002/src/presentation/views/Modules/Admin/Views/Asistencia/index.tsx?t=1787493088342:42:20)
    at RenderedRoute (http://restaurant21.lobytech.test:3002/node_modules/.vite/deps/react-router-dom.js?v=23710b64:3310:5)
    at Outlet (http://restaurant21.lobytech.test:3002/node_modules/.vite/deps/react-router-dom.js?v=23710b64:3703:26)
    at div
    at div
    at div
    at LayoutView (http://restaurant21.lobytech.test:3002/src/components/Sidebar/index.tsx?t=1787527165311:31:20)
    at RenderedRoute (http://restaurant21.lobytech.test:3002/node_modules/.vite/deps/react-router-dom.js?v=23710b64:3310:5)
    at Routes (http://restaurant21.lobytech.test:3002/node_modules/.vite/deps/react-router-dom.js?v=23710b64:3763:5)
    at div
    at Router (http://restaurant21.lobytech.test:3002/node_modules/.vite/deps/react-router-dom.js?v=23710b64:3710:15)
    at BrowserRouter (http://restaurant21.lobytech.test:3002/node_modules/.vite/deps/react-router-dom.js?v=23710b64:4190:5)
    at Dashboard
    at QueryClientProvider2 (http://restaurant21.lobytech.test:3002/node_modules/.vite/deps/react-query.js?v=23710b64:2647:21)
    at Provider (http://restaurant21.lobytech.test:3002/node_modules/.vite/deps/react-redux.js?v=23710b64:1481:3)
    at App (http://restaurant21.lobytech.test:3002/src/App.tsx?t=1787530374483:31:7)
    at Provider (http://restaurant21.lobytech.test:3002/node_modules/.vite/deps/react-redux.js?v=23710b64:1481:3) @ http://restaurant21.lobytech.test:3002/node_modules/.vite/deps/chunk-GYWC62UC.js?v=23710b64:520
[     686ms] [ERROR] Warning: Unexpected ref object provided for %s. Use either a ref-setter function or React.createRef().%s div 
    at div
    at div
    at DropdownPopover (http://restaurant21.lobytech.test:3002/src/presentation/views/Modules/Admin/Views/Asistencia/Dropdown/index.tsx?t=1787493067224:24:3)
    at td
    at tr
    at tbody
    at table
    at div
    at div
    at Piso1 (http://restaurant21.lobytech.test:3002/src/presentation/views/Modules/Admin/Views/Asistencia/Piso1/index.tsx?t=1787493067224:23:3)
    at div
    at div
    at Asistencia (http://restaurant21.lobytech.test:3002/src/presentation/views/Modules/Admin/Views/Asistencia/index.tsx?t=1787493088342:42:20)
    at RenderedRoute (http://restaurant21.lobytech.test:3002/node_modules/.vite/deps/react-router-dom.js?v=23710b64:3310:5)
    at Outlet (http://restaurant21.lobytech.test:3002/node_modules/.vite/deps/react-router-dom.js?v=23710b64:3703:26)
    at div
    at div
    at div
    at LayoutView (http://restaurant21.lobytech.test:3002/src/components/Sidebar/index.tsx?t=1787527165311:31:20)
    at RenderedRoute (http://restaurant21.lobytech.test:3002/node_modules/.vite/deps/react-router-dom.js?v=23710b64:3310:5)
    at Routes (http://restaurant21.lobytech.test:3002/node_modules/.vite/deps/react-router-dom.js?v=23710b64:3763:5)
    at div
    at Router (http://restaurant21.lobytech.test:3002/node_modules/.vite/deps/react-router-dom.js?v=23710b64:3710:15)
    at BrowserRouter (http://restaurant21.lobytech.test:3002/node_modules/.vite/deps/react-router-dom.js?v=23710b64:4190:5)
    at Dashboard
    at QueryClientProvider2 (http://restaurant21.lobytech.test:3002/node_modules/.vite/deps/react-query.js?v=23710b64:2647:21)
    at Provider (http://restaurant21.lobytech.test:3002/node_modules/.vite/deps/react-redux.js?v=23710b64:1481:3)
    at App (http://restaurant21.lobytech.test:3002/src/App.tsx?t=1787530374483:31:7)
    at Provider (http://restaurant21.lobytech.test:3002/node_modules/.vite/deps/react-redux.js?v=23710b64:1481:3) @ http://restaurant21.lobytech.test:3002/node_modules/.vite/deps/chunk-GYWC62UC.js?v=23710b64:520
[     686ms] [ERROR] Warning: Unexpected ref object provided for %s. Use either a ref-setter function or React.createRef().%s div 
    at div
    at div
    at DropdownPopover (http://restaurant21.lobytech.test:3002/src/presentation/views/Modules/Admin/Views/Asistencia/Dropdown/index.tsx?t=1787493067224:24:3)
    at td
    at tr
    at tbody
    at table
    at div
    at div
    at Piso1 (http://restaurant21.lobytech.test:3002/src/presentation/views/Modules/Admin/Views/Asistencia/Piso1/index.tsx?t=1787493067224:23:3)
    at div
    at div
    at Asistencia (http://restaurant21.lobytech.test:3002/src/presentation/views/Modules/Admin/Views/Asistencia/index.tsx?t=1787493088342:42:20)
    at RenderedRoute (http://restaurant21.lobytech.test:3002/node_modules/.vite/deps/react-router-dom.js?v=23710b64:3310:5)
    at Outlet (http://restaurant21.lobytech.test:3002/node_modules/.vite/deps/react-router-dom.js?v=23710b64:3703:26)
    at div
    at div
    at div
    at LayoutView (http://restaurant21.lobytech.test:3002/src/components/Sidebar/index.tsx?t=1787527165311:31:20)
    at RenderedRoute (http://restaurant21.lobytech.test:3002/node_modules/.vite/deps/react-router-dom.js?v=23710b64:3310:5)
    at Routes (http://restaurant21.lobytech.test:3002/node_modules/.vite/deps/react-router-dom.js?v=23710b64:3763:5)
    at div
    at Router (http://restaurant21.lobytech.test:3002/node_modules/.vite/deps/react-router-dom.js?v=23710b64:3710:15)
    at BrowserRouter (http://restaurant21.lobytech.test:3002/node_modules/.vite/deps/react-router-dom.js?v=23710b64:4190:5)
    at Dashboard
    at QueryClientProvider2 (http://restaurant21.lobytech.test:3002/node_modules/.vite/deps/react-query.js?v=23710b64:2647:21)
    at Provider (http://restaurant21.lobytech.test:3002/node_modules/.vite/deps/react-redux.js?v=23710b64:1481:3)
    at App (http://restaurant21.lobytech.test:3002/src/App.tsx?t=1787530374483:31:7)
    at Provider (http://restaurant21.lobytech.test:3002/node_modules/.vite/deps/react-redux.js?v=23710b64:1481:3) @ http://restaurant21.lobytech.test:3002/node_modules/.vite/deps/chunk-GYWC62UC.js?v=23710b64:520
[     686ms] [ERROR] Warning: Unexpected ref object provided for %s. Use either a ref-setter function or React.createRef().%s div 
    at div
    at div
    at DropdownPopover (http://restaurant21.lobytech.test:3002/src/presentation/views/Modules/Admin/Views/Asistencia/Dropdown/index.tsx?t=1787493067224:24:3)
    at td
    at tr
    at tbody
    at table
    at div
    at div
    at Piso1 (http://restaurant21.lobytech.test:3002/src/presentation/views/Modules/Admin/Views/Asistencia/Piso1/index.tsx?t=1787493067224:23:3)
    at div
    at div
    at Asistencia (http://restaurant21.lobytech.test:3002/src/presentation/views/Modules/Admin/Views/Asistencia/index.tsx?t=1787493088342:42:20)
    at RenderedRoute (http://restaurant21.lobytech.test:3002/node_modules/.vite/deps/react-router-dom.js?v=23710b64:3310:5)
    at Outlet (http://restaurant21.lobytech.test:3002/node_modules/.vite/deps/react-router-dom.js?v=23710b64:3703:26)
    at div
    at div
    at div
    at LayoutView (http://restaurant21.lobytech.test:3002/src/components/Sidebar/index.tsx?t=1787527165311:31:20)
    at RenderedRoute (http://restaurant21.lobytech.test:3002/node_modules/.vite/deps/react-router-dom.js?v=23710b64:3310:5)
    at Routes (http://restaurant21.lobytech.test:3002/node_modules/.vite/deps/react-router-dom.js?v=23710b64:3763:5)
    at div
    at Router (http://restaurant21.lobytech.test:3002/node_modules/.vite/deps/react-router-dom.js?v=23710b64:3710:15)
    at BrowserRouter (http://restaurant21.lobytech.test:3002/node_modules/.vite/deps/react-router-dom.js?v=23710b64:4190:5)
    at Dashboard
    at QueryClientProvider2 (http://restaurant21.lobytech.test:3002/node_modules/.vite/deps/react-query.js?v=23710b64:2647:21)
    at Provider (http://restaurant21.lobytech.test:3002/node_modules/.vite/deps/react-redux.js?v=23710b64:1481:3)
    at App (http://restaurant21.lobytech.test:3002/src/App.tsx?t=1787530374483:31:7)
    at Provider (http://restaurant21.lobytech.test:3002/node_modules/.vite/deps/react-redux.js?v=23710b64:1481:3) @ http://restaurant21.lobytech.test:3002/node_modules/.vite/deps/chunk-GYWC62UC.js?v=23710b64:520
[     686ms] [ERROR] Warning: Unexpected ref object provided for %s. Use either a ref-setter function or React.createRef().%s div 
    at div
    at div
    at DropdownPopover (http://restaurant21.lobytech.test:3002/src/presentation/views/Modules/Admin/Views/Asistencia/Dropdown/index.tsx?t=1787493067224:24:3)
    at td
    at tr
    at tbody
    at table
    at div
    at div
    at Piso1 (http://restaurant21.lobytech.test:3002/src/presentation/views/Modules/Admin/Views/Asistencia/Piso1/index.tsx?t=1787493067224:23:3)
    at div
    at div
    at Asistencia (http://restaurant21.lobytech.test:3002/src/presentation/views/Modules/Admin/Views/Asistencia/index.tsx?t=1787493088342:42:20)
    at RenderedRoute (http://restaurant21.lobytech.test:3002/node_modules/.vite/deps/react-router-dom.js?v=23710b64:3310:5)
    at Outlet (http://restaurant21.lobytech.test:3002/node_modules/.vite/deps/react-router-dom.js?v=23710b64:3703:26)
    at div
    at div
    at div
    at LayoutView (http://restaurant21.lobytech.test:3002/src/components/Sidebar/index.tsx?t=1787527165311:31:20)
    at RenderedRoute (http://restaurant21.lobytech.test:3002/node_modules/.vite/deps/react-router-dom.js?v=23710b64:3310:5)
    at Routes (http://restaurant21.lobytech.test:3002/node_modules/.vite/deps/react-router-dom.js?v=23710b64:3763:5)
    at div
    at Router (http://restaurant21.lobytech.test:3002/node_modules/.vite/deps/react-router-dom.js?v=23710b64:3710:15)
    at BrowserRouter (http://restaurant21.lobytech.test:3002/node_modules/.vite/deps/react-router-dom.js?v=23710b64:4190:5)
    at Dashboard
    at QueryClientProvider2 (http://restaurant21.lobytech.test:3002/node_modules/.vite/deps/react-query.js?v=23710b64:2647:21)
    at Provider (http://restaurant21.lobytech.test:3002/node_modules/.vite/deps/react-redux.js?v=23710b64:1481:3)
    at App (http://restaurant21.lobytech.test:3002/src/App.tsx?t=1787530374483:31:7)
    at Provider (http://restaurant21.lobytech.test:3002/node_modules/.vite/deps/react-redux.js?v=23710b64:1481:3) @ http://restaurant21.lobytech.test:3002/node_modules/.vite/deps/chunk-GYWC62UC.js?v=23710b64:520
[     686ms] [ERROR] Warning: Unexpected ref object provided for %s. Use either a ref-setter function or React.createRef().%s div 
    at div
    at div
    at DropdownPopover (http://restaurant21.lobytech.test:3002/src/presentation/views/Modules/Admin/Views/Asistencia/Dropdown/index.tsx?t=1787493067224:24:3)
    at td
    at tr
    at tbody
    at table
    at div
    at div
    at Piso1 (http://restaurant21.lobytech.test:3002/src/presentation/views/Modules/Admin/Views/Asistencia/Piso1/index.tsx?t=1787493067224:23:3)
    at div
    at div
    at Asistencia (http://restaurant21.lobytech.test:3002/src/presentation/views/Modules/Admin/Views/Asistencia/index.tsx?t=1787493088342:42:20)
    at RenderedRoute (http://restaurant21.lobytech.test:3002/node_modules/.vite/deps/react-router-dom.js?v=23710b64:3310:5)
    at Outlet (http://restaurant21.lobytech.test:3002/node_modules/.vite/deps/react-router-dom.js?v=23710b64:3703:26)
    at div
    at div
    at div
    at LayoutView (http://restaurant21.lobytech.test:3002/src/components/Sidebar/index.tsx?t=1787527165311:31:20)
    at RenderedRoute (http://restaurant21.lobytech.test:3002/node_modules/.vite/deps/react-router-dom.js?v=23710b64:3310:5)
    at Routes (http://restaurant21.lobytech.test:3002/node_modules/.vite/deps/react-router-dom.js?v=23710b64:3763:5)
    at div
    at Router (http://restaurant21.lobytech.test:3002/node_modules/.vite/deps/react-router-dom.js?v=23710b64:3710:15)
    at BrowserRouter (http://restaurant21.lobytech.test:3002/node_modules/.vite/deps/react-router-dom.js?v=23710b64:4190:5)
    at Dashboard
    at QueryClientProvider2 (http://restaurant21.lobytech.test:3002/node_modules/.vite/deps/react-query.js?v=23710b64:2647:21)
    at Provider (http://restaurant21.lobytech.test:3002/node_modules/.vite/deps/react-redux.js?v=23710b64:1481:3)
    at App (http://restaurant21.lobytech.test:3002/src/App.tsx?t=1787530374483:31:7)
    at Provider (http://restaurant21.lobytech.test:3002/node_modules/.vite/deps/react-redux.js?v=23710b64:1481:3) @ http://restaurant21.lobytech.test:3002/node_modules/.vite/deps/chunk-GYWC62UC.js?v=23710b64:520
[     687ms] [ERROR] Warning: Unexpected ref object provided for %s. Use either a ref-setter function or React.createRef().%s div 
    at div
    at div
    at DropdownPopover (http://restaurant21.lobytech.test:3002/src/presentation/views/Modules/Admin/Views/Asistencia/Dropdown/index.tsx?t=1787493067224:24:3)
    at td
    at tr
    at tbody
    at table
    at div
    at div
    at Piso1 (http://restaurant21.lobytech.test:3002/src/presentation/views/Modules/Admin/Views/Asistencia/Piso1/index.tsx?t=1787493067224:23:3)
    at div
    at div
    at Asistencia (http://restaurant21.lobytech.test:3002/src/presentation/views/Modules/Admin/Views/Asistencia/index.tsx?t=1787493088342:42:20)
    at RenderedRoute (http://restaurant21.lobytech.test:3002/node_modules/.vite/deps/react-router-dom.js?v=23710b64:3310:5)
    at Outlet (http://restaurant21.lobytech.test:3002/node_modules/.vite/deps/react-router-dom.js?v=23710b64:3703:26)
    at div
    at div
    at div
    at LayoutView (http://restaurant21.lobytech.test:3002/src/components/Sidebar/index.tsx?t=1787527165311:31:20)
    at RenderedRoute (http://restaurant21.lobytech.test:3002/node_modules/.vite/deps/react-router-dom.js?v=23710b64:3310:5)
    at Routes (http://restaurant21.lobytech.test:3002/node_modules/.vite/deps/react-router-dom.js?v=23710b64:3763:5)
    at div
    at Router (http://restaurant21.lobytech.test:3002/node_modules/.vite/deps/react-router-dom.js?v=23710b64:3710:15)
    at BrowserRouter (http://restaurant21.lobytech.test:3002/node_modules/.vite/deps/react-router-dom.js?v=23710b64:4190:5)
    at Dashboard
    at QueryClientProvider2 (http://restaurant21.lobytech.test:3002/node_modules/.vite/deps/react-query.js?v=23710b64:2647:21)
    at Provider (http://restaurant21.lobytech.test:3002/node_modules/.vite/deps/react-redux.js?v=23710b64:1481:3)
    at App (http://restaurant21.lobytech.test:3002/src/App.tsx?t=1787530374483:31:7)
    at Provider (http://restaurant21.lobytech.test:3002/node_modules/.vite/deps/react-redux.js?v=23710b64:1481:3) @ http://restaurant21.lobytech.test:3002/node_modules/.vite/deps/chunk-GYWC62UC.js?v=23710b64:520
[     687ms] [ERROR] Warning: Unexpected ref object provided for %s. Use either a ref-setter function or React.createRef().%s div 
    at div
    at div
    at DropdownPopover (http://restaurant21.lobytech.test:3002/src/presentation/views/Modules/Admin/Views/Asistencia/Dropdown/index.tsx?t=1787493067224:24:3)
    at td
    at tr
    at tbody
    at table
    at div
    at div
    at Piso1 (http://restaurant21.lobytech.test:3002/src/presentation/views/Modules/Admin/Views/Asistencia/Piso1/index.tsx?t=1787493067224:23:3)
    at div
    at div
    at Asistencia (http://restaurant21.lobytech.test:3002/src/presentation/views/Modules/Admin/Views/Asistencia/index.tsx?t=1787493088342:42:20)
    at RenderedRoute (http://restaurant21.lobytech.test:3002/node_modules/.vite/deps/react-router-dom.js?v=23710b64:3310:5)
    at Outlet (http://restaurant21.lobytech.test:3002/node_modules/.vite/deps/react-router-dom.js?v=23710b64:3703:26)
    at div
    at div
    at div
    at LayoutView (http://restaurant21.lobytech.test:3002/src/components/Sidebar/index.tsx?t=1787527165311:31:20)
    at RenderedRoute (http://restaurant21.lobytech.test:3002/node_modules/.vite/deps/react-router-dom.js?v=23710b64:3310:5)
    at Routes (http://restaurant21.lobytech.test:3002/node_modules/.vite/deps/react-router-dom.js?v=23710b64:3763:5)
    at div
    at Router (http://restaurant21.lobytech.test:3002/node_modules/.vite/deps/react-router-dom.js?v=23710b64:3710:15)
    at BrowserRouter (http://restaurant21.lobytech.test:3002/node_modules/.vite/deps/react-router-dom.js?v=23710b64:4190:5)
    at Dashboard
    at QueryClientProvider2 (http://restaurant21.lobytech.test:3002/node_modules/.vite/deps/react-query.js?v=23710b64:2647:21)
    at Provider (http://restaurant21.lobytech.test:3002/node_modules/.vite/deps/react-redux.js?v=23710b64:1481:3)
    at App (http://restaurant21.lobytech.test:3002/src/App.tsx?t=1787530374483:31:7)
    at Provider (http://restaurant21.lobytech.test:3002/node_modules/.vite/deps/react-redux.js?v=23710b64:1481:3) @ http://restaurant21.lobytech.test:3002/node_modules/.vite/deps/chunk-GYWC62UC.js?v=23710b64:520
[     687ms] [ERROR] Warning: Unexpected ref object provided for %s. Use either a ref-setter function or React.createRef().%s div 
    at div
    at div
    at DropdownPopover (http://restaurant21.lobytech.test:3002/src/presentation/views/Modules/Admin/Views/Asistencia/Dropdown/index.tsx?t=1787493067224:24:3)
    at td
    at tr
    at tbody
    at table
    at div
    at div
    at Piso1 (http://restaurant21.lobytech.test:3002/src/presentation/views/Modules/Admin/Views/Asistencia/Piso1/index.tsx?t=1787493067224:23:3)
    at div
    at div
    at Asistencia (http://restaurant21.lobytech.test:3002/src/presentation/views/Modules/Admin/Views/Asistencia/index.tsx?t=1787493088342:42:20)
    at RenderedRoute (http://restaurant21.lobytech.test:3002/node_modules/.vite/deps/react-router-dom.js?v=23710b64:3310:5)
    at Outlet (http://restaurant21.lobytech.test:3002/node_modules/.vite/deps/react-router-dom.js?v=23710b64:3703:26)
    at div
    at div
    at div
    at LayoutView (http://restaurant21.lobytech.test:3002/src/components/Sidebar/index.tsx?t=1787527165311:31:20)
    at RenderedRoute (http://restaurant21.lobytech.test:3002/node_modules/.vite/deps/react-router-dom.js?v=23710b64:3310:5)
    at Routes (http://restaurant21.lobytech.test:3002/node_modules/.vite/deps/react-router-dom.js?v=23710b64:3763:5)
    at div
    at Router (http://restaurant21.lobytech.test:3002/node_modules/.vite/deps/react-router-dom.js?v=23710b64:3710:15)
    at BrowserRouter (http://restaurant21.lobytech.test:3002/node_modules/.vite/deps/react-router-dom.js?v=23710b64:4190:5)
    at Dashboard
    at QueryClientProvider2 (http://restaurant21.lobytech.test:3002/node_modules/.vite/deps/react-query.js?v=23710b64:2647:21)
    at Provider (http://restaurant21.lobytech.test:3002/node_modules/.vite/deps/react-redux.js?v=23710b64:1481:3)
    at App (http://restaurant21.lobytech.test:3002/src/App.tsx?t=1787530374483:31:7)
    at Provider (http://restaurant21.lobytech.test:3002/node_modules/.vite/deps/react-redux.js?v=23710b64:1481:3) @ http://restaurant21.lobytech.test:3002/node_modules/.vite/deps/chunk-GYWC62UC.js?v=23710b64:520
[     687ms] [ERROR] Warning: Unexpected ref object provided for %s. Use either a ref-setter function or React.createRef().%s div 
    at div
    at div
    at DropdownPopover (http://restaurant21.lobytech.test:3002/src/presentation/views/Modules/Admin/Views/Asistencia/Dropdown/index.tsx?t=1787493067224:24:3)
    at td
    at tr
    at tbody
    at table
    at div
    at div
    at Piso1 (http://restaurant21.lobytech.test:3002/src/presentation/views/Modules/Admin/Views/Asistencia/Piso1/index.tsx?t=1787493067224:23:3)
    at div
    at div
    at Asistencia (http://restaurant21.lobytech.test:3002/src/presentation/views/Modules/Admin/Views/Asistencia/index.tsx?t=1787493088342:42:20)
    at RenderedRoute (http://restaurant21.lobytech.test:3002/node_modules/.vite/deps/react-router-dom.js?v=23710b64:3310:5)
    at Outlet (http://restaurant21.lobytech.test:3002/node_modules/.vite/deps/react-router-dom.js?v=23710b64:3703:26)
    at div
    at div
    at div
    at LayoutView (http://restaurant21.lobytech.test:3002/src/components/Sidebar/index.tsx?t=1787527165311:31:20)
    at RenderedRoute (http://restaurant21.lobytech.test:3002/node_modules/.vite/deps/react-router-dom.js?v=23710b64:3310:5)
    at Routes (http://restaurant21.lobytech.test:3002/node_modules/.vite/deps/react-router-dom.js?v=23710b64:3763:5)
    at div
    at Router (http://restaurant21.lobytech.test:3002/node_modules/.vite/deps/react-router-dom.js?v=23710b64:3710:15)
    at BrowserRouter (http://restaurant21.lobytech.test:3002/node_modules/.vite/deps/react-router-dom.js?v=23710b64:4190:5)
    at Dashboard
    at QueryClientProvider2 (http://restaurant21.lobytech.test:3002/node_modules/.vite/deps/react-query.js?v=23710b64:2647:21)
    at Provider (http://restaurant21.lobytech.test:3002/node_modules/.vite/deps/react-redux.js?v=23710b64:1481:3)
    at App (http://restaurant21.lobytech.test:3002/src/App.tsx?t=1787530374483:31:7)
    at Provider (http://restaurant21.lobytech.test:3002/node_modules/.vite/deps/react-redux.js?v=23710b64:1481:3) @ http://restaurant21.lobytech.test:3002/node_modules/.vite/deps/chunk-GYWC62UC.js?v=23710b64:520
[     687ms] [ERROR] Warning: Unexpected ref object provided for %s. Use either a ref-setter function or React.createRef().%s div 
    at div
    at div
    at DropdownPopover (http://restaurant21.lobytech.test:3002/src/presentation/views/Modules/Admin/Views/Asistencia/Dropdown/index.tsx?t=1787493067224:24:3)
    at td
    at tr
    at tbody
    at table
    at div
    at div
    at Piso1 (http://restaurant21.lobytech.test:3002/src/presentation/views/Modules/Admin/Views/Asistencia/Piso1/index.tsx?t=1787493067224:23:3)
    at div
    at div
    at Asistencia (http://restaurant21.lobytech.test:3002/src/presentation/views/Modules/Admin/Views/Asistencia/index.tsx?t=1787493088342:42:20)
    at RenderedRoute (http://restaurant21.lobytech.test:3002/node_modules/.vite/deps/react-router-dom.js?v=23710b64:3310:5)
    at Outlet (http://restaurant21.lobytech.test:3002/node_modules/.vite/deps/react-router-dom.js?v=23710b64:3703:26)
    at div
    at div
    at div
    at LayoutView (http://restaurant21.lobytech.test:3002/src/components/Sidebar/index.tsx?t=1787527165311:31:20)
    at RenderedRoute (http://restaurant21.lobytech.test:3002/node_modules/.vite/deps/react-router-dom.js?v=23710b64:3310:5)
    at Routes (http://restaurant21.lobytech.test:3002/node_modules/.vite/deps/react-router-dom.js?v=23710b64:3763:5)
    at div
    at Router (http://restaurant21.lobytech.test:3002/node_modules/.vite/deps/react-router-dom.js?v=23710b64:3710:15)
    at BrowserRouter (http://restaurant21.lobytech.test:3002/node_modules/.vite/deps/react-router-dom.js?v=23710b64:4190:5)
    at Dashboard
    at QueryClientProvider2 (http://restaurant21.lobytech.test:3002/node_modules/.vite/deps/react-query.js?v=23710b64:2647:21)
    at Provider (http://restaurant21.lobytech.test:3002/node_modules/.vite/deps/react-redux.js?v=23710b64:1481:3)
    at App (http://restaurant21.lobytech.test:3002/src/App.tsx?t=1787530374483:31:7)
    at Provider (http://restaurant21.lobytech.test:3002/node_modules/.vite/deps/react-redux.js?v=23710b64:1481:3) @ http://restaurant21.lobytech.test:3002/node_modules/.vite/deps/chunk-GYWC62UC.js?v=23710b64:520
[     688ms] [ERROR] Warning: Unexpected ref object provided for %s. Use either a ref-setter function or React.createRef().%s div 
    at div
    at div
    at DropdownPopover (http://restaurant21.lobytech.test:3002/src/presentation/views/Modules/Admin/Views/Asistencia/Dropdown/index.tsx?t=1787493067224:24:3)
    at td
    at tr
    at tbody
    at table
    at div
    at div
    at Piso1 (http://restaurant21.lobytech.test:3002/src/presentation/views/Modules/Admin/Views/Asistencia/Piso1/index.tsx?t=1787493067224:23:3)
    at div
    at div
    at Asistencia (http://restaurant21.lobytech.test:3002/src/presentation/views/Modules/Admin/Views/Asistencia/index.tsx?t=1787493088342:42:20)
    at RenderedRoute (http://restaurant21.lobytech.test:3002/node_modules/.vite/deps/react-router-dom.js?v=23710b64:3310:5)
    at Outlet (http://restaurant21.lobytech.test:3002/node_modules/.vite/deps/react-router-dom.js?v=23710b64:3703:26)
    at div
    at div
    at div
    at LayoutView (http://restaurant21.lobytech.test:3002/src/components/Sidebar/index.tsx?t=1787527165311:31:20)
    at RenderedRoute (http://restaurant21.lobytech.test:3002/node_modules/.vite/deps/react-router-dom.js?v=23710b64:3310:5)
    at Routes (http://restaurant21.lobytech.test:3002/node_modules/.vite/deps/react-router-dom.js?v=23710b64:3763:5)
    at div
    at Router (http://restaurant21.lobytech.test:3002/node_modules/.vite/deps/react-router-dom.js?v=23710b64:3710:15)
    at BrowserRouter (http://restaurant21.lobytech.test:3002/node_modules/.vite/deps/react-router-dom.js?v=23710b64:4190:5)
    at Dashboard
    at QueryClientProvider2 (http://restaurant21.lobytech.test:3002/node_modules/.vite/deps/react-query.js?v=23710b64:2647:21)
    at Provider (http://restaurant21.lobytech.test:3002/node_modules/.vite/deps/react-redux.js?v=23710b64:1481:3)
    at App (http://restaurant21.lobytech.test:3002/src/App.tsx?t=1787530374483:31:7)
    at Provider (http://restaurant21.lobytech.test:3002/node_modules/.vite/deps/react-redux.js?v=23710b64:1481:3) @ http://restaurant21.lobytech.test:3002/node_modules/.vite/deps/chunk-GYWC62UC.js?v=23710b64:520
[     688ms] [ERROR] Warning: Unexpected ref object provided for %s. Use either a ref-setter function or React.createRef().%s div 
    at div
    at div
    at DropdownPopover (http://restaurant21.lobytech.test:3002/src/presentation/views/Modules/Admin/Views/Asistencia/Dropdown/index.tsx?t=1787493067224:24:3)
    at td
    at tr
    at tbody
    at table
    at div
    at div
    at Piso1 (http://restaurant21.lobytech.test:3002/src/presentation/views/Modules/Admin/Views/Asistencia/Piso1/index.tsx?t=1787493067224:23:3)
    at div
    at div
    at Asistencia (http://restaurant21.lobytech.test:3002/src/presentation/views/Modules/Admin/Views/Asistencia/index.tsx?t=1787493088342:42:20)
    at RenderedRoute (http://restaurant21.lobytech.test:3002/node_modules/.vite/deps/react-router-dom.js?v=23710b64:3310:5)
    at Outlet (http://restaurant21.lobytech.test:3002/node_modules/.vite/deps/react-router-dom.js?v=23710b64:3703:26)
    at div
    at div
    at div
    at LayoutView (http://restaurant21.lobytech.test:3002/src/components/Sidebar/index.tsx?t=1787527165311:31:20)
    at RenderedRoute (http://restaurant21.lobytech.test:3002/node_modules/.vite/deps/react-router-dom.js?v=23710b64:3310:5)
    at Routes (http://restaurant21.lobytech.test:3002/node_modules/.vite/deps/react-router-dom.js?v=23710b64:3763:5)
    at div
    at Router (http://restaurant21.lobytech.test:3002/node_modules/.vite/deps/react-router-dom.js?v=23710b64:3710:15)
    at BrowserRouter (http://restaurant21.lobytech.test:3002/node_modules/.vite/deps/react-router-dom.js?v=23710b64:4190:5)
    at Dashboard
    at QueryClientProvider2 (http://restaurant21.lobytech.test:3002/node_modules/.vite/deps/react-query.js?v=23710b64:2647:21)
    at Provider (http://restaurant21.lobytech.test:3002/node_modules/.vite/deps/react-redux.js?v=23710b64:1481:3)
    at App (http://restaurant21.lobytech.test:3002/src/App.tsx?t=1787530374483:31:7)
    at Provider (http://restaurant21.lobytech.test:3002/node_modules/.vite/deps/react-redux.js?v=23710b64:1481:3) @ http://restaurant21.lobytech.test:3002/node_modules/.vite/deps/chunk-GYWC62UC.js?v=23710b64:520
[     688ms] [ERROR] Warning: Unexpected ref object provided for %s. Use either a ref-setter function or React.createRef().%s div 
    at div
    at div
    at DropdownPopover (http://restaurant21.lobytech.test:3002/src/presentation/views/Modules/Admin/Views/Asistencia/Dropdown/index.tsx?t=1787493067224:24:3)
    at td
    at tr
    at tbody
    at table
    at div
    at div
    at Piso1 (http://restaurant21.lobytech.test:3002/src/presentation/views/Modules/Admin/Views/Asistencia/Piso1/index.tsx?t=1787493067224:23:3)
    at div
    at div
    at Asistencia (http://restaurant21.lobytech.test:3002/src/presentation/views/Modules/Admin/Views/Asistencia/index.tsx?t=1787493088342:42:20)
    at RenderedRoute (http://restaurant21.lobytech.test:3002/node_modules/.vite/deps/react-router-dom.js?v=23710b64:3310:5)
    at Outlet (http://restaurant21.lobytech.test:3002/node_modules/.vite/deps/react-router-dom.js?v=23710b64:3703:26)
    at div
    at div
    at div
    at LayoutView (http://restaurant21.lobytech.test:3002/src/components/Sidebar/index.tsx?t=1787527165311:31:20)
    at RenderedRoute (http://restaurant21.lobytech.test:3002/node_modules/.vite/deps/react-router-dom.js?v=23710b64:3310:5)
    at Routes (http://restaurant21.lobytech.test:3002/node_modules/.vite/deps/react-router-dom.js?v=23710b64:3763:5)
    at div
    at Router (http://restaurant21.lobytech.test:3002/node_modules/.vite/deps/react-router-dom.js?v=23710b64:3710:15)
    at BrowserRouter (http://restaurant21.lobytech.test:3002/node_modules/.vite/deps/react-router-dom.js?v=23710b64:4190:5)
    at Dashboard
    at QueryClientProvider2 (http://restaurant21.lobytech.test:3002/node_modules/.vite/deps/react-query.js?v=23710b64:2647:21)
    at Provider (http://restaurant21.lobytech.test:3002/node_modules/.vite/deps/react-redux.js?v=23710b64:1481:3)
    at App (http://restaurant21.lobytech.test:3002/src/App.tsx?t=1787530374483:31:7)
    at Provider (http://restaurant21.lobytech.test:3002/node_modules/.vite/deps/react-redux.js?v=23710b64:1481:3) @ http://restaurant21.lobytech.test:3002/node_modules/.vite/deps/chunk-GYWC62UC.js?v=23710b64:520
[     688ms] [ERROR] Warning: Unexpected ref object provided for %s. Use either a ref-setter function or React.createRef().%s div 
    at div
    at div
    at DropdownPopover (http://restaurant21.lobytech.test:3002/src/presentation/views/Modules/Admin/Views/Asistencia/Dropdown/index.tsx?t=1787493067224:24:3)
    at td
    at tr
    at tbody
    at table
    at div
    at div
    at Piso1 (http://restaurant21.lobytech.test:3002/src/presentation/views/Modules/Admin/Views/Asistencia/Piso1/index.tsx?t=1787493067224:23:3)
    at div
    at div
    at Asistencia (http://restaurant21.lobytech.test:3002/src/presentation/views/Modules/Admin/Views/Asistencia/index.tsx?t=1787493088342:42:20)
    at RenderedRoute (http://restaurant21.lobytech.test:3002/node_modules/.vite/deps/react-router-dom.js?v=23710b64:3310:5)
    at Outlet (http://restaurant21.lobytech.test:3002/node_modules/.vite/deps/react-router-dom.js?v=23710b64:3703:26)
    at div
    at div
    at div
    at LayoutView (http://restaurant21.lobytech.test:3002/src/components/Sidebar/index.tsx?t=1787527165311:31:20)
    at RenderedRoute (http://restaurant21.lobytech.test:3002/node_modules/.vite/deps/react-router-dom.js?v=23710b64:3310:5)
    at Routes (http://restaurant21.lobytech.test:3002/node_modules/.vite/deps/react-router-dom.js?v=23710b64:3763:5)
    at div
    at Router (http://restaurant21.lobytech.test:3002/node_modules/.vite/deps/react-router-dom.js?v=23710b64:3710:15)
    at BrowserRouter (http://restaurant21.lobytech.test:3002/node_modules/.vite/deps/react-router-dom.js?v=23710b64:4190:5)
    at Dashboard
    at QueryClientProvider2 (http://restaurant21.lobytech.test:3002/node_modules/.vite/deps/react-query.js?v=23710b64:2647:21)
    at Provider (http://restaurant21.lobytech.test:3002/node_modules/.vite/deps/react-redux.js?v=23710b64:1481:3)
    at App (http://restaurant21.lobytech.test:3002/src/App.tsx?t=1787530374483:31:7)
    at Provider (http://restaurant21.lobytech.test:3002/node_modules/.vite/deps/react-redux.js?v=23710b64:1481:3) @ http://restaurant21.lobytech.test:3002/node_modules/.vite/deps/chunk-GYWC62UC.js?v=23710b64:520
[     688ms] [ERROR] Warning: Unexpected ref object provided for %s. Use either a ref-setter function or React.createRef().%s div 
    at div
    at div
    at DropdownPopover (http://restaurant21.lobytech.test:3002/src/presentation/views/Modules/Admin/Views/Asistencia/Dropdown/index.tsx?t=1787493067224:24:3)
    at td
    at tr
    at tbody
    at table
    at div
    at div
    at Piso1 (http://restaurant21.lobytech.test:3002/src/presentation/views/Modules/Admin/Views/Asistencia/Piso1/index.tsx?t=1787493067224:23:3)
    at div
    at div
    at Asistencia (http://restaurant21.lobytech.test:3002/src/presentation/views/Modules/Admin/Views/Asistencia/index.tsx?t=1787493088342:42:20)
    at RenderedRoute (http://restaurant21.lobytech.test:3002/node_modules/.vite/deps/react-router-dom.js?v=23710b64:3310:5)
    at Outlet (http://restaurant21.lobytech.test:3002/node_modules/.vite/deps/react-router-dom.js?v=23710b64:3703:26)
    at div
    at div
    at div
    at LayoutView (http://restaurant21.lobytech.test:3002/src/components/Sidebar/index.tsx?t=1787527165311:31:20)
    at RenderedRoute (http://restaurant21.lobytech.test:3002/node_modules/.vite/deps/react-router-dom.js?v=23710b64:3310:5)
    at Routes (http://restaurant21.lobytech.test:3002/node_modules/.vite/deps/react-router-dom.js?v=23710b64:3763:5)
    at div
    at Router (http://restaurant21.lobytech.test:3002/node_modules/.vite/deps/react-router-dom.js?v=23710b64:3710:15)
    at BrowserRouter (http://restaurant21.lobytech.test:3002/node_modules/.vite/deps/react-router-dom.js?v=23710b64:4190:5)
    at Dashboard
    at QueryClientProvider2 (http://restaurant21.lobytech.test:3002/node_modules/.vite/deps/react-query.js?v=23710b64:2647:21)
    at Provider (http://restaurant21.lobytech.test:3002/node_modules/.vite/deps/react-redux.js?v=23710b64:1481:3)
    at App (http://restaurant21.lobytech.test:3002/src/App.tsx?t=1787530374483:31:7)
    at Provider (http://restaurant21.lobytech.test:3002/node_modules/.vite/deps/react-redux.js?v=23710b64:1481:3) @ http://restaurant21.lobytech.test:3002/node_modules/.vite/deps/chunk-GYWC62UC.js?v=23710b64:520
[     688ms] [ERROR] Warning: Unexpected ref object provided for %s. Use either a ref-setter function or React.createRef().%s div 
    at div
    at div
    at DropdownPopover (http://restaurant21.lobytech.test:3002/src/presentation/views/Modules/Admin/Views/Asistencia/Dropdown/index.tsx?t=1787493067224:24:3)
    at td
    at tr
    at tbody
    at table
    at div
    at div
    at Piso1 (http://restaurant21.lobytech.test:3002/src/presentation/views/Modules/Admin/Views/Asistencia/Piso1/index.tsx?t=1787493067224:23:3)
    at div
    at div
    at Asistencia (http://restaurant21.lobytech.test:3002/src/presentation/views/Modules/Admin/Views/Asistencia/index.tsx?t=1787493088342:42:20)
    at RenderedRoute (http://restaurant21.lobytech.test:3002/node_modules/.vite/deps/react-router-dom.js?v=23710b64:3310:5)
    at Outlet (http://restaurant21.lobytech.test:3002/node_modules/.vite/deps/react-router-dom.js?v=23710b64:3703:26)
    at div
    at div
    at div
    at LayoutView (http://restaurant21.lobytech.test:3002/src/components/Sidebar/index.tsx?t=1787527165311:31:20)
    at RenderedRoute (http://restaurant21.lobytech.test:3002/node_modules/.vite/deps/react-router-dom.js?v=23710b64:3310:5)
    at Routes (http://restaurant21.lobytech.test:3002/node_modules/.vite/deps/react-router-dom.js?v=23710b64:3763:5)
    at div
    at Router (http://restaurant21.lobytech.test:3002/node_modules/.vite/deps/react-router-dom.js?v=23710b64:3710:15)
    at BrowserRouter (http://restaurant21.lobytech.test:3002/node_modules/.vite/deps/react-router-dom.js?v=23710b64:4190:5)
    at Dashboard
    at QueryClientProvider2 (http://restaurant21.lobytech.test:3002/node_modules/.vite/deps/react-query.js?v=23710b64:2647:21)
    at Provider (http://restaurant21.lobytech.test:3002/node_modules/.vite/deps/react-redux.js?v=23710b64:1481:3)
    at App (http://restaurant21.lobytech.test:3002/src/App.tsx?t=1787530374483:31:7)
    at Provider (http://restaurant21.lobytech.test:3002/node_modules/.vite/deps/react-redux.js?v=23710b64:1481:3) @ http://restaurant21.lobytech.test:3002/node_modules/.vite/deps/chunk-GYWC62UC.js?v=23710b64:520
[     688ms] [ERROR] Warning: Unexpected ref object provided for %s. Use either a ref-setter function or React.createRef().%s div 
    at div
    at div
    at DropdownPopover (http://restaurant21.lobytech.test:3002/src/presentation/views/Modules/Admin/Views/Asistencia/Dropdown/index.tsx?t=1787493067224:24:3)
    at td
    at tr
    at tbody
    at table
    at div
    at div
    at Piso1 (http://restaurant21.lobytech.test:3002/src/presentation/views/Modules/Admin/Views/Asistencia/Piso1/index.tsx?t=1787493067224:23:3)
    at div
    at div
    at Asistencia (http://restaurant21.lobytech.test:3002/src/presentation/views/Modules/Admin/Views/Asistencia/index.tsx?t=1787493088342:42:20)
    at RenderedRoute (http://restaurant21.lobytech.test:3002/node_modules/.vite/deps/react-router-dom.js?v=23710b64:3310:5)
    at Outlet (http://restaurant21.lobytech.test:3002/node_modules/.vite/deps/react-router-dom.js?v=23710b64:3703:26)
    at div
    at div
    at div
    at LayoutView (http://restaurant21.lobytech.test:3002/src/components/Sidebar/index.tsx?t=1787527165311:31:20)
    at RenderedRoute (http://restaurant21.lobytech.test:3002/node_modules/.vite/deps/react-router-dom.js?v=23710b64:3310:5)
    at Routes (http://restaurant21.lobytech.test:3002/node_modules/.vite/deps/react-router-dom.js?v=23710b64:3763:5)
    at div
    at Router (http://restaurant21.lobytech.test:3002/node_modules/.vite/deps/react-router-dom.js?v=23710b64:3710:15)
    at BrowserRouter (http://restaurant21.lobytech.test:3002/node_modules/.vite/deps/react-router-dom.js?v=23710b64:4190:5)
    at Dashboard
    at QueryClientProvider2 (http://restaurant21.lobytech.test:3002/node_modules/.vite/deps/react-query.js?v=23710b64:2647:21)
    at Provider (http://restaurant21.lobytech.test:3002/node_modules/.vite/deps/react-redux.js?v=23710b64:1481:3)
    at App (http://restaurant21.lobytech.test:3002/src/App.tsx?t=1787530374483:31:7)
    at Provider (http://restaurant21.lobytech.test:3002/node_modules/.vite/deps/react-redux.js?v=23710b64:1481:3) @ http://restaurant21.lobytech.test:3002/node_modules/.vite/deps/chunk-GYWC62UC.js?v=23710b64:520
[     689ms] [ERROR] Warning: Unexpected ref object provided for %s. Use either a ref-setter function or React.createRef().%s div 
    at div
    at div
    at DropdownPopover (http://restaurant21.lobytech.test:3002/src/presentation/views/Modules/Admin/Views/Asistencia/Dropdown/index.tsx?t=1787493067224:24:3)
    at td
    at tr
    at tbody
    at table
    at div
    at div
    at Piso1 (http://restaurant21.lobytech.test:3002/src/presentation/views/Modules/Admin/Views/Asistencia/Piso1/index.tsx?t=1787493067224:23:3)
    at div
    at div
    at Asistencia (http://restaurant21.lobytech.test:3002/src/presentation/views/Modules/Admin/Views/Asistencia/index.tsx?t=1787493088342:42:20)
    at RenderedRoute (http://restaurant21.lobytech.test:3002/node_modules/.vite/deps/react-router-dom.js?v=23710b64:3310:5)
    at Outlet (http://restaurant21.lobytech.test:3002/node_modules/.vite/deps/react-router-dom.js?v=23710b64:3703:26)
    at div
    at div
    at div
    at LayoutView (http://restaurant21.lobytech.test:3002/src/components/Sidebar/index.tsx?t=1787527165311:31:20)
    at RenderedRoute (http://restaurant21.lobytech.test:3002/node_modules/.vite/deps/react-router-dom.js?v=23710b64:3310:5)
    at Routes (http://restaurant21.lobytech.test:3002/node_modules/.vite/deps/react-router-dom.js?v=23710b64:3763:5)
    at div
    at Router (http://restaurant21.lobytech.test:3002/node_modules/.vite/deps/react-router-dom.js?v=23710b64:3710:15)
    at BrowserRouter (http://restaurant21.lobytech.test:3002/node_modules/.vite/deps/react-router-dom.js?v=23710b64:4190:5)
    at Dashboard
    at QueryClientProvider2 (http://restaurant21.lobytech.test:3002/node_modules/.vite/deps/react-query.js?v=23710b64:2647:21)
    at Provider (http://restaurant21.lobytech.test:3002/node_modules/.vite/deps/react-redux.js?v=23710b64:1481:3)
    at App (http://restaurant21.lobytech.test:3002/src/App.tsx?t=1787530374483:31:7)
    at Provider (http://restaurant21.lobytech.test:3002/node_modules/.vite/deps/react-redux.js?v=23710b64:1481:3) @ http://restaurant21.lobytech.test:3002/node_modules/.vite/deps/chunk-GYWC62UC.js?v=23710b64:520
[     689ms] [ERROR] Warning: Unexpected ref object provided for %s. Use either a ref-setter function or React.createRef().%s div 
    at div
    at div
    at DropdownPopover (http://restaurant21.lobytech.test:3002/src/presentation/views/Modules/Admin/Views/Asistencia/Dropdown/index.tsx?t=1787493067224:24:3)
    at td
    at tr
    at tbody
    at table
    at div
    at div
    at Piso1 (http://restaurant21.lobytech.test:3002/src/presentation/views/Modules/Admin/Views/Asistencia/Piso1/index.tsx?t=1787493067224:23:3)
    at div
    at div
    at Asistencia (http://restaurant21.lobytech.test:3002/src/presentation/views/Modules/Admin/Views/Asistencia/index.tsx?t=1787493088342:42:20)
    at RenderedRoute (http://restaurant21.lobytech.test:3002/node_modules/.vite/deps/react-router-dom.js?v=23710b64:3310:5)
    at Outlet (http://restaurant21.lobytech.test:3002/node_modules/.vite/deps/react-router-dom.js?v=23710b64:3703:26)
    at div
    at div
    at div
    at LayoutView (http://restaurant21.lobytech.test:3002/src/components/Sidebar/index.tsx?t=1787527165311:31:20)
    at RenderedRoute (http://restaurant21.lobytech.test:3002/node_modules/.vite/deps/react-router-dom.js?v=23710b64:3310:5)
    at Routes (http://restaurant21.lobytech.test:3002/node_modules/.vite/deps/react-router-dom.js?v=23710b64:3763:5)
    at div
    at Router (http://restaurant21.lobytech.test:3002/node_modules/.vite/deps/react-router-dom.js?v=23710b64:3710:15)
    at BrowserRouter (http://restaurant21.lobytech.test:3002/node_modules/.vite/deps/react-router-dom.js?v=23710b64:4190:5)
    at Dashboard
    at QueryClientProvider2 (http://restaurant21.lobytech.test:3002/node_modules/.vite/deps/react-query.js?v=23710b64:2647:21)
    at Provider (http://restaurant21.lobytech.test:3002/node_modules/.vite/deps/react-redux.js?v=23710b64:1481:3)
    at App (http://restaurant21.lobytech.test:3002/src/App.tsx?t=1787530374483:31:7)
    at Provider (http://restaurant21.lobytech.test:3002/node_modules/.vite/deps/react-redux.js?v=23710b64:1481:3) @ http://restaurant21.lobytech.test:3002/node_modules/.vite/deps/chunk-GYWC62UC.js?v=23710b64:520
[     689ms] [ERROR] Warning: Unexpected ref object provided for %s. Use either a ref-setter function or React.createRef().%s div 
    at div
    at div
    at DropdownPopover (http://restaurant21.lobytech.test:3002/src/presentation/views/Modules/Admin/Views/Asistencia/Dropdown/index.tsx?t=1787493067224:24:3)
    at td
    at tr
    at tbody
    at table
    at div
    at div
    at Piso1 (http://restaurant21.lobytech.test:3002/src/presentation/views/Modules/Admin/Views/Asistencia/Piso1/index.tsx?t=1787493067224:23:3)
    at div
    at div
    at Asistencia (http://restaurant21.lobytech.test:3002/src/presentation/views/Modules/Admin/Views/Asistencia/index.tsx?t=1787493088342:42:20)
    at RenderedRoute (http://restaurant21.lobytech.test:3002/node_modules/.vite/deps/react-router-dom.js?v=23710b64:3310:5)
    at Outlet (http://restaurant21.lobytech.test:3002/node_modules/.vite/deps/react-router-dom.js?v=23710b64:3703:26)
    at div
    at div
    at div
    at LayoutView (http://restaurant21.lobytech.test:3002/src/components/Sidebar/index.tsx?t=1787527165311:31:20)
    at RenderedRoute (http://restaurant21.lobytech.test:3002/node_modules/.vite/deps/react-router-dom.js?v=23710b64:3310:5)
    at Routes (http://restaurant21.lobytech.test:3002/node_modules/.vite/deps/react-router-dom.js?v=23710b64:3763:5)
    at div
    at Router (http://restaurant21.lobytech.test:3002/node_modules/.vite/deps/react-router-dom.js?v=23710b64:3710:15)
    at BrowserRouter (http://restaurant21.lobytech.test:3002/node_modules/.vite/deps/react-router-dom.js?v=23710b64:4190:5)
    at Dashboard
    at QueryClientProvider2 (http://restaurant21.lobytech.test:3002/node_modules/.vite/deps/react-query.js?v=23710b64:2647:21)
    at Provider (http://restaurant21.lobytech.test:3002/node_modules/.vite/deps/react-redux.js?v=23710b64:1481:3)
    at App (http://restaurant21.lobytech.test:3002/src/App.tsx?t=1787530374483:31:7)
    at Provider (http://restaurant21.lobytech.test:3002/node_modules/.vite/deps/react-redux.js?v=23710b64:1481:3) @ http://restaurant21.lobytech.test:3002/node_modules/.vite/deps/chunk-GYWC62UC.js?v=23710b64:520
[     689ms] [ERROR] Warning: Unexpected ref object provided for %s. Use either a ref-setter function or React.createRef().%s div 
    at div
    at div
    at DropdownPopover (http://restaurant21.lobytech.test:3002/src/presentation/views/Modules/Admin/Views/Asistencia/Dropdown/index.tsx?t=1787493067224:24:3)
    at td
    at tr
    at tbody
    at table
    at div
    at div
    at Piso1 (http://restaurant21.lobytech.test:3002/src/presentation/views/Modules/Admin/Views/Asistencia/Piso1/index.tsx?t=1787493067224:23:3)
    at div
    at div
    at Asistencia (http://restaurant21.lobytech.test:3002/src/presentation/views/Modules/Admin/Views/Asistencia/index.tsx?t=1787493088342:42:20)
    at RenderedRoute (http://restaurant21.lobytech.test:3002/node_modules/.vite/deps/react-router-dom.js?v=23710b64:3310:5)
    at Outlet (http://restaurant21.lobytech.test:3002/node_modules/.vite/deps/react-router-dom.js?v=23710b64:3703:26)
    at div
    at div
    at div
    at LayoutView (http://restaurant21.lobytech.test:3002/src/components/Sidebar/index.tsx?t=1787527165311:31:20)
    at RenderedRoute (http://restaurant21.lobytech.test:3002/node_modules/.vite/deps/react-router-dom.js?v=23710b64:3310:5)
    at Routes (http://restaurant21.lobytech.test:3002/node_modules/.vite/deps/react-router-dom.js?v=23710b64:3763:5)
    at div
    at Router (http://restaurant21.lobytech.test:3002/node_modules/.vite/deps/react-router-dom.js?v=23710b64:3710:15)
    at BrowserRouter (http://restaurant21.lobytech.test:3002/node_modules/.vite/deps/react-router-dom.js?v=23710b64:4190:5)
    at Dashboard
    at QueryClientProvider2 (http://restaurant21.lobytech.test:3002/node_modules/.vite/deps/react-query.js?v=23710b64:2647:21)
    at Provider (http://restaurant21.lobytech.test:3002/node_modules/.vite/deps/react-redux.js?v=23710b64:1481:3)
    at App (http://restaurant21.lobytech.test:3002/src/App.tsx?t=1787530374483:31:7)
    at Provider (http://restaurant21.lobytech.test:3002/node_modules/.vite/deps/react-redux.js?v=23710b64:1481:3) @ http://restaurant21.lobytech.test:3002/node_modules/.vite/deps/chunk-GYWC62UC.js?v=23710b64:520
[     689ms] [ERROR] Warning: Unexpected ref object provided for %s. Use either a ref-setter function or React.createRef().%s div 
    at div
    at div
    at DropdownPopover (http://restaurant21.lobytech.test:3002/src/presentation/views/Modules/Admin/Views/Asistencia/Dropdown/index.tsx?t=1787493067224:24:3)
    at td
    at tr
    at tbody
    at table
    at div
    at div
    at Piso1 (http://restaurant21.lobytech.test:3002/src/presentation/views/Modules/Admin/Views/Asistencia/Piso1/index.tsx?t=1787493067224:23:3)
    at div
    at div
    at Asistencia (http://restaurant21.lobytech.test:3002/src/presentation/views/Modules/Admin/Views/Asistencia/index.tsx?t=1787493088342:42:20)
    at RenderedRoute (http://restaurant21.lobytech.test:3002/node_modules/.vite/deps/react-router-dom.js?v=23710b64:3310:5)
    at Outlet (http://restaurant21.lobytech.test:3002/node_modules/.vite/deps/react-router-dom.js?v=23710b64:3703:26)
    at div
    at div
    at div
    at LayoutView (http://restaurant21.lobytech.test:3002/src/components/Sidebar/index.tsx?t=1787527165311:31:20)
    at RenderedRoute (http://restaurant21.lobytech.test:3002/node_modules/.vite/deps/react-router-dom.js?v=23710b64:3310:5)
    at Routes (http://restaurant21.lobytech.test:3002/node_modules/.vite/deps/react-router-dom.js?v=23710b64:3763:5)
    at div
    at Router (http://restaurant21.lobytech.test:3002/node_modules/.vite/deps/react-router-dom.js?v=23710b64:3710:15)
    at BrowserRouter (http://restaurant21.lobytech.test:3002/node_modules/.vite/deps/react-router-dom.js?v=23710b64:4190:5)
    at Dashboard
    at QueryClientProvider2 (http://restaurant21.lobytech.test:3002/node_modules/.vite/deps/react-query.js?v=23710b64:2647:21)
    at Provider (http://restaurant21.lobytech.test:3002/node_modules/.vite/deps/react-redux.js?v=23710b64:1481:3)
    at App (http://restaurant21.lobytech.test:3002/src/App.tsx?t=1787530374483:31:7)
    at Provider (http://restaurant21.lobytech.test:3002/node_modules/.vite/deps/react-redux.js?v=23710b64:1481:3) @ http://restaurant21.lobytech.test:3002/node_modules/.vite/deps/chunk-GYWC62UC.js?v=23710b64:520
[     689ms] [ERROR] Warning: Unexpected ref object provided for %s. Use either a ref-setter function or React.createRef().%s div 
    at div
    at div
    at DropdownPopover (http://restaurant21.lobytech.test:3002/src/presentation/views/Modules/Admin/Views/Asistencia/Dropdown/index.tsx?t=1787493067224:24:3)
    at td
    at tr
    at tbody
    at table
    at div
    at div
    at Piso1 (http://restaurant21.lobytech.test:3002/src/presentation/views/Modules/Admin/Views/Asistencia/Piso1/index.tsx?t=1787493067224:23:3)
    at div
    at div
    at Asistencia (http://restaurant21.lobytech.test:3002/src/presentation/views/Modules/Admin/Views/Asistencia/index.tsx?t=1787493088342:42:20)
    at RenderedRoute (http://restaurant21.lobytech.test:3002/node_modules/.vite/deps/react-router-dom.js?v=23710b64:3310:5)
    at Outlet (http://restaurant21.lobytech.test:3002/node_modules/.vite/deps/react-router-dom.js?v=23710b64:3703:26)
    at div
    at div
    at div
    at LayoutView (http://restaurant21.lobytech.test:3002/src/components/Sidebar/index.tsx?t=1787527165311:31:20)
    at RenderedRoute (http://restaurant21.lobytech.test:3002/node_modules/.vite/deps/react-router-dom.js?v=23710b64:3310:5)
    at Routes (http://restaurant21.lobytech.test:3002/node_modules/.vite/deps/react-router-dom.js?v=23710b64:3763:5)
    at div
    at Router (http://restaurant21.lobytech.test:3002/node_modules/.vite/deps/react-router-dom.js?v=23710b64:3710:15)
    at BrowserRouter (http://restaurant21.lobytech.test:3002/node_modules/.vite/deps/react-router-dom.js?v=23710b64:4190:5)
    at Dashboard
    at QueryClientProvider2 (http://restaurant21.lobytech.test:3002/node_modules/.vite/deps/react-query.js?v=23710b64:2647:21)
    at Provider (http://restaurant21.lobytech.test:3002/node_modules/.vite/deps/react-redux.js?v=23710b64:1481:3)
    at App (http://restaurant21.lobytech.test:3002/src/App.tsx?t=1787530374483:31:7)
    at Provider (http://restaurant21.lobytech.test:3002/node_modules/.vite/deps/react-redux.js?v=23710b64:1481:3) @ http://restaurant21.lobytech.test:3002/node_modules/.vite/deps/chunk-GYWC62UC.js?v=23710b64:520
[     689ms] [ERROR] Warning: Unexpected ref object provided for %s. Use either a ref-setter function or React.createRef().%s div 
    at div
    at div
    at DropdownPopover (http://restaurant21.lobytech.test:3002/src/presentation/views/Modules/Admin/Views/Asistencia/Dropdown/index.tsx?t=1787493067224:24:3)
    at td
    at tr
    at tbody
    at table
    at div
    at div
    at Piso1 (http://restaurant21.lobytech.test:3002/src/presentation/views/Modules/Admin/Views/Asistencia/Piso1/index.tsx?t=1787493067224:23:3)
    at div
    at div
    at Asistencia (http://restaurant21.lobytech.test:3002/src/presentation/views/Modules/Admin/Views/Asistencia/index.tsx?t=1787493088342:42:20)
    at RenderedRoute (http://restaurant21.lobytech.test:3002/node_modules/.vite/deps/react-router-dom.js?v=23710b64:3310:5)
    at Outlet (http://restaurant21.lobytech.test:3002/node_modules/.vite/deps/react-router-dom.js?v=23710b64:3703:26)
    at div
    at div
    at div
    at LayoutView (http://restaurant21.lobytech.test:3002/src/components/Sidebar/index.tsx?t=1787527165311:31:20)
    at RenderedRoute (http://restaurant21.lobytech.test:3002/node_modules/.vite/deps/react-router-dom.js?v=23710b64:3310:5)
    at Routes (http://restaurant21.lobytech.test:3002/node_modules/.vite/deps/react-router-dom.js?v=23710b64:3763:5)
    at div
    at Router (http://restaurant21.lobytech.test:3002/node_modules/.vite/deps/react-router-dom.js?v=23710b64:3710:15)
    at BrowserRouter (http://restaurant21.lobytech.test:3002/node_modules/.vite/deps/react-router-dom.js?v=23710b64:4190:5)
    at Dashboard
    at QueryClientProvider2 (http://restaurant21.lobytech.test:3002/node_modules/.vite/deps/react-query.js?v=23710b64:2647:21)
    at Provider (http://restaurant21.lobytech.test:3002/node_modules/.vite/deps/react-redux.js?v=23710b64:1481:3)
    at App (http://restaurant21.lobytech.test:3002/src/App.tsx?t=1787530374483:31:7)
    at Provider (http://restaurant21.lobytech.test:3002/node_modules/.vite/deps/react-redux.js?v=23710b64:1481:3) @ http://restaurant21.lobytech.test:3002/node_modules/.vite/deps/chunk-GYWC62UC.js?v=23710b64:520
[     690ms] [ERROR] Warning: Unexpected ref object provided for %s. Use either a ref-setter function or React.createRef().%s div 
    at div
    at div
    at DropdownPopover (http://restaurant21.lobytech.test:3002/src/presentation/views/Modules/Admin/Views/Asistencia/Dropdown/index.tsx?t=1787493067224:24:3)
    at td
    at tr
    at tbody
    at table
    at div
    at div
    at Piso1 (http://restaurant21.lobytech.test:3002/src/presentation/views/Modules/Admin/Views/Asistencia/Piso1/index.tsx?t=1787493067224:23:3)
    at div
    at div
    at Asistencia (http://restaurant21.lobytech.test:3002/src/presentation/views/Modules/Admin/Views/Asistencia/index.tsx?t=1787493088342:42:20)
    at RenderedRoute (http://restaurant21.lobytech.test:3002/node_modules/.vite/deps/react-router-dom.js?v=23710b64:3310:5)
    at Outlet (http://restaurant21.lobytech.test:3002/node_modules/.vite/deps/react-router-dom.js?v=23710b64:3703:26)
    at div
    at div
    at div
    at LayoutView (http://restaurant21.lobytech.test:3002/src/components/Sidebar/index.tsx?t=1787527165311:31:20)
    at RenderedRoute (http://restaurant21.lobytech.test:3002/node_modules/.vite/deps/react-router-dom.js?v=23710b64:3310:5)
    at Routes (http://restaurant21.lobytech.test:3002/node_modules/.vite/deps/react-router-dom.js?v=23710b64:3763:5)
    at div
    at Router (http://restaurant21.lobytech.test:3002/node_modules/.vite/deps/react-router-dom.js?v=23710b64:3710:15)
    at BrowserRouter (http://restaurant21.lobytech.test:3002/node_modules/.vite/deps/react-router-dom.js?v=23710b64:4190:5)
    at Dashboard
    at QueryClientProvider2 (http://restaurant21.lobytech.test:3002/node_modules/.vite/deps/react-query.js?v=23710b64:2647:21)
    at Provider (http://restaurant21.lobytech.test:3002/node_modules/.vite/deps/react-redux.js?v=23710b64:1481:3)
    at App (http://restaurant21.lobytech.test:3002/src/App.tsx?t=1787530374483:31:7)
    at Provider (http://restaurant21.lobytech.test:3002/node_modules/.vite/deps/react-redux.js?v=23710b64:1481:3) @ http://restaurant21.lobytech.test:3002/node_modules/.vite/deps/chunk-GYWC62UC.js?v=23710b64:520
[     690ms] [ERROR] Warning: Unexpected ref object provided for %s. Use either a ref-setter function or React.createRef().%s div 
    at div
    at div
    at DropdownPopover (http://restaurant21.lobytech.test:3002/src/presentation/views/Modules/Admin/Views/Asistencia/Dropdown/index.tsx?t=1787493067224:24:3)
    at td
    at tr
    at tbody
    at table
    at div
    at div
    at Piso1 (http://restaurant21.lobytech.test:3002/src/presentation/views/Modules/Admin/Views/Asistencia/Piso1/index.tsx?t=1787493067224:23:3)
    at div
    at div
    at Asistencia (http://restaurant21.lobytech.test:3002/src/presentation/views/Modules/Admin/Views/Asistencia/index.tsx?t=1787493088342:42:20)
    at RenderedRoute (http://restaurant21.lobytech.test:3002/node_modules/.vite/deps/react-router-dom.js?v=23710b64:3310:5)
    at Outlet (http://restaurant21.lobytech.test:3002/node_modules/.vite/deps/react-router-dom.js?v=23710b64:3703:26)
    at div
    at div
    at div
    at LayoutView (http://restaurant21.lobytech.test:3002/src/components/Sidebar/index.tsx?t=1787527165311:31:20)
    at RenderedRoute (http://restaurant21.lobytech.test:3002/node_modules/.vite/deps/react-router-dom.js?v=23710b64:3310:5)
    at Routes (http://restaurant21.lobytech.test:3002/node_modules/.vite/deps/react-router-dom.js?v=23710b64:3763:5)
    at div
    at Router (http://restaurant21.lobytech.test:3002/node_modules/.vite/deps/react-router-dom.js?v=23710b64:3710:15)
    at BrowserRouter (http://restaurant21.lobytech.test:3002/node_modules/.vite/deps/react-router-dom.js?v=23710b64:4190:5)
    at Dashboard
    at QueryClientProvider2 (http://restaurant21.lobytech.test:3002/node_modules/.vite/deps/react-query.js?v=23710b64:2647:21)
    at Provider (http://restaurant21.lobytech.test:3002/node_modules/.vite/deps/react-redux.js?v=23710b64:1481:3)
    at App (http://restaurant21.lobytech.test:3002/src/App.tsx?t=1787530374483:31:7)
    at Provider (http://restaurant21.lobytech.test:3002/node_modules/.vite/deps/react-redux.js?v=23710b64:1481:3) @ http://restaurant21.lobytech.test:3002/node_modules/.vite/deps/chunk-GYWC62UC.js?v=23710b64:520
[     690ms] [ERROR] Warning: Unexpected ref object provided for %s. Use either a ref-setter function or React.createRef().%s div 
    at div
    at div
    at DropdownPopover (http://restaurant21.lobytech.test:3002/src/presentation/views/Modules/Admin/Views/Asistencia/Dropdown/index.tsx?t=1787493067224:24:3)
    at td
    at tr
    at tbody
    at table
    at div
    at div
    at Piso1 (http://restaurant21.lobytech.test:3002/src/presentation/views/Modules/Admin/Views/Asistencia/Piso1/index.tsx?t=1787493067224:23:3)
    at div
    at div
    at Asistencia (http://restaurant21.lobytech.test:3002/src/presentation/views/Modules/Admin/Views/Asistencia/index.tsx?t=1787493088342:42:20)
    at RenderedRoute (http://restaurant21.lobytech.test:3002/node_modules/.vite/deps/react-router-dom.js?v=23710b64:3310:5)
    at Outlet (http://restaurant21.lobytech.test:3002/node_modules/.vite/deps/react-router-dom.js?v=23710b64:3703:26)
    at div
    at div
    at div
    at LayoutView (http://restaurant21.lobytech.test:3002/src/components/Sidebar/index.tsx?t=1787527165311:31:20)
    at RenderedRoute (http://restaurant21.lobytech.test:3002/node_modules/.vite/deps/react-router-dom.js?v=23710b64:3310:5)
    at Routes (http://restaurant21.lobytech.test:3002/node_modules/.vite/deps/react-router-dom.js?v=23710b64:3763:5)
    at div
    at Router (http://restaurant21.lobytech.test:3002/node_modules/.vite/deps/react-router-dom.js?v=23710b64:3710:15)
    at BrowserRouter (http://restaurant21.lobytech.test:3002/node_modules/.vite/deps/react-router-dom.js?v=23710b64:4190:5)
    at Dashboard
    at QueryClientProvider2 (http://restaurant21.lobytech.test:3002/node_modules/.vite/deps/react-query.js?v=23710b64:2647:21)
    at Provider (http://restaurant21.lobytech.test:3002/node_modules/.vite/deps/react-redux.js?v=23710b64:1481:3)
    at App (http://restaurant21.lobytech.test:3002/src/App.tsx?t=1787530374483:31:7)
    at Provider (http://restaurant21.lobytech.test:3002/node_modules/.vite/deps/react-redux.js?v=23710b64:1481:3) @ http://restaurant21.lobytech.test:3002/node_modules/.vite/deps/chunk-GYWC62UC.js?v=23710b64:520
[     690ms] [ERROR] Warning: Unexpected ref object provided for %s. Use either a ref-setter function or React.createRef().%s div 
    at div
    at div
    at DropdownPopover (http://restaurant21.lobytech.test:3002/src/presentation/views/Modules/Admin/Views/Asistencia/Dropdown/index.tsx?t=1787493067224:24:3)
    at td
    at tr
    at tbody
    at table
    at div
    at div
    at Piso1 (http://restaurant21.lobytech.test:3002/src/presentation/views/Modules/Admin/Views/Asistencia/Piso1/index.tsx?t=1787493067224:23:3)
    at div
    at div
    at Asistencia (http://restaurant21.lobytech.test:3002/src/presentation/views/Modules/Admin/Views/Asistencia/index.tsx?t=1787493088342:42:20)
    at RenderedRoute (http://restaurant21.lobytech.test:3002/node_modules/.vite/deps/react-router-dom.js?v=23710b64:3310:5)
    at Outlet (http://restaurant21.lobytech.test:3002/node_modules/.vite/deps/react-router-dom.js?v=23710b64:3703:26)
    at div
    at div
    at div
    at LayoutView (http://restaurant21.lobytech.test:3002/src/components/Sidebar/index.tsx?t=1787527165311:31:20)
    at RenderedRoute (http://restaurant21.lobytech.test:3002/node_modules/.vite/deps/react-router-dom.js?v=23710b64:3310:5)
    at Routes (http://restaurant21.lobytech.test:3002/node_modules/.vite/deps/react-router-dom.js?v=23710b64:3763:5)
    at div
    at Router (http://restaurant21.lobytech.test:3002/node_modules/.vite/deps/react-router-dom.js?v=23710b64:3710:15)
    at BrowserRouter (http://restaurant21.lobytech.test:3002/node_modules/.vite/deps/react-router-dom.js?v=23710b64:4190:5)
    at Dashboard
    at QueryClientProvider2 (http://restaurant21.lobytech.test:3002/node_modules/.vite/deps/react-query.js?v=23710b64:2647:21)
    at Provider (http://restaurant21.lobytech.test:3002/node_modules/.vite/deps/react-redux.js?v=23710b64:1481:3)
    at App (http://restaurant21.lobytech.test:3002/src/App.tsx?t=1787530374483:31:7)
    at Provider (http://restaurant21.lobytech.test:3002/node_modules/.vite/deps/react-redux.js?v=23710b64:1481:3) @ http://restaurant21.lobytech.test:3002/node_modules/.vite/deps/chunk-GYWC62UC.js?v=23710b64:520
[     690ms] [ERROR] Warning: Unexpected ref object provided for %s. Use either a ref-setter function or React.createRef().%s div 
    at div
    at div
    at DropdownPopover (http://restaurant21.lobytech.test:3002/src/presentation/views/Modules/Admin/Views/Asistencia/Dropdown/index.tsx?t=1787493067224:24:3)
    at td
    at tr
    at tbody
    at table
    at div
    at div
    at Piso1 (http://restaurant21.lobytech.test:3002/src/presentation/views/Modules/Admin/Views/Asistencia/Piso1/index.tsx?t=1787493067224:23:3)
    at div
    at div
    at Asistencia (http://restaurant21.lobytech.test:3002/src/presentation/views/Modules/Admin/Views/Asistencia/index.tsx?t=1787493088342:42:20)
    at RenderedRoute (http://restaurant21.lobytech.test:3002/node_modules/.vite/deps/react-router-dom.js?v=23710b64:3310:5)
    at Outlet (http://restaurant21.lobytech.test:3002/node_modules/.vite/deps/react-router-dom.js?v=23710b64:3703:26)
    at div
    at div
    at div
    at LayoutView (http://restaurant21.lobytech.test:3002/src/components/Sidebar/index.tsx?t=1787527165311:31:20)
    at RenderedRoute (http://restaurant21.lobytech.test:3002/node_modules/.vite/deps/react-router-dom.js?v=23710b64:3310:5)
    at Routes (http://restaurant21.lobytech.test:3002/node_modules/.vite/deps/react-router-dom.js?v=23710b64:3763:5)
    at div
    at Router (http://restaurant21.lobytech.test:3002/node_modules/.vite/deps/react-router-dom.js?v=23710b64:3710:15)
    at BrowserRouter (http://restaurant21.lobytech.test:3002/node_modules/.vite/deps/react-router-dom.js?v=23710b64:4190:5)
    at Dashboard
    at QueryClientProvider2 (http://restaurant21.lobytech.test:3002/node_modules/.vite/deps/react-query.js?v=23710b64:2647:21)
    at Provider (http://restaurant21.lobytech.test:3002/node_modules/.vite/deps/react-redux.js?v=23710b64:1481:3)
    at App (http://restaurant21.lobytech.test:3002/src/App.tsx?t=1787530374483:31:7)
    at Provider (http://restaurant21.lobytech.test:3002/node_modules/.vite/deps/react-redux.js?v=23710b64:1481:3) @ http://restaurant21.lobytech.test:3002/node_modules/.vite/deps/chunk-GYWC62UC.js?v=23710b64:520
[     692ms] [ERROR] Warning: Unexpected ref object provided for %s. Use either a ref-setter function or React.createRef().%s div 
    at div
    at div
    at DropdownPopover (http://restaurant21.lobytech.test:3002/src/presentation/views/Modules/Admin/Views/Asistencia/Dropdown/index.tsx?t=1787493067224:24:3)
    at td
    at tr
    at tbody
    at table
    at div
    at div
    at Piso2 (http://restaurant21.lobytech.test:3002/src/presentation/views/Modules/Admin/Views/Asistencia/Piso2/index.tsx?t=1787493067224:23:3)
    at div
    at div
    at Asistencia (http://restaurant21.lobytech.test:3002/src/presentation/views/Modules/Admin/Views/Asistencia/index.tsx?t=1787493088342:42:20)
    at RenderedRoute (http://restaurant21.lobytech.test:3002/node_modules/.vite/deps/react-router-dom.js?v=23710b64:3310:5)
    at Outlet (http://restaurant21.lobytech.test:3002/node_modules/.vite/deps/react-router-dom.js?v=23710b64:3703:26)
    at div
    at div
    at div
    at LayoutView (http://restaurant21.lobytech.test:3002/src/components/Sidebar/index.tsx?t=1787527165311:31:20)
    at RenderedRoute (http://restaurant21.lobytech.test:3002/node_modules/.vite/deps/react-router-dom.js?v=23710b64:3310:5)
    at Routes (http://restaurant21.lobytech.test:3002/node_modules/.vite/deps/react-router-dom.js?v=23710b64:3763:5)
    at div
    at Router (http://restaurant21.lobytech.test:3002/node_modules/.vite/deps/react-router-dom.js?v=23710b64:3710:15)
    at BrowserRouter (http://restaurant21.lobytech.test:3002/node_modules/.vite/deps/react-router-dom.js?v=23710b64:4190:5)
    at Dashboard
    at QueryClientProvider2 (http://restaurant21.lobytech.test:3002/node_modules/.vite/deps/react-query.js?v=23710b64:2647:21)
    at Provider (http://restaurant21.lobytech.test:3002/node_modules/.vite/deps/react-redux.js?v=23710b64:1481:3)
    at App (http://restaurant21.lobytech.test:3002/src/App.tsx?t=1787530374483:31:7)
    at Provider (http://restaurant21.lobytech.test:3002/node_modules/.vite/deps/react-redux.js?v=23710b64:1481:3) @ http://restaurant21.lobytech.test:3002/node_modules/.vite/deps/chunk-GYWC62UC.js?v=23710b64:520
[     692ms] [ERROR] Warning: Unexpected ref object provided for %s. Use either a ref-setter function or React.createRef().%s div 
    at div
    at div
    at DropdownPopover (http://restaurant21.lobytech.test:3002/src/presentation/views/Modules/Admin/Views/Asistencia/Dropdown/index.tsx?t=1787493067224:24:3)
    at td
    at tr
    at tbody
    at table
    at div
    at div
    at Piso2 (http://restaurant21.lobytech.test:3002/src/presentation/views/Modules/Admin/Views/Asistencia/Piso2/index.tsx?t=1787493067224:23:3)
    at div
    at div
    at Asistencia (http://restaurant21.lobytech.test:3002/src/presentation/views/Modules/Admin/Views/Asistencia/index.tsx?t=1787493088342:42:20)
    at RenderedRoute (http://restaurant21.lobytech.test:3002/node_modules/.vite/deps/react-router-dom.js?v=23710b64:3310:5)
    at Outlet (http://restaurant21.lobytech.test:3002/node_modules/.vite/deps/react-router-dom.js?v=23710b64:3703:26)
    at div
    at div
    at div
    at LayoutView (http://restaurant21.lobytech.test:3002/src/components/Sidebar/index.tsx?t=1787527165311:31:20)
    at RenderedRoute (http://restaurant21.lobytech.test:3002/node_modules/.vite/deps/react-router-dom.js?v=23710b64:3310:5)
    at Routes (http://restaurant21.lobytech.test:3002/node_modules/.vite/deps/react-router-dom.js?v=23710b64:3763:5)
    at div
    at Router (http://restaurant21.lobytech.test:3002/node_modules/.vite/deps/react-router-dom.js?v=23710b64:3710:15)
    at BrowserRouter (http://restaurant21.lobytech.test:3002/node_modules/.vite/deps/react-router-dom.js?v=23710b64:4190:5)
    at Dashboard
    at QueryClientProvider2 (http://restaurant21.lobytech.test:3002/node_modules/.vite/deps/react-query.js?v=23710b64:2647:21)
    at Provider (http://restaurant21.lobytech.test:3002/node_modules/.vite/deps/react-redux.js?v=23710b64:1481:3)
    at App (http://restaurant21.lobytech.test:3002/src/App.tsx?t=1787530374483:31:7)
    at Provider (http://restaurant21.lobytech.test:3002/node_modules/.vite/deps/react-redux.js?v=23710b64:1481:3) @ http://restaurant21.lobytech.test:3002/node_modules/.vite/deps/chunk-GYWC62UC.js?v=23710b64:520
[     692ms] [ERROR] Warning: Unexpected ref object provided for %s. Use either a ref-setter function or React.createRef().%s div 
    at div
    at div
    at DropdownPopover (http://restaurant21.lobytech.test:3002/src/presentation/views/Modules/Admin/Views/Asistencia/Dropdown/index.tsx?t=1787493067224:24:3)
    at td
    at tr
    at tbody
    at table
    at div
    at div
    at Piso2 (http://restaurant21.lobytech.test:3002/src/presentation/views/Modules/Admin/Views/Asistencia/Piso2/index.tsx?t=1787493067224:23:3)
    at div
    at div
    at Asistencia (http://restaurant21.lobytech.test:3002/src/presentation/views/Modules/Admin/Views/Asistencia/index.tsx?t=1787493088342:42:20)
    at RenderedRoute (http://restaurant21.lobytech.test:3002/node_modules/.vite/deps/react-router-dom.js?v=23710b64:3310:5)
    at Outlet (http://restaurant21.lobytech.test:3002/node_modules/.vite/deps/react-router-dom.js?v=23710b64:3703:26)
    at div
    at div
    at div
    at LayoutView (http://restaurant21.lobytech.test:3002/src/components/Sidebar/index.tsx?t=1787527165311:31:20)
    at RenderedRoute (http://restaurant21.lobytech.test:3002/node_modules/.vite/deps/react-router-dom.js?v=23710b64:3310:5)
    at Routes (http://restaurant21.lobytech.test:3002/node_modules/.vite/deps/react-router-dom.js?v=23710b64:3763:5)
    at div
    at Router (http://restaurant21.lobytech.test:3002/node_modules/.vite/deps/react-router-dom.js?v=23710b64:3710:15)
    at BrowserRouter (http://restaurant21.lobytech.test:3002/node_modules/.vite/deps/react-router-dom.js?v=23710b64:4190:5)
    at Dashboard
    at QueryClientProvider2 (http://restaurant21.lobytech.test:3002/node_modules/.vite/deps/react-query.js?v=23710b64:2647:21)
    at Provider (http://restaurant21.lobytech.test:3002/node_modules/.vite/deps/react-redux.js?v=23710b64:1481:3)
    at App (http://restaurant21.lobytech.test:3002/src/App.tsx?t=1787530374483:31:7)
    at Provider (http://restaurant21.lobytech.test:3002/node_modules/.vite/deps/react-redux.js?v=23710b64:1481:3) @ http://restaurant21.lobytech.test:3002/node_modules/.vite/deps/chunk-GYWC62UC.js?v=23710b64:520
[     693ms] [ERROR] Warning: Unexpected ref object provided for %s. Use either a ref-setter function or React.createRef().%s div 
    at div
    at div
    at DropdownPopover (http://restaurant21.lobytech.test:3002/src/presentation/views/Modules/Admin/Views/Asistencia/Dropdown/index.tsx?t=1787493067224:24:3)
    at td
    at tr
    at tbody
    at table
    at div
    at div
    at Piso2 (http://restaurant21.lobytech.test:3002/src/presentation/views/Modules/Admin/Views/Asistencia/Piso2/index.tsx?t=1787493067224:23:3)
    at div
    at div
    at Asistencia (http://restaurant21.lobytech.test:3002/src/presentation/views/Modules/Admin/Views/Asistencia/index.tsx?t=1787493088342:42:20)
    at RenderedRoute (http://restaurant21.lobytech.test:3002/node_modules/.vite/deps/react-router-dom.js?v=23710b64:3310:5)
    at Outlet (http://restaurant21.lobytech.test:3002/node_modules/.vite/deps/react-router-dom.js?v=23710b64:3703:26)
    at div
    at div
    at div
    at LayoutView (http://restaurant21.lobytech.test:3002/src/components/Sidebar/index.tsx?t=1787527165311:31:20)
    at RenderedRoute (http://restaurant21.lobytech.test:3002/node_modules/.vite/deps/react-router-dom.js?v=23710b64:3310:5)
    at Routes (http://restaurant21.lobytech.test:3002/node_modules/.vite/deps/react-router-dom.js?v=23710b64:3763:5)
    at div
    at Router (http://restaurant21.lobytech.test:3002/node_modules/.vite/deps/react-router-dom.js?v=23710b64:3710:15)
    at BrowserRouter (http://restaurant21.lobytech.test:3002/node_modules/.vite/deps/react-router-dom.js?v=23710b64:4190:5)
    at Dashboard
    at QueryClientProvider2 (http://restaurant21.lobytech.test:3002/node_modules/.vite/deps/react-query.js?v=23710b64:2647:21)
    at Provider (http://restaurant21.lobytech.test:3002/node_modules/.vite/deps/react-redux.js?v=23710b64:1481:3)
    at App (http://restaurant21.lobytech.test:3002/src/App.tsx?t=1787530374483:31:7)
    at Provider (http://restaurant21.lobytech.test:3002/node_modules/.vite/deps/react-redux.js?v=23710b64:1481:3) @ http://restaurant21.lobytech.test:3002/node_modules/.vite/deps/chunk-GYWC62UC.js?v=23710b64:520
[     693ms] [ERROR] Warning: Unexpected ref object provided for %s. Use either a ref-setter function or React.createRef().%s div 
    at div
    at div
    at DropdownPopover (http://restaurant21.lobytech.test:3002/src/presentation/views/Modules/Admin/Views/Asistencia/Dropdown/index.tsx?t=1787493067224:24:3)
    at td
    at tr
    at tbody
    at table
    at div
    at div
    at Piso2 (http://restaurant21.lobytech.test:3002/src/presentation/views/Modules/Admin/Views/Asistencia/Piso2/index.tsx?t=1787493067224:23:3)
    at div
    at div
    at Asistencia (http://restaurant21.lobytech.test:3002/src/presentation/views/Modules/Admin/Views/Asistencia/index.tsx?t=1787493088342:42:20)
    at RenderedRoute (http://restaurant21.lobytech.test:3002/node_modules/.vite/deps/react-router-dom.js?v=23710b64:3310:5)
    at Outlet (http://restaurant21.lobytech.test:3002/node_modules/.vite/deps/react-router-dom.js?v=23710b64:3703:26)
    at div
    at div
    at div
    at LayoutView (http://restaurant21.lobytech.test:3002/src/components/Sidebar/index.tsx?t=1787527165311:31:20)
    at RenderedRoute (http://restaurant21.lobytech.test:3002/node_modules/.vite/deps/react-router-dom.js?v=23710b64:3310:5)
    at Routes (http://restaurant21.lobytech.test:3002/node_modules/.vite/deps/react-router-dom.js?v=23710b64:3763:5)
    at div
    at Router (http://restaurant21.lobytech.test:3002/node_modules/.vite/deps/react-router-dom.js?v=23710b64:3710:15)
    at BrowserRouter (http://restaurant21.lobytech.test:3002/node_modules/.vite/deps/react-router-dom.js?v=23710b64:4190:5)
    at Dashboard
    at QueryClientProvider2 (http://restaurant21.lobytech.test:3002/node_modules/.vite/deps/react-query.js?v=23710b64:2647:21)
    at Provider (http://restaurant21.lobytech.test:3002/node_modules/.vite/deps/react-redux.js?v=23710b64:1481:3)
    at App (http://restaurant21.lobytech.test:3002/src/App.tsx?t=1787530374483:31:7)
    at Provider (http://restaurant21.lobytech.test:3002/node_modules/.vite/deps/react-redux.js?v=23710b64:1481:3) @ http://restaurant21.lobytech.test:3002/node_modules/.vite/deps/chunk-GYWC62UC.js?v=23710b64:520
[     693ms] [ERROR] Warning: Unexpected ref object provided for %s. Use either a ref-setter function or React.createRef().%s div 
    at div
    at div
    at DropdownPopover (http://restaurant21.lobytech.test:3002/src/presentation/views/Modules/Admin/Views/Asistencia/Dropdown/index.tsx?t=1787493067224:24:3)
    at td
    at tr
    at tbody
    at table
    at div
    at div
    at Piso2 (http://restaurant21.lobytech.test:3002/src/presentation/views/Modules/Admin/Views/Asistencia/Piso2/index.tsx?t=1787493067224:23:3)
    at div
    at div
    at Asistencia (http://restaurant21.lobytech.test:3002/src/presentation/views/Modules/Admin/Views/Asistencia/index.tsx?t=1787493088342:42:20)
    at RenderedRoute (http://restaurant21.lobytech.test:3002/node_modules/.vite/deps/react-router-dom.js?v=23710b64:3310:5)
    at Outlet (http://restaurant21.lobytech.test:3002/node_modules/.vite/deps/react-router-dom.js?v=23710b64:3703:26)
    at div
    at div
    at div
    at LayoutView (http://restaurant21.lobytech.test:3002/src/components/Sidebar/index.tsx?t=1787527165311:31:20)
    at RenderedRoute (http://restaurant21.lobytech.test:3002/node_modules/.vite/deps/react-router-dom.js?v=23710b64:3310:5)
    at Routes (http://restaurant21.lobytech.test:3002/node_modules/.vite/deps/react-router-dom.js?v=23710b64:3763:5)
    at div
    at Router (http://restaurant21.lobytech.test:3002/node_modules/.vite/deps/react-router-dom.js?v=23710b64:3710:15)
    at BrowserRouter (http://restaurant21.lobytech.test:3002/node_modules/.vite/deps/react-router-dom.js?v=23710b64:4190:5)
    at Dashboard
    at QueryClientProvider2 (http://restaurant21.lobytech.test:3002/node_modules/.vite/deps/react-query.js?v=23710b64:2647:21)
    at Provider (http://restaurant21.lobytech.test:3002/node_modules/.vite/deps/react-redux.js?v=23710b64:1481:3)
    at App (http://restaurant21.lobytech.test:3002/src/App.tsx?t=1787530374483:31:7)
    at Provider (http://restaurant21.lobytech.test:3002/node_modules/.vite/deps/react-redux.js?v=23710b64:1481:3) @ http://restaurant21.lobytech.test:3002/node_modules/.vite/deps/chunk-GYWC62UC.js?v=23710b64:520
[     693ms] [ERROR] Warning: Unexpected ref object provided for %s. Use either a ref-setter function or React.createRef().%s div 
    at div
    at div
    at DropdownPopover (http://restaurant21.lobytech.test:3002/src/presentation/views/Modules/Admin/Views/Asistencia/Dropdown/index.tsx?t=1787493067224:24:3)
    at td
    at tr
    at tbody
    at table
    at div
    at div
    at Piso2 (http://restaurant21.lobytech.test:3002/src/presentation/views/Modules/Admin/Views/Asistencia/Piso2/index.tsx?t=1787493067224:23:3)
    at div
    at div
    at Asistencia (http://restaurant21.lobytech.test:3002/src/presentation/views/Modules/Admin/Views/Asistencia/index.tsx?t=1787493088342:42:20)
    at RenderedRoute (http://restaurant21.lobytech.test:3002/node_modules/.vite/deps/react-router-dom.js?v=23710b64:3310:5)
    at Outlet (http://restaurant21.lobytech.test:3002/node_modules/.vite/deps/react-router-dom.js?v=23710b64:3703:26)
    at div
    at div
    at div
    at LayoutView (http://restaurant21.lobytech.test:3002/src/components/Sidebar/index.tsx?t=1787527165311:31:20)
    at RenderedRoute (http://restaurant21.lobytech.test:3002/node_modules/.vite/deps/react-router-dom.js?v=23710b64:3310:5)
    at Routes (http://restaurant21.lobytech.test:3002/node_modules/.vite/deps/react-router-dom.js?v=23710b64:3763:5)
    at div
    at Router (http://restaurant21.lobytech.test:3002/node_modules/.vite/deps/react-router-dom.js?v=23710b64:3710:15)
    at BrowserRouter (http://restaurant21.lobytech.test:3002/node_modules/.vite/deps/react-router-dom.js?v=23710b64:4190:5)
    at Dashboard
    at QueryClientProvider2 (http://restaurant21.lobytech.test:3002/node_modules/.vite/deps/react-query.js?v=23710b64:2647:21)
    at Provider (http://restaurant21.lobytech.test:3002/node_modules/.vite/deps/react-redux.js?v=23710b64:1481:3)
    at App (http://restaurant21.lobytech.test:3002/src/App.tsx?t=1787530374483:31:7)
    at Provider (http://restaurant21.lobytech.test:3002/node_modules/.vite/deps/react-redux.js?v=23710b64:1481:3) @ http://restaurant21.lobytech.test:3002/node_modules/.vite/deps/chunk-GYWC62UC.js?v=23710b64:520
[     693ms] [ERROR] Warning: Unexpected ref object provided for %s. Use either a ref-setter function or React.createRef().%s div 
    at div
    at div
    at DropdownPopover (http://restaurant21.lobytech.test:3002/src/presentation/views/Modules/Admin/Views/Asistencia/Dropdown/index.tsx?t=1787493067224:24:3)
    at td
    at tr
    at tbody
    at table
    at div
    at div
    at Piso2 (http://restaurant21.lobytech.test:3002/src/presentation/views/Modules/Admin/Views/Asistencia/Piso2/index.tsx?t=1787493067224:23:3)
    at div
    at div
    at Asistencia (http://restaurant21.lobytech.test:3002/src/presentation/views/Modules/Admin/Views/Asistencia/index.tsx?t=1787493088342:42:20)
    at RenderedRoute (http://restaurant21.lobytech.test:3002/node_modules/.vite/deps/react-router-dom.js?v=23710b64:3310:5)
    at Outlet (http://restaurant21.lobytech.test:3002/node_modules/.vite/deps/react-router-dom.js?v=23710b64:3703:26)
    at div
    at div
    at div
    at LayoutView (http://restaurant21.lobytech.test:3002/src/components/Sidebar/index.tsx?t=1787527165311:31:20)
    at RenderedRoute (http://restaurant21.lobytech.test:3002/node_modules/.vite/deps/react-router-dom.js?v=23710b64:3310:5)
    at Routes (http://restaurant21.lobytech.test:3002/node_modules/.vite/deps/react-router-dom.js?v=23710b64:3763:5)
    at div
    at Router (http://restaurant21.lobytech.test:3002/node_modules/.vite/deps/react-router-dom.js?v=23710b64:3710:15)
    at BrowserRouter (http://restaurant21.lobytech.test:3002/node_modules/.vite/deps/react-router-dom.js?v=23710b64:4190:5)
    at Dashboard
    at QueryClientProvider2 (http://restaurant21.lobytech.test:3002/node_modules/.vite/deps/react-query.js?v=23710b64:2647:21)
    at Provider (http://restaurant21.lobytech.test:3002/node_modules/.vite/deps/react-redux.js?v=23710b64:1481:3)
    at App (http://restaurant21.lobytech.test:3002/src/App.tsx?t=1787530374483:31:7)
    at Provider (http://restaurant21.lobytech.test:3002/node_modules/.vite/deps/react-redux.js?v=23710b64:1481:3) @ http://restaurant21.lobytech.test:3002/node_modules/.vite/deps/chunk-GYWC62UC.js?v=23710b64:520
[     694ms] [ERROR] Warning: Unexpected ref object provided for %s. Use either a ref-setter function or React.createRef().%s div 
    at div
    at div
    at DropdownPopover (http://restaurant21.lobytech.test:3002/src/presentation/views/Modules/Admin/Views/Asistencia/Dropdown/index.tsx?t=1787493067224:24:3)
    at td
    at tr
    at tbody
    at table
    at div
    at div
    at Piso2 (http://restaurant21.lobytech.test:3002/src/presentation/views/Modules/Admin/Views/Asistencia/Piso2/index.tsx?t=1787493067224:23:3)
    at div
    at div
    at Asistencia (http://restaurant21.lobytech.test:3002/src/presentation/views/Modules/Admin/Views/Asistencia/index.tsx?t=1787493088342:42:20)
    at RenderedRoute (http://restaurant21.lobytech.test:3002/node_modules/.vite/deps/react-router-dom.js?v=23710b64:3310:5)
    at Outlet (http://restaurant21.lobytech.test:3002/node_modules/.vite/deps/react-router-dom.js?v=23710b64:3703:26)
    at div
    at div
    at div
    at LayoutView (http://restaurant21.lobytech.test:3002/src/components/Sidebar/index.tsx?t=1787527165311:31:20)
    at RenderedRoute (http://restaurant21.lobytech.test:3002/node_modules/.vite/deps/react-router-dom.js?v=23710b64:3310:5)
    at Routes (http://restaurant21.lobytech.test:3002/node_modules/.vite/deps/react-router-dom.js?v=23710b64:3763:5)
    at div
    at Router (http://restaurant21.lobytech.test:3002/node_modules/.vite/deps/react-router-dom.js?v=23710b64:3710:15)
    at BrowserRouter (http://restaurant21.lobytech.test:3002/node_modules/.vite/deps/react-router-dom.js?v=23710b64:4190:5)
    at Dashboard
    at QueryClientProvider2 (http://restaurant21.lobytech.test:3002/node_modules/.vite/deps/react-query.js?v=23710b64:2647:21)
    at Provider (http://restaurant21.lobytech.test:3002/node_modules/.vite/deps/react-redux.js?v=23710b64:1481:3)
    at App (http://restaurant21.lobytech.test:3002/src/App.tsx?t=1787530374483:31:7)
    at Provider (http://restaurant21.lobytech.test:3002/node_modules/.vite/deps/react-redux.js?v=23710b64:1481:3) @ http://restaurant21.lobytech.test:3002/node_modules/.vite/deps/chunk-GYWC62UC.js?v=23710b64:520
[     694ms] [ERROR] Warning: Unexpected ref object provided for %s. Use either a ref-setter function or React.createRef().%s div 
    at div
    at div
    at DropdownPopover (http://restaurant21.lobytech.test:3002/src/presentation/views/Modules/Admin/Views/Asistencia/Dropdown/index.tsx?t=1787493067224:24:3)
    at td
    at tr
    at tbody
    at table
    at div
    at div
    at Piso2 (http://restaurant21.lobytech.test:3002/src/presentation/views/Modules/Admin/Views/Asistencia/Piso2/index.tsx?t=1787493067224:23:3)
    at div
    at div
    at Asistencia (http://restaurant21.lobytech.test:3002/src/presentation/views/Modules/Admin/Views/Asistencia/index.tsx?t=1787493088342:42:20)
    at RenderedRoute (http://restaurant21.lobytech.test:3002/node_modules/.vite/deps/react-router-dom.js?v=23710b64:3310:5)
    at Outlet (http://restaurant21.lobytech.test:3002/node_modules/.vite/deps/react-router-dom.js?v=23710b64:3703:26)
    at div
    at div
    at div
    at LayoutView (http://restaurant21.lobytech.test:3002/src/components/Sidebar/index.tsx?t=1787527165311:31:20)
    at RenderedRoute (http://restaurant21.lobytech.test:3002/node_modules/.vite/deps/react-router-dom.js?v=23710b64:3310:5)
    at Routes (http://restaurant21.lobytech.test:3002/node_modules/.vite/deps/react-router-dom.js?v=23710b64:3763:5)
    at div
    at Router (http://restaurant21.lobytech.test:3002/node_modules/.vite/deps/react-router-dom.js?v=23710b64:3710:15)
    at BrowserRouter (http://restaurant21.lobytech.test:3002/node_modules/.vite/deps/react-router-dom.js?v=23710b64:4190:5)
    at Dashboard
    at QueryClientProvider2 (http://restaurant21.lobytech.test:3002/node_modules/.vite/deps/react-query.js?v=23710b64:2647:21)
    at Provider (http://restaurant21.lobytech.test:3002/node_modules/.vite/deps/react-redux.js?v=23710b64:1481:3)
    at App (http://restaurant21.lobytech.test:3002/src/App.tsx?t=1787530374483:31:7)
    at Provider (http://restaurant21.lobytech.test:3002/node_modules/.vite/deps/react-redux.js?v=23710b64:1481:3) @ http://restaurant21.lobytech.test:3002/node_modules/.vite/deps/chunk-GYWC62UC.js?v=23710b64:520
[     694ms] [ERROR] Warning: Unexpected ref object provided for %s. Use either a ref-setter function or React.createRef().%s div 
    at div
    at div
    at DropdownPopover (http://restaurant21.lobytech.test:3002/src/presentation/views/Modules/Admin/Views/Asistencia/Dropdown/index.tsx?t=1787493067224:24:3)
    at td
    at tr
    at tbody
    at table
    at div
    at div
    at Piso2 (http://restaurant21.lobytech.test:3002/src/presentation/views/Modules/Admin/Views/Asistencia/Piso2/index.tsx?t=1787493067224:23:3)
    at div
    at div
    at Asistencia (http://restaurant21.lobytech.test:3002/src/presentation/views/Modules/Admin/Views/Asistencia/index.tsx?t=1787493088342:42:20)
    at RenderedRoute (http://restaurant21.lobytech.test:3002/node_modules/.vite/deps/react-router-dom.js?v=23710b64:3310:5)
    at Outlet (http://restaurant21.lobytech.test:3002/node_modules/.vite/deps/react-router-dom.js?v=23710b64:3703:26)
    at div
    at div
    at div
    at LayoutView (http://restaurant21.lobytech.test:3002/src/components/Sidebar/index.tsx?t=1787527165311:31:20)
    at RenderedRoute (http://restaurant21.lobytech.test:3002/node_modules/.vite/deps/react-router-dom.js?v=23710b64:3310:5)
    at Routes (http://restaurant21.lobytech.test:3002/node_modules/.vite/deps/react-router-dom.js?v=23710b64:3763:5)
    at div
    at Router (http://restaurant21.lobytech.test:3002/node_modules/.vite/deps/react-router-dom.js?v=23710b64:3710:15)
    at BrowserRouter (http://restaurant21.lobytech.test:3002/node_modules/.vite/deps/react-router-dom.js?v=23710b64:4190:5)
    at Dashboard
    at QueryClientProvider2 (http://restaurant21.lobytech.test:3002/node_modules/.vite/deps/react-query.js?v=23710b64:2647:21)
    at Provider (http://restaurant21.lobytech.test:3002/node_modules/.vite/deps/react-redux.js?v=23710b64:1481:3)
    at App (http://restaurant21.lobytech.test:3002/src/App.tsx?t=1787530374483:31:7)
    at Provider (http://restaurant21.lobytech.test:3002/node_modules/.vite/deps/react-redux.js?v=23710b64:1481:3) @ http://restaurant21.lobytech.test:3002/node_modules/.vite/deps/chunk-GYWC62UC.js?v=23710b64:520
[     694ms] [ERROR] Warning: Unexpected ref object provided for %s. Use either a ref-setter function or React.createRef().%s div 
    at div
    at div
    at DropdownPopover (http://restaurant21.lobytech.test:3002/src/presentation/views/Modules/Admin/Views/Asistencia/Dropdown/index.tsx?t=1787493067224:24:3)
    at td
    at tr
    at tbody
    at table
    at div
    at div
    at Piso2 (http://restaurant21.lobytech.test:3002/src/presentation/views/Modules/Admin/Views/Asistencia/Piso2/index.tsx?t=1787493067224:23:3)
    at div
    at div
    at Asistencia (http://restaurant21.lobytech.test:3002/src/presentation/views/Modules/Admin/Views/Asistencia/index.tsx?t=1787493088342:42:20)
    at RenderedRoute (http://restaurant21.lobytech.test:3002/node_modules/.vite/deps/react-router-dom.js?v=23710b64:3310:5)
    at Outlet (http://restaurant21.lobytech.test:3002/node_modules/.vite/deps/react-router-dom.js?v=23710b64:3703:26)
    at div
    at div
    at div
    at LayoutView (http://restaurant21.lobytech.test:3002/src/components/Sidebar/index.tsx?t=1787527165311:31:20)
    at RenderedRoute (http://restaurant21.lobytech.test:3002/node_modules/.vite/deps/react-router-dom.js?v=23710b64:3310:5)
    at Routes (http://restaurant21.lobytech.test:3002/node_modules/.vite/deps/react-router-dom.js?v=23710b64:3763:5)
    at div
    at Router (http://restaurant21.lobytech.test:3002/node_modules/.vite/deps/react-router-dom.js?v=23710b64:3710:15)
    at BrowserRouter (http://restaurant21.lobytech.test:3002/node_modules/.vite/deps/react-router-dom.js?v=23710b64:4190:5)
    at Dashboard
    at QueryClientProvider2 (http://restaurant21.lobytech.test:3002/node_modules/.vite/deps/react-query.js?v=23710b64:2647:21)
    at Provider (http://restaurant21.lobytech.test:3002/node_modules/.vite/deps/react-redux.js?v=23710b64:1481:3)
    at App (http://restaurant21.lobytech.test:3002/src/App.tsx?t=1787530374483:31:7)
    at Provider (http://restaurant21.lobytech.test:3002/node_modules/.vite/deps/react-redux.js?v=23710b64:1481:3) @ http://restaurant21.lobytech.test:3002/node_modules/.vite/deps/chunk-GYWC62UC.js?v=23710b64:520
[     694ms] [ERROR] Warning: Unexpected ref object provided for %s. Use either a ref-setter function or React.createRef().%s div 
    at div
    at div
    at DropdownPopover (http://restaurant21.lobytech.test:3002/src/presentation/views/Modules/Admin/Views/Asistencia/Dropdown/index.tsx?t=1787493067224:24:3)
    at td
    at tr
    at tbody
    at table
    at div
    at div
    at Piso2 (http://restaurant21.lobytech.test:3002/src/presentation/views/Modules/Admin/Views/Asistencia/Piso2/index.tsx?t=1787493067224:23:3)
    at div
    at div
    at Asistencia (http://restaurant21.lobytech.test:3002/src/presentation/views/Modules/Admin/Views/Asistencia/index.tsx?t=1787493088342:42:20)
    at RenderedRoute (http://restaurant21.lobytech.test:3002/node_modules/.vite/deps/react-router-dom.js?v=23710b64:3310:5)
    at Outlet (http://restaurant21.lobytech.test:3002/node_modules/.vite/deps/react-router-dom.js?v=23710b64:3703:26)
    at div
    at div
    at div
    at LayoutView (http://restaurant21.lobytech.test:3002/src/components/Sidebar/index.tsx?t=1787527165311:31:20)
    at RenderedRoute (http://restaurant21.lobytech.test:3002/node_modules/.vite/deps/react-router-dom.js?v=23710b64:3310:5)
    at Routes (http://restaurant21.lobytech.test:3002/node_modules/.vite/deps/react-router-dom.js?v=23710b64:3763:5)
    at div
    at Router (http://restaurant21.lobytech.test:3002/node_modules/.vite/deps/react-router-dom.js?v=23710b64:3710:15)
    at BrowserRouter (http://restaurant21.lobytech.test:3002/node_modules/.vite/deps/react-router-dom.js?v=23710b64:4190:5)
    at Dashboard
    at QueryClientProvider2 (http://restaurant21.lobytech.test:3002/node_modules/.vite/deps/react-query.js?v=23710b64:2647:21)
    at Provider (http://restaurant21.lobytech.test:3002/node_modules/.vite/deps/react-redux.js?v=23710b64:1481:3)
    at App (http://restaurant21.lobytech.test:3002/src/App.tsx?t=1787530374483:31:7)
    at Provider (http://restaurant21.lobytech.test:3002/node_modules/.vite/deps/react-redux.js?v=23710b64:1481:3) @ http://restaurant21.lobytech.test:3002/node_modules/.vite/deps/chunk-GYWC62UC.js?v=23710b64:520
[     694ms] [ERROR] Warning: Unexpected ref object provided for %s. Use either a ref-setter function or React.createRef().%s div 
    at div
    at div
    at DropdownPopover (http://restaurant21.lobytech.test:3002/src/presentation/views/Modules/Admin/Views/Asistencia/Dropdown/index.tsx?t=1787493067224:24:3)
    at td
    at tr
    at tbody
    at table
    at div
    at div
    at Piso2 (http://restaurant21.lobytech.test:3002/src/presentation/views/Modules/Admin/Views/Asistencia/Piso2/index.tsx?t=1787493067224:23:3)
    at div
    at div
    at Asistencia (http://restaurant21.lobytech.test:3002/src/presentation/views/Modules/Admin/Views/Asistencia/index.tsx?t=1787493088342:42:20)
    at RenderedRoute (http://restaurant21.lobytech.test:3002/node_modules/.vite/deps/react-router-dom.js?v=23710b64:3310:5)
    at Outlet (http://restaurant21.lobytech.test:3002/node_modules/.vite/deps/react-router-dom.js?v=23710b64:3703:26)
    at div
    at div
    at div
    at LayoutView (http://restaurant21.lobytech.test:3002/src/components/Sidebar/index.tsx?t=1787527165311:31:20)
    at RenderedRoute (http://restaurant21.lobytech.test:3002/node_modules/.vite/deps/react-router-dom.js?v=23710b64:3310:5)
    at Routes (http://restaurant21.lobytech.test:3002/node_modules/.vite/deps/react-router-dom.js?v=23710b64:3763:5)
    at div
    at Router (http://restaurant21.lobytech.test:3002/node_modules/.vite/deps/react-router-dom.js?v=23710b64:3710:15)
    at BrowserRouter (http://restaurant21.lobytech.test:3002/node_modules/.vite/deps/react-router-dom.js?v=23710b64:4190:5)
    at Dashboard
    at QueryClientProvider2 (http://restaurant21.lobytech.test:3002/node_modules/.vite/deps/react-query.js?v=23710b64:2647:21)
    at Provider (http://restaurant21.lobytech.test:3002/node_modules/.vite/deps/react-redux.js?v=23710b64:1481:3)
    at App (http://restaurant21.lobytech.test:3002/src/App.tsx?t=1787530374483:31:7)
    at Provider (http://restaurant21.lobytech.test:3002/node_modules/.vite/deps/react-redux.js?v=23710b64:1481:3) @ http://restaurant21.lobytech.test:3002/node_modules/.vite/deps/chunk-GYWC62UC.js?v=23710b64:520
[     694ms] [ERROR] Warning: Unexpected ref object provided for %s. Use either a ref-setter function or React.createRef().%s div 
    at div
    at div
    at DropdownPopover (http://restaurant21.lobytech.test:3002/src/presentation/views/Modules/Admin/Views/Asistencia/Dropdown/index.tsx?t=1787493067224:24:3)
    at td
    at tr
    at tbody
    at table
    at div
    at div
    at Piso2 (http://restaurant21.lobytech.test:3002/src/presentation/views/Modules/Admin/Views/Asistencia/Piso2/index.tsx?t=1787493067224:23:3)
    at div
    at div
    at Asistencia (http://restaurant21.lobytech.test:3002/src/presentation/views/Modules/Admin/Views/Asistencia/index.tsx?t=1787493088342:42:20)
    at RenderedRoute (http://restaurant21.lobytech.test:3002/node_modules/.vite/deps/react-router-dom.js?v=23710b64:3310:5)
    at Outlet (http://restaurant21.lobytech.test:3002/node_modules/.vite/deps/react-router-dom.js?v=23710b64:3703:26)
    at div
    at div
    at div
    at LayoutView (http://restaurant21.lobytech.test:3002/src/components/Sidebar/index.tsx?t=1787527165311:31:20)
    at RenderedRoute (http://restaurant21.lobytech.test:3002/node_modules/.vite/deps/react-router-dom.js?v=23710b64:3310:5)
    at Routes (http://restaurant21.lobytech.test:3002/node_modules/.vite/deps/react-router-dom.js?v=23710b64:3763:5)
    at div
    at Router (http://restaurant21.lobytech.test:3002/node_modules/.vite/deps/react-router-dom.js?v=23710b64:3710:15)
    at BrowserRouter (http://restaurant21.lobytech.test:3002/node_modules/.vite/deps/react-router-dom.js?v=23710b64:4190:5)
    at Dashboard
    at QueryClientProvider2 (http://restaurant21.lobytech.test:3002/node_modules/.vite/deps/react-query.js?v=23710b64:2647:21)
    at Provider (http://restaurant21.lobytech.test:3002/node_modules/.vite/deps/react-redux.js?v=23710b64:1481:3)
    at App (http://restaurant21.lobytech.test:3002/src/App.tsx?t=1787530374483:31:7)
    at Provider (http://restaurant21.lobytech.test:3002/node_modules/.vite/deps/react-redux.js?v=23710b64:1481:3) @ http://restaurant21.lobytech.test:3002/node_modules/.vite/deps/chunk-GYWC62UC.js?v=23710b64:520
[     695ms] [ERROR] Warning: Unexpected ref object provided for %s. Use either a ref-setter function or React.createRef().%s div 
    at div
    at div
    at DropdownPopover (http://restaurant21.lobytech.test:3002/src/presentation/views/Modules/Admin/Views/Asistencia/Dropdown/index.tsx?t=1787493067224:24:3)
    at td
    at tr
    at tbody
    at table
    at div
    at div
    at Piso2 (http://restaurant21.lobytech.test:3002/src/presentation/views/Modules/Admin/Views/Asistencia/Piso2/index.tsx?t=1787493067224:23:3)
    at div
    at div
    at Asistencia (http://restaurant21.lobytech.test:3002/src/presentation/views/Modules/Admin/Views/Asistencia/index.tsx?t=1787493088342:42:20)
    at RenderedRoute (http://restaurant21.lobytech.test:3002/node_modules/.vite/deps/react-router-dom.js?v=23710b64:3310:5)
    at Outlet (http://restaurant21.lobytech.test:3002/node_modules/.vite/deps/react-router-dom.js?v=23710b64:3703:26)
    at div
    at div
    at div
    at LayoutView (http://restaurant21.lobytech.test:3002/src/components/Sidebar/index.tsx?t=1787527165311:31:20)
    at RenderedRoute (http://restaurant21.lobytech.test:3002/node_modules/.vite/deps/react-router-dom.js?v=23710b64:3310:5)
    at Routes (http://restaurant21.lobytech.test:3002/node_modules/.vite/deps/react-router-dom.js?v=23710b64:3763:5)
    at div
    at Router (http://restaurant21.lobytech.test:3002/node_modules/.vite/deps/react-router-dom.js?v=23710b64:3710:15)
    at BrowserRouter (http://restaurant21.lobytech.test:3002/node_modules/.vite/deps/react-router-dom.js?v=23710b64:4190:5)
    at Dashboard
    at QueryClientProvider2 (http://restaurant21.lobytech.test:3002/node_modules/.vite/deps/react-query.js?v=23710b64:2647:21)
    at Provider (http://restaurant21.lobytech.test:3002/node_modules/.vite/deps/react-redux.js?v=23710b64:1481:3)
    at App (http://restaurant21.lobytech.test:3002/src/App.tsx?t=1787530374483:31:7)
    at Provider (http://restaurant21.lobytech.test:3002/node_modules/.vite/deps/react-redux.js?v=23710b64:1481:3) @ http://restaurant21.lobytech.test:3002/node_modules/.vite/deps/chunk-GYWC62UC.js?v=23710b64:520
[     695ms] [ERROR] Warning: Unexpected ref object provided for %s. Use either a ref-setter function or React.createRef().%s div 
    at div
    at div
    at DropdownPopover (http://restaurant21.lobytech.test:3002/src/presentation/views/Modules/Admin/Views/Asistencia/Dropdown/index.tsx?t=1787493067224:24:3)
    at td
    at tr
    at tbody
    at table
    at div
    at div
    at Piso2 (http://restaurant21.lobytech.test:3002/src/presentation/views/Modules/Admin/Views/Asistencia/Piso2/index.tsx?t=1787493067224:23:3)
    at div
    at div
    at Asistencia (http://restaurant21.lobytech.test:3002/src/presentation/views/Modules/Admin/Views/Asistencia/index.tsx?t=1787493088342:42:20)
    at RenderedRoute (http://restaurant21.lobytech.test:3002/node_modules/.vite/deps/react-router-dom.js?v=23710b64:3310:5)
    at Outlet (http://restaurant21.lobytech.test:3002/node_modules/.vite/deps/react-router-dom.js?v=23710b64:3703:26)
    at div
    at div
    at div
    at LayoutView (http://restaurant21.lobytech.test:3002/src/components/Sidebar/index.tsx?t=1787527165311:31:20)
    at RenderedRoute (http://restaurant21.lobytech.test:3002/node_modules/.vite/deps/react-router-dom.js?v=23710b64:3310:5)
    at Routes (http://restaurant21.lobytech.test:3002/node_modules/.vite/deps/react-router-dom.js?v=23710b64:3763:5)
    at div
    at Router (http://restaurant21.lobytech.test:3002/node_modules/.vite/deps/react-router-dom.js?v=23710b64:3710:15)
    at BrowserRouter (http://restaurant21.lobytech.test:3002/node_modules/.vite/deps/react-router-dom.js?v=23710b64:4190:5)
    at Dashboard
    at QueryClientProvider2 (http://restaurant21.lobytech.test:3002/node_modules/.vite/deps/react-query.js?v=23710b64:2647:21)
    at Provider (http://restaurant21.lobytech.test:3002/node_modules/.vite/deps/react-redux.js?v=23710b64:1481:3)
    at App (http://restaurant21.lobytech.test:3002/src/App.tsx?t=1787530374483:31:7)
    at Provider (http://restaurant21.lobytech.test:3002/node_modules/.vite/deps/react-redux.js?v=23710b64:1481:3) @ http://restaurant21.lobytech.test:3002/node_modules/.vite/deps/chunk-GYWC62UC.js?v=23710b64:520
[     695ms] [ERROR] Warning: Unexpected ref object provided for %s. Use either a ref-setter function or React.createRef().%s div 
    at div
    at div
    at DropdownPopover (http://restaurant21.lobytech.test:3002/src/presentation/views/Modules/Admin/Views/Asistencia/Dropdown/index.tsx?t=1787493067224:24:3)
    at td
    at tr
    at tbody
    at table
    at div
    at div
    at Piso2 (http://restaurant21.lobytech.test:3002/src/presentation/views/Modules/Admin/Views/Asistencia/Piso2/index.tsx?t=1787493067224:23:3)
    at div
    at div
    at Asistencia (http://restaurant21.lobytech.test:3002/src/presentation/views/Modules/Admin/Views/Asistencia/index.tsx?t=1787493088342:42:20)
    at RenderedRoute (http://restaurant21.lobytech.test:3002/node_modules/.vite/deps/react-router-dom.js?v=23710b64:3310:5)
    at Outlet (http://restaurant21.lobytech.test:3002/node_modules/.vite/deps/react-router-dom.js?v=23710b64:3703:26)
    at div
    at div
    at div
    at LayoutView (http://restaurant21.lobytech.test:3002/src/components/Sidebar/index.tsx?t=1787527165311:31:20)
    at RenderedRoute (http://restaurant21.lobytech.test:3002/node_modules/.vite/deps/react-router-dom.js?v=23710b64:3310:5)
    at Routes (http://restaurant21.lobytech.test:3002/node_modules/.vite/deps/react-router-dom.js?v=23710b64:3763:5)
    at div
    at Router (http://restaurant21.lobytech.test:3002/node_modules/.vite/deps/react-router-dom.js?v=23710b64:3710:15)
    at BrowserRouter (http://restaurant21.lobytech.test:3002/node_modules/.vite/deps/react-router-dom.js?v=23710b64:4190:5)
    at Dashboard
    at QueryClientProvider2 (http://restaurant21.lobytech.test:3002/node_modules/.vite/deps/react-query.js?v=23710b64:2647:21)
    at Provider (http://restaurant21.lobytech.test:3002/node_modules/.vite/deps/react-redux.js?v=23710b64:1481:3)
    at App (http://restaurant21.lobytech.test:3002/src/App.tsx?t=1787530374483:31:7)
    at Provider (http://restaurant21.lobytech.test:3002/node_modules/.vite/deps/react-redux.js?v=23710b64:1481:3) @ http://restaurant21.lobytech.test:3002/node_modules/.vite/deps/chunk-GYWC62UC.js?v=23710b64:520
[     695ms] [ERROR] Warning: Unexpected ref object provided for %s. Use either a ref-setter function or React.createRef().%s div 
    at div
    at div
    at DropdownPopover (http://restaurant21.lobytech.test:3002/src/presentation/views/Modules/Admin/Views/Asistencia/Dropdown/index.tsx?t=1787493067224:24:3)
    at td
    at tr
    at tbody
    at table
    at div
    at div
    at Piso2 (http://restaurant21.lobytech.test:3002/src/presentation/views/Modules/Admin/Views/Asistencia/Piso2/index.tsx?t=1787493067224:23:3)
    at div
    at div
    at Asistencia (http://restaurant21.lobytech.test:3002/src/presentation/views/Modules/Admin/Views/Asistencia/index.tsx?t=1787493088342:42:20)
    at RenderedRoute (http://restaurant21.lobytech.test:3002/node_modules/.vite/deps/react-router-dom.js?v=23710b64:3310:5)
    at Outlet (http://restaurant21.lobytech.test:3002/node_modules/.vite/deps/react-router-dom.js?v=23710b64:3703:26)
    at div
    at div
    at div
    at LayoutView (http://restaurant21.lobytech.test:3002/src/components/Sidebar/index.tsx?t=1787527165311:31:20)
    at RenderedRoute (http://restaurant21.lobytech.test:3002/node_modules/.vite/deps/react-router-dom.js?v=23710b64:3310:5)
    at Routes (http://restaurant21.lobytech.test:3002/node_modules/.vite/deps/react-router-dom.js?v=23710b64:3763:5)
    at div
    at Router (http://restaurant21.lobytech.test:3002/node_modules/.vite/deps/react-router-dom.js?v=23710b64:3710:15)
    at BrowserRouter (http://restaurant21.lobytech.test:3002/node_modules/.vite/deps/react-router-dom.js?v=23710b64:4190:5)
    at Dashboard
    at QueryClientProvider2 (http://restaurant21.lobytech.test:3002/node_modules/.vite/deps/react-query.js?v=23710b64:2647:21)
    at Provider (http://restaurant21.lobytech.test:3002/node_modules/.vite/deps/react-redux.js?v=23710b64:1481:3)
    at App (http://restaurant21.lobytech.test:3002/src/App.tsx?t=1787530374483:31:7)
    at Provider (http://restaurant21.lobytech.test:3002/node_modules/.vite/deps/react-redux.js?v=23710b64:1481:3) @ http://restaurant21.lobytech.test:3002/node_modules/.vite/deps/chunk-GYWC62UC.js?v=23710b64:520
[     695ms] [ERROR] Warning: Unexpected ref object provided for %s. Use either a ref-setter function or React.createRef().%s div 
    at div
    at div
    at DropdownPopover (http://restaurant21.lobytech.test:3002/src/presentation/views/Modules/Admin/Views/Asistencia/Dropdown/index.tsx?t=1787493067224:24:3)
    at td
    at tr
    at tbody
    at table
    at div
    at div
    at Piso2 (http://restaurant21.lobytech.test:3002/src/presentation/views/Modules/Admin/Views/Asistencia/Piso2/index.tsx?t=1787493067224:23:3)
    at div
    at div
    at Asistencia (http://restaurant21.lobytech.test:3002/src/presentation/views/Modules/Admin/Views/Asistencia/index.tsx?t=1787493088342:42:20)
    at RenderedRoute (http://restaurant21.lobytech.test:3002/node_modules/.vite/deps/react-router-dom.js?v=23710b64:3310:5)
    at Outlet (http://restaurant21.lobytech.test:3002/node_modules/.vite/deps/react-router-dom.js?v=23710b64:3703:26)
    at div
    at div
    at div
    at LayoutView (http://restaurant21.lobytech.test:3002/src/components/Sidebar/index.tsx?t=1787527165311:31:20)
    at RenderedRoute (http://restaurant21.lobytech.test:3002/node_modules/.vite/deps/react-router-dom.js?v=23710b64:3310:5)
    at Routes (http://restaurant21.lobytech.test:3002/node_modules/.vite/deps/react-router-dom.js?v=23710b64:3763:5)
    at div
    at Router (http://restaurant21.lobytech.test:3002/node_modules/.vite/deps/react-router-dom.js?v=23710b64:3710:15)
    at BrowserRouter (http://restaurant21.lobytech.test:3002/node_modules/.vite/deps/react-router-dom.js?v=23710b64:4190:5)
    at Dashboard
    at QueryClientProvider2 (http://restaurant21.lobytech.test:3002/node_modules/.vite/deps/react-query.js?v=23710b64:2647:21)
    at Provider (http://restaurant21.lobytech.test:3002/node_modules/.vite/deps/react-redux.js?v=23710b64:1481:3)
    at App (http://restaurant21.lobytech.test:3002/src/App.tsx?t=1787530374483:31:7)
    at Provider (http://restaurant21.lobytech.test:3002/node_modules/.vite/deps/react-redux.js?v=23710b64:1481:3) @ http://restaurant21.lobytech.test:3002/node_modules/.vite/deps/chunk-GYWC62UC.js?v=23710b64:520
[     695ms] [ERROR] Warning: Unexpected ref object provided for %s. Use either a ref-setter function or React.createRef().%s div 
    at div
    at div
    at DropdownPopover (http://restaurant21.lobytech.test:3002/src/presentation/views/Modules/Admin/Views/Asistencia/Dropdown/index.tsx?t=1787493067224:24:3)
    at td
    at tr
    at tbody
    at table
    at div
    at div
    at Piso2 (http://restaurant21.lobytech.test:3002/src/presentation/views/Modules/Admin/Views/Asistencia/Piso2/index.tsx?t=1787493067224:23:3)
    at div
    at div
    at Asistencia (http://restaurant21.lobytech.test:3002/src/presentation/views/Modules/Admin/Views/Asistencia/index.tsx?t=1787493088342:42:20)
    at RenderedRoute (http://restaurant21.lobytech.test:3002/node_modules/.vite/deps/react-router-dom.js?v=23710b64:3310:5)
    at Outlet (http://restaurant21.lobytech.test:3002/node_modules/.vite/deps/react-router-dom.js?v=23710b64:3703:26)
    at div
    at div
    at div
    at LayoutView (http://restaurant21.lobytech.test:3002/src/components/Sidebar/index.tsx?t=1787527165311:31:20)
    at RenderedRoute (http://restaurant21.lobytech.test:3002/node_modules/.vite/deps/react-router-dom.js?v=23710b64:3310:5)
    at Routes (http://restaurant21.lobytech.test:3002/node_modules/.vite/deps/react-router-dom.js?v=23710b64:3763:5)
    at div
    at Router (http://restaurant21.lobytech.test:3002/node_modules/.vite/deps/react-router-dom.js?v=23710b64:3710:15)
    at BrowserRouter (http://restaurant21.lobytech.test:3002/node_modules/.vite/deps/react-router-dom.js?v=23710b64:4190:5)
    at Dashboard
    at QueryClientProvider2 (http://restaurant21.lobytech.test:3002/node_modules/.vite/deps/react-query.js?v=23710b64:2647:21)
    at Provider (http://restaurant21.lobytech.test:3002/node_modules/.vite/deps/react-redux.js?v=23710b64:1481:3)
    at App (http://restaurant21.lobytech.test:3002/src/App.tsx?t=1787530374483:31:7)
    at Provider (http://restaurant21.lobytech.test:3002/node_modules/.vite/deps/react-redux.js?v=23710b64:1481:3) @ http://restaurant21.lobytech.test:3002/node_modules/.vite/deps/chunk-GYWC62UC.js?v=23710b64:520
[     695ms] [ERROR] Warning: Unexpected ref object provided for %s. Use either a ref-setter function or React.createRef().%s div 
    at div
    at div
    at DropdownPopover (http://restaurant21.lobytech.test:3002/src/presentation/views/Modules/Admin/Views/Asistencia/Dropdown/index.tsx?t=1787493067224:24:3)
    at td
    at tr
    at tbody
    at table
    at div
    at div
    at Piso2 (http://restaurant21.lobytech.test:3002/src/presentation/views/Modules/Admin/Views/Asistencia/Piso2/index.tsx?t=1787493067224:23:3)
    at div
    at div
    at Asistencia (http://restaurant21.lobytech.test:3002/src/presentation/views/Modules/Admin/Views/Asistencia/index.tsx?t=1787493088342:42:20)
    at RenderedRoute (http://restaurant21.lobytech.test:3002/node_modules/.vite/deps/react-router-dom.js?v=23710b64:3310:5)
    at Outlet (http://restaurant21.lobytech.test:3002/node_modules/.vite/deps/react-router-dom.js?v=23710b64:3703:26)
    at div
    at div
    at div
    at LayoutView (http://restaurant21.lobytech.test:3002/src/components/Sidebar/index.tsx?t=1787527165311:31:20)
    at RenderedRoute (http://restaurant21.lobytech.test:3002/node_modules/.vite/deps/react-router-dom.js?v=23710b64:3310:5)
    at Routes (http://restaurant21.lobytech.test:3002/node_modules/.vite/deps/react-router-dom.js?v=23710b64:3763:5)
    at div
    at Router (http://restaurant21.lobytech.test:3002/node_modules/.vite/deps/react-router-dom.js?v=23710b64:3710:15)
    at BrowserRouter (http://restaurant21.lobytech.test:3002/node_modules/.vite/deps/react-router-dom.js?v=23710b64:4190:5)
    at Dashboard
    at QueryClientProvider2 (http://restaurant21.lobytech.test:3002/node_modules/.vite/deps/react-query.js?v=23710b64:2647:21)
    at Provider (http://restaurant21.lobytech.test:3002/node_modules/.vite/deps/react-redux.js?v=23710b64:1481:3)
    at App (http://restaurant21.lobytech.test:3002/src/App.tsx?t=1787530374483:31:7)
    at Provider (http://restaurant21.lobytech.test:3002/node_modules/.vite/deps/react-redux.js?v=23710b64:1481:3) @ http://restaurant21.lobytech.test:3002/node_modules/.vite/deps/chunk-GYWC62UC.js?v=23710b64:520
[     695ms] [ERROR] Warning: Unexpected ref object provided for %s. Use either a ref-setter function or React.createRef().%s div 
    at div
    at div
    at DropdownPopover (http://restaurant21.lobytech.test:3002/src/presentation/views/Modules/Admin/Views/Asistencia/Dropdown/index.tsx?t=1787493067224:24:3)
    at td
    at tr
    at tbody
    at table
    at div
    at div
    at Piso2 (http://restaurant21.lobytech.test:3002/src/presentation/views/Modules/Admin/Views/Asistencia/Piso2/index.tsx?t=1787493067224:23:3)
    at div
    at div
    at Asistencia (http://restaurant21.lobytech.test:3002/src/presentation/views/Modules/Admin/Views/Asistencia/index.tsx?t=1787493088342:42:20)
    at RenderedRoute (http://restaurant21.lobytech.test:3002/node_modules/.vite/deps/react-router-dom.js?v=23710b64:3310:5)
    at Outlet (http://restaurant21.lobytech.test:3002/node_modules/.vite/deps/react-router-dom.js?v=23710b64:3703:26)
    at div
    at div
    at div
    at LayoutView (http://restaurant21.lobytech.test:3002/src/components/Sidebar/index.tsx?t=1787527165311:31:20)
    at RenderedRoute (http://restaurant21.lobytech.test:3002/node_modules/.vite/deps/react-router-dom.js?v=23710b64:3310:5)
    at Routes (http://restaurant21.lobytech.test:3002/node_modules/.vite/deps/react-router-dom.js?v=23710b64:3763:5)
    at div
    at Router (http://restaurant21.lobytech.test:3002/node_modules/.vite/deps/react-router-dom.js?v=23710b64:3710:15)
    at BrowserRouter (http://restaurant21.lobytech.test:3002/node_modules/.vite/deps/react-router-dom.js?v=23710b64:4190:5)
    at Dashboard
    at QueryClientProvider2 (http://restaurant21.lobytech.test:3002/node_modules/.vite/deps/react-query.js?v=23710b64:2647:21)
    at Provider (http://restaurant21.lobytech.test:3002/node_modules/.vite/deps/react-redux.js?v=23710b64:1481:3)
    at App (http://restaurant21.lobytech.test:3002/src/App.tsx?t=1787530374483:31:7)
    at Provider (http://restaurant21.lobytech.test:3002/node_modules/.vite/deps/react-redux.js?v=23710b64:1481:3) @ http://restaurant21.lobytech.test:3002/node_modules/.vite/deps/chunk-GYWC62UC.js?v=23710b64:520
[     696ms] [ERROR] Warning: Unexpected ref object provided for %s. Use either a ref-setter function or React.createRef().%s div 
    at div
    at div
    at DropdownPopover (http://restaurant21.lobytech.test:3002/src/presentation/views/Modules/Admin/Views/Asistencia/Dropdown/index.tsx?t=1787493067224:24:3)
    at td
    at tr
    at tbody
    at table
    at div
    at div
    at Piso2 (http://restaurant21.lobytech.test:3002/src/presentation/views/Modules/Admin/Views/Asistencia/Piso2/index.tsx?t=1787493067224:23:3)
    at div
    at div
    at Asistencia (http://restaurant21.lobytech.test:3002/src/presentation/views/Modules/Admin/Views/Asistencia/index.tsx?t=1787493088342:42:20)
    at RenderedRoute (http://restaurant21.lobytech.test:3002/node_modules/.vite/deps/react-router-dom.js?v=23710b64:3310:5)
    at Outlet (http://restaurant21.lobytech.test:3002/node_modules/.vite/deps/react-router-dom.js?v=23710b64:3703:26)
    at div
    at div
    at div
    at LayoutView (http://restaurant21.lobytech.test:3002/src/components/Sidebar/index.tsx?t=1787527165311:31:20)
    at RenderedRoute (http://restaurant21.lobytech.test:3002/node_modules/.vite/deps/react-router-dom.js?v=23710b64:3310:5)
    at Routes (http://restaurant21.lobytech.test:3002/node_modules/.vite/deps/react-router-dom.js?v=23710b64:3763:5)
    at div
    at Router (http://restaurant21.lobytech.test:3002/node_modules/.vite/deps/react-router-dom.js?v=23710b64:3710:15)
    at BrowserRouter (http://restaurant21.lobytech.test:3002/node_modules/.vite/deps/react-router-dom.js?v=23710b64:4190:5)
    at Dashboard
    at QueryClientProvider2 (http://restaurant21.lobytech.test:3002/node_modules/.vite/deps/react-query.js?v=23710b64:2647:21)
    at Provider (http://restaurant21.lobytech.test:3002/node_modules/.vite/deps/react-redux.js?v=23710b64:1481:3)
    at App (http://restaurant21.lobytech.test:3002/src/App.tsx?t=1787530374483:31:7)
    at Provider (http://restaurant21.lobytech.test:3002/node_modules/.vite/deps/react-redux.js?v=23710b64:1481:3) @ http://restaurant21.lobytech.test:3002/node_modules/.vite/deps/chunk-GYWC62UC.js?v=23710b64:520
[     696ms] [ERROR] Warning: Unexpected ref object provided for %s. Use either a ref-setter function or React.createRef().%s div 
    at div
    at div
    at DropdownPopover (http://restaurant21.lobytech.test:3002/src/presentation/views/Modules/Admin/Views/Asistencia/Dropdown/index.tsx?t=1787493067224:24:3)
    at td
    at tr
    at tbody
    at table
    at div
    at div
    at Piso2 (http://restaurant21.lobytech.test:3002/src/presentation/views/Modules/Admin/Views/Asistencia/Piso2/index.tsx?t=1787493067224:23:3)
    at div
    at div
    at Asistencia (http://restaurant21.lobytech.test:3002/src/presentation/views/Modules/Admin/Views/Asistencia/index.tsx?t=1787493088342:42:20)
    at RenderedRoute (http://restaurant21.lobytech.test:3002/node_modules/.vite/deps/react-router-dom.js?v=23710b64:3310:5)
    at Outlet (http://restaurant21.lobytech.test:3002/node_modules/.vite/deps/react-router-dom.js?v=23710b64:3703:26)
    at div
    at div
    at div
    at LayoutView (http://restaurant21.lobytech.test:3002/src/components/Sidebar/index.tsx?t=1787527165311:31:20)
    at RenderedRoute (http://restaurant21.lobytech.test:3002/node_modules/.vite/deps/react-router-dom.js?v=23710b64:3310:5)
    at Routes (http://restaurant21.lobytech.test:3002/node_modules/.vite/deps/react-router-dom.js?v=23710b64:3763:5)
    at div
    at Router (http://restaurant21.lobytech.test:3002/node_modules/.vite/deps/react-router-dom.js?v=23710b64:3710:15)
    at BrowserRouter (http://restaurant21.lobytech.test:3002/node_modules/.vite/deps/react-router-dom.js?v=23710b64:4190:5)
    at Dashboard
    at QueryClientProvider2 (http://restaurant21.lobytech.test:3002/node_modules/.vite/deps/react-query.js?v=23710b64:2647:21)
    at Provider (http://restaurant21.lobytech.test:3002/node_modules/.vite/deps/react-redux.js?v=23710b64:1481:3)
    at App (http://restaurant21.lobytech.test:3002/src/App.tsx?t=1787530374483:31:7)
    at Provider (http://restaurant21.lobytech.test:3002/node_modules/.vite/deps/react-redux.js?v=23710b64:1481:3) @ http://restaurant21.lobytech.test:3002/node_modules/.vite/deps/chunk-GYWC62UC.js?v=23710b64:520
[     696ms] [ERROR] Warning: Unexpected ref object provided for %s. Use either a ref-setter function or React.createRef().%s div 
    at div
    at div
    at DropdownPopover (http://restaurant21.lobytech.test:3002/src/presentation/views/Modules/Admin/Views/Asistencia/Dropdown/index.tsx?t=1787493067224:24:3)
    at td
    at tr
    at tbody
    at table
    at div
    at div
    at Piso2 (http://restaurant21.lobytech.test:3002/src/presentation/views/Modules/Admin/Views/Asistencia/Piso2/index.tsx?t=1787493067224:23:3)
    at div
    at div
    at Asistencia (http://restaurant21.lobytech.test:3002/src/presentation/views/Modules/Admin/Views/Asistencia/index.tsx?t=1787493088342:42:20)
    at RenderedRoute (http://restaurant21.lobytech.test:3002/node_modules/.vite/deps/react-router-dom.js?v=23710b64:3310:5)
    at Outlet (http://restaurant21.lobytech.test:3002/node_modules/.vite/deps/react-router-dom.js?v=23710b64:3703:26)
    at div
    at div
    at div
    at LayoutView (http://restaurant21.lobytech.test:3002/src/components/Sidebar/index.tsx?t=1787527165311:31:20)
    at RenderedRoute (http://restaurant21.lobytech.test:3002/node_modules/.vite/deps/react-router-dom.js?v=23710b64:3310:5)
    at Routes (http://restaurant21.lobytech.test:3002/node_modules/.vite/deps/react-router-dom.js?v=23710b64:3763:5)
    at div
    at Router (http://restaurant21.lobytech.test:3002/node_modules/.vite/deps/react-router-dom.js?v=23710b64:3710:15)
    at BrowserRouter (http://restaurant21.lobytech.test:3002/node_modules/.vite/deps/react-router-dom.js?v=23710b64:4190:5)
    at Dashboard
    at QueryClientProvider2 (http://restaurant21.lobytech.test:3002/node_modules/.vite/deps/react-query.js?v=23710b64:2647:21)
    at Provider (http://restaurant21.lobytech.test:3002/node_modules/.vite/deps/react-redux.js?v=23710b64:1481:3)
    at App (http://restaurant21.lobytech.test:3002/src/App.tsx?t=1787530374483:31:7)
    at Provider (http://restaurant21.lobytech.test:3002/node_modules/.vite/deps/react-redux.js?v=23710b64:1481:3) @ http://restaurant21.lobytech.test:3002/node_modules/.vite/deps/chunk-GYWC62UC.js?v=23710b64:520
[     696ms] [ERROR] Warning: Unexpected ref object provided for %s. Use either a ref-setter function or React.createRef().%s div 
    at div
    at div
    at DropdownPopover (http://restaurant21.lobytech.test:3002/src/presentation/views/Modules/Admin/Views/Asistencia/Dropdown/index.tsx?t=1787493067224:24:3)
    at td
    at tr
    at tbody
    at table
    at div
    at div
    at Piso2 (http://restaurant21.lobytech.test:3002/src/presentation/views/Modules/Admin/Views/Asistencia/Piso2/index.tsx?t=1787493067224:23:3)
    at div
    at div
    at Asistencia (http://restaurant21.lobytech.test:3002/src/presentation/views/Modules/Admin/Views/Asistencia/index.tsx?t=1787493088342:42:20)
    at RenderedRoute (http://restaurant21.lobytech.test:3002/node_modules/.vite/deps/react-router-dom.js?v=23710b64:3310:5)
    at Outlet (http://restaurant21.lobytech.test:3002/node_modules/.vite/deps/react-router-dom.js?v=23710b64:3703:26)
    at div
    at div
    at div
    at LayoutView (http://restaurant21.lobytech.test:3002/src/components/Sidebar/index.tsx?t=1787527165311:31:20)
    at RenderedRoute (http://restaurant21.lobytech.test:3002/node_modules/.vite/deps/react-router-dom.js?v=23710b64:3310:5)
    at Routes (http://restaurant21.lobytech.test:3002/node_modules/.vite/deps/react-router-dom.js?v=23710b64:3763:5)
    at div
    at Router (http://restaurant21.lobytech.test:3002/node_modules/.vite/deps/react-router-dom.js?v=23710b64:3710:15)
    at BrowserRouter (http://restaurant21.lobytech.test:3002/node_modules/.vite/deps/react-router-dom.js?v=23710b64:4190:5)
    at Dashboard
    at QueryClientProvider2 (http://restaurant21.lobytech.test:3002/node_modules/.vite/deps/react-query.js?v=23710b64:2647:21)
    at Provider (http://restaurant21.lobytech.test:3002/node_modules/.vite/deps/react-redux.js?v=23710b64:1481:3)
    at App (http://restaurant21.lobytech.test:3002/src/App.tsx?t=1787530374483:31:7)
    at Provider (http://restaurant21.lobytech.test:3002/node_modules/.vite/deps/react-redux.js?v=23710b64:1481:3) @ http://restaurant21.lobytech.test:3002/node_modules/.vite/deps/chunk-GYWC62UC.js?v=23710b64:520
[     696ms] [ERROR] Warning: Unexpected ref object provided for %s. Use either a ref-setter function or React.createRef().%s div 
    at div
    at div
    at DropdownPopover (http://restaurant21.lobytech.test:3002/src/presentation/views/Modules/Admin/Views/Asistencia/Dropdown/index.tsx?t=1787493067224:24:3)
    at td
    at tr
    at tbody
    at table
    at div
    at div
    at Piso2 (http://restaurant21.lobytech.test:3002/src/presentation/views/Modules/Admin/Views/Asistencia/Piso2/index.tsx?t=1787493067224:23:3)
    at div
    at div
    at Asistencia (http://restaurant21.lobytech.test:3002/src/presentation/views/Modules/Admin/Views/Asistencia/index.tsx?t=1787493088342:42:20)
    at RenderedRoute (http://restaurant21.lobytech.test:3002/node_modules/.vite/deps/react-router-dom.js?v=23710b64:3310:5)
    at Outlet (http://restaurant21.lobytech.test:3002/node_modules/.vite/deps/react-router-dom.js?v=23710b64:3703:26)
    at div
    at div
    at div
    at LayoutView (http://restaurant21.lobytech.test:3002/src/components/Sidebar/index.tsx?t=1787527165311:31:20)
    at RenderedRoute (http://restaurant21.lobytech.test:3002/node_modules/.vite/deps/react-router-dom.js?v=23710b64:3310:5)
    at Routes (http://restaurant21.lobytech.test:3002/node_modules/.vite/deps/react-router-dom.js?v=23710b64:3763:5)
    at div
    at Router (http://restaurant21.lobytech.test:3002/node_modules/.vite/deps/react-router-dom.js?v=23710b64:3710:15)
    at BrowserRouter (http://restaurant21.lobytech.test:3002/node_modules/.vite/deps/react-router-dom.js?v=23710b64:4190:5)
    at Dashboard
    at QueryClientProvider2 (http://restaurant21.lobytech.test:3002/node_modules/.vite/deps/react-query.js?v=23710b64:2647:21)
    at Provider (http://restaurant21.lobytech.test:3002/node_modules/.vite/deps/react-redux.js?v=23710b64:1481:3)
    at App (http://restaurant21.lobytech.test:3002/src/App.tsx?t=1787530374483:31:7)
    at Provider (http://restaurant21.lobytech.test:3002/node_modules/.vite/deps/react-redux.js?v=23710b64:1481:3) @ http://restaurant21.lobytech.test:3002/node_modules/.vite/deps/chunk-GYWC62UC.js?v=23710b64:520
[     696ms] [ERROR] Warning: Unexpected ref object provided for %s. Use either a ref-setter function or React.createRef().%s div 
    at div
    at div
    at DropdownPopover (http://restaurant21.lobytech.test:3002/src/presentation/views/Modules/Admin/Views/Asistencia/Dropdown/index.tsx?t=1787493067224:24:3)
    at td
    at tr
    at tbody
    at table
    at div
    at div
    at Piso2 (http://restaurant21.lobytech.test:3002/src/presentation/views/Modules/Admin/Views/Asistencia/Piso2/index.tsx?t=1787493067224:23:3)
    at div
    at div
    at Asistencia (http://restaurant21.lobytech.test:3002/src/presentation/views/Modules/Admin/Views/Asistencia/index.tsx?t=1787493088342:42:20)
    at RenderedRoute (http://restaurant21.lobytech.test:3002/node_modules/.vite/deps/react-router-dom.js?v=23710b64:3310:5)
    at Outlet (http://restaurant21.lobytech.test:3002/node_modules/.vite/deps/react-router-dom.js?v=23710b64:3703:26)
    at div
    at div
    at div
    at LayoutView (http://restaurant21.lobytech.test:3002/src/components/Sidebar/index.tsx?t=1787527165311:31:20)
    at RenderedRoute (http://restaurant21.lobytech.test:3002/node_modules/.vite/deps/react-router-dom.js?v=23710b64:3310:5)
    at Routes (http://restaurant21.lobytech.test:3002/node_modules/.vite/deps/react-router-dom.js?v=23710b64:3763:5)
    at div
    at Router (http://restaurant21.lobytech.test:3002/node_modules/.vite/deps/react-router-dom.js?v=23710b64:3710:15)
    at BrowserRouter (http://restaurant21.lobytech.test:3002/node_modules/.vite/deps/react-router-dom.js?v=23710b64:4190:5)
    at Dashboard
    at QueryClientProvider2 (http://restaurant21.lobytech.test:3002/node_modules/.vite/deps/react-query.js?v=23710b64:2647:21)
    at Provider (http://restaurant21.lobytech.test:3002/node_modules/.vite/deps/react-redux.js?v=23710b64:1481:3)
    at App (http://restaurant21.lobytech.test:3002/src/App.tsx?t=1787530374483:31:7)
    at Provider (http://restaurant21.lobytech.test:3002/node_modules/.vite/deps/react-redux.js?v=23710b64:1481:3) @ http://restaurant21.lobytech.test:3002/node_modules/.vite/deps/chunk-GYWC62UC.js?v=23710b64:520
[     696ms] [ERROR] Warning: Unexpected ref object provided for %s. Use either a ref-setter function or React.createRef().%s div 
    at div
    at div
    at DropdownPopover (http://restaurant21.lobytech.test:3002/src/presentation/views/Modules/Admin/Views/Asistencia/Dropdown/index.tsx?t=1787493067224:24:3)
    at td
    at tr
    at tbody
    at table
    at div
    at div
    at Piso2 (http://restaurant21.lobytech.test:3002/src/presentation/views/Modules/Admin/Views/Asistencia/Piso2/index.tsx?t=1787493067224:23:3)
    at div
    at div
    at Asistencia (http://restaurant21.lobytech.test:3002/src/presentation/views/Modules/Admin/Views/Asistencia/index.tsx?t=1787493088342:42:20)
    at RenderedRoute (http://restaurant21.lobytech.test:3002/node_modules/.vite/deps/react-router-dom.js?v=23710b64:3310:5)
    at Outlet (http://restaurant21.lobytech.test:3002/node_modules/.vite/deps/react-router-dom.js?v=23710b64:3703:26)
    at div
    at div
    at div
    at LayoutView (http://restaurant21.lobytech.test:3002/src/components/Sidebar/index.tsx?t=1787527165311:31:20)
    at RenderedRoute (http://restaurant21.lobytech.test:3002/node_modules/.vite/deps/react-router-dom.js?v=23710b64:3310:5)
    at Routes (http://restaurant21.lobytech.test:3002/node_modules/.vite/deps/react-router-dom.js?v=23710b64:3763:5)
    at div
    at Router (http://restaurant21.lobytech.test:3002/node_modules/.vite/deps/react-router-dom.js?v=23710b64:3710:15)
    at BrowserRouter (http://restaurant21.lobytech.test:3002/node_modules/.vite/deps/react-router-dom.js?v=23710b64:4190:5)
    at Dashboard
    at QueryClientProvider2 (http://restaurant21.lobytech.test:3002/node_modules/.vite/deps/react-query.js?v=23710b64:2647:21)
    at Provider (http://restaurant21.lobytech.test:3002/node_modules/.vite/deps/react-redux.js?v=23710b64:1481:3)
    at App (http://restaurant21.lobytech.test:3002/src/App.tsx?t=1787530374483:31:7)
    at Provider (http://restaurant21.lobytech.test:3002/node_modules/.vite/deps/react-redux.js?v=23710b64:1481:3) @ http://restaurant21.lobytech.test:3002/node_modules/.vite/deps/chunk-GYWC62UC.js?v=23710b64:520
[     696ms] [ERROR] Warning: Unexpected ref object provided for %s. Use either a ref-setter function or React.createRef().%s div 
    at div
    at div
    at DropdownPopover (http://restaurant21.lobytech.test:3002/src/presentation/views/Modules/Admin/Views/Asistencia/Dropdown/index.tsx?t=1787493067224:24:3)
    at td
    at tr
    at tbody
    at table
    at div
    at div
    at Piso2 (http://restaurant21.lobytech.test:3002/src/presentation/views/Modules/Admin/Views/Asistencia/Piso2/index.tsx?t=1787493067224:23:3)
    at div
    at div
    at Asistencia (http://restaurant21.lobytech.test:3002/src/presentation/views/Modules/Admin/Views/Asistencia/index.tsx?t=1787493088342:42:20)
    at RenderedRoute (http://restaurant21.lobytech.test:3002/node_modules/.vite/deps/react-router-dom.js?v=23710b64:3310:5)
    at Outlet (http://restaurant21.lobytech.test:3002/node_modules/.vite/deps/react-router-dom.js?v=23710b64:3703:26)
    at div
    at div
    at div
    at LayoutView (http://restaurant21.lobytech.test:3002/src/components/Sidebar/index.tsx?t=1787527165311:31:20)
    at RenderedRoute (http://restaurant21.lobytech.test:3002/node_modules/.vite/deps/react-router-dom.js?v=23710b64:3310:5)
    at Routes (http://restaurant21.lobytech.test:3002/node_modules/.vite/deps/react-router-dom.js?v=23710b64:3763:5)
    at div
    at Router (http://restaurant21.lobytech.test:3002/node_modules/.vite/deps/react-router-dom.js?v=23710b64:3710:15)
    at BrowserRouter (http://restaurant21.lobytech.test:3002/node_modules/.vite/deps/react-router-dom.js?v=23710b64:4190:5)
    at Dashboard
    at QueryClientProvider2 (http://restaurant21.lobytech.test:3002/node_modules/.vite/deps/react-query.js?v=23710b64:2647:21)
    at Provider (http://restaurant21.lobytech.test:3002/node_modules/.vite/deps/react-redux.js?v=23710b64:1481:3)
    at App (http://restaurant21.lobytech.test:3002/src/App.tsx?t=1787530374483:31:7)
    at Provider (http://restaurant21.lobytech.test:3002/node_modules/.vite/deps/react-redux.js?v=23710b64:1481:3) @ http://restaurant21.lobytech.test:3002/node_modules/.vite/deps/chunk-GYWC62UC.js?v=23710b64:520
[     696ms] [ERROR] Warning: Unexpected ref object provided for %s. Use either a ref-setter function or React.createRef().%s div 
    at div
    at div
    at DropdownPopover (http://restaurant21.lobytech.test:3002/src/presentation/views/Modules/Admin/Views/Asistencia/Dropdown/index.tsx?t=1787493067224:24:3)
    at td
    at tr
    at tbody
    at table
    at div
    at div
    at Piso2 (http://restaurant21.lobytech.test:3002/src/presentation/views/Modules/Admin/Views/Asistencia/Piso2/index.tsx?t=1787493067224:23:3)
    at div
    at div
    at Asistencia (http://restaurant21.lobytech.test:3002/src/presentation/views/Modules/Admin/Views/Asistencia/index.tsx?t=1787493088342:42:20)
    at RenderedRoute (http://restaurant21.lobytech.test:3002/node_modules/.vite/deps/react-router-dom.js?v=23710b64:3310:5)
    at Outlet (http://restaurant21.lobytech.test:3002/node_modules/.vite/deps/react-router-dom.js?v=23710b64:3703:26)
    at div
    at div
    at div
    at LayoutView (http://restaurant21.lobytech.test:3002/src/components/Sidebar/index.tsx?t=1787527165311:31:20)
    at RenderedRoute (http://restaurant21.lobytech.test:3002/node_modules/.vite/deps/react-router-dom.js?v=23710b64:3310:5)
    at Routes (http://restaurant21.lobytech.test:3002/node_modules/.vite/deps/react-router-dom.js?v=23710b64:3763:5)
    at div
    at Router (http://restaurant21.lobytech.test:3002/node_modules/.vite/deps/react-router-dom.js?v=23710b64:3710:15)
    at BrowserRouter (http://restaurant21.lobytech.test:3002/node_modules/.vite/deps/react-router-dom.js?v=23710b64:4190:5)
    at Dashboard
    at QueryClientProvider2 (http://restaurant21.lobytech.test:3002/node_modules/.vite/deps/react-query.js?v=23710b64:2647:21)
    at Provider (http://restaurant21.lobytech.test:3002/node_modules/.vite/deps/react-redux.js?v=23710b64:1481:3)
    at App (http://restaurant21.lobytech.test:3002/src/App.tsx?t=1787530374483:31:7)
    at Provider (http://restaurant21.lobytech.test:3002/node_modules/.vite/deps/react-redux.js?v=23710b64:1481:3) @ http://restaurant21.lobytech.test:3002/node_modules/.vite/deps/chunk-GYWC62UC.js?v=23710b64:520
[     696ms] [ERROR] Warning: Unexpected ref object provided for %s. Use either a ref-setter function or React.createRef().%s div 
    at div
    at div
    at DropdownPopover (http://restaurant21.lobytech.test:3002/src/presentation/views/Modules/Admin/Views/Asistencia/Dropdown/index.tsx?t=1787493067224:24:3)
    at td
    at tr
    at tbody
    at table
    at div
    at div
    at Piso2 (http://restaurant21.lobytech.test:3002/src/presentation/views/Modules/Admin/Views/Asistencia/Piso2/index.tsx?t=1787493067224:23:3)
    at div
    at div
    at Asistencia (http://restaurant21.lobytech.test:3002/src/presentation/views/Modules/Admin/Views/Asistencia/index.tsx?t=1787493088342:42:20)
    at RenderedRoute (http://restaurant21.lobytech.test:3002/node_modules/.vite/deps/react-router-dom.js?v=23710b64:3310:5)
    at Outlet (http://restaurant21.lobytech.test:3002/node_modules/.vite/deps/react-router-dom.js?v=23710b64:3703:26)
    at div
    at div
    at div
    at LayoutView (http://restaurant21.lobytech.test:3002/src/components/Sidebar/index.tsx?t=1787527165311:31:20)
    at RenderedRoute (http://restaurant21.lobytech.test:3002/node_modules/.vite/deps/react-router-dom.js?v=23710b64:3310:5)
    at Routes (http://restaurant21.lobytech.test:3002/node_modules/.vite/deps/react-router-dom.js?v=23710b64:3763:5)
    at div
    at Router (http://restaurant21.lobytech.test:3002/node_modules/.vite/deps/react-router-dom.js?v=23710b64:3710:15)
    at BrowserRouter (http://restaurant21.lobytech.test:3002/node_modules/.vite/deps/react-router-dom.js?v=23710b64:4190:5)
    at Dashboard
    at QueryClientProvider2 (http://restaurant21.lobytech.test:3002/node_modules/.vite/deps/react-query.js?v=23710b64:2647:21)
    at Provider (http://restaurant21.lobytech.test:3002/node_modules/.vite/deps/react-redux.js?v=23710b64:1481:3)
    at App (http://restaurant21.lobytech.test:3002/src/App.tsx?t=1787530374483:31:7)
    at Provider (http://restaurant21.lobytech.test:3002/node_modules/.vite/deps/react-redux.js?v=23710b64:1481:3) @ http://restaurant21.lobytech.test:3002/node_modules/.vite/deps/chunk-GYWC62UC.js?v=23710b64:520
[     697ms] [ERROR] Warning: Unexpected ref object provided for %s. Use either a ref-setter function or React.createRef().%s div 
    at div
    at div
    at DropdownPopover (http://restaurant21.lobytech.test:3002/src/presentation/views/Modules/Admin/Views/Asistencia/Dropdown/index.tsx?t=1787493067224:24:3)
    at td
    at tr
    at tbody
    at table
    at div
    at div
    at Piso2 (http://restaurant21.lobytech.test:3002/src/presentation/views/Modules/Admin/Views/Asistencia/Piso2/index.tsx?t=1787493067224:23:3)
    at div
    at div
    at Asistencia (http://restaurant21.lobytech.test:3002/src/presentation/views/Modules/Admin/Views/Asistencia/index.tsx?t=1787493088342:42:20)
    at RenderedRoute (http://restaurant21.lobytech.test:3002/node_modules/.vite/deps/react-router-dom.js?v=23710b64:3310:5)
    at Outlet (http://restaurant21.lobytech.test:3002/node_modules/.vite/deps/react-router-dom.js?v=23710b64:3703:26)
    at div
    at div
    at div
    at LayoutView (http://restaurant21.lobytech.test:3002/src/components/Sidebar/index.tsx?t=1787527165311:31:20)
    at RenderedRoute (http://restaurant21.lobytech.test:3002/node_modules/.vite/deps/react-router-dom.js?v=23710b64:3310:5)
    at Routes (http://restaurant21.lobytech.test:3002/node_modules/.vite/deps/react-router-dom.js?v=23710b64:3763:5)
    at div
    at Router (http://restaurant21.lobytech.test:3002/node_modules/.vite/deps/react-router-dom.js?v=23710b64:3710:15)
    at BrowserRouter (http://restaurant21.lobytech.test:3002/node_modules/.vite/deps/react-router-dom.js?v=23710b64:4190:5)
    at Dashboard
    at QueryClientProvider2 (http://restaurant21.lobytech.test:3002/node_modules/.vite/deps/react-query.js?v=23710b64:2647:21)
    at Provider (http://restaurant21.lobytech.test:3002/node_modules/.vite/deps/react-redux.js?v=23710b64:1481:3)
    at App (http://restaurant21.lobytech.test:3002/src/App.tsx?t=1787530374483:31:7)
    at Provider (http://restaurant21.lobytech.test:3002/node_modules/.vite/deps/react-redux.js?v=23710b64:1481:3) @ http://restaurant21.lobytech.test:3002/node_modules/.vite/deps/chunk-GYWC62UC.js?v=23710b64:520
[     697ms] [ERROR] Warning: Unexpected ref object provided for %s. Use either a ref-setter function or React.createRef().%s div 
    at div
    at div
    at DropdownPopover (http://restaurant21.lobytech.test:3002/src/presentation/views/Modules/Admin/Views/Asistencia/Dropdown/index.tsx?t=1787493067224:24:3)
    at td
    at tr
    at tbody
    at table
    at div
    at div
    at Piso2 (http://restaurant21.lobytech.test:3002/src/presentation/views/Modules/Admin/Views/Asistencia/Piso2/index.tsx?t=1787493067224:23:3)
    at div
    at div
    at Asistencia (http://restaurant21.lobytech.test:3002/src/presentation/views/Modules/Admin/Views/Asistencia/index.tsx?t=1787493088342:42:20)
    at RenderedRoute (http://restaurant21.lobytech.test:3002/node_modules/.vite/deps/react-router-dom.js?v=23710b64:3310:5)
    at Outlet (http://restaurant21.lobytech.test:3002/node_modules/.vite/deps/react-router-dom.js?v=23710b64:3703:26)
    at div
    at div
    at div
    at LayoutView (http://restaurant21.lobytech.test:3002/src/components/Sidebar/index.tsx?t=1787527165311:31:20)
    at RenderedRoute (http://restaurant21.lobytech.test:3002/node_modules/.vite/deps/react-router-dom.js?v=23710b64:3310:5)
    at Routes (http://restaurant21.lobytech.test:3002/node_modules/.vite/deps/react-router-dom.js?v=23710b64:3763:5)
    at div
    at Router (http://restaurant21.lobytech.test:3002/node_modules/.vite/deps/react-router-dom.js?v=23710b64:3710:15)
    at BrowserRouter (http://restaurant21.lobytech.test:3002/node_modules/.vite/deps/react-router-dom.js?v=23710b64:4190:5)
    at Dashboard
    at QueryClientProvider2 (http://restaurant21.lobytech.test:3002/node_modules/.vite/deps/react-query.js?v=23710b64:2647:21)
    at Provider (http://restaurant21.lobytech.test:3002/node_modules/.vite/deps/react-redux.js?v=23710b64:1481:3)
    at App (http://restaurant21.lobytech.test:3002/src/App.tsx?t=1787530374483:31:7)
    at Provider (http://restaurant21.lobytech.test:3002/node_modules/.vite/deps/react-redux.js?v=23710b64:1481:3) @ http://restaurant21.lobytech.test:3002/node_modules/.vite/deps/chunk-GYWC62UC.js?v=23710b64:520
[     712ms] [LOG] [] @ http://restaurant21.lobytech.test:3002/src/presentation/views/Modules/Admin/Views/Asistencia/index.tsx?t=1787493088342:46
[     713ms] [LOG] Sun Aug 23 2026 00:00:00 GMT-0500 (hora estándar de Perú) @ http://restaurant21.lobytech.test:3002/src/presentation/views/Modules/Admin/Views/Asistencia/index.tsx?t=1787493088342:115
[     713ms] [LOG] {turno: Turno Especial, diaSemana: 0} @ http://restaurant21.lobytech.test:3002/src/presentation/views/Modules/Admin/Views/Asistencia/index.tsx?t=1787493088342:129
[     713ms] [LOG] Sun Aug 23 2026 00:00:00 GMT-0500 (hora estándar de Perú) @ http://restaurant21.lobytech.test:3002/src/presentation/views/Modules/Admin/Views/Asistencia/index.tsx?t=1787493088342:115
[     713ms] [LOG] Sun Aug 23 2026 00:00:00 GMT-0500 (hora estándar de Perú) @ http://restaurant21.lobytech.test:3002/src/presentation/views/Modules/Admin/Views/Asistencia/index.tsx?t=1787493088342:115
[     713ms] [LOG] [] @ http://restaurant21.lobytech.test:3002/src/presentation/views/Modules/Admin/Views/Asistencia/index.tsx?t=1787493088342:198
[     714ms] [LOG] false @ http://restaurant21.lobytech.test:3002/src/components/Toggle/index.tsx:24
[     714ms] [LOG] () => {
    if (diaSemana === 0) {
      setCheckedTurno(false);
    } else {
      setCheckedTurno(!isTurno);
    }
  } @ http://restaurant21.lobytech.test:3002/src/components/Toggle/index.tsx:25
[     715ms] [LOG] null @ http://restaurant21.lobytech.test:3002/src/presentation/views/Modules/Admin/Views/Asistencia/Dropdown/index.tsx?t=1787493067224:68
[     716ms] [LOG] null @ http://restaurant21.lobytech.test:3002/src/presentation/views/Modules/Admin/Views/Asistencia/Dropdown/index.tsx?t=1787493067224:68
[     716ms] [LOG] null @ http://restaurant21.lobytech.test:3002/src/presentation/views/Modules/Admin/Views/Asistencia/Dropdown/index.tsx?t=1787493067224:68
[     716ms] [LOG] null @ http://restaurant21.lobytech.test:3002/src/presentation/views/Modules/Admin/Views/Asistencia/Dropdown/index.tsx?t=1787493067224:68
[     717ms] [LOG] null @ http://restaurant21.lobytech.test:3002/src/presentation/views/Modules/Admin/Views/Asistencia/Dropdown/index.tsx?t=1787493067224:68
[     717ms] [LOG] null @ http://restaurant21.lobytech.test:3002/src/presentation/views/Modules/Admin/Views/Asistencia/Dropdown/index.tsx?t=1787493067224:68
[     717ms] [LOG] null @ http://restaurant21.lobytech.test:3002/src/presentation/views/Modules/Admin/Views/Asistencia/Dropdown/index.tsx?t=1787493067224:68
[     718ms] [LOG] null @ http://restaurant21.lobytech.test:3002/src/presentation/views/Modules/Admin/Views/Asistencia/Dropdown/index.tsx?t=1787493067224:68
[     718ms] [LOG] null @ http://restaurant21.lobytech.test:3002/src/presentation/views/Modules/Admin/Views/Asistencia/Dropdown/index.tsx?t=1787493067224:68
[     718ms] [LOG] null @ http://restaurant21.lobytech.test:3002/src/presentation/views/Modules/Admin/Views/Asistencia/Dropdown/index.tsx?t=1787493067224:68
[     719ms] [LOG] null @ http://restaurant21.lobytech.test:3002/src/presentation/views/Modules/Admin/Views/Asistencia/Dropdown/index.tsx?t=1787493067224:68
[     719ms] [LOG] null @ http://restaurant21.lobytech.test:3002/src/presentation/views/Modules/Admin/Views/Asistencia/Dropdown/index.tsx?t=1787493067224:68
[     719ms] [LOG] null @ http://restaurant21.lobytech.test:3002/src/presentation/views/Modules/Admin/Views/Asistencia/Dropdown/index.tsx?t=1787493067224:68
[     719ms] [LOG] null @ http://restaurant21.lobytech.test:3002/src/presentation/views/Modules/Admin/Views/Asistencia/Dropdown/index.tsx?t=1787493067224:68
[     720ms] [LOG] null @ http://restaurant21.lobytech.test:3002/src/presentation/views/Modules/Admin/Views/Asistencia/Dropdown/index.tsx?t=1787493067224:68
[     720ms] [LOG] null @ http://restaurant21.lobytech.test:3002/src/presentation/views/Modules/Admin/Views/Asistencia/Dropdown/index.tsx?t=1787493067224:68
[     720ms] [LOG] null @ http://restaurant21.lobytech.test:3002/src/presentation/views/Modules/Admin/Views/Asistencia/Dropdown/index.tsx?t=1787493067224:68
[     721ms] [LOG] null @ http://restaurant21.lobytech.test:3002/src/presentation/views/Modules/Admin/Views/Asistencia/Dropdown/index.tsx?t=1787493067224:68
[     721ms] [LOG] null @ http://restaurant21.lobytech.test:3002/src/presentation/views/Modules/Admin/Views/Asistencia/Dropdown/index.tsx?t=1787493067224:68
[     722ms] [LOG] null @ http://restaurant21.lobytech.test:3002/src/presentation/views/Modules/Admin/Views/Asistencia/Dropdown/index.tsx?t=1787493067224:68
[     722ms] [LOG] null @ http://restaurant21.lobytech.test:3002/src/presentation/views/Modules/Admin/Views/Asistencia/Dropdown/index.tsx?t=1787493067224:68
[     722ms] [LOG] null @ http://restaurant21.lobytech.test:3002/src/presentation/views/Modules/Admin/Views/Asistencia/Dropdown/index.tsx?t=1787493067224:68
[     723ms] [LOG] null @ http://restaurant21.lobytech.test:3002/src/presentation/views/Modules/Admin/Views/Asistencia/Dropdown/index.tsx?t=1787493067224:68
[     723ms] [LOG] null @ http://restaurant21.lobytech.test:3002/src/presentation/views/Modules/Admin/Views/Asistencia/Dropdown/index.tsx?t=1787493067224:68
[     723ms] [LOG] null @ http://restaurant21.lobytech.test:3002/src/presentation/views/Modules/Admin/Views/Asistencia/Dropdown/index.tsx?t=1787493067224:68
[     724ms] [LOG] null @ http://restaurant21.lobytech.test:3002/src/presentation/views/Modules/Admin/Views/Asistencia/Dropdown/index.tsx?t=1787493067224:68
[     724ms] [LOG] null @ http://restaurant21.lobytech.test:3002/src/presentation/views/Modules/Admin/Views/Asistencia/Dropdown/index.tsx?t=1787493067224:68
[     724ms] [LOG] null @ http://restaurant21.lobytech.test:3002/src/presentation/views/Modules/Admin/Views/Asistencia/Dropdown/index.tsx?t=1787493067224:68
[     725ms] [LOG] null @ http://restaurant21.lobytech.test:3002/src/presentation/views/Modules/Admin/Views/Asistencia/Dropdown/index.tsx?t=1787493067224:68
[     725ms] [LOG] null @ http://restaurant21.lobytech.test:3002/src/presentation/views/Modules/Admin/Views/Asistencia/Dropdown/index.tsx?t=1787493067224:68
[     725ms] [LOG] null @ http://restaurant21.lobytech.test:3002/src/presentation/views/Modules/Admin/Views/Asistencia/Dropdown/index.tsx?t=1787493067224:68
[     726ms] [LOG] null @ http://restaurant21.lobytech.test:3002/src/presentation/views/Modules/Admin/Views/Asistencia/Dropdown/index.tsx?t=1787493067224:68
[     727ms] [LOG] null @ http://restaurant21.lobytech.test:3002/src/presentation/views/Modules/Admin/Views/Asistencia/Dropdown/index.tsx?t=1787493067224:68
[     727ms] [LOG] null @ http://restaurant21.lobytech.test:3002/src/presentation/views/Modules/Admin/Views/Asistencia/Dropdown/index.tsx?t=1787493067224:68
[     728ms] [LOG] null @ http://restaurant21.lobytech.test:3002/src/presentation/views/Modules/Admin/Views/Asistencia/Dropdown/index.tsx?t=1787493067224:68
[     728ms] [LOG] null @ http://restaurant21.lobytech.test:3002/src/presentation/views/Modules/Admin/Views/Asistencia/Dropdown/index.tsx?t=1787493067224:68
[     728ms] [LOG] null @ http://restaurant21.lobytech.test:3002/src/presentation/views/Modules/Admin/Views/Asistencia/Dropdown/index.tsx?t=1787493067224:68
[     728ms] [LOG] null @ http://restaurant21.lobytech.test:3002/src/presentation/views/Modules/Admin/Views/Asistencia/Dropdown/index.tsx?t=1787493067224:68
[     728ms] [LOG] null @ http://restaurant21.lobytech.test:3002/src/presentation/views/Modules/Admin/Views/Asistencia/Dropdown/index.tsx?t=1787493067224:68
[     729ms] [LOG] null @ http://restaurant21.lobytech.test:3002/src/presentation/views/Modules/Admin/Views/Asistencia/Dropdown/index.tsx?t=1787493067224:68
[     729ms] [LOG] null @ http://restaurant21.lobytech.test:3002/src/presentation/views/Modules/Admin/Views/Asistencia/Dropdown/index.tsx?t=1787493067224:68
[     729ms] [LOG] null @ http://restaurant21.lobytech.test:3002/src/presentation/views/Modules/Admin/Views/Asistencia/Dropdown/index.tsx?t=1787493067224:68
[     730ms] [LOG] null @ http://restaurant21.lobytech.test:3002/src/presentation/views/Modules/Admin/Views/Asistencia/Dropdown/index.tsx?t=1787493067224:68
[     734ms] [LOG] null @ http://restaurant21.lobytech.test:3002/src/presentation/views/Modules/Admin/Views/Asistencia/Dropdown/index.tsx?t=1787493067224:68
[     734ms] [LOG] null @ http://restaurant21.lobytech.test:3002/src/presentation/views/Modules/Admin/Views/Asistencia/Dropdown/index.tsx?t=1787493067224:68
[     735ms] [LOG] null @ http://restaurant21.lobytech.test:3002/src/presentation/views/Modules/Admin/Views/Asistencia/Dropdown/index.tsx?t=1787493067224:68
[     735ms] [LOG] null @ http://restaurant21.lobytech.test:3002/src/presentation/views/Modules/Admin/Views/Asistencia/Dropdown/index.tsx?t=1787493067224:68
[     735ms] [LOG] null @ http://restaurant21.lobytech.test:3002/src/presentation/views/Modules/Admin/Views/Asistencia/Dropdown/index.tsx?t=1787493067224:68
[     736ms] [LOG] null @ http://restaurant21.lobytech.test:3002/src/presentation/views/Modules/Admin/Views/Asistencia/Dropdown/index.tsx?t=1787493067224:68
[     736ms] [LOG] null @ http://restaurant21.lobytech.test:3002/src/presentation/views/Modules/Admin/Views/Asistencia/Dropdown/index.tsx?t=1787493067224:68
[     736ms] [LOG] null @ http://restaurant21.lobytech.test:3002/src/presentation/views/Modules/Admin/Views/Asistencia/Dropdown/index.tsx?t=1787493067224:68
[     737ms] [LOG] null @ http://restaurant21.lobytech.test:3002/src/presentation/views/Modules/Admin/Views/Asistencia/Dropdown/index.tsx?t=1787493067224:68
[     737ms] [LOG] null @ http://restaurant21.lobytech.test:3002/src/presentation/views/Modules/Admin/Views/Asistencia/Dropdown/index.tsx?t=1787493067224:68
[     737ms] [LOG] null @ http://restaurant21.lobytech.test:3002/src/presentation/views/Modules/Admin/Views/Asistencia/Dropdown/index.tsx?t=1787493067224:68
[     738ms] [LOG] null @ http://restaurant21.lobytech.test:3002/src/presentation/views/Modules/Admin/Views/Asistencia/Dropdown/index.tsx?t=1787493067224:68
[     738ms] [LOG] null @ http://restaurant21.lobytech.test:3002/src/presentation/views/Modules/Admin/Views/Asistencia/Dropdown/index.tsx?t=1787493067224:68
[     739ms] [LOG] null @ http://restaurant21.lobytech.test:3002/src/presentation/views/Modules/Admin/Views/Asistencia/Dropdown/index.tsx?t=1787493067224:68
[     739ms] [LOG] null @ http://restaurant21.lobytech.test:3002/src/presentation/views/Modules/Admin/Views/Asistencia/Dropdown/index.tsx?t=1787493067224:68
[     739ms] [LOG] null @ http://restaurant21.lobytech.test:3002/src/presentation/views/Modules/Admin/Views/Asistencia/Dropdown/index.tsx?t=1787493067224:68
[     740ms] [LOG] null @ http://restaurant21.lobytech.test:3002/src/presentation/views/Modules/Admin/Views/Asistencia/Dropdown/index.tsx?t=1787493067224:68
[     740ms] [LOG] null @ http://restaurant21.lobytech.test:3002/src/presentation/views/Modules/Admin/Views/Asistencia/Dropdown/index.tsx?t=1787493067224:68
[     740ms] [LOG] null @ http://restaurant21.lobytech.test:3002/src/presentation/views/Modules/Admin/Views/Asistencia/Dropdown/index.tsx?t=1787493067224:68
[     741ms] [LOG] null @ http://restaurant21.lobytech.test:3002/src/presentation/views/Modules/Admin/Views/Asistencia/Dropdown/index.tsx?t=1787493067224:68
[     741ms] [LOG] null @ http://restaurant21.lobytech.test:3002/src/presentation/views/Modules/Admin/Views/Asistencia/Dropdown/index.tsx?t=1787493067224:68
[     742ms] [LOG] null @ http://restaurant21.lobytech.test:3002/src/presentation/views/Modules/Admin/Views/Asistencia/Dropdown/index.tsx?t=1787493067224:68
[     742ms] [LOG] null @ http://restaurant21.lobytech.test:3002/src/presentation/views/Modules/Admin/Views/Asistencia/Dropdown/index.tsx?t=1787493067224:68
[     742ms] [LOG] [] @ http://restaurant21.lobytech.test:3002/src/components/Modal/Admin/Asistencia/index.tsx?t=1787493067224:43
[     743ms] [LOG] [] @ http://restaurant21.lobytech.test:3002/src/components/Modal/Admin/Asistencia/index.tsx?t=1787493067224:50
[     743ms] [LOG] Sun Aug 23 2026 00:00:00 GMT-0500 (hora estándar de Perú) @ http://restaurant21.lobytech.test:3002/src/components/Modal/Admin/Asistencia/index.tsx?t=1787493067224:79
[     743ms] [LOG] 1 @ http://restaurant21.lobytech.test:3002/src/components/Modal/Admin/Asistencia/index.tsx?t=1787493067224:95
[     743ms] [LOG] {habitacionId: 0, habitacion: , anfitrionaId: 0, anfitriona: , turno: } @ http://restaurant21.lobytech.test:3002/src/components/Modal/Admin/Asistencia/index.tsx?t=1787493067224:108
[     743ms] [LOG] [] @ http://restaurant21.lobytech.test:3002/src/components/Modal/Admin/Asistencia/index.tsx?t=1787493067224:110
[     744ms] [LOG] 0 @ http://restaurant21.lobytech.test:3002/src/components/Modal/Admin/Asistencia/index.tsx?t=1787493067224:126
[     744ms] [LOG] [] @ http://restaurant21.lobytech.test:3002/src/components/Modal/Admin/Asistencia/index.tsx?t=1787493067224:162
[     744ms] [LOG]  @ http://restaurant21.lobytech.test:3002/src/components/Modal/Admin/Asistencia/index.tsx?t=1787493067224:163
[     744ms] [LOG] 844 @ http://restaurant21.lobytech.test:3002/src/components/Modal/Admin/Asistencia/index.tsx?t=1787493067224:202
[     744ms] [LOG] 390 @ http://restaurant21.lobytech.test:3002/src/components/Modal/Admin/Asistencia/index.tsx?t=1787493067224:203
[     745ms] [LOG] [] @ http://restaurant21.lobytech.test:3002/src/components/Modal/Admin/Fichas/index.tsx?t=1787493067224:37
[     745ms] [LOG] [] @ http://restaurant21.lobytech.test:3002/src/components/Modal/Admin/Fichas/index.tsx?t=1787493067224:38
[     745ms] [LOG] null @ http://restaurant21.lobytech.test:3002/src/components/Modal/Admin/Fichas/index.tsx?t=1787493067224:39
[     745ms] [LOG] 844 @ http://restaurant21.lobytech.test:3002/src/components/Modal/Admin/Fichas/index.tsx?t=1787493067224:47
[     745ms] [LOG] 844 @ http://restaurant21.lobytech.test:3002/src/components/Modal/Admin/Fichas/index.tsx?t=1787493067224:48
[     768ms] [ERROR] Failed to load resource: the server responded with a status of 500 (Internal Server Error) @ http://localhost:5002/api/facturacion/listar-fichas?fecha=23/08/2026:0
[     769ms] [LOG] AxiosError @ http://restaurant21.lobytech.test:3002/src/utils/axios.ts:19
[     769ms] [LOG] AxiosError @ http://restaurant21.lobytech.test:3002/src/redux/reducers/Admin/asistencia/asistencia.reducer.ts:374
[     770ms] [LOG] [] @ http://restaurant21.lobytech.test:3002/src/presentation/views/Modules/Admin/Views/Asistencia/index.tsx?t=1787493088342:46
[     771ms] [LOG] Sun Aug 23 2026 00:00:00 GMT-0500 (hora estándar de Perú) @ http://restaurant21.lobytech.test:3002/src/presentation/views/Modules/Admin/Views/Asistencia/index.tsx?t=1787493088342:115
[     771ms] [LOG] {turno: Turno Especial, diaSemana: 0} @ http://restaurant21.lobytech.test:3002/src/presentation/views/Modules/Admin/Views/Asistencia/index.tsx?t=1787493088342:129
[     771ms] [LOG] Sun Aug 23 2026 00:00:00 GMT-0500 (hora estándar de Perú) @ http://restaurant21.lobytech.test:3002/src/presentation/views/Modules/Admin/Views/Asistencia/index.tsx?t=1787493088342:115
[     771ms] [LOG] Sun Aug 23 2026 00:00:00 GMT-0500 (hora estándar de Perú) @ http://restaurant21.lobytech.test:3002/src/presentation/views/Modules/Admin/Views/Asistencia/index.tsx?t=1787493088342:115
[     771ms] [LOG] [] @ http://restaurant21.lobytech.test:3002/src/presentation/views/Modules/Admin/Views/Asistencia/index.tsx?t=1787493088342:198
[     772ms] [LOG] false @ http://restaurant21.lobytech.test:3002/src/components/Toggle/index.tsx:24
[     772ms] [LOG] () => {
    if (diaSemana === 0) {
      setCheckedTurno(false);
    } else {
      setCheckedTurno(!isTurno);
    }
  } @ http://restaurant21.lobytech.test:3002/src/components/Toggle/index.tsx:25
[     773ms] [LOG] null @ http://restaurant21.lobytech.test:3002/src/presentation/views/Modules/Admin/Views/Asistencia/Dropdown/index.tsx?t=1787493067224:68
[     774ms] [LOG] null @ http://restaurant21.lobytech.test:3002/src/presentation/views/Modules/Admin/Views/Asistencia/Dropdown/index.tsx?t=1787493067224:68
[     774ms] [LOG] null @ http://restaurant21.lobytech.test:3002/src/presentation/views/Modules/Admin/Views/Asistencia/Dropdown/index.tsx?t=1787493067224:68
[     774ms] [LOG] null @ http://restaurant21.lobytech.test:3002/src/presentation/views/Modules/Admin/Views/Asistencia/Dropdown/index.tsx?t=1787493067224:68
[     775ms] [LOG] null @ http://restaurant21.lobytech.test:3002/src/presentation/views/Modules/Admin/Views/Asistencia/Dropdown/index.tsx?t=1787493067224:68
[     775ms] [LOG] null @ http://restaurant21.lobytech.test:3002/src/presentation/views/Modules/Admin/Views/Asistencia/Dropdown/index.tsx?t=1787493067224:68
[     775ms] [LOG] null @ http://restaurant21.lobytech.test:3002/src/presentation/views/Modules/Admin/Views/Asistencia/Dropdown/index.tsx?t=1787493067224:68
[     776ms] [LOG] null @ http://restaurant21.lobytech.test:3002/src/presentation/views/Modules/Admin/Views/Asistencia/Dropdown/index.tsx?t=1787493067224:68
[     776ms] [LOG] null @ http://restaurant21.lobytech.test:3002/src/presentation/views/Modules/Admin/Views/Asistencia/Dropdown/index.tsx?t=1787493067224:68
[     777ms] [LOG] null @ http://restaurant21.lobytech.test:3002/src/presentation/views/Modules/Admin/Views/Asistencia/Dropdown/index.tsx?t=1787493067224:68
[     777ms] [LOG] null @ http://restaurant21.lobytech.test:3002/src/presentation/views/Modules/Admin/Views/Asistencia/Dropdown/index.tsx?t=1787493067224:68
[     777ms] [LOG] null @ http://restaurant21.lobytech.test:3002/src/presentation/views/Modules/Admin/Views/Asistencia/Dropdown/index.tsx?t=1787493067224:68
[     778ms] [LOG] null @ http://restaurant21.lobytech.test:3002/src/presentation/views/Modules/Admin/Views/Asistencia/Dropdown/index.tsx?t=1787493067224:68
[     778ms] [LOG] null @ http://restaurant21.lobytech.test:3002/src/presentation/views/Modules/Admin/Views/Asistencia/Dropdown/index.tsx?t=1787493067224:68
[     779ms] [LOG] null @ http://restaurant21.lobytech.test:3002/src/presentation/views/Modules/Admin/Views/Asistencia/Dropdown/index.tsx?t=1787493067224:68
[     779ms] [LOG] null @ http://restaurant21.lobytech.test:3002/src/presentation/views/Modules/Admin/Views/Asistencia/Dropdown/index.tsx?t=1787493067224:68
[     780ms] [LOG] null @ http://restaurant21.lobytech.test:3002/src/presentation/views/Modules/Admin/Views/Asistencia/Dropdown/index.tsx?t=1787493067224:68
[     780ms] [LOG] null @ http://restaurant21.lobytech.test:3002/src/presentation/views/Modules/Admin/Views/Asistencia/Dropdown/index.tsx?t=1787493067224:68
[     781ms] [LOG] null @ http://restaurant21.lobytech.test:3002/src/presentation/views/Modules/Admin/Views/Asistencia/Dropdown/index.tsx?t=1787493067224:68
[     781ms] [LOG] null @ http://restaurant21.lobytech.test:3002/src/presentation/views/Modules/Admin/Views/Asistencia/Dropdown/index.tsx?t=1787493067224:68
[     782ms] [LOG] null @ http://restaurant21.lobytech.test:3002/src/presentation/views/Modules/Admin/Views/Asistencia/Dropdown/index.tsx?t=1787493067224:68
[     783ms] [LOG] null @ http://restaurant21.lobytech.test:3002/src/presentation/views/Modules/Admin/Views/Asistencia/Dropdown/index.tsx?t=1787493067224:68
[     784ms] [LOG] null @ http://restaurant21.lobytech.test:3002/src/presentation/views/Modules/Admin/Views/Asistencia/Dropdown/index.tsx?t=1787493067224:68
[     784ms] [LOG] null @ http://restaurant21.lobytech.test:3002/src/presentation/views/Modules/Admin/Views/Asistencia/Dropdown/index.tsx?t=1787493067224:68
[     785ms] [LOG] null @ http://restaurant21.lobytech.test:3002/src/presentation/views/Modules/Admin/Views/Asistencia/Dropdown/index.tsx?t=1787493067224:68
[     786ms] [LOG] null @ http://restaurant21.lobytech.test:3002/src/presentation/views/Modules/Admin/Views/Asistencia/Dropdown/index.tsx?t=1787493067224:68
[     786ms] [LOG] null @ http://restaurant21.lobytech.test:3002/src/presentation/views/Modules/Admin/Views/Asistencia/Dropdown/index.tsx?t=1787493067224:68
[     786ms] [LOG] null @ http://restaurant21.lobytech.test:3002/src/presentation/views/Modules/Admin/Views/Asistencia/Dropdown/index.tsx?t=1787493067224:68
[     787ms] [LOG] null @ http://restaurant21.lobytech.test:3002/src/presentation/views/Modules/Admin/Views/Asistencia/Dropdown/index.tsx?t=1787493067224:68
[     787ms] [LOG] null @ http://restaurant21.lobytech.test:3002/src/presentation/views/Modules/Admin/Views/Asistencia/Dropdown/index.tsx?t=1787493067224:68
[     787ms] [LOG] null @ http://restaurant21.lobytech.test:3002/src/presentation/views/Modules/Admin/Views/Asistencia/Dropdown/index.tsx?t=1787493067224:68
[     788ms] [LOG] null @ http://restaurant21.lobytech.test:3002/src/presentation/views/Modules/Admin/Views/Asistencia/Dropdown/index.tsx?t=1787493067224:68
[     789ms] [LOG] null @ http://restaurant21.lobytech.test:3002/src/presentation/views/Modules/Admin/Views/Asistencia/Dropdown/index.tsx?t=1787493067224:68
[     789ms] [LOG] null @ http://restaurant21.lobytech.test:3002/src/presentation/views/Modules/Admin/Views/Asistencia/Dropdown/index.tsx?t=1787493067224:68
[     789ms] [LOG] null @ http://restaurant21.lobytech.test:3002/src/presentation/views/Modules/Admin/Views/Asistencia/Dropdown/index.tsx?t=1787493067224:68
[     790ms] [LOG] null @ http://restaurant21.lobytech.test:3002/src/presentation/views/Modules/Admin/Views/Asistencia/Dropdown/index.tsx?t=1787493067224:68
[     790ms] [LOG] null @ http://restaurant21.lobytech.test:3002/src/presentation/views/Modules/Admin/Views/Asistencia/Dropdown/index.tsx?t=1787493067224:68
[     790ms] [LOG] null @ http://restaurant21.lobytech.test:3002/src/presentation/views/Modules/Admin/Views/Asistencia/Dropdown/index.tsx?t=1787493067224:68
[     791ms] [LOG] null @ http://restaurant21.lobytech.test:3002/src/presentation/views/Modules/Admin/Views/Asistencia/Dropdown/index.tsx?t=1787493067224:68
[     791ms] [LOG] null @ http://restaurant21.lobytech.test:3002/src/presentation/views/Modules/Admin/Views/Asistencia/Dropdown/index.tsx?t=1787493067224:68
[     791ms] [LOG] null @ http://restaurant21.lobytech.test:3002/src/presentation/views/Modules/Admin/Views/Asistencia/Dropdown/index.tsx?t=1787493067224:68
[     792ms] [LOG] null @ http://restaurant21.lobytech.test:3002/src/presentation/views/Modules/Admin/Views/Asistencia/Dropdown/index.tsx?t=1787493067224:68
[     792ms] [LOG] null @ http://restaurant21.lobytech.test:3002/src/presentation/views/Modules/Admin/Views/Asistencia/Dropdown/index.tsx?t=1787493067224:68
[     792ms] [LOG] null @ http://restaurant21.lobytech.test:3002/src/presentation/views/Modules/Admin/Views/Asistencia/Dropdown/index.tsx?t=1787493067224:68
[     793ms] [LOG] null @ http://restaurant21.lobytech.test:3002/src/presentation/views/Modules/Admin/Views/Asistencia/Dropdown/index.tsx?t=1787493067224:68
[     793ms] [LOG] null @ http://restaurant21.lobytech.test:3002/src/presentation/views/Modules/Admin/Views/Asistencia/Dropdown/index.tsx?t=1787493067224:68
[     793ms] [LOG] null @ http://restaurant21.lobytech.test:3002/src/presentation/views/Modules/Admin/Views/Asistencia/Dropdown/index.tsx?t=1787493067224:68
[     794ms] [LOG] null @ http://restaurant21.lobytech.test:3002/src/presentation/views/Modules/Admin/Views/Asistencia/Dropdown/index.tsx?t=1787493067224:68
[     794ms] [LOG] null @ http://restaurant21.lobytech.test:3002/src/presentation/views/Modules/Admin/Views/Asistencia/Dropdown/index.tsx?t=1787493067224:68
[     795ms] [LOG] null @ http://restaurant21.lobytech.test:3002/src/presentation/views/Modules/Admin/Views/Asistencia/Dropdown/index.tsx?t=1787493067224:68
[     795ms] [LOG] null @ http://restaurant21.lobytech.test:3002/src/presentation/views/Modules/Admin/Views/Asistencia/Dropdown/index.tsx?t=1787493067224:68
[     795ms] [LOG] null @ http://restaurant21.lobytech.test:3002/src/presentation/views/Modules/Admin/Views/Asistencia/Dropdown/index.tsx?t=1787493067224:68
[     796ms] [LOG] null @ http://restaurant21.lobytech.test:3002/src/presentation/views/Modules/Admin/Views/Asistencia/Dropdown/index.tsx?t=1787493067224:68
[     796ms] [LOG] null @ http://restaurant21.lobytech.test:3002/src/presentation/views/Modules/Admin/Views/Asistencia/Dropdown/index.tsx?t=1787493067224:68
[     797ms] [LOG] null @ http://restaurant21.lobytech.test:3002/src/presentation/views/Modules/Admin/Views/Asistencia/Dropdown/index.tsx?t=1787493067224:68
[     797ms] [LOG] null @ http://restaurant21.lobytech.test:3002/src/presentation/views/Modules/Admin/Views/Asistencia/Dropdown/index.tsx?t=1787493067224:68
[     798ms] [LOG] null @ http://restaurant21.lobytech.test:3002/src/presentation/views/Modules/Admin/Views/Asistencia/Dropdown/index.tsx?t=1787493067224:68
[     798ms] [LOG] null @ http://restaurant21.lobytech.test:3002/src/presentation/views/Modules/Admin/Views/Asistencia/Dropdown/index.tsx?t=1787493067224:68
[     798ms] [LOG] null @ http://restaurant21.lobytech.test:3002/src/presentation/views/Modules/Admin/Views/Asistencia/Dropdown/index.tsx?t=1787493067224:68
[     799ms] [LOG] null @ http://restaurant21.lobytech.test:3002/src/presentation/views/Modules/Admin/Views/Asistencia/Dropdown/index.tsx?t=1787493067224:68
[     799ms] [LOG] null @ http://restaurant21.lobytech.test:3002/src/presentation/views/Modules/Admin/Views/Asistencia/Dropdown/index.tsx?t=1787493067224:68
[     799ms] [LOG] null @ http://restaurant21.lobytech.test:3002/src/presentation/views/Modules/Admin/Views/Asistencia/Dropdown/index.tsx?t=1787493067224:68
[     800ms] [LOG] null @ http://restaurant21.lobytech.test:3002/src/presentation/views/Modules/Admin/Views/Asistencia/Dropdown/index.tsx?t=1787493067224:68
[     800ms] [LOG] null @ http://restaurant21.lobytech.test:3002/src/presentation/views/Modules/Admin/Views/Asistencia/Dropdown/index.tsx?t=1787493067224:68
[     800ms] [LOG] null @ http://restaurant21.lobytech.test:3002/src/presentation/views/Modules/Admin/Views/Asistencia/Dropdown/index.tsx?t=1787493067224:68
[     801ms] [LOG] null @ http://restaurant21.lobytech.test:3002/src/presentation/views/Modules/Admin/Views/Asistencia/Dropdown/index.tsx?t=1787493067224:68
[     801ms] [LOG] [] @ http://restaurant21.lobytech.test:3002/src/components/Modal/Admin/Asistencia/index.tsx?t=1787493067224:43
[     802ms] [LOG] [] @ http://restaurant21.lobytech.test:3002/src/components/Modal/Admin/Asistencia/index.tsx?t=1787493067224:50
[     802ms] [LOG] Sun Aug 23 2026 00:00:00 GMT-0500 (hora estándar de Perú) @ http://restaurant21.lobytech.test:3002/src/components/Modal/Admin/Asistencia/index.tsx?t=1787493067224:79
[     802ms] [LOG] 1 @ http://restaurant21.lobytech.test:3002/src/components/Modal/Admin/Asistencia/index.tsx?t=1787493067224:95
[     802ms] [LOG] {habitacionId: 0, habitacion: , anfitrionaId: 0, anfitriona: , turno: } @ http://restaurant21.lobytech.test:3002/src/components/Modal/Admin/Asistencia/index.tsx?t=1787493067224:108
[     803ms] [LOG] [] @ http://restaurant21.lobytech.test:3002/src/components/Modal/Admin/Asistencia/index.tsx?t=1787493067224:110
[     803ms] [LOG] 0 @ http://restaurant21.lobytech.test:3002/src/components/Modal/Admin/Asistencia/index.tsx?t=1787493067224:126
[     803ms] [LOG] [] @ http://restaurant21.lobytech.test:3002/src/components/Modal/Admin/Asistencia/index.tsx?t=1787493067224:162
[     803ms] [LOG]  @ http://restaurant21.lobytech.test:3002/src/components/Modal/Admin/Asistencia/index.tsx?t=1787493067224:163
[     803ms] [LOG] 844 @ http://restaurant21.lobytech.test:3002/src/components/Modal/Admin/Asistencia/index.tsx?t=1787493067224:202
[     803ms] [LOG] 390 @ http://restaurant21.lobytech.test:3002/src/components/Modal/Admin/Asistencia/index.tsx?t=1787493067224:203
[     804ms] [LOG] [] @ http://restaurant21.lobytech.test:3002/src/components/Modal/Admin/Fichas/index.tsx?t=1787493067224:37
[     804ms] [LOG] [] @ http://restaurant21.lobytech.test:3002/src/components/Modal/Admin/Fichas/index.tsx?t=1787493067224:38
[     804ms] [LOG] null @ http://restaurant21.lobytech.test:3002/src/components/Modal/Admin/Fichas/index.tsx?t=1787493067224:39
[     804ms] [LOG] 844 @ http://restaurant21.lobytech.test:3002/src/components/Modal/Admin/Fichas/index.tsx?t=1787493067224:47
[     804ms] [LOG] 844 @ http://restaurant21.lobytech.test:3002/src/components/Modal/Admin/Fichas/index.tsx?t=1787493067224:48
[     904ms] [LOG] {code: 1, message: Success, data: Array(0), status: 200} @ http://restaurant21.lobytech.test:3002/src/redux/reducers/Admin/asistencia/asistencia.reducer.ts:196
[     905ms] [LOG] [] @ http://restaurant21.lobytech.test:3002/src/presentation/views/Modules/Admin/Views/Asistencia/index.tsx?t=1787493088342:46
[     906ms] [LOG] Sun Aug 23 2026 00:00:00 GMT-0500 (hora estándar de Perú) @ http://restaurant21.lobytech.test:3002/src/presentation/views/Modules/Admin/Views/Asistencia/index.tsx?t=1787493088342:115
[     906ms] [LOG] {turno: Turno Especial, diaSemana: 0} @ http://restaurant21.lobytech.test:3002/src/presentation/views/Modules/Admin/Views/Asistencia/index.tsx?t=1787493088342:129
[     906ms] [LOG] Sun Aug 23 2026 00:00:00 GMT-0500 (hora estándar de Perú) @ http://restaurant21.lobytech.test:3002/src/presentation/views/Modules/Admin/Views/Asistencia/index.tsx?t=1787493088342:115
[     906ms] [LOG] Sun Aug 23 2026 00:00:00 GMT-0500 (hora estándar de Perú) @ http://restaurant21.lobytech.test:3002/src/presentation/views/Modules/Admin/Views/Asistencia/index.tsx?t=1787493088342:115
[     906ms] [LOG] [] @ http://restaurant21.lobytech.test:3002/src/presentation/views/Modules/Admin/Views/Asistencia/index.tsx?t=1787493088342:198
[     907ms] [LOG] false @ http://restaurant21.lobytech.test:3002/src/components/Toggle/index.tsx:24
[     907ms] [LOG] () => {
    if (diaSemana === 0) {
      setCheckedTurno(false);
    } else {
      setCheckedTurno(!isTurno);
    }
  } @ http://restaurant21.lobytech.test:3002/src/components/Toggle/index.tsx:25
[     908ms] [LOG] null @ http://restaurant21.lobytech.test:3002/src/presentation/views/Modules/Admin/Views/Asistencia/Dropdown/index.tsx?t=1787493067224:68
[     909ms] [LOG] null @ http://restaurant21.lobytech.test:3002/src/presentation/views/Modules/Admin/Views/Asistencia/Dropdown/index.tsx?t=1787493067224:68
[     909ms] [LOG] null @ http://restaurant21.lobytech.test:3002/src/presentation/views/Modules/Admin/Views/Asistencia/Dropdown/index.tsx?t=1787493067224:68
[     909ms] [LOG] null @ http://restaurant21.lobytech.test:3002/src/presentation/views/Modules/Admin/Views/Asistencia/Dropdown/index.tsx?t=1787493067224:68
[     910ms] [LOG] null @ http://restaurant21.lobytech.test:3002/src/presentation/views/Modules/Admin/Views/Asistencia/Dropdown/index.tsx?t=1787493067224:68
[     910ms] [LOG] null @ http://restaurant21.lobytech.test:3002/src/presentation/views/Modules/Admin/Views/Asistencia/Dropdown/index.tsx?t=1787493067224:68
[     910ms] [LOG] null @ http://restaurant21.lobytech.test:3002/src/presentation/views/Modules/Admin/Views/Asistencia/Dropdown/index.tsx?t=1787493067224:68
[     911ms] [LOG] null @ http://restaurant21.lobytech.test:3002/src/presentation/views/Modules/Admin/Views/Asistencia/Dropdown/index.tsx?t=1787493067224:68
[     911ms] [LOG] null @ http://restaurant21.lobytech.test:3002/src/presentation/views/Modules/Admin/Views/Asistencia/Dropdown/index.tsx?t=1787493067224:68
[     911ms] [LOG] null @ http://restaurant21.lobytech.test:3002/src/presentation/views/Modules/Admin/Views/Asistencia/Dropdown/index.tsx?t=1787493067224:68
[     912ms] [LOG] null @ http://restaurant21.lobytech.test:3002/src/presentation/views/Modules/Admin/Views/Asistencia/Dropdown/index.tsx?t=1787493067224:68
[     912ms] [LOG] null @ http://restaurant21.lobytech.test:3002/src/presentation/views/Modules/Admin/Views/Asistencia/Dropdown/index.tsx?t=1787493067224:68
[     912ms] [LOG] null @ http://restaurant21.lobytech.test:3002/src/presentation/views/Modules/Admin/Views/Asistencia/Dropdown/index.tsx?t=1787493067224:68
[     913ms] [LOG] null @ http://restaurant21.lobytech.test:3002/src/presentation/views/Modules/Admin/Views/Asistencia/Dropdown/index.tsx?t=1787493067224:68
[     913ms] [LOG] null @ http://restaurant21.lobytech.test:3002/src/presentation/views/Modules/Admin/Views/Asistencia/Dropdown/index.tsx?t=1787493067224:68
[     914ms] [LOG] null @ http://restaurant21.lobytech.test:3002/src/presentation/views/Modules/Admin/Views/Asistencia/Dropdown/index.tsx?t=1787493067224:68
[     914ms] [LOG] null @ http://restaurant21.lobytech.test:3002/src/presentation/views/Modules/Admin/Views/Asistencia/Dropdown/index.tsx?t=1787493067224:68
[     915ms] [LOG] null @ http://restaurant21.lobytech.test:3002/src/presentation/views/Modules/Admin/Views/Asistencia/Dropdown/index.tsx?t=1787493067224:68
[     915ms] [LOG] null @ http://restaurant21.lobytech.test:3002/src/presentation/views/Modules/Admin/Views/Asistencia/Dropdown/index.tsx?t=1787493067224:68
[     915ms] [LOG] null @ http://restaurant21.lobytech.test:3002/src/presentation/views/Modules/Admin/Views/Asistencia/Dropdown/index.tsx?t=1787493067224:68
[     915ms] [LOG] null @ http://restaurant21.lobytech.test:3002/src/presentation/views/Modules/Admin/Views/Asistencia/Dropdown/index.tsx?t=1787493067224:68
[     916ms] [LOG] null @ http://restaurant21.lobytech.test:3002/src/presentation/views/Modules/Admin/Views/Asistencia/Dropdown/index.tsx?t=1787493067224:68
[     917ms] [LOG] null @ http://restaurant21.lobytech.test:3002/src/presentation/views/Modules/Admin/Views/Asistencia/Dropdown/index.tsx?t=1787493067224:68
[     918ms] [LOG] null @ http://restaurant21.lobytech.test:3002/src/presentation/views/Modules/Admin/Views/Asistencia/Dropdown/index.tsx?t=1787493067224:68
[     918ms] [LOG] null @ http://restaurant21.lobytech.test:3002/src/presentation/views/Modules/Admin/Views/Asistencia/Dropdown/index.tsx?t=1787493067224:68
[     919ms] [LOG] null @ http://restaurant21.lobytech.test:3002/src/presentation/views/Modules/Admin/Views/Asistencia/Dropdown/index.tsx?t=1787493067224:68
[     919ms] [LOG] null @ http://restaurant21.lobytech.test:3002/src/presentation/views/Modules/Admin/Views/Asistencia/Dropdown/index.tsx?t=1787493067224:68
[     919ms] [LOG] null @ http://restaurant21.lobytech.test:3002/src/presentation/views/Modules/Admin/Views/Asistencia/Dropdown/index.tsx?t=1787493067224:68
[     919ms] [LOG] null @ http://restaurant21.lobytech.test:3002/src/presentation/views/Modules/Admin/Views/Asistencia/Dropdown/index.tsx?t=1787493067224:68
[     920ms] [LOG] null @ http://restaurant21.lobytech.test:3002/src/presentation/views/Modules/Admin/Views/Asistencia/Dropdown/index.tsx?t=1787493067224:68
[     920ms] [LOG] null @ http://restaurant21.lobytech.test:3002/src/presentation/views/Modules/Admin/Views/Asistencia/Dropdown/index.tsx?t=1787493067224:68
[     921ms] [LOG] null @ http://restaurant21.lobytech.test:3002/src/presentation/views/Modules/Admin/Views/Asistencia/Dropdown/index.tsx?t=1787493067224:68
[     921ms] [LOG] null @ http://restaurant21.lobytech.test:3002/src/presentation/views/Modules/Admin/Views/Asistencia/Dropdown/index.tsx?t=1787493067224:68
[     922ms] [LOG] null @ http://restaurant21.lobytech.test:3002/src/presentation/views/Modules/Admin/Views/Asistencia/Dropdown/index.tsx?t=1787493067224:68
[     922ms] [LOG] null @ http://restaurant21.lobytech.test:3002/src/presentation/views/Modules/Admin/Views/Asistencia/Dropdown/index.tsx?t=1787493067224:68
[     922ms] [LOG] null @ http://restaurant21.lobytech.test:3002/src/presentation/views/Modules/Admin/Views/Asistencia/Dropdown/index.tsx?t=1787493067224:68
[     923ms] [LOG] null @ http://restaurant21.lobytech.test:3002/src/presentation/views/Modules/Admin/Views/Asistencia/Dropdown/index.tsx?t=1787493067224:68
[     923ms] [LOG] null @ http://restaurant21.lobytech.test:3002/src/presentation/views/Modules/Admin/Views/Asistencia/Dropdown/index.tsx?t=1787493067224:68
[     923ms] [LOG] null @ http://restaurant21.lobytech.test:3002/src/presentation/views/Modules/Admin/Views/Asistencia/Dropdown/index.tsx?t=1787493067224:68
[     924ms] [LOG] null @ http://restaurant21.lobytech.test:3002/src/presentation/views/Modules/Admin/Views/Asistencia/Dropdown/index.tsx?t=1787493067224:68
[     924ms] [LOG] null @ http://restaurant21.lobytech.test:3002/src/presentation/views/Modules/Admin/Views/Asistencia/Dropdown/index.tsx?t=1787493067224:68
[     924ms] [LOG] null @ http://restaurant21.lobytech.test:3002/src/presentation/views/Modules/Admin/Views/Asistencia/Dropdown/index.tsx?t=1787493067224:68
[     924ms] [LOG] null @ http://restaurant21.lobytech.test:3002/src/presentation/views/Modules/Admin/Views/Asistencia/Dropdown/index.tsx?t=1787493067224:68
[     925ms] [LOG] null @ http://restaurant21.lobytech.test:3002/src/presentation/views/Modules/Admin/Views/Asistencia/Dropdown/index.tsx?t=1787493067224:68
[     925ms] [LOG] null @ http://restaurant21.lobytech.test:3002/src/presentation/views/Modules/Admin/Views/Asistencia/Dropdown/index.tsx?t=1787493067224:68
[     925ms] [LOG] null @ http://restaurant21.lobytech.test:3002/src/presentation/views/Modules/Admin/Views/Asistencia/Dropdown/index.tsx?t=1787493067224:68
[     925ms] [LOG] null @ http://restaurant21.lobytech.test:3002/src/presentation/views/Modules/Admin/Views/Asistencia/Dropdown/index.tsx?t=1787493067224:68
[     926ms] [LOG] null @ http://restaurant21.lobytech.test:3002/src/presentation/views/Modules/Admin/Views/Asistencia/Dropdown/index.tsx?t=1787493067224:68
[     926ms] [LOG] null @ http://restaurant21.lobytech.test:3002/src/presentation/views/Modules/Admin/Views/Asistencia/Dropdown/index.tsx?t=1787493067224:68
[     926ms] [LOG] null @ http://restaurant21.lobytech.test:3002/src/presentation/views/Modules/Admin/Views/Asistencia/Dropdown/index.tsx?t=1787493067224:68
[     927ms] [LOG] null @ http://restaurant21.lobytech.test:3002/src/presentation/views/Modules/Admin/Views/Asistencia/Dropdown/index.tsx?t=1787493067224:68
[     927ms] [LOG] null @ http://restaurant21.lobytech.test:3002/src/presentation/views/Modules/Admin/Views/Asistencia/Dropdown/index.tsx?t=1787493067224:68
[     927ms] [LOG] null @ http://restaurant21.lobytech.test:3002/src/presentation/views/Modules/Admin/Views/Asistencia/Dropdown/index.tsx?t=1787493067224:68
[     927ms] [LOG] null @ http://restaurant21.lobytech.test:3002/src/presentation/views/Modules/Admin/Views/Asistencia/Dropdown/index.tsx?t=1787493067224:68
[     928ms] [LOG] null @ http://restaurant21.lobytech.test:3002/src/presentation/views/Modules/Admin/Views/Asistencia/Dropdown/index.tsx?t=1787493067224:68
[     928ms] [LOG] null @ http://restaurant21.lobytech.test:3002/src/presentation/views/Modules/Admin/Views/Asistencia/Dropdown/index.tsx?t=1787493067224:68
[     928ms] [LOG] null @ http://restaurant21.lobytech.test:3002/src/presentation/views/Modules/Admin/Views/Asistencia/Dropdown/index.tsx?t=1787493067224:68
[     928ms] [LOG] null @ http://restaurant21.lobytech.test:3002/src/presentation/views/Modules/Admin/Views/Asistencia/Dropdown/index.tsx?t=1787493067224:68
[     929ms] [LOG] null @ http://restaurant21.lobytech.test:3002/src/presentation/views/Modules/Admin/Views/Asistencia/Dropdown/index.tsx?t=1787493067224:68
[     929ms] [LOG] null @ http://restaurant21.lobytech.test:3002/src/presentation/views/Modules/Admin/Views/Asistencia/Dropdown/index.tsx?t=1787493067224:68
[     929ms] [LOG] null @ http://restaurant21.lobytech.test:3002/src/presentation/views/Modules/Admin/Views/Asistencia/Dropdown/index.tsx?t=1787493067224:68
[     929ms] [LOG] null @ http://restaurant21.lobytech.test:3002/src/presentation/views/Modules/Admin/Views/Asistencia/Dropdown/index.tsx?t=1787493067224:68
[     930ms] [LOG] null @ http://restaurant21.lobytech.test:3002/src/presentation/views/Modules/Admin/Views/Asistencia/Dropdown/index.tsx?t=1787493067224:68
[     930ms] [LOG] null @ http://restaurant21.lobytech.test:3002/src/presentation/views/Modules/Admin/Views/Asistencia/Dropdown/index.tsx?t=1787493067224:68
[     931ms] [LOG] null @ http://restaurant21.lobytech.test:3002/src/presentation/views/Modules/Admin/Views/Asistencia/Dropdown/index.tsx?t=1787493067224:68
[     931ms] [LOG] null @ http://restaurant21.lobytech.test:3002/src/presentation/views/Modules/Admin/Views/Asistencia/Dropdown/index.tsx?t=1787493067224:68
[     932ms] [LOG] [] @ http://restaurant21.lobytech.test:3002/src/components/Modal/Admin/Asistencia/index.tsx?t=1787493067224:43
[     932ms] [LOG] [] @ http://restaurant21.lobytech.test:3002/src/components/Modal/Admin/Asistencia/index.tsx?t=1787493067224:50
[     932ms] [LOG] Sun Aug 23 2026 00:00:00 GMT-0500 (hora estándar de Perú) @ http://restaurant21.lobytech.test:3002/src/components/Modal/Admin/Asistencia/index.tsx?t=1787493067224:79
[     932ms] [LOG] 1 @ http://restaurant21.lobytech.test:3002/src/components/Modal/Admin/Asistencia/index.tsx?t=1787493067224:95
[     932ms] [LOG] {habitacionId: 0, habitacion: , anfitrionaId: 0, anfitriona: , turno: } @ http://restaurant21.lobytech.test:3002/src/components/Modal/Admin/Asistencia/index.tsx?t=1787493067224:108
[     932ms] [LOG] [] @ http://restaurant21.lobytech.test:3002/src/components/Modal/Admin/Asistencia/index.tsx?t=1787493067224:110
[     933ms] [LOG] 0 @ http://restaurant21.lobytech.test:3002/src/components/Modal/Admin/Asistencia/index.tsx?t=1787493067224:126
[     933ms] [LOG] [] @ http://restaurant21.lobytech.test:3002/src/components/Modal/Admin/Asistencia/index.tsx?t=1787493067224:162
[     933ms] [LOG]  @ http://restaurant21.lobytech.test:3002/src/components/Modal/Admin/Asistencia/index.tsx?t=1787493067224:163
[     933ms] [LOG] 844 @ http://restaurant21.lobytech.test:3002/src/components/Modal/Admin/Asistencia/index.tsx?t=1787493067224:202
[     933ms] [LOG] 390 @ http://restaurant21.lobytech.test:3002/src/components/Modal/Admin/Asistencia/index.tsx?t=1787493067224:203
[     934ms] [LOG] [] @ http://restaurant21.lobytech.test:3002/src/components/Modal/Admin/Fichas/index.tsx?t=1787493067224:37
[     934ms] [LOG] [] @ http://restaurant21.lobytech.test:3002/src/components/Modal/Admin/Fichas/index.tsx?t=1787493067224:38
[     934ms] [LOG] null @ http://restaurant21.lobytech.test:3002/src/components/Modal/Admin/Fichas/index.tsx?t=1787493067224:39
[     934ms] [LOG] 844 @ http://restaurant21.lobytech.test:3002/src/components/Modal/Admin/Fichas/index.tsx?t=1787493067224:47
[     934ms] [LOG] 844 @ http://restaurant21.lobytech.test:3002/src/components/Modal/Admin/Fichas/index.tsx?t=1787493067224:48
[    1036ms] [LOG] {code: 1, message: Success, data: Object, status: 200} @ http://restaurant21.lobytech.test:3002/src/redux/reducers/Admin/clientes-proveedores/clientesProveedoresAnfitrionas.reducer.ts:250
[    1037ms] [LOG] [] @ http://restaurant21.lobytech.test:3002/src/components/Modal/Admin/Asistencia/index.tsx?t=1787493067224:43
[    1037ms] [LOG] [] @ http://restaurant21.lobytech.test:3002/src/components/Modal/Admin/Asistencia/index.tsx?t=1787493067224:50
[    1038ms] [LOG] Sun Aug 23 2026 00:00:00 GMT-0500 (hora estándar de Perú) @ http://restaurant21.lobytech.test:3002/src/components/Modal/Admin/Asistencia/index.tsx?t=1787493067224:79
[    1038ms] [LOG] 1 @ http://restaurant21.lobytech.test:3002/src/components/Modal/Admin/Asistencia/index.tsx?t=1787493067224:95
[    1038ms] [LOG] {habitacionId: 0, habitacion: , anfitrionaId: 0, anfitriona: , turno: } @ http://restaurant21.lobytech.test:3002/src/components/Modal/Admin/Asistencia/index.tsx?t=1787493067224:108
[    1038ms] [LOG] [] @ http://restaurant21.lobytech.test:3002/src/components/Modal/Admin/Asistencia/index.tsx?t=1787493067224:110
[    1038ms] [LOG] 0 @ http://restaurant21.lobytech.test:3002/src/components/Modal/Admin/Asistencia/index.tsx?t=1787493067224:126
[    1038ms] [LOG] undefined @ http://restaurant21.lobytech.test:3002/src/components/Modal/Admin/Asistencia/index.tsx?t=1787493067224:162
[    1038ms] [LOG]  @ http://restaurant21.lobytech.test:3002/src/components/Modal/Admin/Asistencia/index.tsx?t=1787493067224:163
[    1039ms] [LOG] [] @ http://restaurant21.lobytech.test:3002/src/components/Modal/Admin/Asistencia/index.tsx?t=1787493067224:43
[    1039ms] [LOG] [] @ http://restaurant21.lobytech.test:3002/src/components/Modal/Admin/Asistencia/index.tsx?t=1787493067224:50
[    1039ms] [LOG] Sun Aug 23 2026 00:00:00 GMT-0500 (hora estándar de Perú) @ http://restaurant21.lobytech.test:3002/src/components/Modal/Admin/Asistencia/index.tsx?t=1787493067224:79
[    1040ms] [LOG] 1 @ http://restaurant21.lobytech.test:3002/src/components/Modal/Admin/Asistencia/index.tsx?t=1787493067224:95
[    1040ms] [LOG] {habitacionId: 0, habitacion: , anfitrionaId: 0, anfitriona: , turno: } @ http://restaurant21.lobytech.test:3002/src/components/Modal/Admin/Asistencia/index.tsx?t=1787493067224:108
[    1040ms] [LOG] [] @ http://restaurant21.lobytech.test:3002/src/components/Modal/Admin/Asistencia/index.tsx?t=1787493067224:110
[    1040ms] [LOG] 0 @ http://restaurant21.lobytech.test:3002/src/components/Modal/Admin/Asistencia/index.tsx?t=1787493067224:126
[    1040ms] [LOG] undefined @ http://restaurant21.lobytech.test:3002/src/components/Modal/Admin/Asistencia/index.tsx?t=1787493067224:162
[    1040ms] [LOG]  @ http://restaurant21.lobytech.test:3002/src/components/Modal/Admin/Asistencia/index.tsx?t=1787493067224:163
[    1055ms] TypeError: Cannot read properties of undefined (reading 'filter')
    at filtrarAnfitrionas (http://restaurant21.lobytech.test:3002/src/components/Modal/Admin/Asistencia/index.tsx?t=1787493067224:170:42)
    at AsistenciaModal (http://restaurant21.lobytech.test:3002/src/components/Modal/Admin/Asistencia/index.tsx?t=1787493067224:184:34)
    at renderWithHooks (http://restaurant21.lobytech.test:3002/node_modules/.vite/deps/chunk-GYWC62UC.js?v=23710b64:12171:26)
    at updateFunctionComponent (http://restaurant21.lobytech.test:3002/node_modules/.vite/deps/chunk-GYWC62UC.js?v=23710b64:14577:28)
    at beginWork (http://restaurant21.lobytech.test:3002/node_modules/.vite/deps/chunk-GYWC62UC.js?v=23710b64:15912:22)
    at HTMLUnknownElement.callCallback2 (http://restaurant21.lobytech.test:3002/node_modules/.vite/deps/chunk-GYWC62UC.js?v=23710b64:3674:22)
    at Object.invokeGuardedCallbackDev (http://restaurant21.lobytech.test:3002/node_modules/.vite/deps/chunk-GYWC62UC.js?v=23710b64:3699:24)
    at invokeGuardedCallback (http://restaurant21.lobytech.test:3002/node_modules/.vite/deps/chunk-GYWC62UC.js?v=23710b64:3733:39)
    at beginWork$1 (http://restaurant21.lobytech.test:3002/node_modules/.vite/deps/chunk-GYWC62UC.js?v=23710b64:19761:15)
    at performUnitOfWork (http://restaurant21.lobytech.test:3002/node_modules/.vite/deps/chunk-GYWC62UC.js?v=23710b64:19194:20)
[    1043ms] [LOG] [] @ http://restaurant21.lobytech.test:3002/src/components/Modal/Admin/Asistencia/index.tsx?t=1787493067224:43
[    1043ms] [LOG] [] @ http://restaurant21.lobytech.test:3002/src/components/Modal/Admin/Asistencia/index.tsx?t=1787493067224:50
[    1043ms] [LOG] Sun Aug 23 2026 00:00:00 GMT-0500 (hora estándar de Perú) @ http://restaurant21.lobytech.test:3002/src/components/Modal/Admin/Asistencia/index.tsx?t=1787493067224:79
[    1044ms] [LOG] 1 @ http://restaurant21.lobytech.test:3002/src/components/Modal/Admin/Asistencia/index.tsx?t=1787493067224:95
[    1044ms] [LOG] {habitacionId: 0, habitacion: , anfitrionaId: 0, anfitriona: , turno: } @ http://restaurant21.lobytech.test:3002/src/components/Modal/Admin/Asistencia/index.tsx?t=1787493067224:108
[    1044ms] [LOG] [] @ http://restaurant21.lobytech.test:3002/src/components/Modal/Admin/Asistencia/index.tsx?t=1787493067224:110
[    1044ms] [LOG] 0 @ http://restaurant21.lobytech.test:3002/src/components/Modal/Admin/Asistencia/index.tsx?t=1787493067224:126
[    1044ms] [LOG] undefined @ http://restaurant21.lobytech.test:3002/src/components/Modal/Admin/Asistencia/index.tsx?t=1787493067224:162
[    1044ms] [LOG]  @ http://restaurant21.lobytech.test:3002/src/components/Modal/Admin/Asistencia/index.tsx?t=1787493067224:163
[    1045ms] [LOG] [] @ http://restaurant21.lobytech.test:3002/src/components/Modal/Admin/Asistencia/index.tsx?t=1787493067224:43
[    1045ms] [LOG] [] @ http://restaurant21.lobytech.test:3002/src/components/Modal/Admin/Asistencia/index.tsx?t=1787493067224:50
[    1045ms] [LOG] Sun Aug 23 2026 00:00:00 GMT-0500 (hora estándar de Perú) @ http://restaurant21.lobytech.test:3002/src/components/Modal/Admin/Asistencia/index.tsx?t=1787493067224:79
[    1046ms] [LOG] 1 @ http://restaurant21.lobytech.test:3002/src/components/Modal/Admin/Asistencia/index.tsx?t=1787493067224:95
[    1046ms] [LOG] {habitacionId: 0, habitacion: , anfitrionaId: 0, anfitriona: , turno: } @ http://restaurant21.lobytech.test:3002/src/components/Modal/Admin/Asistencia/index.tsx?t=1787493067224:108
[    1046ms] [LOG] [] @ http://restaurant21.lobytech.test:3002/src/components/Modal/Admin/Asistencia/index.tsx?t=1787493067224:110
[    1046ms] [LOG] 0 @ http://restaurant21.lobytech.test:3002/src/components/Modal/Admin/Asistencia/index.tsx?t=1787493067224:126
[    1046ms] [LOG] undefined @ http://restaurant21.lobytech.test:3002/src/components/Modal/Admin/Asistencia/index.tsx?t=1787493067224:162
[    1046ms] [LOG]  @ http://restaurant21.lobytech.test:3002/src/components/Modal/Admin/Asistencia/index.tsx?t=1787493067224:163
[    1058ms] TypeError: Cannot read properties of undefined (reading 'filter')
    at filtrarAnfitrionas (http://restaurant21.lobytech.test:3002/src/components/Modal/Admin/Asistencia/index.tsx?t=1787493067224:170:42)
    at AsistenciaModal (http://restaurant21.lobytech.test:3002/src/components/Modal/Admin/Asistencia/index.tsx?t=1787493067224:184:34)
    at renderWithHooks (http://restaurant21.lobytech.test:3002/node_modules/.vite/deps/chunk-GYWC62UC.js?v=23710b64:12171:26)
    at updateFunctionComponent (http://restaurant21.lobytech.test:3002/node_modules/.vite/deps/chunk-GYWC62UC.js?v=23710b64:14577:28)
    at beginWork (http://restaurant21.lobytech.test:3002/node_modules/.vite/deps/chunk-GYWC62UC.js?v=23710b64:15912:22)
    at HTMLUnknownElement.callCallback2 (http://restaurant21.lobytech.test:3002/node_modules/.vite/deps/chunk-GYWC62UC.js?v=23710b64:3674:22)
    at Object.invokeGuardedCallbackDev (http://restaurant21.lobytech.test:3002/node_modules/.vite/deps/chunk-GYWC62UC.js?v=23710b64:3699:24)
    at invokeGuardedCallback (http://restaurant21.lobytech.test:3002/node_modules/.vite/deps/chunk-GYWC62UC.js?v=23710b64:3733:39)
    at beginWork$1 (http://restaurant21.lobytech.test:3002/node_modules/.vite/deps/chunk-GYWC62UC.js?v=23710b64:19761:15)
    at performUnitOfWork (http://restaurant21.lobytech.test:3002/node_modules/.vite/deps/chunk-GYWC62UC.js?v=23710b64:19194:20)
[    1051ms] [ERROR] The above error occurred in the <AsistenciaModal> component:

    at AsistenciaModal (http://restaurant21.lobytech.test:3002/src/components/Modal/Admin/Asistencia/index.tsx?t=1787493067224:34:3)
    at Asistencia (http://restaurant21.lobytech.test:3002/src/presentation/views/Modules/Admin/Views/Asistencia/index.tsx?t=1787493088342:42:20)
    at RenderedRoute (http://restaurant21.lobytech.test:3002/node_modules/.vite/deps/react-router-dom.js?v=23710b64:3310:5)
    at Outlet (http://restaurant21.lobytech.test:3002/node_modules/.vite/deps/react-router-dom.js?v=23710b64:3703:26)
    at div
    at div
    at div
    at LayoutView (http://restaurant21.lobytech.test:3002/src/components/Sidebar/index.tsx?t=1787527165311:31:20)
    at RenderedRoute (http://restaurant21.lobytech.test:3002/node_modules/.vite/deps/react-router-dom.js?v=23710b64:3310:5)
    at Routes (http://restaurant21.lobytech.test:3002/node_modules/.vite/deps/react-router-dom.js?v=23710b64:3763:5)
    at div
    at Router (http://restaurant21.lobytech.test:3002/node_modules/.vite/deps/react-router-dom.js?v=23710b64:3710:15)
    at BrowserRouter (http://restaurant21.lobytech.test:3002/node_modules/.vite/deps/react-router-dom.js?v=23710b64:4190:5)
    at Dashboard
    at QueryClientProvider2 (http://restaurant21.lobytech.test:3002/node_modules/.vite/deps/react-query.js?v=23710b64:2647:21)
    at Provider (http://restaurant21.lobytech.test:3002/node_modules/.vite/deps/react-redux.js?v=23710b64:1481:3)
    at App (http://restaurant21.lobytech.test:3002/src/App.tsx?t=1787530374483:31:7)
    at Provider (http://restaurant21.lobytech.test:3002/node_modules/.vite/deps/react-redux.js?v=23710b64:1481:3)

Consider adding an error boundary to your tree to customize error handling behavior.
Visit https://reactjs.org/link/error-boundaries to learn more about error boundaries. @ http://restaurant21.lobytech.test:3002/node_modules/.vite/deps/chunk-GYWC62UC.js?v=23710b64:14035
[    1059ms] TypeError: Cannot read properties of undefined (reading 'filter')
    at filtrarAnfitrionas (http://restaurant21.lobytech.test:3002/src/components/Modal/Admin/Asistencia/index.tsx?t=1787493067224:170:42)
    at AsistenciaModal (http://restaurant21.lobytech.test:3002/src/components/Modal/Admin/Asistencia/index.tsx?t=1787493067224:184:34)
    at renderWithHooks (http://restaurant21.lobytech.test:3002/node_modules/.vite/deps/chunk-GYWC62UC.js?v=23710b64:12171:26)
    at updateFunctionComponent (http://restaurant21.lobytech.test:3002/node_modules/.vite/deps/chunk-GYWC62UC.js?v=23710b64:14577:28)
    at beginWork (http://restaurant21.lobytech.test:3002/node_modules/.vite/deps/chunk-GYWC62UC.js?v=23710b64:15912:22)
    at beginWork$1 (http://restaurant21.lobytech.test:3002/node_modules/.vite/deps/chunk-GYWC62UC.js?v=23710b64:19749:22)
    at performUnitOfWork (http://restaurant21.lobytech.test:3002/node_modules/.vite/deps/chunk-GYWC62UC.js?v=23710b64:19194:20)
    at workLoopSync (http://restaurant21.lobytech.test:3002/node_modules/.vite/deps/chunk-GYWC62UC.js?v=23710b64:19133:13)
    at renderRootSync (http://restaurant21.lobytech.test:3002/node_modules/.vite/deps/chunk-GYWC62UC.js?v=23710b64:19112:15)
    at recoverFromConcurrentError (http://restaurant21.lobytech.test:3002/node_modules/.vite/deps/chunk-GYWC62UC.js?v=23710b64:18732:28)
[    1055ms] [ERROR] Failed to load resource: the server responded with a status of 404 (Not Found) @ http://localhost:5002/api/productos/listar?CategoriaId=2&GrupoId=16&Value=&Page=1&Amount=100:0
[    1056ms] [LOG] AxiosError @ http://restaurant21.lobytech.test:3002/src/utils/axios.ts:19
[    1056ms] [LOG] AxiosError @ http://restaurant21.lobytech.test:3002/src/redux/reducers/Admin/productos/producto.reducer.ts:364
[    3690ms] [LOG] {code: 1, message: Success, data: Array(66), status: 200} @ http://restaurant21.lobytech.test:3002/src/redux/reducers/Admin/asistencia/asistencia.reducer.ts:222
[   36142ms] [LOG] [] @ http://restaurant21.lobytech.test:3002/src/presentation/views/Modules/Admin/Views/Asistencia/index.tsx?t=1787493088342:46
[   36143ms] [LOG] Sun Aug 23 2026 00:00:00 GMT-0500 (hora estándar de Perú) @ http://restaurant21.lobytech.test:3002/src/presentation/views/Modules/Admin/Views/Asistencia/index.tsx?t=1787493088342:115
[   36143ms] [LOG] {turno: Turno Especial, diaSemana: 0} @ http://restaurant21.lobytech.test:3002/src/presentation/views/Modules/Admin/Views/Asistencia/index.tsx?t=1787493088342:129
[   36143ms] [LOG] Sun Aug 23 2026 00:00:00 GMT-0500 (hora estándar de Perú) @ http://restaurant21.lobytech.test:3002/src/presentation/views/Modules/Admin/Views/Asistencia/index.tsx?t=1787493088342:115
[   36143ms] [LOG] Sun Aug 23 2026 00:00:00 GMT-0500 (hora estándar de Perú) @ http://restaurant21.lobytech.test:3002/src/presentation/views/Modules/Admin/Views/Asistencia/index.tsx?t=1787493088342:115
[   36144ms] [LOG] [] @ http://restaurant21.lobytech.test:3002/src/presentation/views/Modules/Admin/Views/Asistencia/index.tsx?t=1787493088342:198
[   36144ms] [LOG] false @ http://restaurant21.lobytech.test:3002/src/components/Toggle/index.tsx:24
[   36144ms] [LOG] () => {
    if (diaSemana === 0) {
      setCheckedTurno(false);
    } else {
      setCheckedTurno(!isTurno);
    }
  } @ http://restaurant21.lobytech.test:3002/src/components/Toggle/index.tsx:25
[   36148ms] [LOG] null @ http://restaurant21.lobytech.test:3002/src/presentation/views/Modules/Admin/Views/Asistencia/Dropdown/index.tsx?t=1787493067224:68
[   36149ms] [LOG] null @ http://restaurant21.lobytech.test:3002/src/presentation/views/Modules/Admin/Views/Asistencia/Dropdown/index.tsx?t=1787493067224:68
[   36150ms] [LOG] null @ http://restaurant21.lobytech.test:3002/src/presentation/views/Modules/Admin/Views/Asistencia/Dropdown/index.tsx?t=1787493067224:68
[   36151ms] [LOG] null @ http://restaurant21.lobytech.test:3002/src/presentation/views/Modules/Admin/Views/Asistencia/Dropdown/index.tsx?t=1787493067224:68
[   36152ms] [LOG] null @ http://restaurant21.lobytech.test:3002/src/presentation/views/Modules/Admin/Views/Asistencia/Dropdown/index.tsx?t=1787493067224:68
[   36154ms] [LOG] null @ http://restaurant21.lobytech.test:3002/src/presentation/views/Modules/Admin/Views/Asistencia/Dropdown/index.tsx?t=1787493067224:68
[   36155ms] [LOG] null @ http://restaurant21.lobytech.test:3002/src/presentation/views/Modules/Admin/Views/Asistencia/Dropdown/index.tsx?t=1787493067224:68
[   36156ms] [LOG] null @ http://restaurant21.lobytech.test:3002/src/presentation/views/Modules/Admin/Views/Asistencia/Dropdown/index.tsx?t=1787493067224:68
[   36157ms] [LOG] null @ http://restaurant21.lobytech.test:3002/src/presentation/views/Modules/Admin/Views/Asistencia/Dropdown/index.tsx?t=1787493067224:68
[   36158ms] [LOG] null @ http://restaurant21.lobytech.test:3002/src/presentation/views/Modules/Admin/Views/Asistencia/Dropdown/index.tsx?t=1787493067224:68
[   36159ms] [LOG] null @ http://restaurant21.lobytech.test:3002/src/presentation/views/Modules/Admin/Views/Asistencia/Dropdown/index.tsx?t=1787493067224:68
[   36160ms] [LOG] null @ http://restaurant21.lobytech.test:3002/src/presentation/views/Modules/Admin/Views/Asistencia/Dropdown/index.tsx?t=1787493067224:68
[   36161ms] [LOG] null @ http://restaurant21.lobytech.test:3002/src/presentation/views/Modules/Admin/Views/Asistencia/Dropdown/index.tsx?t=1787493067224:68
[   36161ms] [LOG] null @ http://restaurant21.lobytech.test:3002/src/presentation/views/Modules/Admin/Views/Asistencia/Dropdown/index.tsx?t=1787493067224:68
[   36162ms] [LOG] null @ http://restaurant21.lobytech.test:3002/src/presentation/views/Modules/Admin/Views/Asistencia/Dropdown/index.tsx?t=1787493067224:68
[   36163ms] [LOG] null @ http://restaurant21.lobytech.test:3002/src/presentation/views/Modules/Admin/Views/Asistencia/Dropdown/index.tsx?t=1787493067224:68
[   36164ms] [LOG] null @ http://restaurant21.lobytech.test:3002/src/presentation/views/Modules/Admin/Views/Asistencia/Dropdown/index.tsx?t=1787493067224:68
[   36165ms] [LOG] null @ http://restaurant21.lobytech.test:3002/src/presentation/views/Modules/Admin/Views/Asistencia/Dropdown/index.tsx?t=1787493067224:68
[   36167ms] [LOG] null @ http://restaurant21.lobytech.test:3002/src/presentation/views/Modules/Admin/Views/Asistencia/Dropdown/index.tsx?t=1787493067224:68
[   36170ms] [LOG] null @ http://restaurant21.lobytech.test:3002/src/presentation/views/Modules/Admin/Views/Asistencia/Dropdown/index.tsx?t=1787493067224:68
[   36171ms] [LOG] null @ http://restaurant21.lobytech.test:3002/src/presentation/views/Modules/Admin/Views/Asistencia/Dropdown/index.tsx?t=1787493067224:68
[   36172ms] [LOG] null @ http://restaurant21.lobytech.test:3002/src/presentation/views/Modules/Admin/Views/Asistencia/Dropdown/index.tsx?t=1787493067224:68
[   36173ms] [LOG] null @ http://restaurant21.lobytech.test:3002/src/presentation/views/Modules/Admin/Views/Asistencia/Dropdown/index.tsx?t=1787493067224:68
[   36174ms] [LOG] null @ http://restaurant21.lobytech.test:3002/src/presentation/views/Modules/Admin/Views/Asistencia/Dropdown/index.tsx?t=1787493067224:68
[   36175ms] [LOG] null @ http://restaurant21.lobytech.test:3002/src/presentation/views/Modules/Admin/Views/Asistencia/Dropdown/index.tsx?t=1787493067224:68
[   36175ms] [LOG] null @ http://restaurant21.lobytech.test:3002/src/presentation/views/Modules/Admin/Views/Asistencia/Dropdown/index.tsx?t=1787493067224:68
[   36176ms] [LOG] null @ http://restaurant21.lobytech.test:3002/src/presentation/views/Modules/Admin/Views/Asistencia/Dropdown/index.tsx?t=1787493067224:68
[   36177ms] [LOG] null @ http://restaurant21.lobytech.test:3002/src/presentation/views/Modules/Admin/Views/Asistencia/Dropdown/index.tsx?t=1787493067224:68
[   36178ms] [LOG] null @ http://restaurant21.lobytech.test:3002/src/presentation/views/Modules/Admin/Views/Asistencia/Dropdown/index.tsx?t=1787493067224:68
[   36179ms] [LOG] null @ http://restaurant21.lobytech.test:3002/src/presentation/views/Modules/Admin/Views/Asistencia/Dropdown/index.tsx?t=1787493067224:68
[   36180ms] [LOG] null @ http://restaurant21.lobytech.test:3002/src/presentation/views/Modules/Admin/Views/Asistencia/Dropdown/index.tsx?t=1787493067224:68
[   36181ms] [LOG] null @ http://restaurant21.lobytech.test:3002/src/presentation/views/Modules/Admin/Views/Asistencia/Dropdown/index.tsx?t=1787493067224:68
[   36182ms] [LOG] null @ http://restaurant21.lobytech.test:3002/src/presentation/views/Modules/Admin/Views/Asistencia/Dropdown/index.tsx?t=1787493067224:68
[   36182ms] [LOG] null @ http://restaurant21.lobytech.test:3002/src/presentation/views/Modules/Admin/Views/Asistencia/Dropdown/index.tsx?t=1787493067224:68
[   36185ms] [LOG] null @ http://restaurant21.lobytech.test:3002/src/presentation/views/Modules/Admin/Views/Asistencia/Dropdown/index.tsx?t=1787493067224:68
[   36186ms] [LOG] null @ http://restaurant21.lobytech.test:3002/src/presentation/views/Modules/Admin/Views/Asistencia/Dropdown/index.tsx?t=1787493067224:68
[   36187ms] [LOG] null @ http://restaurant21.lobytech.test:3002/src/presentation/views/Modules/Admin/Views/Asistencia/Dropdown/index.tsx?t=1787493067224:68
[   36187ms] [LOG] null @ http://restaurant21.lobytech.test:3002/src/presentation/views/Modules/Admin/Views/Asistencia/Dropdown/index.tsx?t=1787493067224:68
[   36188ms] [LOG] null @ http://restaurant21.lobytech.test:3002/src/presentation/views/Modules/Admin/Views/Asistencia/Dropdown/index.tsx?t=1787493067224:68
[   36189ms] [LOG] null @ http://restaurant21.lobytech.test:3002/src/presentation/views/Modules/Admin/Views/Asistencia/Dropdown/index.tsx?t=1787493067224:68
[   36190ms] [LOG] null @ http://restaurant21.lobytech.test:3002/src/presentation/views/Modules/Admin/Views/Asistencia/Dropdown/index.tsx?t=1787493067224:68
[   36191ms] [LOG] null @ http://restaurant21.lobytech.test:3002/src/presentation/views/Modules/Admin/Views/Asistencia/Dropdown/index.tsx?t=1787493067224:68
[   36192ms] [LOG] null @ http://restaurant21.lobytech.test:3002/src/presentation/views/Modules/Admin/Views/Asistencia/Dropdown/index.tsx?t=1787493067224:68
[   36193ms] [LOG] null @ http://restaurant21.lobytech.test:3002/src/presentation/views/Modules/Admin/Views/Asistencia/Dropdown/index.tsx?t=1787493067224:68
[   36194ms] [LOG] null @ http://restaurant21.lobytech.test:3002/src/presentation/views/Modules/Admin/Views/Asistencia/Dropdown/index.tsx?t=1787493067224:68
[   36194ms] [LOG] null @ http://restaurant21.lobytech.test:3002/src/presentation/views/Modules/Admin/Views/Asistencia/Dropdown/index.tsx?t=1787493067224:68
[   36195ms] [LOG] null @ http://restaurant21.lobytech.test:3002/src/presentation/views/Modules/Admin/Views/Asistencia/Dropdown/index.tsx?t=1787493067224:68
[   36196ms] [LOG] null @ http://restaurant21.lobytech.test:3002/src/presentation/views/Modules/Admin/Views/Asistencia/Dropdown/index.tsx?t=1787493067224:68
[   36197ms] [LOG] null @ http://restaurant21.lobytech.test:3002/src/presentation/views/Modules/Admin/Views/Asistencia/Dropdown/index.tsx?t=1787493067224:68
[   36198ms] [LOG] null @ http://restaurant21.lobytech.test:3002/src/presentation/views/Modules/Admin/Views/Asistencia/Dropdown/index.tsx?t=1787493067224:68
[   36198ms] [LOG] null @ http://restaurant21.lobytech.test:3002/src/presentation/views/Modules/Admin/Views/Asistencia/Dropdown/index.tsx?t=1787493067224:68
[   36199ms] [LOG] null @ http://restaurant21.lobytech.test:3002/src/presentation/views/Modules/Admin/Views/Asistencia/Dropdown/index.tsx?t=1787493067224:68
[   36200ms] [LOG] null @ http://restaurant21.lobytech.test:3002/src/presentation/views/Modules/Admin/Views/Asistencia/Dropdown/index.tsx?t=1787493067224:68
[   36201ms] [LOG] null @ http://restaurant21.lobytech.test:3002/src/presentation/views/Modules/Admin/Views/Asistencia/Dropdown/index.tsx?t=1787493067224:68
[   36204ms] [LOG] null @ http://restaurant21.lobytech.test:3002/src/presentation/views/Modules/Admin/Views/Asistencia/Dropdown/index.tsx?t=1787493067224:68
[   36206ms] [LOG] null @ http://restaurant21.lobytech.test:3002/src/presentation/views/Modules/Admin/Views/Asistencia/Dropdown/index.tsx?t=1787493067224:68
[   36206ms] [LOG] null @ http://restaurant21.lobytech.test:3002/src/presentation/views/Modules/Admin/Views/Asistencia/Dropdown/index.tsx?t=1787493067224:68
[   36207ms] [LOG] null @ http://restaurant21.lobytech.test:3002/src/presentation/views/Modules/Admin/Views/Asistencia/Dropdown/index.tsx?t=1787493067224:68
[   36208ms] [LOG] null @ http://restaurant21.lobytech.test:3002/src/presentation/views/Modules/Admin/Views/Asistencia/Dropdown/index.tsx?t=1787493067224:68
[   36208ms] [LOG] null @ http://restaurant21.lobytech.test:3002/src/presentation/views/Modules/Admin/Views/Asistencia/Dropdown/index.tsx?t=1787493067224:68
[   36209ms] [LOG] null @ http://restaurant21.lobytech.test:3002/src/presentation/views/Modules/Admin/Views/Asistencia/Dropdown/index.tsx?t=1787493067224:68
[   36209ms] [LOG] null @ http://restaurant21.lobytech.test:3002/src/presentation/views/Modules/Admin/Views/Asistencia/Dropdown/index.tsx?t=1787493067224:68
[   36210ms] [LOG] null @ http://restaurant21.lobytech.test:3002/src/presentation/views/Modules/Admin/Views/Asistencia/Dropdown/index.tsx?t=1787493067224:68
[   36211ms] [LOG] null @ http://restaurant21.lobytech.test:3002/src/presentation/views/Modules/Admin/Views/Asistencia/Dropdown/index.tsx?t=1787493067224:68
[   36211ms] [LOG] null @ http://restaurant21.lobytech.test:3002/src/presentation/views/Modules/Admin/Views/Asistencia/Dropdown/index.tsx?t=1787493067224:68
[   36212ms] [LOG] null @ http://restaurant21.lobytech.test:3002/src/presentation/views/Modules/Admin/Views/Asistencia/Dropdown/index.tsx?t=1787493067224:68
[   36214ms] [LOG] [Object, Object, Object, Object, Object, Object, Object, Object, Object, Object, Object, Object, Object, Object, Object, Object, Object, Object, Object, Object, Object, Object, Object, Object, Object, Object, Object, Object, Object, Object, Object, Object, Object, Object, Object, Object, Object, Object, Object, Object, Object, Object, Object, Object, Object, Object, Object, Object, Object, Object, Object, Object, Object, Object, Object, Object, Object, Object, Object, Object, Object, Object, Object, Object, Object, Object] @ http://restaurant21.lobytech.test:3002/src/components/Modal/Admin/Asistencia/index.tsx?t=1787530428254:43
[   36215ms] [LOG] [] @ http://restaurant21.lobytech.test:3002/src/components/Modal/Admin/Asistencia/index.tsx?t=1787530428254:50
[   36216ms] [LOG] Sun Aug 23 2026 00:00:00 GMT-0500 (hora estándar de Perú) @ http://restaurant21.lobytech.test:3002/src/components/Modal/Admin/Asistencia/index.tsx?t=1787530428254:79
[   36216ms] [LOG] 1 @ http://restaurant21.lobytech.test:3002/src/components/Modal/Admin/Asistencia/index.tsx?t=1787530428254:95
[   36216ms] [LOG] {habitacionId: 0, habitacion: , anfitrionaId: 0, anfitriona: , turno: } @ http://restaurant21.lobytech.test:3002/src/components/Modal/Admin/Asistencia/index.tsx?t=1787530428254:108
[   36216ms] [LOG] [] @ http://restaurant21.lobytech.test:3002/src/components/Modal/Admin/Asistencia/index.tsx?t=1787530428254:110
[   36216ms] [LOG] 0 @ http://restaurant21.lobytech.test:3002/src/components/Modal/Admin/Asistencia/index.tsx?t=1787530428254:126
[   36216ms] [LOG] undefined @ http://restaurant21.lobytech.test:3002/src/components/Modal/Admin/Asistencia/index.tsx?t=1787530428254:162
[   36216ms] [LOG]  @ http://restaurant21.lobytech.test:3002/src/components/Modal/Admin/Asistencia/index.tsx?t=1787530428254:163
[   36217ms] [LOG] 844 @ http://restaurant21.lobytech.test:3002/src/components/Modal/Admin/Asistencia/index.tsx?t=1787530428254:202
[   36217ms] [LOG] 390 @ http://restaurant21.lobytech.test:3002/src/components/Modal/Admin/Asistencia/index.tsx?t=1787530428254:203
[   36219ms] [LOG] [] @ http://restaurant21.lobytech.test:3002/src/components/Modal/Admin/Fichas/index.tsx?t=1787493067224:37
[   36219ms] [LOG] [] @ http://restaurant21.lobytech.test:3002/src/components/Modal/Admin/Fichas/index.tsx?t=1787493067224:38
[   36219ms] [LOG] null @ http://restaurant21.lobytech.test:3002/src/components/Modal/Admin/Fichas/index.tsx?t=1787493067224:39
[   36219ms] [LOG] 844 @ http://restaurant21.lobytech.test:3002/src/components/Modal/Admin/Fichas/index.tsx?t=1787493067224:47
[   36219ms] [LOG] 844 @ http://restaurant21.lobytech.test:3002/src/components/Modal/Admin/Fichas/index.tsx?t=1787493067224:48
[   36281ms] [LOG] [] @ http://restaurant21.lobytech.test:3002/src/presentation/views/Modules/Admin/Views/Asistencia/index.tsx?t=1787493088342:46
[   36282ms] [LOG] Sun Aug 23 2026 00:00:00 GMT-0500 (hora estándar de Perú) @ http://restaurant21.lobytech.test:3002/src/presentation/views/Modules/Admin/Views/Asistencia/index.tsx?t=1787493088342:115
[   36282ms] [LOG] {turno: Turno Especial, diaSemana: 0} @ http://restaurant21.lobytech.test:3002/src/presentation/views/Modules/Admin/Views/Asistencia/index.tsx?t=1787493088342:129
[   36283ms] [LOG] Sun Aug 23 2026 00:00:00 GMT-0500 (hora estándar de Perú) @ http://restaurant21.lobytech.test:3002/src/presentation/views/Modules/Admin/Views/Asistencia/index.tsx?t=1787493088342:115
[   36283ms] [LOG] Sun Aug 23 2026 00:00:00 GMT-0500 (hora estándar de Perú) @ http://restaurant21.lobytech.test:3002/src/presentation/views/Modules/Admin/Views/Asistencia/index.tsx?t=1787493088342:115
[   36283ms] [LOG] [] @ http://restaurant21.lobytech.test:3002/src/presentation/views/Modules/Admin/Views/Asistencia/index.tsx?t=1787493088342:198
[   36284ms] [LOG] false @ http://restaurant21.lobytech.test:3002/src/components/Toggle/index.tsx:24
[   36284ms] [LOG] () => {
    if (diaSemana === 0) {
      setCheckedTurno(false);
    } else {
      setCheckedTurno(!isTurno);
    }
  } @ http://restaurant21.lobytech.test:3002/src/components/Toggle/index.tsx:25
[   36289ms] [LOG] null @ http://restaurant21.lobytech.test:3002/src/presentation/views/Modules/Admin/Views/Asistencia/Dropdown/index.tsx?t=1787493067224:68
[   36289ms] [LOG] null @ http://restaurant21.lobytech.test:3002/src/presentation/views/Modules/Admin/Views/Asistencia/Dropdown/index.tsx?t=1787493067224:68
[   36290ms] [LOG] null @ http://restaurant21.lobytech.test:3002/src/presentation/views/Modules/Admin/Views/Asistencia/Dropdown/index.tsx?t=1787493067224:68
[   36290ms] [LOG] null @ http://restaurant21.lobytech.test:3002/src/presentation/views/Modules/Admin/Views/Asistencia/Dropdown/index.tsx?t=1787493067224:68
[   36291ms] [LOG] null @ http://restaurant21.lobytech.test:3002/src/presentation/views/Modules/Admin/Views/Asistencia/Dropdown/index.tsx?t=1787493067224:68
[   36291ms] [LOG] null @ http://restaurant21.lobytech.test:3002/src/presentation/views/Modules/Admin/Views/Asistencia/Dropdown/index.tsx?t=1787493067224:68
[   36291ms] [LOG] null @ http://restaurant21.lobytech.test:3002/src/presentation/views/Modules/Admin/Views/Asistencia/Dropdown/index.tsx?t=1787493067224:68
[   36291ms] [LOG] null @ http://restaurant21.lobytech.test:3002/src/presentation/views/Modules/Admin/Views/Asistencia/Dropdown/index.tsx?t=1787493067224:68
[   36292ms] [LOG] null @ http://restaurant21.lobytech.test:3002/src/presentation/views/Modules/Admin/Views/Asistencia/Dropdown/index.tsx?t=1787493067224:68
[   36292ms] [LOG] null @ http://restaurant21.lobytech.test:3002/src/presentation/views/Modules/Admin/Views/Asistencia/Dropdown/index.tsx?t=1787493067224:68
[   36293ms] [LOG] null @ http://restaurant21.lobytech.test:3002/src/presentation/views/Modules/Admin/Views/Asistencia/Dropdown/index.tsx?t=1787493067224:68
[   36294ms] [LOG] null @ http://restaurant21.lobytech.test:3002/src/presentation/views/Modules/Admin/Views/Asistencia/Dropdown/index.tsx?t=1787493067224:68
[   36295ms] [LOG] null @ http://restaurant21.lobytech.test:3002/src/presentation/views/Modules/Admin/Views/Asistencia/Dropdown/index.tsx?t=1787493067224:68
[   36295ms] [LOG] null @ http://restaurant21.lobytech.test:3002/src/presentation/views/Modules/Admin/Views/Asistencia/Dropdown/index.tsx?t=1787493067224:68
[   36296ms] [LOG] null @ http://restaurant21.lobytech.test:3002/src/presentation/views/Modules/Admin/Views/Asistencia/Dropdown/index.tsx?t=1787493067224:68
[   36297ms] [LOG] null @ http://restaurant21.lobytech.test:3002/src/presentation/views/Modules/Admin/Views/Asistencia/Dropdown/index.tsx?t=1787493067224:68
[   36297ms] [LOG] null @ http://restaurant21.lobytech.test:3002/src/presentation/views/Modules/Admin/Views/Asistencia/Dropdown/index.tsx?t=1787493067224:68
[   36297ms] [LOG] null @ http://restaurant21.lobytech.test:3002/src/presentation/views/Modules/Admin/Views/Asistencia/Dropdown/index.tsx?t=1787493067224:68
[   36298ms] [LOG] null @ http://restaurant21.lobytech.test:3002/src/presentation/views/Modules/Admin/Views/Asistencia/Dropdown/index.tsx?t=1787493067224:68
[   36298ms] [LOG] null @ http://restaurant21.lobytech.test:3002/src/presentation/views/Modules/Admin/Views/Asistencia/Dropdown/index.tsx?t=1787493067224:68
[   36299ms] [LOG] null @ http://restaurant21.lobytech.test:3002/src/presentation/views/Modules/Admin/Views/Asistencia/Dropdown/index.tsx?t=1787493067224:68
[   36299ms] [LOG] null @ http://restaurant21.lobytech.test:3002/src/presentation/views/Modules/Admin/Views/Asistencia/Dropdown/index.tsx?t=1787493067224:68
[   36300ms] [LOG] null @ http://restaurant21.lobytech.test:3002/src/presentation/views/Modules/Admin/Views/Asistencia/Dropdown/index.tsx?t=1787493067224:68
[   36300ms] [LOG] null @ http://restaurant21.lobytech.test:3002/src/presentation/views/Modules/Admin/Views/Asistencia/Dropdown/index.tsx?t=1787493067224:68
[   36301ms] [LOG] null @ http://restaurant21.lobytech.test:3002/src/presentation/views/Modules/Admin/Views/Asistencia/Dropdown/index.tsx?t=1787493067224:68
[   36301ms] [LOG] null @ http://restaurant21.lobytech.test:3002/src/presentation/views/Modules/Admin/Views/Asistencia/Dropdown/index.tsx?t=1787493067224:68
[   36302ms] [LOG] null @ http://restaurant21.lobytech.test:3002/src/presentation/views/Modules/Admin/Views/Asistencia/Dropdown/index.tsx?t=1787493067224:68
[   36302ms] [LOG] null @ http://restaurant21.lobytech.test:3002/src/presentation/views/Modules/Admin/Views/Asistencia/Dropdown/index.tsx?t=1787493067224:68
[   36303ms] [LOG] null @ http://restaurant21.lobytech.test:3002/src/presentation/views/Modules/Admin/Views/Asistencia/Dropdown/index.tsx?t=1787493067224:68
[   36303ms] [LOG] null @ http://restaurant21.lobytech.test:3002/src/presentation/views/Modules/Admin/Views/Asistencia/Dropdown/index.tsx?t=1787493067224:68
[   36303ms] [LOG] null @ http://restaurant21.lobytech.test:3002/src/presentation/views/Modules/Admin/Views/Asistencia/Dropdown/index.tsx?t=1787493067224:68
[   36305ms] [LOG] null @ http://restaurant21.lobytech.test:3002/src/presentation/views/Modules/Admin/Views/Asistencia/Dropdown/index.tsx?t=1787493067224:68
[   36305ms] [LOG] null @ http://restaurant21.lobytech.test:3002/src/presentation/views/Modules/Admin/Views/Asistencia/Dropdown/index.tsx?t=1787493067224:68
[   36306ms] [LOG] null @ http://restaurant21.lobytech.test:3002/src/presentation/views/Modules/Admin/Views/Asistencia/Dropdown/index.tsx?t=1787493067224:68
[   36306ms] [LOG] null @ http://restaurant21.lobytech.test:3002/src/presentation/views/Modules/Admin/Views/Asistencia/Dropdown/index.tsx?t=1787493067224:68
[   36306ms] [LOG] null @ http://restaurant21.lobytech.test:3002/src/presentation/views/Modules/Admin/Views/Asistencia/Dropdown/index.tsx?t=1787493067224:68
[   36307ms] [LOG] null @ http://restaurant21.lobytech.test:3002/src/presentation/views/Modules/Admin/Views/Asistencia/Dropdown/index.tsx?t=1787493067224:68
[   36307ms] [LOG] null @ http://restaurant21.lobytech.test:3002/src/presentation/views/Modules/Admin/Views/Asistencia/Dropdown/index.tsx?t=1787493067224:68
[   36307ms] [LOG] null @ http://restaurant21.lobytech.test:3002/src/presentation/views/Modules/Admin/Views/Asistencia/Dropdown/index.tsx?t=1787493067224:68
[   36308ms] [LOG] null @ http://restaurant21.lobytech.test:3002/src/presentation/views/Modules/Admin/Views/Asistencia/Dropdown/index.tsx?t=1787493067224:68
[   36308ms] [LOG] null @ http://restaurant21.lobytech.test:3002/src/presentation/views/Modules/Admin/Views/Asistencia/Dropdown/index.tsx?t=1787493067224:68
[   36309ms] [LOG] null @ http://restaurant21.lobytech.test:3002/src/presentation/views/Modules/Admin/Views/Asistencia/Dropdown/index.tsx?t=1787493067224:68
[   36309ms] [LOG] null @ http://restaurant21.lobytech.test:3002/src/presentation/views/Modules/Admin/Views/Asistencia/Dropdown/index.tsx?t=1787493067224:68
[   36310ms] [LOG] null @ http://restaurant21.lobytech.test:3002/src/presentation/views/Modules/Admin/Views/Asistencia/Dropdown/index.tsx?t=1787493067224:68
[   36312ms] [LOG] null @ http://restaurant21.lobytech.test:3002/src/presentation/views/Modules/Admin/Views/Asistencia/Dropdown/index.tsx?t=1787493067224:68
[   36312ms] [LOG] null @ http://restaurant21.lobytech.test:3002/src/presentation/views/Modules/Admin/Views/Asistencia/Dropdown/index.tsx?t=1787493067224:68
[   36313ms] [LOG] null @ http://restaurant21.lobytech.test:3002/src/presentation/views/Modules/Admin/Views/Asistencia/Dropdown/index.tsx?t=1787493067224:68
[   36313ms] [LOG] null @ http://restaurant21.lobytech.test:3002/src/presentation/views/Modules/Admin/Views/Asistencia/Dropdown/index.tsx?t=1787493067224:68
[   36314ms] [LOG] null @ http://restaurant21.lobytech.test:3002/src/presentation/views/Modules/Admin/Views/Asistencia/Dropdown/index.tsx?t=1787493067224:68
[   36314ms] [LOG] null @ http://restaurant21.lobytech.test:3002/src/presentation/views/Modules/Admin/Views/Asistencia/Dropdown/index.tsx?t=1787493067224:68
[   36315ms] [LOG] null @ http://restaurant21.lobytech.test:3002/src/presentation/views/Modules/Admin/Views/Asistencia/Dropdown/index.tsx?t=1787493067224:68
[   36315ms] [LOG] null @ http://restaurant21.lobytech.test:3002/src/presentation/views/Modules/Admin/Views/Asistencia/Dropdown/index.tsx?t=1787493067224:68
[   36315ms] [LOG] null @ http://restaurant21.lobytech.test:3002/src/presentation/views/Modules/Admin/Views/Asistencia/Dropdown/index.tsx?t=1787493067224:68
[   36316ms] [LOG] null @ http://restaurant21.lobytech.test:3002/src/presentation/views/Modules/Admin/Views/Asistencia/Dropdown/index.tsx?t=1787493067224:68
[   36317ms] [LOG] null @ http://restaurant21.lobytech.test:3002/src/presentation/views/Modules/Admin/Views/Asistencia/Dropdown/index.tsx?t=1787493067224:68
[   36317ms] [LOG] null @ http://restaurant21.lobytech.test:3002/src/presentation/views/Modules/Admin/Views/Asistencia/Dropdown/index.tsx?t=1787493067224:68
[   36318ms] [LOG] null @ http://restaurant21.lobytech.test:3002/src/presentation/views/Modules/Admin/Views/Asistencia/Dropdown/index.tsx?t=1787493067224:68
[   36318ms] [LOG] null @ http://restaurant21.lobytech.test:3002/src/presentation/views/Modules/Admin/Views/Asistencia/Dropdown/index.tsx?t=1787493067224:68
[   36319ms] [LOG] null @ http://restaurant21.lobytech.test:3002/src/presentation/views/Modules/Admin/Views/Asistencia/Dropdown/index.tsx?t=1787493067224:68
[   36319ms] [LOG] null @ http://restaurant21.lobytech.test:3002/src/presentation/views/Modules/Admin/Views/Asistencia/Dropdown/index.tsx?t=1787493067224:68
[   36320ms] [LOG] null @ http://restaurant21.lobytech.test:3002/src/presentation/views/Modules/Admin/Views/Asistencia/Dropdown/index.tsx?t=1787493067224:68
[   36321ms] [LOG] null @ http://restaurant21.lobytech.test:3002/src/presentation/views/Modules/Admin/Views/Asistencia/Dropdown/index.tsx?t=1787493067224:68
[   36321ms] [LOG] null @ http://restaurant21.lobytech.test:3002/src/presentation/views/Modules/Admin/Views/Asistencia/Dropdown/index.tsx?t=1787493067224:68
[   36322ms] [LOG] null @ http://restaurant21.lobytech.test:3002/src/presentation/views/Modules/Admin/Views/Asistencia/Dropdown/index.tsx?t=1787493067224:68
[   36322ms] [LOG] null @ http://restaurant21.lobytech.test:3002/src/presentation/views/Modules/Admin/Views/Asistencia/Dropdown/index.tsx?t=1787493067224:68
[   36323ms] [LOG] null @ http://restaurant21.lobytech.test:3002/src/presentation/views/Modules/Admin/Views/Asistencia/Dropdown/index.tsx?t=1787493067224:68
[   36323ms] [LOG] [Object, Object, Object, Object, Object, Object, Object, Object, Object, Object, Object, Object, Object, Object, Object, Object, Object, Object, Object, Object, Object, Object, Object, Object, Object, Object, Object, Object, Object, Object, Object, Object, Object, Object, Object, Object, Object, Object, Object, Object, Object, Object, Object, Object, Object, Object, Object, Object, Object, Object, Object, Object, Object, Object, Object, Object, Object, Object, Object, Object, Object, Object, Object, Object, Object, Object] @ http://restaurant21.lobytech.test:3002/src/components/Modal/Admin/Asistencia/index.tsx?t=1787530428254:43
[   36324ms] [LOG] [] @ http://restaurant21.lobytech.test:3002/src/components/Modal/Admin/Asistencia/index.tsx?t=1787530428254:50
[   36325ms] [LOG] Sun Aug 23 2026 00:00:00 GMT-0500 (hora estándar de Perú) @ http://restaurant21.lobytech.test:3002/src/components/Modal/Admin/Asistencia/index.tsx?t=1787530428254:79
[   36325ms] [LOG] 1 @ http://restaurant21.lobytech.test:3002/src/components/Modal/Admin/Asistencia/index.tsx?t=1787530428254:95
[   36325ms] [LOG] {habitacionId: 0, habitacion: , anfitrionaId: 0, anfitriona: , turno: } @ http://restaurant21.lobytech.test:3002/src/components/Modal/Admin/Asistencia/index.tsx?t=1787530428254:108
[   36325ms] [LOG] [] @ http://restaurant21.lobytech.test:3002/src/components/Modal/Admin/Asistencia/index.tsx?t=1787530428254:110
[   36325ms] [LOG] 0 @ http://restaurant21.lobytech.test:3002/src/components/Modal/Admin/Asistencia/index.tsx?t=1787530428254:126
[   36325ms] [LOG] undefined @ http://restaurant21.lobytech.test:3002/src/components/Modal/Admin/Asistencia/index.tsx?t=1787530428254:162
[   36325ms] [LOG]  @ http://restaurant21.lobytech.test:3002/src/components/Modal/Admin/Asistencia/index.tsx?t=1787530428254:163
[   36325ms] [LOG] 844 @ http://restaurant21.lobytech.test:3002/src/components/Modal/Admin/Asistencia/index.tsx?t=1787530428254:202
[   36325ms] [LOG] 390 @ http://restaurant21.lobytech.test:3002/src/components/Modal/Admin/Asistencia/index.tsx?t=1787530428254:203
[   36326ms] [LOG] [] @ http://restaurant21.lobytech.test:3002/src/components/Modal/Admin/Fichas/index.tsx?t=1787493067224:37
[   36327ms] [LOG] [] @ http://restaurant21.lobytech.test:3002/src/components/Modal/Admin/Fichas/index.tsx?t=1787493067224:38
[   36327ms] [LOG] null @ http://restaurant21.lobytech.test:3002/src/components/Modal/Admin/Fichas/index.tsx?t=1787493067224:39
[   36327ms] [LOG] 844 @ http://restaurant21.lobytech.test:3002/src/components/Modal/Admin/Fichas/index.tsx?t=1787493067224:47
[   36327ms] [LOG] 844 @ http://restaurant21.lobytech.test:3002/src/components/Modal/Admin/Fichas/index.tsx?t=1787493067224:48
[   36331ms] [ERROR] Warning: Unexpected ref object provided for %s. Use either a ref-setter function or React.createRef().%s div 
    at div
    at div
    at DropdownPopover (http://restaurant21.lobytech.test:3002/src/presentation/views/Modules/Admin/Views/Asistencia/Dropdown/index.tsx?t=1787493067224:24:3)
    at td
    at tr
    at tbody
    at table
    at div
    at div
    at Piso1 (http://restaurant21.lobytech.test:3002/src/presentation/views/Modules/Admin/Views/Asistencia/Piso1/index.tsx?t=1787493067224:23:3)
    at div
    at div
    at Asistencia (http://restaurant21.lobytech.test:3002/src/presentation/views/Modules/Admin/Views/Asistencia/index.tsx?t=1787493088342:42:20)
    at RenderedRoute (http://restaurant21.lobytech.test:3002/node_modules/.vite/deps/react-router-dom.js?v=23710b64:3310:5)
    at Outlet (http://restaurant21.lobytech.test:3002/node_modules/.vite/deps/react-router-dom.js?v=23710b64:3703:26)
    at div
    at div
    at div
    at LayoutView (http://restaurant21.lobytech.test:3002/src/components/Sidebar/index.tsx?t=1787527165311:31:20)
    at RenderedRoute (http://restaurant21.lobytech.test:3002/node_modules/.vite/deps/react-router-dom.js?v=23710b64:3310:5)
    at Routes (http://restaurant21.lobytech.test:3002/node_modules/.vite/deps/react-router-dom.js?v=23710b64:3763:5)
    at div
    at Router (http://restaurant21.lobytech.test:3002/node_modules/.vite/deps/react-router-dom.js?v=23710b64:3710:15)
    at BrowserRouter (http://restaurant21.lobytech.test:3002/node_modules/.vite/deps/react-router-dom.js?v=23710b64:4190:5)
    at Dashboard
    at QueryClientProvider2 (http://restaurant21.lobytech.test:3002/node_modules/.vite/deps/react-query.js?v=23710b64:2647:21)
    at Provider (http://restaurant21.lobytech.test:3002/node_modules/.vite/deps/react-redux.js?v=23710b64:1481:3)
    at App (http://restaurant21.lobytech.test:3002/src/App.tsx?t=1787530374483:31:7)
    at Provider (http://restaurant21.lobytech.test:3002/node_modules/.vite/deps/react-redux.js?v=23710b64:1481:3) @ http://restaurant21.lobytech.test:3002/node_modules/.vite/deps/chunk-GYWC62UC.js?v=23710b64:520
[   36331ms] [ERROR] Warning: Unexpected ref object provided for %s. Use either a ref-setter function or React.createRef().%s div 
    at div
    at div
    at DropdownPopover (http://restaurant21.lobytech.test:3002/src/presentation/views/Modules/Admin/Views/Asistencia/Dropdown/index.tsx?t=1787493067224:24:3)
    at td
    at tr
    at tbody
    at table
    at div
    at div
    at Piso1 (http://restaurant21.lobytech.test:3002/src/presentation/views/Modules/Admin/Views/Asistencia/Piso1/index.tsx?t=1787493067224:23:3)
    at div
    at div
    at Asistencia (http://restaurant21.lobytech.test:3002/src/presentation/views/Modules/Admin/Views/Asistencia/index.tsx?t=1787493088342:42:20)
    at RenderedRoute (http://restaurant21.lobytech.test:3002/node_modules/.vite/deps/react-router-dom.js?v=23710b64:3310:5)
    at Outlet (http://restaurant21.lobytech.test:3002/node_modules/.vite/deps/react-router-dom.js?v=23710b64:3703:26)
    at div
    at div
    at div
    at LayoutView (http://restaurant21.lobytech.test:3002/src/components/Sidebar/index.tsx?t=1787527165311:31:20)
    at RenderedRoute (http://restaurant21.lobytech.test:3002/node_modules/.vite/deps/react-router-dom.js?v=23710b64:3310:5)
    at Routes (http://restaurant21.lobytech.test:3002/node_modules/.vite/deps/react-router-dom.js?v=23710b64:3763:5)
    at div
    at Router (http://restaurant21.lobytech.test:3002/node_modules/.vite/deps/react-router-dom.js?v=23710b64:3710:15)
    at BrowserRouter (http://restaurant21.lobytech.test:3002/node_modules/.vite/deps/react-router-dom.js?v=23710b64:4190:5)
    at Dashboard
    at QueryClientProvider2 (http://restaurant21.lobytech.test:3002/node_modules/.vite/deps/react-query.js?v=23710b64:2647:21)
    at Provider (http://restaurant21.lobytech.test:3002/node_modules/.vite/deps/react-redux.js?v=23710b64:1481:3)
    at App (http://restaurant21.lobytech.test:3002/src/App.tsx?t=1787530374483:31:7)
    at Provider (http://restaurant21.lobytech.test:3002/node_modules/.vite/deps/react-redux.js?v=23710b64:1481:3) @ http://restaurant21.lobytech.test:3002/node_modules/.vite/deps/chunk-GYWC62UC.js?v=23710b64:520
[   36332ms] [ERROR] Warning: Unexpected ref object provided for %s. Use either a ref-setter function or React.createRef().%s div 
    at div
    at div
    at DropdownPopover (http://restaurant21.lobytech.test:3002/src/presentation/views/Modules/Admin/Views/Asistencia/Dropdown/index.tsx?t=1787493067224:24:3)
    at td
    at tr
    at tbody
    at table
    at div
    at div
    at Piso1 (http://restaurant21.lobytech.test:3002/src/presentation/views/Modules/Admin/Views/Asistencia/Piso1/index.tsx?t=1787493067224:23:3)
    at div
    at div
    at Asistencia (http://restaurant21.lobytech.test:3002/src/presentation/views/Modules/Admin/Views/Asistencia/index.tsx?t=1787493088342:42:20)
    at RenderedRoute (http://restaurant21.lobytech.test:3002/node_modules/.vite/deps/react-router-dom.js?v=23710b64:3310:5)
    at Outlet (http://restaurant21.lobytech.test:3002/node_modules/.vite/deps/react-router-dom.js?v=23710b64:3703:26)
    at div
    at div
    at div
    at LayoutView (http://restaurant21.lobytech.test:3002/src/components/Sidebar/index.tsx?t=1787527165311:31:20)
    at RenderedRoute (http://restaurant21.lobytech.test:3002/node_modules/.vite/deps/react-router-dom.js?v=23710b64:3310:5)
    at Routes (http://restaurant21.lobytech.test:3002/node_modules/.vite/deps/react-router-dom.js?v=23710b64:3763:5)
    at div
    at Router (http://restaurant21.lobytech.test:3002/node_modules/.vite/deps/react-router-dom.js?v=23710b64:3710:15)
    at BrowserRouter (http://restaurant21.lobytech.test:3002/node_modules/.vite/deps/react-router-dom.js?v=23710b64:4190:5)
    at Dashboard
    at QueryClientProvider2 (http://restaurant21.lobytech.test:3002/node_modules/.vite/deps/react-query.js?v=23710b64:2647:21)
    at Provider (http://restaurant21.lobytech.test:3002/node_modules/.vite/deps/react-redux.js?v=23710b64:1481:3)
    at App (http://restaurant21.lobytech.test:3002/src/App.tsx?t=1787530374483:31:7)
    at Provider (http://restaurant21.lobytech.test:3002/node_modules/.vite/deps/react-redux.js?v=23710b64:1481:3) @ http://restaurant21.lobytech.test:3002/node_modules/.vite/deps/chunk-GYWC62UC.js?v=23710b64:520
[   36332ms] [ERROR] Warning: Unexpected ref object provided for %s. Use either a ref-setter function or React.createRef().%s div 
    at div
    at div
    at DropdownPopover (http://restaurant21.lobytech.test:3002/src/presentation/views/Modules/Admin/Views/Asistencia/Dropdown/index.tsx?t=1787493067224:24:3)
    at td
    at tr
    at tbody
    at table
    at div
    at div
    at Piso1 (http://restaurant21.lobytech.test:3002/src/presentation/views/Modules/Admin/Views/Asistencia/Piso1/index.tsx?t=1787493067224:23:3)
    at div
    at div
    at Asistencia (http://restaurant21.lobytech.test:3002/src/presentation/views/Modules/Admin/Views/Asistencia/index.tsx?t=1787493088342:42:20)
    at RenderedRoute (http://restaurant21.lobytech.test:3002/node_modules/.vite/deps/react-router-dom.js?v=23710b64:3310:5)
    at Outlet (http://restaurant21.lobytech.test:3002/node_modules/.vite/deps/react-router-dom.js?v=23710b64:3703:26)
    at div
    at div
    at div
    at LayoutView (http://restaurant21.lobytech.test:3002/src/components/Sidebar/index.tsx?t=1787527165311:31:20)
    at RenderedRoute (http://restaurant21.lobytech.test:3002/node_modules/.vite/deps/react-router-dom.js?v=23710b64:3310:5)
    at Routes (http://restaurant21.lobytech.test:3002/node_modules/.vite/deps/react-router-dom.js?v=23710b64:3763:5)
    at div
    at Router (http://restaurant21.lobytech.test:3002/node_modules/.vite/deps/react-router-dom.js?v=23710b64:3710:15)
    at BrowserRouter (http://restaurant21.lobytech.test:3002/node_modules/.vite/deps/react-router-dom.js?v=23710b64:4190:5)
    at Dashboard
    at QueryClientProvider2 (http://restaurant21.lobytech.test:3002/node_modules/.vite/deps/react-query.js?v=23710b64:2647:21)
    at Provider (http://restaurant21.lobytech.test:3002/node_modules/.vite/deps/react-redux.js?v=23710b64:1481:3)
    at App (http://restaurant21.lobytech.test:3002/src/App.tsx?t=1787530374483:31:7)
    at Provider (http://restaurant21.lobytech.test:3002/node_modules/.vite/deps/react-redux.js?v=23710b64:1481:3) @ http://restaurant21.lobytech.test:3002/node_modules/.vite/deps/chunk-GYWC62UC.js?v=23710b64:520
[   36332ms] [ERROR] Warning: Unexpected ref object provided for %s. Use either a ref-setter function or React.createRef().%s div 
    at div
    at div
    at DropdownPopover (http://restaurant21.lobytech.test:3002/src/presentation/views/Modules/Admin/Views/Asistencia/Dropdown/index.tsx?t=1787493067224:24:3)
    at td
    at tr
    at tbody
    at table
    at div
    at div
    at Piso1 (http://restaurant21.lobytech.test:3002/src/presentation/views/Modules/Admin/Views/Asistencia/Piso1/index.tsx?t=1787493067224:23:3)
    at div
    at div
    at Asistencia (http://restaurant21.lobytech.test:3002/src/presentation/views/Modules/Admin/Views/Asistencia/index.tsx?t=1787493088342:42:20)
    at RenderedRoute (http://restaurant21.lobytech.test:3002/node_modules/.vite/deps/react-router-dom.js?v=23710b64:3310:5)
    at Outlet (http://restaurant21.lobytech.test:3002/node_modules/.vite/deps/react-router-dom.js?v=23710b64:3703:26)
    at div
    at div
    at div
    at LayoutView (http://restaurant21.lobytech.test:3002/src/components/Sidebar/index.tsx?t=1787527165311:31:20)
    at RenderedRoute (http://restaurant21.lobytech.test:3002/node_modules/.vite/deps/react-router-dom.js?v=23710b64:3310:5)
    at Routes (http://restaurant21.lobytech.test:3002/node_modules/.vite/deps/react-router-dom.js?v=23710b64:3763:5)
    at div
    at Router (http://restaurant21.lobytech.test:3002/node_modules/.vite/deps/react-router-dom.js?v=23710b64:3710:15)
    at BrowserRouter (http://restaurant21.lobytech.test:3002/node_modules/.vite/deps/react-router-dom.js?v=23710b64:4190:5)
    at Dashboard
    at QueryClientProvider2 (http://restaurant21.lobytech.test:3002/node_modules/.vite/deps/react-query.js?v=23710b64:2647:21)
    at Provider (http://restaurant21.lobytech.test:3002/node_modules/.vite/deps/react-redux.js?v=23710b64:1481:3)
    at App (http://restaurant21.lobytech.test:3002/src/App.tsx?t=1787530374483:31:7)
    at Provider (http://restaurant21.lobytech.test:3002/node_modules/.vite/deps/react-redux.js?v=23710b64:1481:3) @ http://restaurant21.lobytech.test:3002/node_modules/.vite/deps/chunk-GYWC62UC.js?v=23710b64:520
[   36333ms] [ERROR] Warning: Unexpected ref object provided for %s. Use either a ref-setter function or React.createRef().%s div 
    at div
    at div
    at DropdownPopover (http://restaurant21.lobytech.test:3002/src/presentation/views/Modules/Admin/Views/Asistencia/Dropdown/index.tsx?t=1787493067224:24:3)
    at td
    at tr
    at tbody
    at table
    at div
    at div
    at Piso1 (http://restaurant21.lobytech.test:3002/src/presentation/views/Modules/Admin/Views/Asistencia/Piso1/index.tsx?t=1787493067224:23:3)
    at div
    at div
    at Asistencia (http://restaurant21.lobytech.test:3002/src/presentation/views/Modules/Admin/Views/Asistencia/index.tsx?t=1787493088342:42:20)
    at RenderedRoute (http://restaurant21.lobytech.test:3002/node_modules/.vite/deps/react-router-dom.js?v=23710b64:3310:5)
    at Outlet (http://restaurant21.lobytech.test:3002/node_modules/.vite/deps/react-router-dom.js?v=23710b64:3703:26)
    at div
    at div
    at div
    at LayoutView (http://restaurant21.lobytech.test:3002/src/components/Sidebar/index.tsx?t=1787527165311:31:20)
    at RenderedRoute (http://restaurant21.lobytech.test:3002/node_modules/.vite/deps/react-router-dom.js?v=23710b64:3310:5)
    at Routes (http://restaurant21.lobytech.test:3002/node_modules/.vite/deps/react-router-dom.js?v=23710b64:3763:5)
    at div
    at Router (http://restaurant21.lobytech.test:3002/node_modules/.vite/deps/react-router-dom.js?v=23710b64:3710:15)
    at BrowserRouter (http://restaurant21.lobytech.test:3002/node_modules/.vite/deps/react-router-dom.js?v=23710b64:4190:5)
    at Dashboard
    at QueryClientProvider2 (http://restaurant21.lobytech.test:3002/node_modules/.vite/deps/react-query.js?v=23710b64:2647:21)
    at Provider (http://restaurant21.lobytech.test:3002/node_modules/.vite/deps/react-redux.js?v=23710b64:1481:3)
    at App (http://restaurant21.lobytech.test:3002/src/App.tsx?t=1787530374483:31:7)
    at Provider (http://restaurant21.lobytech.test:3002/node_modules/.vite/deps/react-redux.js?v=23710b64:1481:3) @ http://restaurant21.lobytech.test:3002/node_modules/.vite/deps/chunk-GYWC62UC.js?v=23710b64:520
[   36333ms] [ERROR] Warning: Unexpected ref object provided for %s. Use either a ref-setter function or React.createRef().%s div 
    at div
    at div
    at DropdownPopover (http://restaurant21.lobytech.test:3002/src/presentation/views/Modules/Admin/Views/Asistencia/Dropdown/index.tsx?t=1787493067224:24:3)
    at td
    at tr
    at tbody
    at table
    at div
    at div
    at Piso1 (http://restaurant21.lobytech.test:3002/src/presentation/views/Modules/Admin/Views/Asistencia/Piso1/index.tsx?t=1787493067224:23:3)
    at div
    at div
    at Asistencia (http://restaurant21.lobytech.test:3002/src/presentation/views/Modules/Admin/Views/Asistencia/index.tsx?t=1787493088342:42:20)
    at RenderedRoute (http://restaurant21.lobytech.test:3002/node_modules/.vite/deps/react-router-dom.js?v=23710b64:3310:5)
    at Outlet (http://restaurant21.lobytech.test:3002/node_modules/.vite/deps/react-router-dom.js?v=23710b64:3703:26)
    at div
    at div
    at div
    at LayoutView (http://restaurant21.lobytech.test:3002/src/components/Sidebar/index.tsx?t=1787527165311:31:20)
    at RenderedRoute (http://restaurant21.lobytech.test:3002/node_modules/.vite/deps/react-router-dom.js?v=23710b64:3310:5)
    at Routes (http://restaurant21.lobytech.test:3002/node_modules/.vite/deps/react-router-dom.js?v=23710b64:3763:5)
    at div
    at Router (http://restaurant21.lobytech.test:3002/node_modules/.vite/deps/react-router-dom.js?v=23710b64:3710:15)
    at BrowserRouter (http://restaurant21.lobytech.test:3002/node_modules/.vite/deps/react-router-dom.js?v=23710b64:4190:5)
    at Dashboard
    at QueryClientProvider2 (http://restaurant21.lobytech.test:3002/node_modules/.vite/deps/react-query.js?v=23710b64:2647:21)
    at Provider (http://restaurant21.lobytech.test:3002/node_modules/.vite/deps/react-redux.js?v=23710b64:1481:3)
    at App (http://restaurant21.lobytech.test:3002/src/App.tsx?t=1787530374483:31:7)
    at Provider (http://restaurant21.lobytech.test:3002/node_modules/.vite/deps/react-redux.js?v=23710b64:1481:3) @ http://restaurant21.lobytech.test:3002/node_modules/.vite/deps/chunk-GYWC62UC.js?v=23710b64:520
[   36333ms] [ERROR] Warning: Unexpected ref object provided for %s. Use either a ref-setter function or React.createRef().%s div 
    at div
    at div
    at DropdownPopover (http://restaurant21.lobytech.test:3002/src/presentation/views/Modules/Admin/Views/Asistencia/Dropdown/index.tsx?t=1787493067224:24:3)
    at td
    at tr
    at tbody
    at table
    at div
    at div
    at Piso1 (http://restaurant21.lobytech.test:3002/src/presentation/views/Modules/Admin/Views/Asistencia/Piso1/index.tsx?t=1787493067224:23:3)
    at div
    at div
    at Asistencia (http://restaurant21.lobytech.test:3002/src/presentation/views/Modules/Admin/Views/Asistencia/index.tsx?t=1787493088342:42:20)
    at RenderedRoute (http://restaurant21.lobytech.test:3002/node_modules/.vite/deps/react-router-dom.js?v=23710b64:3310:5)
    at Outlet (http://restaurant21.lobytech.test:3002/node_modules/.vite/deps/react-router-dom.js?v=23710b64:3703:26)
    at div
    at div
    at div
    at LayoutView (http://restaurant21.lobytech.test:3002/src/components/Sidebar/index.tsx?t=1787527165311:31:20)
    at RenderedRoute (http://restaurant21.lobytech.test:3002/node_modules/.vite/deps/react-router-dom.js?v=23710b64:3310:5)
    at Routes (http://restaurant21.lobytech.test:3002/node_modules/.vite/deps/react-router-dom.js?v=23710b64:3763:5)
    at div
    at Router (http://restaurant21.lobytech.test:3002/node_modules/.vite/deps/react-router-dom.js?v=23710b64:3710:15)
    at BrowserRouter (http://restaurant21.lobytech.test:3002/node_modules/.vite/deps/react-router-dom.js?v=23710b64:4190:5)
    at Dashboard
    at QueryClientProvider2 (http://restaurant21.lobytech.test:3002/node_modules/.vite/deps/react-query.js?v=23710b64:2647:21)
    at Provider (http://restaurant21.lobytech.test:3002/node_modules/.vite/deps/react-redux.js?v=23710b64:1481:3)
    at App (http://restaurant21.lobytech.test:3002/src/App.tsx?t=1787530374483:31:7)
    at Provider (http://restaurant21.lobytech.test:3002/node_modules/.vite/deps/react-redux.js?v=23710b64:1481:3) @ http://restaurant21.lobytech.test:3002/node_modules/.vite/deps/chunk-GYWC62UC.js?v=23710b64:520
[   36333ms] [ERROR] Warning: Unexpected ref object provided for %s. Use either a ref-setter function or React.createRef().%s div 
    at div
    at div
    at DropdownPopover (http://restaurant21.lobytech.test:3002/src/presentation/views/Modules/Admin/Views/Asistencia/Dropdown/index.tsx?t=1787493067224:24:3)
    at td
    at tr
    at tbody
    at table
    at div
    at div
    at Piso1 (http://restaurant21.lobytech.test:3002/src/presentation/views/Modules/Admin/Views/Asistencia/Piso1/index.tsx?t=1787493067224:23:3)
    at div
    at div
    at Asistencia (http://restaurant21.lobytech.test:3002/src/presentation/views/Modules/Admin/Views/Asistencia/index.tsx?t=1787493088342:42:20)
    at RenderedRoute (http://restaurant21.lobytech.test:3002/node_modules/.vite/deps/react-router-dom.js?v=23710b64:3310:5)
    at Outlet (http://restaurant21.lobytech.test:3002/node_modules/.vite/deps/react-router-dom.js?v=23710b64:3703:26)
    at div
    at div
    at div
    at LayoutView (http://restaurant21.lobytech.test:3002/src/components/Sidebar/index.tsx?t=1787527165311:31:20)
    at RenderedRoute (http://restaurant21.lobytech.test:3002/node_modules/.vite/deps/react-router-dom.js?v=23710b64:3310:5)
    at Routes (http://restaurant21.lobytech.test:3002/node_modules/.vite/deps/react-router-dom.js?v=23710b64:3763:5)
    at div
    at Router (http://restaurant21.lobytech.test:3002/node_modules/.vite/deps/react-router-dom.js?v=23710b64:3710:15)
    at BrowserRouter (http://restaurant21.lobytech.test:3002/node_modules/.vite/deps/react-router-dom.js?v=23710b64:4190:5)
    at Dashboard
    at QueryClientProvider2 (http://restaurant21.lobytech.test:3002/node_modules/.vite/deps/react-query.js?v=23710b64:2647:21)
    at Provider (http://restaurant21.lobytech.test:3002/node_modules/.vite/deps/react-redux.js?v=23710b64:1481:3)
    at App (http://restaurant21.lobytech.test:3002/src/App.tsx?t=1787530374483:31:7)
    at Provider (http://restaurant21.lobytech.test:3002/node_modules/.vite/deps/react-redux.js?v=23710b64:1481:3) @ http://restaurant21.lobytech.test:3002/node_modules/.vite/deps/chunk-GYWC62UC.js?v=23710b64:520
[   36333ms] [ERROR] Warning: Unexpected ref object provided for %s. Use either a ref-setter function or React.createRef().%s div 
    at div
    at div
    at DropdownPopover (http://restaurant21.lobytech.test:3002/src/presentation/views/Modules/Admin/Views/Asistencia/Dropdown/index.tsx?t=1787493067224:24:3)
    at td
    at tr
    at tbody
    at table
    at div
    at div
    at Piso1 (http://restaurant21.lobytech.test:3002/src/presentation/views/Modules/Admin/Views/Asistencia/Piso1/index.tsx?t=1787493067224:23:3)
    at div
    at div
    at Asistencia (http://restaurant21.lobytech.test:3002/src/presentation/views/Modules/Admin/Views/Asistencia/index.tsx?t=1787493088342:42:20)
    at RenderedRoute (http://restaurant21.lobytech.test:3002/node_modules/.vite/deps/react-router-dom.js?v=23710b64:3310:5)
    at Outlet (http://restaurant21.lobytech.test:3002/node_modules/.vite/deps/react-router-dom.js?v=23710b64:3703:26)
    at div
    at div
    at div
    at LayoutView (http://restaurant21.lobytech.test:3002/src/components/Sidebar/index.tsx?t=1787527165311:31:20)
    at RenderedRoute (http://restaurant21.lobytech.test:3002/node_modules/.vite/deps/react-router-dom.js?v=23710b64:3310:5)
    at Routes (http://restaurant21.lobytech.test:3002/node_modules/.vite/deps/react-router-dom.js?v=23710b64:3763:5)
    at div
    at Router (http://restaurant21.lobytech.test:3002/node_modules/.vite/deps/react-router-dom.js?v=23710b64:3710:15)
    at BrowserRouter (http://restaurant21.lobytech.test:3002/node_modules/.vite/deps/react-router-dom.js?v=23710b64:4190:5)
    at Dashboard
    at QueryClientProvider2 (http://restaurant21.lobytech.test:3002/node_modules/.vite/deps/react-query.js?v=23710b64:2647:21)
    at Provider (http://restaurant21.lobytech.test:3002/node_modules/.vite/deps/react-redux.js?v=23710b64:1481:3)
    at App (http://restaurant21.lobytech.test:3002/src/App.tsx?t=1787530374483:31:7)
    at Provider (http://restaurant21.lobytech.test:3002/node_modules/.vite/deps/react-redux.js?v=23710b64:1481:3) @ http://restaurant21.lobytech.test:3002/node_modules/.vite/deps/chunk-GYWC62UC.js?v=23710b64:520
[   36333ms] [ERROR] Warning: Unexpected ref object provided for %s. Use either a ref-setter function or React.createRef().%s div 
    at div
    at div
    at DropdownPopover (http://restaurant21.lobytech.test:3002/src/presentation/views/Modules/Admin/Views/Asistencia/Dropdown/index.tsx?t=1787493067224:24:3)
    at td
    at tr
    at tbody
    at table
    at div
    at div
    at Piso1 (http://restaurant21.lobytech.test:3002/src/presentation/views/Modules/Admin/Views/Asistencia/Piso1/index.tsx?t=1787493067224:23:3)
    at div
    at div
    at Asistencia (http://restaurant21.lobytech.test:3002/src/presentation/views/Modules/Admin/Views/Asistencia/index.tsx?t=1787493088342:42:20)
    at RenderedRoute (http://restaurant21.lobytech.test:3002/node_modules/.vite/deps/react-router-dom.js?v=23710b64:3310:5)
    at Outlet (http://restaurant21.lobytech.test:3002/node_modules/.vite/deps/react-router-dom.js?v=23710b64:3703:26)
    at div
    at div
    at div
    at LayoutView (http://restaurant21.lobytech.test:3002/src/components/Sidebar/index.tsx?t=1787527165311:31:20)
    at RenderedRoute (http://restaurant21.lobytech.test:3002/node_modules/.vite/deps/react-router-dom.js?v=23710b64:3310:5)
    at Routes (http://restaurant21.lobytech.test:3002/node_modules/.vite/deps/react-router-dom.js?v=23710b64:3763:5)
    at div
    at Router (http://restaurant21.lobytech.test:3002/node_modules/.vite/deps/react-router-dom.js?v=23710b64:3710:15)
    at BrowserRouter (http://restaurant21.lobytech.test:3002/node_modules/.vite/deps/react-router-dom.js?v=23710b64:4190:5)
    at Dashboard
    at QueryClientProvider2 (http://restaurant21.lobytech.test:3002/node_modules/.vite/deps/react-query.js?v=23710b64:2647:21)
    at Provider (http://restaurant21.lobytech.test:3002/node_modules/.vite/deps/react-redux.js?v=23710b64:1481:3)
    at App (http://restaurant21.lobytech.test:3002/src/App.tsx?t=1787530374483:31:7)
    at Provider (http://restaurant21.lobytech.test:3002/node_modules/.vite/deps/react-redux.js?v=23710b64:1481:3) @ http://restaurant21.lobytech.test:3002/node_modules/.vite/deps/chunk-GYWC62UC.js?v=23710b64:520
[   36333ms] [ERROR] Warning: Unexpected ref object provided for %s. Use either a ref-setter function or React.createRef().%s div 
    at div
    at div
    at DropdownPopover (http://restaurant21.lobytech.test:3002/src/presentation/views/Modules/Admin/Views/Asistencia/Dropdown/index.tsx?t=1787493067224:24:3)
    at td
    at tr
    at tbody
    at table
    at div
    at div
    at Piso1 (http://restaurant21.lobytech.test:3002/src/presentation/views/Modules/Admin/Views/Asistencia/Piso1/index.tsx?t=1787493067224:23:3)
    at div
    at div
    at Asistencia (http://restaurant21.lobytech.test:3002/src/presentation/views/Modules/Admin/Views/Asistencia/index.tsx?t=1787493088342:42:20)
    at RenderedRoute (http://restaurant21.lobytech.test:3002/node_modules/.vite/deps/react-router-dom.js?v=23710b64:3310:5)
    at Outlet (http://restaurant21.lobytech.test:3002/node_modules/.vite/deps/react-router-dom.js?v=23710b64:3703:26)
    at div
    at div
    at div
    at LayoutView (http://restaurant21.lobytech.test:3002/src/components/Sidebar/index.tsx?t=1787527165311:31:20)
    at RenderedRoute (http://restaurant21.lobytech.test:3002/node_modules/.vite/deps/react-router-dom.js?v=23710b64:3310:5)
    at Routes (http://restaurant21.lobytech.test:3002/node_modules/.vite/deps/react-router-dom.js?v=23710b64:3763:5)
    at div
    at Router (http://restaurant21.lobytech.test:3002/node_modules/.vite/deps/react-router-dom.js?v=23710b64:3710:15)
    at BrowserRouter (http://restaurant21.lobytech.test:3002/node_modules/.vite/deps/react-router-dom.js?v=23710b64:4190:5)
    at Dashboard
    at QueryClientProvider2 (http://restaurant21.lobytech.test:3002/node_modules/.vite/deps/react-query.js?v=23710b64:2647:21)
    at Provider (http://restaurant21.lobytech.test:3002/node_modules/.vite/deps/react-redux.js?v=23710b64:1481:3)
    at App (http://restaurant21.lobytech.test:3002/src/App.tsx?t=1787530374483:31:7)
    at Provider (http://restaurant21.lobytech.test:3002/node_modules/.vite/deps/react-redux.js?v=23710b64:1481:3) @ http://restaurant21.lobytech.test:3002/node_modules/.vite/deps/chunk-GYWC62UC.js?v=23710b64:520
[   36334ms] [ERROR] Warning: Unexpected ref object provided for %s. Use either a ref-setter function or React.createRef().%s div 
    at div
    at div
    at DropdownPopover (http://restaurant21.lobytech.test:3002/src/presentation/views/Modules/Admin/Views/Asistencia/Dropdown/index.tsx?t=1787493067224:24:3)
    at td
    at tr
    at tbody
    at table
    at div
    at div
    at Piso1 (http://restaurant21.lobytech.test:3002/src/presentation/views/Modules/Admin/Views/Asistencia/Piso1/index.tsx?t=1787493067224:23:3)
    at div
    at div
    at Asistencia (http://restaurant21.lobytech.test:3002/src/presentation/views/Modules/Admin/Views/Asistencia/index.tsx?t=1787493088342:42:20)
    at RenderedRoute (http://restaurant21.lobytech.test:3002/node_modules/.vite/deps/react-router-dom.js?v=23710b64:3310:5)
    at Outlet (http://restaurant21.lobytech.test:3002/node_modules/.vite/deps/react-router-dom.js?v=23710b64:3703:26)
    at div
    at div
    at div
    at LayoutView (http://restaurant21.lobytech.test:3002/src/components/Sidebar/index.tsx?t=1787527165311:31:20)
    at RenderedRoute (http://restaurant21.lobytech.test:3002/node_modules/.vite/deps/react-router-dom.js?v=23710b64:3310:5)
    at Routes (http://restaurant21.lobytech.test:3002/node_modules/.vite/deps/react-router-dom.js?v=23710b64:3763:5)
    at div
    at Router (http://restaurant21.lobytech.test:3002/node_modules/.vite/deps/react-router-dom.js?v=23710b64:3710:15)
    at BrowserRouter (http://restaurant21.lobytech.test:3002/node_modules/.vite/deps/react-router-dom.js?v=23710b64:4190:5)
    at Dashboard
    at QueryClientProvider2 (http://restaurant21.lobytech.test:3002/node_modules/.vite/deps/react-query.js?v=23710b64:2647:21)
    at Provider (http://restaurant21.lobytech.test:3002/node_modules/.vite/deps/react-redux.js?v=23710b64:1481:3)
    at App (http://restaurant21.lobytech.test:3002/src/App.tsx?t=1787530374483:31:7)
    at Provider (http://restaurant21.lobytech.test:3002/node_modules/.vite/deps/react-redux.js?v=23710b64:1481:3) @ http://restaurant21.lobytech.test:3002/node_modules/.vite/deps/chunk-GYWC62UC.js?v=23710b64:520
[   36334ms] [ERROR] Warning: Unexpected ref object provided for %s. Use either a ref-setter function or React.createRef().%s div 
    at div
    at div
    at DropdownPopover (http://restaurant21.lobytech.test:3002/src/presentation/views/Modules/Admin/Views/Asistencia/Dropdown/index.tsx?t=1787493067224:24:3)
    at td
    at tr
    at tbody
    at table
    at div
    at div
    at Piso1 (http://restaurant21.lobytech.test:3002/src/presentation/views/Modules/Admin/Views/Asistencia/Piso1/index.tsx?t=1787493067224:23:3)
    at div
    at div
    at Asistencia (http://restaurant21.lobytech.test:3002/src/presentation/views/Modules/Admin/Views/Asistencia/index.tsx?t=1787493088342:42:20)
    at RenderedRoute (http://restaurant21.lobytech.test:3002/node_modules/.vite/deps/react-router-dom.js?v=23710b64:3310:5)
    at Outlet (http://restaurant21.lobytech.test:3002/node_modules/.vite/deps/react-router-dom.js?v=23710b64:3703:26)
    at div
    at div
    at div
    at LayoutView (http://restaurant21.lobytech.test:3002/src/components/Sidebar/index.tsx?t=1787527165311:31:20)
    at RenderedRoute (http://restaurant21.lobytech.test:3002/node_modules/.vite/deps/react-router-dom.js?v=23710b64:3310:5)
    at Routes (http://restaurant21.lobytech.test:3002/node_modules/.vite/deps/react-router-dom.js?v=23710b64:3763:5)
    at div
    at Router (http://restaurant21.lobytech.test:3002/node_modules/.vite/deps/react-router-dom.js?v=23710b64:3710:15)
    at BrowserRouter (http://restaurant21.lobytech.test:3002/node_modules/.vite/deps/react-router-dom.js?v=23710b64:4190:5)
    at Dashboard
    at QueryClientProvider2 (http://restaurant21.lobytech.test:3002/node_modules/.vite/deps/react-query.js?v=23710b64:2647:21)
    at Provider (http://restaurant21.lobytech.test:3002/node_modules/.vite/deps/react-redux.js?v=23710b64:1481:3)
    at App (http://restaurant21.lobytech.test:3002/src/App.tsx?t=1787530374483:31:7)
    at Provider (http://restaurant21.lobytech.test:3002/node_modules/.vite/deps/react-redux.js?v=23710b64:1481:3) @ http://restaurant21.lobytech.test:3002/node_modules/.vite/deps/chunk-GYWC62UC.js?v=23710b64:520
[   36334ms] [ERROR] Warning: Unexpected ref object provided for %s. Use either a ref-setter function or React.createRef().%s div 
    at div
    at div
    at DropdownPopover (http://restaurant21.lobytech.test:3002/src/presentation/views/Modules/Admin/Views/Asistencia/Dropdown/index.tsx?t=1787493067224:24:3)
    at td
    at tr
    at tbody
    at table
    at div
    at div
    at Piso1 (http://restaurant21.lobytech.test:3002/src/presentation/views/Modules/Admin/Views/Asistencia/Piso1/index.tsx?t=1787493067224:23:3)
    at div
    at div
    at Asistencia (http://restaurant21.lobytech.test:3002/src/presentation/views/Modules/Admin/Views/Asistencia/index.tsx?t=1787493088342:42:20)
    at RenderedRoute (http://restaurant21.lobytech.test:3002/node_modules/.vite/deps/react-router-dom.js?v=23710b64:3310:5)
    at Outlet (http://restaurant21.lobytech.test:3002/node_modules/.vite/deps/react-router-dom.js?v=23710b64:3703:26)
    at div
    at div
    at div
    at LayoutView (http://restaurant21.lobytech.test:3002/src/components/Sidebar/index.tsx?t=1787527165311:31:20)
    at RenderedRoute (http://restaurant21.lobytech.test:3002/node_modules/.vite/deps/react-router-dom.js?v=23710b64:3310:5)
    at Routes (http://restaurant21.lobytech.test:3002/node_modules/.vite/deps/react-router-dom.js?v=23710b64:3763:5)
    at div
    at Router (http://restaurant21.lobytech.test:3002/node_modules/.vite/deps/react-router-dom.js?v=23710b64:3710:15)
    at BrowserRouter (http://restaurant21.lobytech.test:3002/node_modules/.vite/deps/react-router-dom.js?v=23710b64:4190:5)
    at Dashboard
    at QueryClientProvider2 (http://restaurant21.lobytech.test:3002/node_modules/.vite/deps/react-query.js?v=23710b64:2647:21)
    at Provider (http://restaurant21.lobytech.test:3002/node_modules/.vite/deps/react-redux.js?v=23710b64:1481:3)
    at App (http://restaurant21.lobytech.test:3002/src/App.tsx?t=1787530374483:31:7)
    at Provider (http://restaurant21.lobytech.test:3002/node_modules/.vite/deps/react-redux.js?v=23710b64:1481:3) @ http://restaurant21.lobytech.test:3002/node_modules/.vite/deps/chunk-GYWC62UC.js?v=23710b64:520
[   36334ms] [ERROR] Warning: Unexpected ref object provided for %s. Use either a ref-setter function or React.createRef().%s div 
    at div
    at div
    at DropdownPopover (http://restaurant21.lobytech.test:3002/src/presentation/views/Modules/Admin/Views/Asistencia/Dropdown/index.tsx?t=1787493067224:24:3)
    at td
    at tr
    at tbody
    at table
    at div
    at div
    at Piso1 (http://restaurant21.lobytech.test:3002/src/presentation/views/Modules/Admin/Views/Asistencia/Piso1/index.tsx?t=1787493067224:23:3)
    at div
    at div
    at Asistencia (http://restaurant21.lobytech.test:3002/src/presentation/views/Modules/Admin/Views/Asistencia/index.tsx?t=1787493088342:42:20)
    at RenderedRoute (http://restaurant21.lobytech.test:3002/node_modules/.vite/deps/react-router-dom.js?v=23710b64:3310:5)
    at Outlet (http://restaurant21.lobytech.test:3002/node_modules/.vite/deps/react-router-dom.js?v=23710b64:3703:26)
    at div
    at div
    at div
    at LayoutView (http://restaurant21.lobytech.test:3002/src/components/Sidebar/index.tsx?t=1787527165311:31:20)
    at RenderedRoute (http://restaurant21.lobytech.test:3002/node_modules/.vite/deps/react-router-dom.js?v=23710b64:3310:5)
    at Routes (http://restaurant21.lobytech.test:3002/node_modules/.vite/deps/react-router-dom.js?v=23710b64:3763:5)
    at div
    at Router (http://restaurant21.lobytech.test:3002/node_modules/.vite/deps/react-router-dom.js?v=23710b64:3710:15)
    at BrowserRouter (http://restaurant21.lobytech.test:3002/node_modules/.vite/deps/react-router-dom.js?v=23710b64:4190:5)
    at Dashboard
    at QueryClientProvider2 (http://restaurant21.lobytech.test:3002/node_modules/.vite/deps/react-query.js?v=23710b64:2647:21)
    at Provider (http://restaurant21.lobytech.test:3002/node_modules/.vite/deps/react-redux.js?v=23710b64:1481:3)
    at App (http://restaurant21.lobytech.test:3002/src/App.tsx?t=1787530374483:31:7)
    at Provider (http://restaurant21.lobytech.test:3002/node_modules/.vite/deps/react-redux.js?v=23710b64:1481:3) @ http://restaurant21.lobytech.test:3002/node_modules/.vite/deps/chunk-GYWC62UC.js?v=23710b64:520
[   36334ms] [ERROR] Warning: Unexpected ref object provided for %s. Use either a ref-setter function or React.createRef().%s div 
    at div
    at div
    at DropdownPopover (http://restaurant21.lobytech.test:3002/src/presentation/views/Modules/Admin/Views/Asistencia/Dropdown/index.tsx?t=1787493067224:24:3)
    at td
    at tr
    at tbody
    at table
    at div
    at div
    at Piso1 (http://restaurant21.lobytech.test:3002/src/presentation/views/Modules/Admin/Views/Asistencia/Piso1/index.tsx?t=1787493067224:23:3)
    at div
    at div
    at Asistencia (http://restaurant21.lobytech.test:3002/src/presentation/views/Modules/Admin/Views/Asistencia/index.tsx?t=1787493088342:42:20)
    at RenderedRoute (http://restaurant21.lobytech.test:3002/node_modules/.vite/deps/react-router-dom.js?v=23710b64:3310:5)
    at Outlet (http://restaurant21.lobytech.test:3002/node_modules/.vite/deps/react-router-dom.js?v=23710b64:3703:26)
    at div
    at div
    at div
    at LayoutView (http://restaurant21.lobytech.test:3002/src/components/Sidebar/index.tsx?t=1787527165311:31:20)
    at RenderedRoute (http://restaurant21.lobytech.test:3002/node_modules/.vite/deps/react-router-dom.js?v=23710b64:3310:5)
    at Routes (http://restaurant21.lobytech.test:3002/node_modules/.vite/deps/react-router-dom.js?v=23710b64:3763:5)
    at div
    at Router (http://restaurant21.lobytech.test:3002/node_modules/.vite/deps/react-router-dom.js?v=23710b64:3710:15)
    at BrowserRouter (http://restaurant21.lobytech.test:3002/node_modules/.vite/deps/react-router-dom.js?v=23710b64:4190:5)
    at Dashboard
    at QueryClientProvider2 (http://restaurant21.lobytech.test:3002/node_modules/.vite/deps/react-query.js?v=23710b64:2647:21)
    at Provider (http://restaurant21.lobytech.test:3002/node_modules/.vite/deps/react-redux.js?v=23710b64:1481:3)
    at App (http://restaurant21.lobytech.test:3002/src/App.tsx?t=1787530374483:31:7)
    at Provider (http://restaurant21.lobytech.test:3002/node_modules/.vite/deps/react-redux.js?v=23710b64:1481:3) @ http://restaurant21.lobytech.test:3002/node_modules/.vite/deps/chunk-GYWC62UC.js?v=23710b64:520
[   36334ms] [ERROR] Warning: Unexpected ref object provided for %s. Use either a ref-setter function or React.createRef().%s div 
    at div
    at div
    at DropdownPopover (http://restaurant21.lobytech.test:3002/src/presentation/views/Modules/Admin/Views/Asistencia/Dropdown/index.tsx?t=1787493067224:24:3)
    at td
    at tr
    at tbody
    at table
    at div
    at div
    at Piso1 (http://restaurant21.lobytech.test:3002/src/presentation/views/Modules/Admin/Views/Asistencia/Piso1/index.tsx?t=1787493067224:23:3)
    at div
    at div
    at Asistencia (http://restaurant21.lobytech.test:3002/src/presentation/views/Modules/Admin/Views/Asistencia/index.tsx?t=1787493088342:42:20)
    at RenderedRoute (http://restaurant21.lobytech.test:3002/node_modules/.vite/deps/react-router-dom.js?v=23710b64:3310:5)
    at Outlet (http://restaurant21.lobytech.test:3002/node_modules/.vite/deps/react-router-dom.js?v=23710b64:3703:26)
    at div
    at div
    at div
    at LayoutView (http://restaurant21.lobytech.test:3002/src/components/Sidebar/index.tsx?t=1787527165311:31:20)
    at RenderedRoute (http://restaurant21.lobytech.test:3002/node_modules/.vite/deps/react-router-dom.js?v=23710b64:3310:5)
    at Routes (http://restaurant21.lobytech.test:3002/node_modules/.vite/deps/react-router-dom.js?v=23710b64:3763:5)
    at div
    at Router (http://restaurant21.lobytech.test:3002/node_modules/.vite/deps/react-router-dom.js?v=23710b64:3710:15)
    at BrowserRouter (http://restaurant21.lobytech.test:3002/node_modules/.vite/deps/react-router-dom.js?v=23710b64:4190:5)
    at Dashboard
    at QueryClientProvider2 (http://restaurant21.lobytech.test:3002/node_modules/.vite/deps/react-query.js?v=23710b64:2647:21)
    at Provider (http://restaurant21.lobytech.test:3002/node_modules/.vite/deps/react-redux.js?v=23710b64:1481:3)
    at App (http://restaurant21.lobytech.test:3002/src/App.tsx?t=1787530374483:31:7)
    at Provider (http://restaurant21.lobytech.test:3002/node_modules/.vite/deps/react-redux.js?v=23710b64:1481:3) @ http://restaurant21.lobytech.test:3002/node_modules/.vite/deps/chunk-GYWC62UC.js?v=23710b64:520
[   36334ms] [ERROR] Warning: Unexpected ref object provided for %s. Use either a ref-setter function or React.createRef().%s div 
    at div
    at div
    at DropdownPopover (http://restaurant21.lobytech.test:3002/src/presentation/views/Modules/Admin/Views/Asistencia/Dropdown/index.tsx?t=1787493067224:24:3)
    at td
    at tr
    at tbody
    at table
    at div
    at div
    at Piso1 (http://restaurant21.lobytech.test:3002/src/presentation/views/Modules/Admin/Views/Asistencia/Piso1/index.tsx?t=1787493067224:23:3)
    at div
    at div
    at Asistencia (http://restaurant21.lobytech.test:3002/src/presentation/views/Modules/Admin/Views/Asistencia/index.tsx?t=1787493088342:42:20)
    at RenderedRoute (http://restaurant21.lobytech.test:3002/node_modules/.vite/deps/react-router-dom.js?v=23710b64:3310:5)
    at Outlet (http://restaurant21.lobytech.test:3002/node_modules/.vite/deps/react-router-dom.js?v=23710b64:3703:26)
    at div
    at div
    at div
    at LayoutView (http://restaurant21.lobytech.test:3002/src/components/Sidebar/index.tsx?t=1787527165311:31:20)
    at RenderedRoute (http://restaurant21.lobytech.test:3002/node_modules/.vite/deps/react-router-dom.js?v=23710b64:3310:5)
    at Routes (http://restaurant21.lobytech.test:3002/node_modules/.vite/deps/react-router-dom.js?v=23710b64:3763:5)
    at div
    at Router (http://restaurant21.lobytech.test:3002/node_modules/.vite/deps/react-router-dom.js?v=23710b64:3710:15)
    at BrowserRouter (http://restaurant21.lobytech.test:3002/node_modules/.vite/deps/react-router-dom.js?v=23710b64:4190:5)
    at Dashboard
    at QueryClientProvider2 (http://restaurant21.lobytech.test:3002/node_modules/.vite/deps/react-query.js?v=23710b64:2647:21)
    at Provider (http://restaurant21.lobytech.test:3002/node_modules/.vite/deps/react-redux.js?v=23710b64:1481:3)
    at App (http://restaurant21.lobytech.test:3002/src/App.tsx?t=1787530374483:31:7)
    at Provider (http://restaurant21.lobytech.test:3002/node_modules/.vite/deps/react-redux.js?v=23710b64:1481:3) @ http://restaurant21.lobytech.test:3002/node_modules/.vite/deps/chunk-GYWC62UC.js?v=23710b64:520
[   36335ms] [ERROR] Warning: Unexpected ref object provided for %s. Use either a ref-setter function or React.createRef().%s div 
    at div
    at div
    at DropdownPopover (http://restaurant21.lobytech.test:3002/src/presentation/views/Modules/Admin/Views/Asistencia/Dropdown/index.tsx?t=1787493067224:24:3)
    at td
    at tr
    at tbody
    at table
    at div
    at div
    at Piso1 (http://restaurant21.lobytech.test:3002/src/presentation/views/Modules/Admin/Views/Asistencia/Piso1/index.tsx?t=1787493067224:23:3)
    at div
    at div
    at Asistencia (http://restaurant21.lobytech.test:3002/src/presentation/views/Modules/Admin/Views/Asistencia/index.tsx?t=1787493088342:42:20)
    at RenderedRoute (http://restaurant21.lobytech.test:3002/node_modules/.vite/deps/react-router-dom.js?v=23710b64:3310:5)
    at Outlet (http://restaurant21.lobytech.test:3002/node_modules/.vite/deps/react-router-dom.js?v=23710b64:3703:26)
    at div
    at div
    at div
    at LayoutView (http://restaurant21.lobytech.test:3002/src/components/Sidebar/index.tsx?t=1787527165311:31:20)
    at RenderedRoute (http://restaurant21.lobytech.test:3002/node_modules/.vite/deps/react-router-dom.js?v=23710b64:3310:5)
    at Routes (http://restaurant21.lobytech.test:3002/node_modules/.vite/deps/react-router-dom.js?v=23710b64:3763:5)
    at div
    at Router (http://restaurant21.lobytech.test:3002/node_modules/.vite/deps/react-router-dom.js?v=23710b64:3710:15)
    at BrowserRouter (http://restaurant21.lobytech.test:3002/node_modules/.vite/deps/react-router-dom.js?v=23710b64:4190:5)
    at Dashboard
    at QueryClientProvider2 (http://restaurant21.lobytech.test:3002/node_modules/.vite/deps/react-query.js?v=23710b64:2647:21)
    at Provider (http://restaurant21.lobytech.test:3002/node_modules/.vite/deps/react-redux.js?v=23710b64:1481:3)
    at App (http://restaurant21.lobytech.test:3002/src/App.tsx?t=1787530374483:31:7)
    at Provider (http://restaurant21.lobytech.test:3002/node_modules/.vite/deps/react-redux.js?v=23710b64:1481:3) @ http://restaurant21.lobytech.test:3002/node_modules/.vite/deps/chunk-GYWC62UC.js?v=23710b64:520
[   36335ms] [ERROR] Warning: Unexpected ref object provided for %s. Use either a ref-setter function or React.createRef().%s div 
    at div
    at div
    at DropdownPopover (http://restaurant21.lobytech.test:3002/src/presentation/views/Modules/Admin/Views/Asistencia/Dropdown/index.tsx?t=1787493067224:24:3)
    at td
    at tr
    at tbody
    at table
    at div
    at div
    at Piso1 (http://restaurant21.lobytech.test:3002/src/presentation/views/Modules/Admin/Views/Asistencia/Piso1/index.tsx?t=1787493067224:23:3)
    at div
    at div
    at Asistencia (http://restaurant21.lobytech.test:3002/src/presentation/views/Modules/Admin/Views/Asistencia/index.tsx?t=1787493088342:42:20)
    at RenderedRoute (http://restaurant21.lobytech.test:3002/node_modules/.vite/deps/react-router-dom.js?v=23710b64:3310:5)
    at Outlet (http://restaurant21.lobytech.test:3002/node_modules/.vite/deps/react-router-dom.js?v=23710b64:3703:26)
    at div
    at div
    at div
    at LayoutView (http://restaurant21.lobytech.test:3002/src/components/Sidebar/index.tsx?t=1787527165311:31:20)
    at RenderedRoute (http://restaurant21.lobytech.test:3002/node_modules/.vite/deps/react-router-dom.js?v=23710b64:3310:5)
    at Routes (http://restaurant21.lobytech.test:3002/node_modules/.vite/deps/react-router-dom.js?v=23710b64:3763:5)
    at div
    at Router (http://restaurant21.lobytech.test:3002/node_modules/.vite/deps/react-router-dom.js?v=23710b64:3710:15)
    at BrowserRouter (http://restaurant21.lobytech.test:3002/node_modules/.vite/deps/react-router-dom.js?v=23710b64:4190:5)
    at Dashboard
    at QueryClientProvider2 (http://restaurant21.lobytech.test:3002/node_modules/.vite/deps/react-query.js?v=23710b64:2647:21)
    at Provider (http://restaurant21.lobytech.test:3002/node_modules/.vite/deps/react-redux.js?v=23710b64:1481:3)
    at App (http://restaurant21.lobytech.test:3002/src/App.tsx?t=1787530374483:31:7)
    at Provider (http://restaurant21.lobytech.test:3002/node_modules/.vite/deps/react-redux.js?v=23710b64:1481:3) @ http://restaurant21.lobytech.test:3002/node_modules/.vite/deps/chunk-GYWC62UC.js?v=23710b64:520
[   36335ms] [ERROR] Warning: Unexpected ref object provided for %s. Use either a ref-setter function or React.createRef().%s div 
    at div
    at div
    at DropdownPopover (http://restaurant21.lobytech.test:3002/src/presentation/views/Modules/Admin/Views/Asistencia/Dropdown/index.tsx?t=1787493067224:24:3)
    at td
    at tr
    at tbody
    at table
    at div
    at div
    at Piso1 (http://restaurant21.lobytech.test:3002/src/presentation/views/Modules/Admin/Views/Asistencia/Piso1/index.tsx?t=1787493067224:23:3)
    at div
    at div
    at Asistencia (http://restaurant21.lobytech.test:3002/src/presentation/views/Modules/Admin/Views/Asistencia/index.tsx?t=1787493088342:42:20)
    at RenderedRoute (http://restaurant21.lobytech.test:3002/node_modules/.vite/deps/react-router-dom.js?v=23710b64:3310:5)
    at Outlet (http://restaurant21.lobytech.test:3002/node_modules/.vite/deps/react-router-dom.js?v=23710b64:3703:26)
    at div
    at div
    at div
    at LayoutView (http://restaurant21.lobytech.test:3002/src/components/Sidebar/index.tsx?t=1787527165311:31:20)
    at RenderedRoute (http://restaurant21.lobytech.test:3002/node_modules/.vite/deps/react-router-dom.js?v=23710b64:3310:5)
    at Routes (http://restaurant21.lobytech.test:3002/node_modules/.vite/deps/react-router-dom.js?v=23710b64:3763:5)
    at div
    at Router (http://restaurant21.lobytech.test:3002/node_modules/.vite/deps/react-router-dom.js?v=23710b64:3710:15)
    at BrowserRouter (http://restaurant21.lobytech.test:3002/node_modules/.vite/deps/react-router-dom.js?v=23710b64:4190:5)
    at Dashboard
    at QueryClientProvider2 (http://restaurant21.lobytech.test:3002/node_modules/.vite/deps/react-query.js?v=23710b64:2647:21)
    at Provider (http://restaurant21.lobytech.test:3002/node_modules/.vite/deps/react-redux.js?v=23710b64:1481:3)
    at App (http://restaurant21.lobytech.test:3002/src/App.tsx?t=1787530374483:31:7)
    at Provider (http://restaurant21.lobytech.test:3002/node_modules/.vite/deps/react-redux.js?v=23710b64:1481:3) @ http://restaurant21.lobytech.test:3002/node_modules/.vite/deps/chunk-GYWC62UC.js?v=23710b64:520
[   36335ms] [ERROR] Warning: Unexpected ref object provided for %s. Use either a ref-setter function or React.createRef().%s div 
    at div
    at div
    at DropdownPopover (http://restaurant21.lobytech.test:3002/src/presentation/views/Modules/Admin/Views/Asistencia/Dropdown/index.tsx?t=1787493067224:24:3)
    at td
    at tr
    at tbody
    at table
    at div
    at div
    at Piso1 (http://restaurant21.lobytech.test:3002/src/presentation/views/Modules/Admin/Views/Asistencia/Piso1/index.tsx?t=1787493067224:23:3)
    at div
    at div
    at Asistencia (http://restaurant21.lobytech.test:3002/src/presentation/views/Modules/Admin/Views/Asistencia/index.tsx?t=1787493088342:42:20)
    at RenderedRoute (http://restaurant21.lobytech.test:3002/node_modules/.vite/deps/react-router-dom.js?v=23710b64:3310:5)
    at Outlet (http://restaurant21.lobytech.test:3002/node_modules/.vite/deps/react-router-dom.js?v=23710b64:3703:26)
    at div
    at div
    at div
    at LayoutView (http://restaurant21.lobytech.test:3002/src/components/Sidebar/index.tsx?t=1787527165311:31:20)
    at RenderedRoute (http://restaurant21.lobytech.test:3002/node_modules/.vite/deps/react-router-dom.js?v=23710b64:3310:5)
    at Routes (http://restaurant21.lobytech.test:3002/node_modules/.vite/deps/react-router-dom.js?v=23710b64:3763:5)
    at div
    at Router (http://restaurant21.lobytech.test:3002/node_modules/.vite/deps/react-router-dom.js?v=23710b64:3710:15)
    at BrowserRouter (http://restaurant21.lobytech.test:3002/node_modules/.vite/deps/react-router-dom.js?v=23710b64:4190:5)
    at Dashboard
    at QueryClientProvider2 (http://restaurant21.lobytech.test:3002/node_modules/.vite/deps/react-query.js?v=23710b64:2647:21)
    at Provider (http://restaurant21.lobytech.test:3002/node_modules/.vite/deps/react-redux.js?v=23710b64:1481:3)
    at App (http://restaurant21.lobytech.test:3002/src/App.tsx?t=1787530374483:31:7)
    at Provider (http://restaurant21.lobytech.test:3002/node_modules/.vite/deps/react-redux.js?v=23710b64:1481:3) @ http://restaurant21.lobytech.test:3002/node_modules/.vite/deps/chunk-GYWC62UC.js?v=23710b64:520
[   36335ms] [ERROR] Warning: Unexpected ref object provided for %s. Use either a ref-setter function or React.createRef().%s div 
    at div
    at div
    at DropdownPopover (http://restaurant21.lobytech.test:3002/src/presentation/views/Modules/Admin/Views/Asistencia/Dropdown/index.tsx?t=1787493067224:24:3)
    at td
    at tr
    at tbody
    at table
    at div
    at div
    at Piso1 (http://restaurant21.lobytech.test:3002/src/presentation/views/Modules/Admin/Views/Asistencia/Piso1/index.tsx?t=1787493067224:23:3)
    at div
    at div
    at Asistencia (http://restaurant21.lobytech.test:3002/src/presentation/views/Modules/Admin/Views/Asistencia/index.tsx?t=1787493088342:42:20)
    at RenderedRoute (http://restaurant21.lobytech.test:3002/node_modules/.vite/deps/react-router-dom.js?v=23710b64:3310:5)
    at Outlet (http://restaurant21.lobytech.test:3002/node_modules/.vite/deps/react-router-dom.js?v=23710b64:3703:26)
    at div
    at div
    at div
    at LayoutView (http://restaurant21.lobytech.test:3002/src/components/Sidebar/index.tsx?t=1787527165311:31:20)
    at RenderedRoute (http://restaurant21.lobytech.test:3002/node_modules/.vite/deps/react-router-dom.js?v=23710b64:3310:5)
    at Routes (http://restaurant21.lobytech.test:3002/node_modules/.vite/deps/react-router-dom.js?v=23710b64:3763:5)
    at div
    at Router (http://restaurant21.lobytech.test:3002/node_modules/.vite/deps/react-router-dom.js?v=23710b64:3710:15)
    at BrowserRouter (http://restaurant21.lobytech.test:3002/node_modules/.vite/deps/react-router-dom.js?v=23710b64:4190:5)
    at Dashboard
    at QueryClientProvider2 (http://restaurant21.lobytech.test:3002/node_modules/.vite/deps/react-query.js?v=23710b64:2647:21)
    at Provider (http://restaurant21.lobytech.test:3002/node_modules/.vite/deps/react-redux.js?v=23710b64:1481:3)
    at App (http://restaurant21.lobytech.test:3002/src/App.tsx?t=1787530374483:31:7)
    at Provider (http://restaurant21.lobytech.test:3002/node_modules/.vite/deps/react-redux.js?v=23710b64:1481:3) @ http://restaurant21.lobytech.test:3002/node_modules/.vite/deps/chunk-GYWC62UC.js?v=23710b64:520
[   36336ms] [ERROR] Warning: Unexpected ref object provided for %s. Use either a ref-setter function or React.createRef().%s div 
    at div
    at div
    at DropdownPopover (http://restaurant21.lobytech.test:3002/src/presentation/views/Modules/Admin/Views/Asistencia/Dropdown/index.tsx?t=1787493067224:24:3)
    at td
    at tr
    at tbody
    at table
    at div
    at div
    at Piso1 (http://restaurant21.lobytech.test:3002/src/presentation/views/Modules/Admin/Views/Asistencia/Piso1/index.tsx?t=1787493067224:23:3)
    at div
    at div
    at Asistencia (http://restaurant21.lobytech.test:3002/src/presentation/views/Modules/Admin/Views/Asistencia/index.tsx?t=1787493088342:42:20)
    at RenderedRoute (http://restaurant21.lobytech.test:3002/node_modules/.vite/deps/react-router-dom.js?v=23710b64:3310:5)
    at Outlet (http://restaurant21.lobytech.test:3002/node_modules/.vite/deps/react-router-dom.js?v=23710b64:3703:26)
    at div
    at div
    at div
    at LayoutView (http://restaurant21.lobytech.test:3002/src/components/Sidebar/index.tsx?t=1787527165311:31:20)
    at RenderedRoute (http://restaurant21.lobytech.test:3002/node_modules/.vite/deps/react-router-dom.js?v=23710b64:3310:5)
    at Routes (http://restaurant21.lobytech.test:3002/node_modules/.vite/deps/react-router-dom.js?v=23710b64:3763:5)
    at div
    at Router (http://restaurant21.lobytech.test:3002/node_modules/.vite/deps/react-router-dom.js?v=23710b64:3710:15)
    at BrowserRouter (http://restaurant21.lobytech.test:3002/node_modules/.vite/deps/react-router-dom.js?v=23710b64:4190:5)
    at Dashboard
    at QueryClientProvider2 (http://restaurant21.lobytech.test:3002/node_modules/.vite/deps/react-query.js?v=23710b64:2647:21)
    at Provider (http://restaurant21.lobytech.test:3002/node_modules/.vite/deps/react-redux.js?v=23710b64:1481:3)
    at App (http://restaurant21.lobytech.test:3002/src/App.tsx?t=1787530374483:31:7)
    at Provider (http://restaurant21.lobytech.test:3002/node_modules/.vite/deps/react-redux.js?v=23710b64:1481:3) @ http://restaurant21.lobytech.test:3002/node_modules/.vite/deps/chunk-GYWC62UC.js?v=23710b64:520
[   36336ms] [ERROR] Warning: Unexpected ref object provided for %s. Use either a ref-setter function or React.createRef().%s div 
    at div
    at div
    at DropdownPopover (http://restaurant21.lobytech.test:3002/src/presentation/views/Modules/Admin/Views/Asistencia/Dropdown/index.tsx?t=1787493067224:24:3)
    at td
    at tr
    at tbody
    at table
    at div
    at div
    at Piso1 (http://restaurant21.lobytech.test:3002/src/presentation/views/Modules/Admin/Views/Asistencia/Piso1/index.tsx?t=1787493067224:23:3)
    at div
    at div
    at Asistencia (http://restaurant21.lobytech.test:3002/src/presentation/views/Modules/Admin/Views/Asistencia/index.tsx?t=1787493088342:42:20)
    at RenderedRoute (http://restaurant21.lobytech.test:3002/node_modules/.vite/deps/react-router-dom.js?v=23710b64:3310:5)
    at Outlet (http://restaurant21.lobytech.test:3002/node_modules/.vite/deps/react-router-dom.js?v=23710b64:3703:26)
    at div
    at div
    at div
    at LayoutView (http://restaurant21.lobytech.test:3002/src/components/Sidebar/index.tsx?t=1787527165311:31:20)
    at RenderedRoute (http://restaurant21.lobytech.test:3002/node_modules/.vite/deps/react-router-dom.js?v=23710b64:3310:5)
    at Routes (http://restaurant21.lobytech.test:3002/node_modules/.vite/deps/react-router-dom.js?v=23710b64:3763:5)
    at div
    at Router (http://restaurant21.lobytech.test:3002/node_modules/.vite/deps/react-router-dom.js?v=23710b64:3710:15)
    at BrowserRouter (http://restaurant21.lobytech.test:3002/node_modules/.vite/deps/react-router-dom.js?v=23710b64:4190:5)
    at Dashboard
    at QueryClientProvider2 (http://restaurant21.lobytech.test:3002/node_modules/.vite/deps/react-query.js?v=23710b64:2647:21)
    at Provider (http://restaurant21.lobytech.test:3002/node_modules/.vite/deps/react-redux.js?v=23710b64:1481:3)
    at App (http://restaurant21.lobytech.test:3002/src/App.tsx?t=1787530374483:31:7)
    at Provider (http://restaurant21.lobytech.test:3002/node_modules/.vite/deps/react-redux.js?v=23710b64:1481:3) @ http://restaurant21.lobytech.test:3002/node_modules/.vite/deps/chunk-GYWC62UC.js?v=23710b64:520
[   36336ms] [ERROR] Warning: Unexpected ref object provided for %s. Use either a ref-setter function or React.createRef().%s div 
    at div
    at div
    at DropdownPopover (http://restaurant21.lobytech.test:3002/src/presentation/views/Modules/Admin/Views/Asistencia/Dropdown/index.tsx?t=1787493067224:24:3)
    at td
    at tr
    at tbody
    at table
    at div
    at div
    at Piso1 (http://restaurant21.lobytech.test:3002/src/presentation/views/Modules/Admin/Views/Asistencia/Piso1/index.tsx?t=1787493067224:23:3)
    at div
    at div
    at Asistencia (http://restaurant21.lobytech.test:3002/src/presentation/views/Modules/Admin/Views/Asistencia/index.tsx?t=1787493088342:42:20)
    at RenderedRoute (http://restaurant21.lobytech.test:3002/node_modules/.vite/deps/react-router-dom.js?v=23710b64:3310:5)
    at Outlet (http://restaurant21.lobytech.test:3002/node_modules/.vite/deps/react-router-dom.js?v=23710b64:3703:26)
    at div
    at div
    at div
    at LayoutView (http://restaurant21.lobytech.test:3002/src/components/Sidebar/index.tsx?t=1787527165311:31:20)
    at RenderedRoute (http://restaurant21.lobytech.test:3002/node_modules/.vite/deps/react-router-dom.js?v=23710b64:3310:5)
    at Routes (http://restaurant21.lobytech.test:3002/node_modules/.vite/deps/react-router-dom.js?v=23710b64:3763:5)
    at div
    at Router (http://restaurant21.lobytech.test:3002/node_modules/.vite/deps/react-router-dom.js?v=23710b64:3710:15)
    at BrowserRouter (http://restaurant21.lobytech.test:3002/node_modules/.vite/deps/react-router-dom.js?v=23710b64:4190:5)
    at Dashboard
    at QueryClientProvider2 (http://restaurant21.lobytech.test:3002/node_modules/.vite/deps/react-query.js?v=23710b64:2647:21)
    at Provider (http://restaurant21.lobytech.test:3002/node_modules/.vite/deps/react-redux.js?v=23710b64:1481:3)
    at App (http://restaurant21.lobytech.test:3002/src/App.tsx?t=1787530374483:31:7)
    at Provider (http://restaurant21.lobytech.test:3002/node_modules/.vite/deps/react-redux.js?v=23710b64:1481:3) @ http://restaurant21.lobytech.test:3002/node_modules/.vite/deps/chunk-GYWC62UC.js?v=23710b64:520
[   36336ms] [ERROR] Warning: Unexpected ref object provided for %s. Use either a ref-setter function or React.createRef().%s div 
    at div
    at div
    at DropdownPopover (http://restaurant21.lobytech.test:3002/src/presentation/views/Modules/Admin/Views/Asistencia/Dropdown/index.tsx?t=1787493067224:24:3)
    at td
    at tr
    at tbody
    at table
    at div
    at div
    at Piso1 (http://restaurant21.lobytech.test:3002/src/presentation/views/Modules/Admin/Views/Asistencia/Piso1/index.tsx?t=1787493067224:23:3)
    at div
    at div
    at Asistencia (http://restaurant21.lobytech.test:3002/src/presentation/views/Modules/Admin/Views/Asistencia/index.tsx?t=1787493088342:42:20)
    at RenderedRoute (http://restaurant21.lobytech.test:3002/node_modules/.vite/deps/react-router-dom.js?v=23710b64:3310:5)
    at Outlet (http://restaurant21.lobytech.test:3002/node_modules/.vite/deps/react-router-dom.js?v=23710b64:3703:26)
    at div
    at div
    at div
    at LayoutView (http://restaurant21.lobytech.test:3002/src/components/Sidebar/index.tsx?t=1787527165311:31:20)
    at RenderedRoute (http://restaurant21.lobytech.test:3002/node_modules/.vite/deps/react-router-dom.js?v=23710b64:3310:5)
    at Routes (http://restaurant21.lobytech.test:3002/node_modules/.vite/deps/react-router-dom.js?v=23710b64:3763:5)
    at div
    at Router (http://restaurant21.lobytech.test:3002/node_modules/.vite/deps/react-router-dom.js?v=23710b64:3710:15)
    at BrowserRouter (http://restaurant21.lobytech.test:3002/node_modules/.vite/deps/react-router-dom.js?v=23710b64:4190:5)
    at Dashboard
    at QueryClientProvider2 (http://restaurant21.lobytech.test:3002/node_modules/.vite/deps/react-query.js?v=23710b64:2647:21)
    at Provider (http://restaurant21.lobytech.test:3002/node_modules/.vite/deps/react-redux.js?v=23710b64:1481:3)
    at App (http://restaurant21.lobytech.test:3002/src/App.tsx?t=1787530374483:31:7)
    at Provider (http://restaurant21.lobytech.test:3002/node_modules/.vite/deps/react-redux.js?v=23710b64:1481:3) @ http://restaurant21.lobytech.test:3002/node_modules/.vite/deps/chunk-GYWC62UC.js?v=23710b64:520
[   36336ms] [ERROR] Warning: Unexpected ref object provided for %s. Use either a ref-setter function or React.createRef().%s div 
    at div
    at div
    at DropdownPopover (http://restaurant21.lobytech.test:3002/src/presentation/views/Modules/Admin/Views/Asistencia/Dropdown/index.tsx?t=1787493067224:24:3)
    at td
    at tr
    at tbody
    at table
    at div
    at div
    at Piso1 (http://restaurant21.lobytech.test:3002/src/presentation/views/Modules/Admin/Views/Asistencia/Piso1/index.tsx?t=1787493067224:23:3)
    at div
    at div
    at Asistencia (http://restaurant21.lobytech.test:3002/src/presentation/views/Modules/Admin/Views/Asistencia/index.tsx?t=1787493088342:42:20)
    at RenderedRoute (http://restaurant21.lobytech.test:3002/node_modules/.vite/deps/react-router-dom.js?v=23710b64:3310:5)
    at Outlet (http://restaurant21.lobytech.test:3002/node_modules/.vite/deps/react-router-dom.js?v=23710b64:3703:26)
    at div
    at div
    at div
    at LayoutView (http://restaurant21.lobytech.test:3002/src/components/Sidebar/index.tsx?t=1787527165311:31:20)
    at RenderedRoute (http://restaurant21.lobytech.test:3002/node_modules/.vite/deps/react-router-dom.js?v=23710b64:3310:5)
    at Routes (http://restaurant21.lobytech.test:3002/node_modules/.vite/deps/react-router-dom.js?v=23710b64:3763:5)
    at div
    at Router (http://restaurant21.lobytech.test:3002/node_modules/.vite/deps/react-router-dom.js?v=23710b64:3710:15)
    at BrowserRouter (http://restaurant21.lobytech.test:3002/node_modules/.vite/deps/react-router-dom.js?v=23710b64:4190:5)
    at Dashboard
    at QueryClientProvider2 (http://restaurant21.lobytech.test:3002/node_modules/.vite/deps/react-query.js?v=23710b64:2647:21)
    at Provider (http://restaurant21.lobytech.test:3002/node_modules/.vite/deps/react-redux.js?v=23710b64:1481:3)
    at App (http://restaurant21.lobytech.test:3002/src/App.tsx?t=1787530374483:31:7)
    at Provider (http://restaurant21.lobytech.test:3002/node_modules/.vite/deps/react-redux.js?v=23710b64:1481:3) @ http://restaurant21.lobytech.test:3002/node_modules/.vite/deps/chunk-GYWC62UC.js?v=23710b64:520
[   36336ms] [ERROR] Warning: Unexpected ref object provided for %s. Use either a ref-setter function or React.createRef().%s div 
    at div
    at div
    at DropdownPopover (http://restaurant21.lobytech.test:3002/src/presentation/views/Modules/Admin/Views/Asistencia/Dropdown/index.tsx?t=1787493067224:24:3)
    at td
    at tr
    at tbody
    at table
    at div
    at div
    at Piso1 (http://restaurant21.lobytech.test:3002/src/presentation/views/Modules/Admin/Views/Asistencia/Piso1/index.tsx?t=1787493067224:23:3)
    at div
    at div
    at Asistencia (http://restaurant21.lobytech.test:3002/src/presentation/views/Modules/Admin/Views/Asistencia/index.tsx?t=1787493088342:42:20)
    at RenderedRoute (http://restaurant21.lobytech.test:3002/node_modules/.vite/deps/react-router-dom.js?v=23710b64:3310:5)
    at Outlet (http://restaurant21.lobytech.test:3002/node_modules/.vite/deps/react-router-dom.js?v=23710b64:3703:26)
    at div
    at div
    at div
    at LayoutView (http://restaurant21.lobytech.test:3002/src/components/Sidebar/index.tsx?t=1787527165311:31:20)
    at RenderedRoute (http://restaurant21.lobytech.test:3002/node_modules/.vite/deps/react-router-dom.js?v=23710b64:3310:5)
    at Routes (http://restaurant21.lobytech.test:3002/node_modules/.vite/deps/react-router-dom.js?v=23710b64:3763:5)
    at div
    at Router (http://restaurant21.lobytech.test:3002/node_modules/.vite/deps/react-router-dom.js?v=23710b64:3710:15)
    at BrowserRouter (http://restaurant21.lobytech.test:3002/node_modules/.vite/deps/react-router-dom.js?v=23710b64:4190:5)
    at Dashboard
    at QueryClientProvider2 (http://restaurant21.lobytech.test:3002/node_modules/.vite/deps/react-query.js?v=23710b64:2647:21)
    at Provider (http://restaurant21.lobytech.test:3002/node_modules/.vite/deps/react-redux.js?v=23710b64:1481:3)
    at App (http://restaurant21.lobytech.test:3002/src/App.tsx?t=1787530374483:31:7)
    at Provider (http://restaurant21.lobytech.test:3002/node_modules/.vite/deps/react-redux.js?v=23710b64:1481:3) @ http://restaurant21.lobytech.test:3002/node_modules/.vite/deps/chunk-GYWC62UC.js?v=23710b64:520
[   36337ms] [ERROR] Warning: Unexpected ref object provided for %s. Use either a ref-setter function or React.createRef().%s div 
    at div
    at div
    at DropdownPopover (http://restaurant21.lobytech.test:3002/src/presentation/views/Modules/Admin/Views/Asistencia/Dropdown/index.tsx?t=1787493067224:24:3)
    at td
    at tr
    at tbody
    at table
    at div
    at div
    at Piso2 (http://restaurant21.lobytech.test:3002/src/presentation/views/Modules/Admin/Views/Asistencia/Piso2/index.tsx?t=1787493067224:23:3)
    at div
    at div
    at Asistencia (http://restaurant21.lobytech.test:3002/src/presentation/views/Modules/Admin/Views/Asistencia/index.tsx?t=1787493088342:42:20)
    at RenderedRoute (http://restaurant21.lobytech.test:3002/node_modules/.vite/deps/react-router-dom.js?v=23710b64:3310:5)
    at Outlet (http://restaurant21.lobytech.test:3002/node_modules/.vite/deps/react-router-dom.js?v=23710b64:3703:26)
    at div
    at div
    at div
    at LayoutView (http://restaurant21.lobytech.test:3002/src/components/Sidebar/index.tsx?t=1787527165311:31:20)
    at RenderedRoute (http://restaurant21.lobytech.test:3002/node_modules/.vite/deps/react-router-dom.js?v=23710b64:3310:5)
    at Routes (http://restaurant21.lobytech.test:3002/node_modules/.vite/deps/react-router-dom.js?v=23710b64:3763:5)
    at div
    at Router (http://restaurant21.lobytech.test:3002/node_modules/.vite/deps/react-router-dom.js?v=23710b64:3710:15)
    at BrowserRouter (http://restaurant21.lobytech.test:3002/node_modules/.vite/deps/react-router-dom.js?v=23710b64:4190:5)
    at Dashboard
    at QueryClientProvider2 (http://restaurant21.lobytech.test:3002/node_modules/.vite/deps/react-query.js?v=23710b64:2647:21)
    at Provider (http://restaurant21.lobytech.test:3002/node_modules/.vite/deps/react-redux.js?v=23710b64:1481:3)
    at App (http://restaurant21.lobytech.test:3002/src/App.tsx?t=1787530374483:31:7)
    at Provider (http://restaurant21.lobytech.test:3002/node_modules/.vite/deps/react-redux.js?v=23710b64:1481:3) @ http://restaurant21.lobytech.test:3002/node_modules/.vite/deps/chunk-GYWC62UC.js?v=23710b64:520
[   36337ms] [ERROR] Warning: Unexpected ref object provided for %s. Use either a ref-setter function or React.createRef().%s div 
    at div
    at div
    at DropdownPopover (http://restaurant21.lobytech.test:3002/src/presentation/views/Modules/Admin/Views/Asistencia/Dropdown/index.tsx?t=1787493067224:24:3)
    at td
    at tr
    at tbody
    at table
    at div
    at div
    at Piso2 (http://restaurant21.lobytech.test:3002/src/presentation/views/Modules/Admin/Views/Asistencia/Piso2/index.tsx?t=1787493067224:23:3)
    at div
    at div
    at Asistencia (http://restaurant21.lobytech.test:3002/src/presentation/views/Modules/Admin/Views/Asistencia/index.tsx?t=1787493088342:42:20)
    at RenderedRoute (http://restaurant21.lobytech.test:3002/node_modules/.vite/deps/react-router-dom.js?v=23710b64:3310:5)
    at Outlet (http://restaurant21.lobytech.test:3002/node_modules/.vite/deps/react-router-dom.js?v=23710b64:3703:26)
    at div
    at div
    at div
    at LayoutView (http://restaurant21.lobytech.test:3002/src/components/Sidebar/index.tsx?t=1787527165311:31:20)
    at RenderedRoute (http://restaurant21.lobytech.test:3002/node_modules/.vite/deps/react-router-dom.js?v=23710b64:3310:5)
    at Routes (http://restaurant21.lobytech.test:3002/node_modules/.vite/deps/react-router-dom.js?v=23710b64:3763:5)
    at div
    at Router (http://restaurant21.lobytech.test:3002/node_modules/.vite/deps/react-router-dom.js?v=23710b64:3710:15)
    at BrowserRouter (http://restaurant21.lobytech.test:3002/node_modules/.vite/deps/react-router-dom.js?v=23710b64:4190:5)
    at Dashboard
    at QueryClientProvider2 (http://restaurant21.lobytech.test:3002/node_modules/.vite/deps/react-query.js?v=23710b64:2647:21)
    at Provider (http://restaurant21.lobytech.test:3002/node_modules/.vite/deps/react-redux.js?v=23710b64:1481:3)
    at App (http://restaurant21.lobytech.test:3002/src/App.tsx?t=1787530374483:31:7)
    at Provider (http://restaurant21.lobytech.test:3002/node_modules/.vite/deps/react-redux.js?v=23710b64:1481:3) @ http://restaurant21.lobytech.test:3002/node_modules/.vite/deps/chunk-GYWC62UC.js?v=23710b64:520
[   36337ms] [ERROR] Warning: Unexpected ref object provided for %s. Use either a ref-setter function or React.createRef().%s div 
    at div
    at div
    at DropdownPopover (http://restaurant21.lobytech.test:3002/src/presentation/views/Modules/Admin/Views/Asistencia/Dropdown/index.tsx?t=1787493067224:24:3)
    at td
    at tr
    at tbody
    at table
    at div
    at div
    at Piso2 (http://restaurant21.lobytech.test:3002/src/presentation/views/Modules/Admin/Views/Asistencia/Piso2/index.tsx?t=1787493067224:23:3)
    at div
    at div
    at Asistencia (http://restaurant21.lobytech.test:3002/src/presentation/views/Modules/Admin/Views/Asistencia/index.tsx?t=1787493088342:42:20)
    at RenderedRoute (http://restaurant21.lobytech.test:3002/node_modules/.vite/deps/react-router-dom.js?v=23710b64:3310:5)
    at Outlet (http://restaurant21.lobytech.test:3002/node_modules/.vite/deps/react-router-dom.js?v=23710b64:3703:26)
    at div
    at div
    at div
    at LayoutView (http://restaurant21.lobytech.test:3002/src/components/Sidebar/index.tsx?t=1787527165311:31:20)
    at RenderedRoute (http://restaurant21.lobytech.test:3002/node_modules/.vite/deps/react-router-dom.js?v=23710b64:3310:5)
    at Routes (http://restaurant21.lobytech.test:3002/node_modules/.vite/deps/react-router-dom.js?v=23710b64:3763:5)
    at div
    at Router (http://restaurant21.lobytech.test:3002/node_modules/.vite/deps/react-router-dom.js?v=23710b64:3710:15)
    at BrowserRouter (http://restaurant21.lobytech.test:3002/node_modules/.vite/deps/react-router-dom.js?v=23710b64:4190:5)
    at Dashboard
    at QueryClientProvider2 (http://restaurant21.lobytech.test:3002/node_modules/.vite/deps/react-query.js?v=23710b64:2647:21)
    at Provider (http://restaurant21.lobytech.test:3002/node_modules/.vite/deps/react-redux.js?v=23710b64:1481:3)
    at App (http://restaurant21.lobytech.test:3002/src/App.tsx?t=1787530374483:31:7)
    at Provider (http://restaurant21.lobytech.test:3002/node_modules/.vite/deps/react-redux.js?v=23710b64:1481:3) @ http://restaurant21.lobytech.test:3002/node_modules/.vite/deps/chunk-GYWC62UC.js?v=23710b64:520
[   36337ms] [ERROR] Warning: Unexpected ref object provided for %s. Use either a ref-setter function or React.createRef().%s div 
    at div
    at div
    at DropdownPopover (http://restaurant21.lobytech.test:3002/src/presentation/views/Modules/Admin/Views/Asistencia/Dropdown/index.tsx?t=1787493067224:24:3)
    at td
    at tr
    at tbody
    at table
    at div
    at div
    at Piso2 (http://restaurant21.lobytech.test:3002/src/presentation/views/Modules/Admin/Views/Asistencia/Piso2/index.tsx?t=1787493067224:23:3)
    at div
    at div
    at Asistencia (http://restaurant21.lobytech.test:3002/src/presentation/views/Modules/Admin/Views/Asistencia/index.tsx?t=1787493088342:42:20)
    at RenderedRoute (http://restaurant21.lobytech.test:3002/node_modules/.vite/deps/react-router-dom.js?v=23710b64:3310:5)
    at Outlet (http://restaurant21.lobytech.test:3002/node_modules/.vite/deps/react-router-dom.js?v=23710b64:3703:26)
    at div
    at div
    at div
    at LayoutView (http://restaurant21.lobytech.test:3002/src/components/Sidebar/index.tsx?t=1787527165311:31:20)
    at RenderedRoute (http://restaurant21.lobytech.test:3002/node_modules/.vite/deps/react-router-dom.js?v=23710b64:3310:5)
    at Routes (http://restaurant21.lobytech.test:3002/node_modules/.vite/deps/react-router-dom.js?v=23710b64:3763:5)
    at div
    at Router (http://restaurant21.lobytech.test:3002/node_modules/.vite/deps/react-router-dom.js?v=23710b64:3710:15)
    at BrowserRouter (http://restaurant21.lobytech.test:3002/node_modules/.vite/deps/react-router-dom.js?v=23710b64:4190:5)
    at Dashboard
    at QueryClientProvider2 (http://restaurant21.lobytech.test:3002/node_modules/.vite/deps/react-query.js?v=23710b64:2647:21)
    at Provider (http://restaurant21.lobytech.test:3002/node_modules/.vite/deps/react-redux.js?v=23710b64:1481:3)
    at App (http://restaurant21.lobytech.test:3002/src/App.tsx?t=1787530374483:31:7)
    at Provider (http://restaurant21.lobytech.test:3002/node_modules/.vite/deps/react-redux.js?v=23710b64:1481:3) @ http://restaurant21.lobytech.test:3002/node_modules/.vite/deps/chunk-GYWC62UC.js?v=23710b64:520
[   36337ms] [ERROR] Warning: Unexpected ref object provided for %s. Use either a ref-setter function or React.createRef().%s div 
    at div
    at div
    at DropdownPopover (http://restaurant21.lobytech.test:3002/src/presentation/views/Modules/Admin/Views/Asistencia/Dropdown/index.tsx?t=1787493067224:24:3)
    at td
    at tr
    at tbody
    at table
    at div
    at div
    at Piso2 (http://restaurant21.lobytech.test:3002/src/presentation/views/Modules/Admin/Views/Asistencia/Piso2/index.tsx?t=1787493067224:23:3)
    at div
    at div
    at Asistencia (http://restaurant21.lobytech.test:3002/src/presentation/views/Modules/Admin/Views/Asistencia/index.tsx?t=1787493088342:42:20)
    at RenderedRoute (http://restaurant21.lobytech.test:3002/node_modules/.vite/deps/react-router-dom.js?v=23710b64:3310:5)
    at Outlet (http://restaurant21.lobytech.test:3002/node_modules/.vite/deps/react-router-dom.js?v=23710b64:3703:26)
    at div
    at div
    at div
    at LayoutView (http://restaurant21.lobytech.test:3002/src/components/Sidebar/index.tsx?t=1787527165311:31:20)
    at RenderedRoute (http://restaurant21.lobytech.test:3002/node_modules/.vite/deps/react-router-dom.js?v=23710b64:3310:5)
    at Routes (http://restaurant21.lobytech.test:3002/node_modules/.vite/deps/react-router-dom.js?v=23710b64:3763:5)
    at div
    at Router (http://restaurant21.lobytech.test:3002/node_modules/.vite/deps/react-router-dom.js?v=23710b64:3710:15)
    at BrowserRouter (http://restaurant21.lobytech.test:3002/node_modules/.vite/deps/react-router-dom.js?v=23710b64:4190:5)
    at Dashboard
    at QueryClientProvider2 (http://restaurant21.lobytech.test:3002/node_modules/.vite/deps/react-query.js?v=23710b64:2647:21)
    at Provider (http://restaurant21.lobytech.test:3002/node_modules/.vite/deps/react-redux.js?v=23710b64:1481:3)
    at App (http://restaurant21.lobytech.test:3002/src/App.tsx?t=1787530374483:31:7)
    at Provider (http://restaurant21.lobytech.test:3002/node_modules/.vite/deps/react-redux.js?v=23710b64:1481:3) @ http://restaurant21.lobytech.test:3002/node_modules/.vite/deps/chunk-GYWC62UC.js?v=23710b64:520
[   36337ms] [ERROR] Warning: Unexpected ref object provided for %s. Use either a ref-setter function or React.createRef().%s div 
    at div
    at div
    at DropdownPopover (http://restaurant21.lobytech.test:3002/src/presentation/views/Modules/Admin/Views/Asistencia/Dropdown/index.tsx?t=1787493067224:24:3)
    at td
    at tr
    at tbody
    at table
    at div
    at div
    at Piso2 (http://restaurant21.lobytech.test:3002/src/presentation/views/Modules/Admin/Views/Asistencia/Piso2/index.tsx?t=1787493067224:23:3)
    at div
    at div
    at Asistencia (http://restaurant21.lobytech.test:3002/src/presentation/views/Modules/Admin/Views/Asistencia/index.tsx?t=1787493088342:42:20)
    at RenderedRoute (http://restaurant21.lobytech.test:3002/node_modules/.vite/deps/react-router-dom.js?v=23710b64:3310:5)
    at Outlet (http://restaurant21.lobytech.test:3002/node_modules/.vite/deps/react-router-dom.js?v=23710b64:3703:26)
    at div
    at div
    at div
    at LayoutView (http://restaurant21.lobytech.test:3002/src/components/Sidebar/index.tsx?t=1787527165311:31:20)
    at RenderedRoute (http://restaurant21.lobytech.test:3002/node_modules/.vite/deps/react-router-dom.js?v=23710b64:3310:5)
    at Routes (http://restaurant21.lobytech.test:3002/node_modules/.vite/deps/react-router-dom.js?v=23710b64:3763:5)
    at div
    at Router (http://restaurant21.lobytech.test:3002/node_modules/.vite/deps/react-router-dom.js?v=23710b64:3710:15)
    at BrowserRouter (http://restaurant21.lobytech.test:3002/node_modules/.vite/deps/react-router-dom.js?v=23710b64:4190:5)
    at Dashboard
    at QueryClientProvider2 (http://restaurant21.lobytech.test:3002/node_modules/.vite/deps/react-query.js?v=23710b64:2647:21)
    at Provider (http://restaurant21.lobytech.test:3002/node_modules/.vite/deps/react-redux.js?v=23710b64:1481:3)
    at App (http://restaurant21.lobytech.test:3002/src/App.tsx?t=1787530374483:31:7)
    at Provider (http://restaurant21.lobytech.test:3002/node_modules/.vite/deps/react-redux.js?v=23710b64:1481:3) @ http://restaurant21.lobytech.test:3002/node_modules/.vite/deps/chunk-GYWC62UC.js?v=23710b64:520
[   36337ms] [ERROR] Warning: Unexpected ref object provided for %s. Use either a ref-setter function or React.createRef().%s div 
    at div
    at div
    at DropdownPopover (http://restaurant21.lobytech.test:3002/src/presentation/views/Modules/Admin/Views/Asistencia/Dropdown/index.tsx?t=1787493067224:24:3)
    at td
    at tr
    at tbody
    at table
    at div
    at div
    at Piso2 (http://restaurant21.lobytech.test:3002/src/presentation/views/Modules/Admin/Views/Asistencia/Piso2/index.tsx?t=1787493067224:23:3)
    at div
    at div
    at Asistencia (http://restaurant21.lobytech.test:3002/src/presentation/views/Modules/Admin/Views/Asistencia/index.tsx?t=1787493088342:42:20)
    at RenderedRoute (http://restaurant21.lobytech.test:3002/node_modules/.vite/deps/react-router-dom.js?v=23710b64:3310:5)
    at Outlet (http://restaurant21.lobytech.test:3002/node_modules/.vite/deps/react-router-dom.js?v=23710b64:3703:26)
    at div
    at div
    at div
    at LayoutView (http://restaurant21.lobytech.test:3002/src/components/Sidebar/index.tsx?t=1787527165311:31:20)
    at RenderedRoute (http://restaurant21.lobytech.test:3002/node_modules/.vite/deps/react-router-dom.js?v=23710b64:3310:5)
    at Routes (http://restaurant21.lobytech.test:3002/node_modules/.vite/deps/react-router-dom.js?v=23710b64:3763:5)
    at div
    at Router (http://restaurant21.lobytech.test:3002/node_modules/.vite/deps/react-router-dom.js?v=23710b64:3710:15)
    at BrowserRouter (http://restaurant21.lobytech.test:3002/node_modules/.vite/deps/react-router-dom.js?v=23710b64:4190:5)
    at Dashboard
    at QueryClientProvider2 (http://restaurant21.lobytech.test:3002/node_modules/.vite/deps/react-query.js?v=23710b64:2647:21)
    at Provider (http://restaurant21.lobytech.test:3002/node_modules/.vite/deps/react-redux.js?v=23710b64:1481:3)
    at App (http://restaurant21.lobytech.test:3002/src/App.tsx?t=1787530374483:31:7)
    at Provider (http://restaurant21.lobytech.test:3002/node_modules/.vite/deps/react-redux.js?v=23710b64:1481:3) @ http://restaurant21.lobytech.test:3002/node_modules/.vite/deps/chunk-GYWC62UC.js?v=23710b64:520
[   36337ms] [ERROR] Warning: Unexpected ref object provided for %s. Use either a ref-setter function or React.createRef().%s div 
    at div
    at div
    at DropdownPopover (http://restaurant21.lobytech.test:3002/src/presentation/views/Modules/Admin/Views/Asistencia/Dropdown/index.tsx?t=1787493067224:24:3)
    at td
    at tr
    at tbody
    at table
    at div
    at div
    at Piso2 (http://restaurant21.lobytech.test:3002/src/presentation/views/Modules/Admin/Views/Asistencia/Piso2/index.tsx?t=1787493067224:23:3)
    at div
    at div
    at Asistencia (http://restaurant21.lobytech.test:3002/src/presentation/views/Modules/Admin/Views/Asistencia/index.tsx?t=1787493088342:42:20)
    at RenderedRoute (http://restaurant21.lobytech.test:3002/node_modules/.vite/deps/react-router-dom.js?v=23710b64:3310:5)
    at Outlet (http://restaurant21.lobytech.test:3002/node_modules/.vite/deps/react-router-dom.js?v=23710b64:3703:26)
    at div
    at div
    at div
    at LayoutView (http://restaurant21.lobytech.test:3002/src/components/Sidebar/index.tsx?t=1787527165311:31:20)
    at RenderedRoute (http://restaurant21.lobytech.test:3002/node_modules/.vite/deps/react-router-dom.js?v=23710b64:3310:5)
    at Routes (http://restaurant21.lobytech.test:3002/node_modules/.vite/deps/react-router-dom.js?v=23710b64:3763:5)
    at div
    at Router (http://restaurant21.lobytech.test:3002/node_modules/.vite/deps/react-router-dom.js?v=23710b64:3710:15)
    at BrowserRouter (http://restaurant21.lobytech.test:3002/node_modules/.vite/deps/react-router-dom.js?v=23710b64:4190:5)
    at Dashboard
    at QueryClientProvider2 (http://restaurant21.lobytech.test:3002/node_modules/.vite/deps/react-query.js?v=23710b64:2647:21)
    at Provider (http://restaurant21.lobytech.test:3002/node_modules/.vite/deps/react-redux.js?v=23710b64:1481:3)
    at App (http://restaurant21.lobytech.test:3002/src/App.tsx?t=1787530374483:31:7)
    at Provider (http://restaurant21.lobytech.test:3002/node_modules/.vite/deps/react-redux.js?v=23710b64:1481:3) @ http://restaurant21.lobytech.test:3002/node_modules/.vite/deps/chunk-GYWC62UC.js?v=23710b64:520
[   36337ms] [ERROR] Warning: Unexpected ref object provided for %s. Use either a ref-setter function or React.createRef().%s div 
    at div
    at div
    at DropdownPopover (http://restaurant21.lobytech.test:3002/src/presentation/views/Modules/Admin/Views/Asistencia/Dropdown/index.tsx?t=1787493067224:24:3)
    at td
    at tr
    at tbody
    at table
    at div
    at div
    at Piso2 (http://restaurant21.lobytech.test:3002/src/presentation/views/Modules/Admin/Views/Asistencia/Piso2/index.tsx?t=1787493067224:23:3)
    at div
    at div
    at Asistencia (http://restaurant21.lobytech.test:3002/src/presentation/views/Modules/Admin/Views/Asistencia/index.tsx?t=1787493088342:42:20)
    at RenderedRoute (http://restaurant21.lobytech.test:3002/node_modules/.vite/deps/react-router-dom.js?v=23710b64:3310:5)
    at Outlet (http://restaurant21.lobytech.test:3002/node_modules/.vite/deps/react-router-dom.js?v=23710b64:3703:26)
    at div
    at div
    at div
    at LayoutView (http://restaurant21.lobytech.test:3002/src/components/Sidebar/index.tsx?t=1787527165311:31:20)
    at RenderedRoute (http://restaurant21.lobytech.test:3002/node_modules/.vite/deps/react-router-dom.js?v=23710b64:3310:5)
    at Routes (http://restaurant21.lobytech.test:3002/node_modules/.vite/deps/react-router-dom.js?v=23710b64:3763:5)
    at div
    at Router (http://restaurant21.lobytech.test:3002/node_modules/.vite/deps/react-router-dom.js?v=23710b64:3710:15)
    at BrowserRouter (http://restaurant21.lobytech.test:3002/node_modules/.vite/deps/react-router-dom.js?v=23710b64:4190:5)
    at Dashboard
    at QueryClientProvider2 (http://restaurant21.lobytech.test:3002/node_modules/.vite/deps/react-query.js?v=23710b64:2647:21)
    at Provider (http://restaurant21.lobytech.test:3002/node_modules/.vite/deps/react-redux.js?v=23710b64:1481:3)
    at App (http://restaurant21.lobytech.test:3002/src/App.tsx?t=1787530374483:31:7)
    at Provider (http://restaurant21.lobytech.test:3002/node_modules/.vite/deps/react-redux.js?v=23710b64:1481:3) @ http://restaurant21.lobytech.test:3002/node_modules/.vite/deps/chunk-GYWC62UC.js?v=23710b64:520
[   36337ms] [ERROR] Warning: Unexpected ref object provided for %s. Use either a ref-setter function or React.createRef().%s div 
    at div
    at div
    at DropdownPopover (http://restaurant21.lobytech.test:3002/src/presentation/views/Modules/Admin/Views/Asistencia/Dropdown/index.tsx?t=1787493067224:24:3)
    at td
    at tr
    at tbody
    at table
    at div
    at div
    at Piso2 (http://restaurant21.lobytech.test:3002/src/presentation/views/Modules/Admin/Views/Asistencia/Piso2/index.tsx?t=1787493067224:23:3)
    at div
    at div
    at Asistencia (http://restaurant21.lobytech.test:3002/src/presentation/views/Modules/Admin/Views/Asistencia/index.tsx?t=1787493088342:42:20)
    at RenderedRoute (http://restaurant21.lobytech.test:3002/node_modules/.vite/deps/react-router-dom.js?v=23710b64:3310:5)
    at Outlet (http://restaurant21.lobytech.test:3002/node_modules/.vite/deps/react-router-dom.js?v=23710b64:3703:26)
    at div
    at div
    at div
    at LayoutView (http://restaurant21.lobytech.test:3002/src/components/Sidebar/index.tsx?t=1787527165311:31:20)
    at RenderedRoute (http://restaurant21.lobytech.test:3002/node_modules/.vite/deps/react-router-dom.js?v=23710b64:3310:5)
    at Routes (http://restaurant21.lobytech.test:3002/node_modules/.vite/deps/react-router-dom.js?v=23710b64:3763:5)
    at div
    at Router (http://restaurant21.lobytech.test:3002/node_modules/.vite/deps/react-router-dom.js?v=23710b64:3710:15)
    at BrowserRouter (http://restaurant21.lobytech.test:3002/node_modules/.vite/deps/react-router-dom.js?v=23710b64:4190:5)
    at Dashboard
    at QueryClientProvider2 (http://restaurant21.lobytech.test:3002/node_modules/.vite/deps/react-query.js?v=23710b64:2647:21)
    at Provider (http://restaurant21.lobytech.test:3002/node_modules/.vite/deps/react-redux.js?v=23710b64:1481:3)
    at App (http://restaurant21.lobytech.test:3002/src/App.tsx?t=1787530374483:31:7)
    at Provider (http://restaurant21.lobytech.test:3002/node_modules/.vite/deps/react-redux.js?v=23710b64:1481:3) @ http://restaurant21.lobytech.test:3002/node_modules/.vite/deps/chunk-GYWC62UC.js?v=23710b64:520
[   36338ms] [ERROR] Warning: Unexpected ref object provided for %s. Use either a ref-setter function or React.createRef().%s div 
    at div
    at div
    at DropdownPopover (http://restaurant21.lobytech.test:3002/src/presentation/views/Modules/Admin/Views/Asistencia/Dropdown/index.tsx?t=1787493067224:24:3)
    at td
    at tr
    at tbody
    at table
    at div
    at div
    at Piso2 (http://restaurant21.lobytech.test:3002/src/presentation/views/Modules/Admin/Views/Asistencia/Piso2/index.tsx?t=1787493067224:23:3)
    at div
    at div
    at Asistencia (http://restaurant21.lobytech.test:3002/src/presentation/views/Modules/Admin/Views/Asistencia/index.tsx?t=1787493088342:42:20)
    at RenderedRoute (http://restaurant21.lobytech.test:3002/node_modules/.vite/deps/react-router-dom.js?v=23710b64:3310:5)
    at Outlet (http://restaurant21.lobytech.test:3002/node_modules/.vite/deps/react-router-dom.js?v=23710b64:3703:26)
    at div
    at div
    at div
    at LayoutView (http://restaurant21.lobytech.test:3002/src/components/Sidebar/index.tsx?t=1787527165311:31:20)
    at RenderedRoute (http://restaurant21.lobytech.test:3002/node_modules/.vite/deps/react-router-dom.js?v=23710b64:3310:5)
    at Routes (http://restaurant21.lobytech.test:3002/node_modules/.vite/deps/react-router-dom.js?v=23710b64:3763:5)
    at div
    at Router (http://restaurant21.lobytech.test:3002/node_modules/.vite/deps/react-router-dom.js?v=23710b64:3710:15)
    at BrowserRouter (http://restaurant21.lobytech.test:3002/node_modules/.vite/deps/react-router-dom.js?v=23710b64:4190:5)
    at Dashboard
    at QueryClientProvider2 (http://restaurant21.lobytech.test:3002/node_modules/.vite/deps/react-query.js?v=23710b64:2647:21)
    at Provider (http://restaurant21.lobytech.test:3002/node_modules/.vite/deps/react-redux.js?v=23710b64:1481:3)
    at App (http://restaurant21.lobytech.test:3002/src/App.tsx?t=1787530374483:31:7)
    at Provider (http://restaurant21.lobytech.test:3002/node_modules/.vite/deps/react-redux.js?v=23710b64:1481:3) @ http://restaurant21.lobytech.test:3002/node_modules/.vite/deps/chunk-GYWC62UC.js?v=23710b64:520
[   36338ms] [ERROR] Warning: Unexpected ref object provided for %s. Use either a ref-setter function or React.createRef().%s div 
    at div
    at div
    at DropdownPopover (http://restaurant21.lobytech.test:3002/src/presentation/views/Modules/Admin/Views/Asistencia/Dropdown/index.tsx?t=1787493067224:24:3)
    at td
    at tr
    at tbody
    at table
    at div
    at div
    at Piso2 (http://restaurant21.lobytech.test:3002/src/presentation/views/Modules/Admin/Views/Asistencia/Piso2/index.tsx?t=1787493067224:23:3)
    at div
    at div
    at Asistencia (http://restaurant21.lobytech.test:3002/src/presentation/views/Modules/Admin/Views/Asistencia/index.tsx?t=1787493088342:42:20)
    at RenderedRoute (http://restaurant21.lobytech.test:3002/node_modules/.vite/deps/react-router-dom.js?v=23710b64:3310:5)
    at Outlet (http://restaurant21.lobytech.test:3002/node_modules/.vite/deps/react-router-dom.js?v=23710b64:3703:26)
    at div
    at div
    at div
    at LayoutView (http://restaurant21.lobytech.test:3002/src/components/Sidebar/index.tsx?t=1787527165311:31:20)
    at RenderedRoute (http://restaurant21.lobytech.test:3002/node_modules/.vite/deps/react-router-dom.js?v=23710b64:3310:5)
    at Routes (http://restaurant21.lobytech.test:3002/node_modules/.vite/deps/react-router-dom.js?v=23710b64:3763:5)
    at div
    at Router (http://restaurant21.lobytech.test:3002/node_modules/.vite/deps/react-router-dom.js?v=23710b64:3710:15)
    at BrowserRouter (http://restaurant21.lobytech.test:3002/node_modules/.vite/deps/react-router-dom.js?v=23710b64:4190:5)
    at Dashboard
    at QueryClientProvider2 (http://restaurant21.lobytech.test:3002/node_modules/.vite/deps/react-query.js?v=23710b64:2647:21)
    at Provider (http://restaurant21.lobytech.test:3002/node_modules/.vite/deps/react-redux.js?v=23710b64:1481:3)
    at App (http://restaurant21.lobytech.test:3002/src/App.tsx?t=1787530374483:31:7)
    at Provider (http://restaurant21.lobytech.test:3002/node_modules/.vite/deps/react-redux.js?v=23710b64:1481:3) @ http://restaurant21.lobytech.test:3002/node_modules/.vite/deps/chunk-GYWC62UC.js?v=23710b64:520
[   36338ms] [ERROR] Warning: Unexpected ref object provided for %s. Use either a ref-setter function or React.createRef().%s div 
    at div
    at div
    at DropdownPopover (http://restaurant21.lobytech.test:3002/src/presentation/views/Modules/Admin/Views/Asistencia/Dropdown/index.tsx?t=1787493067224:24:3)
    at td
    at tr
    at tbody
    at table
    at div
    at div
    at Piso2 (http://restaurant21.lobytech.test:3002/src/presentation/views/Modules/Admin/Views/Asistencia/Piso2/index.tsx?t=1787493067224:23:3)
    at div
    at div
    at Asistencia (http://restaurant21.lobytech.test:3002/src/presentation/views/Modules/Admin/Views/Asistencia/index.tsx?t=1787493088342:42:20)
    at RenderedRoute (http://restaurant21.lobytech.test:3002/node_modules/.vite/deps/react-router-dom.js?v=23710b64:3310:5)
    at Outlet (http://restaurant21.lobytech.test:3002/node_modules/.vite/deps/react-router-dom.js?v=23710b64:3703:26)
    at div
    at div
    at div
    at LayoutView (http://restaurant21.lobytech.test:3002/src/components/Sidebar/index.tsx?t=1787527165311:31:20)
    at RenderedRoute (http://restaurant21.lobytech.test:3002/node_modules/.vite/deps/react-router-dom.js?v=23710b64:3310:5)
    at Routes (http://restaurant21.lobytech.test:3002/node_modules/.vite/deps/react-router-dom.js?v=23710b64:3763:5)
    at div
    at Router (http://restaurant21.lobytech.test:3002/node_modules/.vite/deps/react-router-dom.js?v=23710b64:3710:15)
    at BrowserRouter (http://restaurant21.lobytech.test:3002/node_modules/.vite/deps/react-router-dom.js?v=23710b64:4190:5)
    at Dashboard
    at QueryClientProvider2 (http://restaurant21.lobytech.test:3002/node_modules/.vite/deps/react-query.js?v=23710b64:2647:21)
    at Provider (http://restaurant21.lobytech.test:3002/node_modules/.vite/deps/react-redux.js?v=23710b64:1481:3)
    at App (http://restaurant21.lobytech.test:3002/src/App.tsx?t=1787530374483:31:7)
    at Provider (http://restaurant21.lobytech.test:3002/node_modules/.vite/deps/react-redux.js?v=23710b64:1481:3) @ http://restaurant21.lobytech.test:3002/node_modules/.vite/deps/chunk-GYWC62UC.js?v=23710b64:520
[   36338ms] [ERROR] Warning: Unexpected ref object provided for %s. Use either a ref-setter function or React.createRef().%s div 
    at div
    at div
    at DropdownPopover (http://restaurant21.lobytech.test:3002/src/presentation/views/Modules/Admin/Views/Asistencia/Dropdown/index.tsx?t=1787493067224:24:3)
    at td
    at tr
    at tbody
    at table
    at div
    at div
    at Piso2 (http://restaurant21.lobytech.test:3002/src/presentation/views/Modules/Admin/Views/Asistencia/Piso2/index.tsx?t=1787493067224:23:3)
    at div
    at div
    at Asistencia (http://restaurant21.lobytech.test:3002/src/presentation/views/Modules/Admin/Views/Asistencia/index.tsx?t=1787493088342:42:20)
    at RenderedRoute (http://restaurant21.lobytech.test:3002/node_modules/.vite/deps/react-router-dom.js?v=23710b64:3310:5)
    at Outlet (http://restaurant21.lobytech.test:3002/node_modules/.vite/deps/react-router-dom.js?v=23710b64:3703:26)
    at div
    at div
    at div
    at LayoutView (http://restaurant21.lobytech.test:3002/src/components/Sidebar/index.tsx?t=1787527165311:31:20)
    at RenderedRoute (http://restaurant21.lobytech.test:3002/node_modules/.vite/deps/react-router-dom.js?v=23710b64:3310:5)
    at Routes (http://restaurant21.lobytech.test:3002/node_modules/.vite/deps/react-router-dom.js?v=23710b64:3763:5)
    at div
    at Router (http://restaurant21.lobytech.test:3002/node_modules/.vite/deps/react-router-dom.js?v=23710b64:3710:15)
    at BrowserRouter (http://restaurant21.lobytech.test:3002/node_modules/.vite/deps/react-router-dom.js?v=23710b64:4190:5)
    at Dashboard
    at QueryClientProvider2 (http://restaurant21.lobytech.test:3002/node_modules/.vite/deps/react-query.js?v=23710b64:2647:21)
    at Provider (http://restaurant21.lobytech.test:3002/node_modules/.vite/deps/react-redux.js?v=23710b64:1481:3)
    at App (http://restaurant21.lobytech.test:3002/src/App.tsx?t=1787530374483:31:7)
    at Provider (http://restaurant21.lobytech.test:3002/node_modules/.vite/deps/react-redux.js?v=23710b64:1481:3) @ http://restaurant21.lobytech.test:3002/node_modules/.vite/deps/chunk-GYWC62UC.js?v=23710b64:520
[   36338ms] [ERROR] Warning: Unexpected ref object provided for %s. Use either a ref-setter function or React.createRef().%s div 
    at div
    at div
    at DropdownPopover (http://restaurant21.lobytech.test:3002/src/presentation/views/Modules/Admin/Views/Asistencia/Dropdown/index.tsx?t=1787493067224:24:3)
    at td
    at tr
    at tbody
    at table
    at div
    at div
    at Piso2 (http://restaurant21.lobytech.test:3002/src/presentation/views/Modules/Admin/Views/Asistencia/Piso2/index.tsx?t=1787493067224:23:3)
    at div
    at div
    at Asistencia (http://restaurant21.lobytech.test:3002/src/presentation/views/Modules/Admin/Views/Asistencia/index.tsx?t=1787493088342:42:20)
    at RenderedRoute (http://restaurant21.lobytech.test:3002/node_modules/.vite/deps/react-router-dom.js?v=23710b64:3310:5)
    at Outlet (http://restaurant21.lobytech.test:3002/node_modules/.vite/deps/react-router-dom.js?v=23710b64:3703:26)
    at div
    at div
    at div
    at LayoutView (http://restaurant21.lobytech.test:3002/src/components/Sidebar/index.tsx?t=1787527165311:31:20)
    at RenderedRoute (http://restaurant21.lobytech.test:3002/node_modules/.vite/deps/react-router-dom.js?v=23710b64:3310:5)
    at Routes (http://restaurant21.lobytech.test:3002/node_modules/.vite/deps/react-router-dom.js?v=23710b64:3763:5)
    at div
    at Router (http://restaurant21.lobytech.test:3002/node_modules/.vite/deps/react-router-dom.js?v=23710b64:3710:15)
    at BrowserRouter (http://restaurant21.lobytech.test:3002/node_modules/.vite/deps/react-router-dom.js?v=23710b64:4190:5)
    at Dashboard
    at QueryClientProvider2 (http://restaurant21.lobytech.test:3002/node_modules/.vite/deps/react-query.js?v=23710b64:2647:21)
    at Provider (http://restaurant21.lobytech.test:3002/node_modules/.vite/deps/react-redux.js?v=23710b64:1481:3)
    at App (http://restaurant21.lobytech.test:3002/src/App.tsx?t=1787530374483:31:7)
    at Provider (http://restaurant21.lobytech.test:3002/node_modules/.vite/deps/react-redux.js?v=23710b64:1481:3) @ http://restaurant21.lobytech.test:3002/node_modules/.vite/deps/chunk-GYWC62UC.js?v=23710b64:520
[   36338ms] [ERROR] Warning: Unexpected ref object provided for %s. Use either a ref-setter function or React.createRef().%s div 
    at div
    at div
    at DropdownPopover (http://restaurant21.lobytech.test:3002/src/presentation/views/Modules/Admin/Views/Asistencia/Dropdown/index.tsx?t=1787493067224:24:3)
    at td
    at tr
    at tbody
    at table
    at div
    at div
    at Piso2 (http://restaurant21.lobytech.test:3002/src/presentation/views/Modules/Admin/Views/Asistencia/Piso2/index.tsx?t=1787493067224:23:3)
    at div
    at div
    at Asistencia (http://restaurant21.lobytech.test:3002/src/presentation/views/Modules/Admin/Views/Asistencia/index.tsx?t=1787493088342:42:20)
    at RenderedRoute (http://restaurant21.lobytech.test:3002/node_modules/.vite/deps/react-router-dom.js?v=23710b64:3310:5)
    at Outlet (http://restaurant21.lobytech.test:3002/node_modules/.vite/deps/react-router-dom.js?v=23710b64:3703:26)
    at div
    at div
    at div
    at LayoutView (http://restaurant21.lobytech.test:3002/src/components/Sidebar/index.tsx?t=1787527165311:31:20)
    at RenderedRoute (http://restaurant21.lobytech.test:3002/node_modules/.vite/deps/react-router-dom.js?v=23710b64:3310:5)
    at Routes (http://restaurant21.lobytech.test:3002/node_modules/.vite/deps/react-router-dom.js?v=23710b64:3763:5)
    at div
    at Router (http://restaurant21.lobytech.test:3002/node_modules/.vite/deps/react-router-dom.js?v=23710b64:3710:15)
    at BrowserRouter (http://restaurant21.lobytech.test:3002/node_modules/.vite/deps/react-router-dom.js?v=23710b64:4190:5)
    at Dashboard
    at QueryClientProvider2 (http://restaurant21.lobytech.test:3002/node_modules/.vite/deps/react-query.js?v=23710b64:2647:21)
    at Provider (http://restaurant21.lobytech.test:3002/node_modules/.vite/deps/react-redux.js?v=23710b64:1481:3)
    at App (http://restaurant21.lobytech.test:3002/src/App.tsx?t=1787530374483:31:7)
    at Provider (http://restaurant21.lobytech.test:3002/node_modules/.vite/deps/react-redux.js?v=23710b64:1481:3) @ http://restaurant21.lobytech.test:3002/node_modules/.vite/deps/chunk-GYWC62UC.js?v=23710b64:520
[   36338ms] [ERROR] Warning: Unexpected ref object provided for %s. Use either a ref-setter function or React.createRef().%s div 
    at div
    at div
    at DropdownPopover (http://restaurant21.lobytech.test:3002/src/presentation/views/Modules/Admin/Views/Asistencia/Dropdown/index.tsx?t=1787493067224:24:3)
    at td
    at tr
    at tbody
    at table
    at div
    at div
    at Piso2 (http://restaurant21.lobytech.test:3002/src/presentation/views/Modules/Admin/Views/Asistencia/Piso2/index.tsx?t=1787493067224:23:3)
    at div
    at div
    at Asistencia (http://restaurant21.lobytech.test:3002/src/presentation/views/Modules/Admin/Views/Asistencia/index.tsx?t=1787493088342:42:20)
    at RenderedRoute (http://restaurant21.lobytech.test:3002/node_modules/.vite/deps/react-router-dom.js?v=23710b64:3310:5)
    at Outlet (http://restaurant21.lobytech.test:3002/node_modules/.vite/deps/react-router-dom.js?v=23710b64:3703:26)
    at div
    at div
    at div
    at LayoutView (http://restaurant21.lobytech.test:3002/src/components/Sidebar/index.tsx?t=1787527165311:31:20)
    at RenderedRoute (http://restaurant21.lobytech.test:3002/node_modules/.vite/deps/react-router-dom.js?v=23710b64:3310:5)
    at Routes (http://restaurant21.lobytech.test:3002/node_modules/.vite/deps/react-router-dom.js?v=23710b64:3763:5)
    at div
    at Router (http://restaurant21.lobytech.test:3002/node_modules/.vite/deps/react-router-dom.js?v=23710b64:3710:15)
    at BrowserRouter (http://restaurant21.lobytech.test:3002/node_modules/.vite/deps/react-router-dom.js?v=23710b64:4190:5)
    at Dashboard
    at QueryClientProvider2 (http://restaurant21.lobytech.test:3002/node_modules/.vite/deps/react-query.js?v=23710b64:2647:21)
    at Provider (http://restaurant21.lobytech.test:3002/node_modules/.vite/deps/react-redux.js?v=23710b64:1481:3)
    at App (http://restaurant21.lobytech.test:3002/src/App.tsx?t=1787530374483:31:7)
    at Provider (http://restaurant21.lobytech.test:3002/node_modules/.vite/deps/react-redux.js?v=23710b64:1481:3) @ http://restaurant21.lobytech.test:3002/node_modules/.vite/deps/chunk-GYWC62UC.js?v=23710b64:520
[   36338ms] [ERROR] Warning: Unexpected ref object provided for %s. Use either a ref-setter function or React.createRef().%s div 
    at div
    at div
    at DropdownPopover (http://restaurant21.lobytech.test:3002/src/presentation/views/Modules/Admin/Views/Asistencia/Dropdown/index.tsx?t=1787493067224:24:3)
    at td
    at tr
    at tbody
    at table
    at div
    at div
    at Piso2 (http://restaurant21.lobytech.test:3002/src/presentation/views/Modules/Admin/Views/Asistencia/Piso2/index.tsx?t=1787493067224:23:3)
    at div
    at div
    at Asistencia (http://restaurant21.lobytech.test:3002/src/presentation/views/Modules/Admin/Views/Asistencia/index.tsx?t=1787493088342:42:20)
    at RenderedRoute (http://restaurant21.lobytech.test:3002/node_modules/.vite/deps/react-router-dom.js?v=23710b64:3310:5)
    at Outlet (http://restaurant21.lobytech.test:3002/node_modules/.vite/deps/react-router-dom.js?v=23710b64:3703:26)
    at div
    at div
    at div
    at LayoutView (http://restaurant21.lobytech.test:3002/src/components/Sidebar/index.tsx?t=1787527165311:31:20)
    at RenderedRoute (http://restaurant21.lobytech.test:3002/node_modules/.vite/deps/react-router-dom.js?v=23710b64:3310:5)
    at Routes (http://restaurant21.lobytech.test:3002/node_modules/.vite/deps/react-router-dom.js?v=23710b64:3763:5)
    at div
    at Router (http://restaurant21.lobytech.test:3002/node_modules/.vite/deps/react-router-dom.js?v=23710b64:3710:15)
    at BrowserRouter (http://restaurant21.lobytech.test:3002/node_modules/.vite/deps/react-router-dom.js?v=23710b64:4190:5)
    at Dashboard
    at QueryClientProvider2 (http://restaurant21.lobytech.test:3002/node_modules/.vite/deps/react-query.js?v=23710b64:2647:21)
    at Provider (http://restaurant21.lobytech.test:3002/node_modules/.vite/deps/react-redux.js?v=23710b64:1481:3)
    at App (http://restaurant21.lobytech.test:3002/src/App.tsx?t=1787530374483:31:7)
    at Provider (http://restaurant21.lobytech.test:3002/node_modules/.vite/deps/react-redux.js?v=23710b64:1481:3) @ http://restaurant21.lobytech.test:3002/node_modules/.vite/deps/chunk-GYWC62UC.js?v=23710b64:520
[   36339ms] [ERROR] Warning: Unexpected ref object provided for %s. Use either a ref-setter function or React.createRef().%s div 
    at div
    at div
    at DropdownPopover (http://restaurant21.lobytech.test:3002/src/presentation/views/Modules/Admin/Views/Asistencia/Dropdown/index.tsx?t=1787493067224:24:3)
    at td
    at tr
    at tbody
    at table
    at div
    at div
    at Piso2 (http://restaurant21.lobytech.test:3002/src/presentation/views/Modules/Admin/Views/Asistencia/Piso2/index.tsx?t=1787493067224:23:3)
    at div
    at div
    at Asistencia (http://restaurant21.lobytech.test:3002/src/presentation/views/Modules/Admin/Views/Asistencia/index.tsx?t=1787493088342:42:20)
    at RenderedRoute (http://restaurant21.lobytech.test:3002/node_modules/.vite/deps/react-router-dom.js?v=23710b64:3310:5)
    at Outlet (http://restaurant21.lobytech.test:3002/node_modules/.vite/deps/react-router-dom.js?v=23710b64:3703:26)
    at div
    at div
    at div
    at LayoutView (http://restaurant21.lobytech.test:3002/src/components/Sidebar/index.tsx?t=1787527165311:31:20)
    at RenderedRoute (http://restaurant21.lobytech.test:3002/node_modules/.vite/deps/react-router-dom.js?v=23710b64:3310:5)
    at Routes (http://restaurant21.lobytech.test:3002/node_modules/.vite/deps/react-router-dom.js?v=23710b64:3763:5)
    at div
    at Router (http://restaurant21.lobytech.test:3002/node_modules/.vite/deps/react-router-dom.js?v=23710b64:3710:15)
    at BrowserRouter (http://restaurant21.lobytech.test:3002/node_modules/.vite/deps/react-router-dom.js?v=23710b64:4190:5)
    at Dashboard
    at QueryClientProvider2 (http://restaurant21.lobytech.test:3002/node_modules/.vite/deps/react-query.js?v=23710b64:2647:21)
    at Provider (http://restaurant21.lobytech.test:3002/node_modules/.vite/deps/react-redux.js?v=23710b64:1481:3)
    at App (http://restaurant21.lobytech.test:3002/src/App.tsx?t=1787530374483:31:7)
    at Provider (http://restaurant21.lobytech.test:3002/node_modules/.vite/deps/react-redux.js?v=23710b64:1481:3) @ http://restaurant21.lobytech.test:3002/node_modules/.vite/deps/chunk-GYWC62UC.js?v=23710b64:520
[   36339ms] [ERROR] Warning: Unexpected ref object provided for %s. Use either a ref-setter function or React.createRef().%s div 
    at div
    at div
    at DropdownPopover (http://restaurant21.lobytech.test:3002/src/presentation/views/Modules/Admin/Views/Asistencia/Dropdown/index.tsx?t=1787493067224:24:3)
    at td
    at tr
    at tbody
    at table
    at div
    at div
    at Piso2 (http://restaurant21.lobytech.test:3002/src/presentation/views/Modules/Admin/Views/Asistencia/Piso2/index.tsx?t=1787493067224:23:3)
    at div
    at div
    at Asistencia (http://restaurant21.lobytech.test:3002/src/presentation/views/Modules/Admin/Views/Asistencia/index.tsx?t=1787493088342:42:20)
    at RenderedRoute (http://restaurant21.lobytech.test:3002/node_modules/.vite/deps/react-router-dom.js?v=23710b64:3310:5)
    at Outlet (http://restaurant21.lobytech.test:3002/node_modules/.vite/deps/react-router-dom.js?v=23710b64:3703:26)
    at div
    at div
    at div
    at LayoutView (http://restaurant21.lobytech.test:3002/src/components/Sidebar/index.tsx?t=1787527165311:31:20)
    at RenderedRoute (http://restaurant21.lobytech.test:3002/node_modules/.vite/deps/react-router-dom.js?v=23710b64:3310:5)
    at Routes (http://restaurant21.lobytech.test:3002/node_modules/.vite/deps/react-router-dom.js?v=23710b64:3763:5)
    at div
    at Router (http://restaurant21.lobytech.test:3002/node_modules/.vite/deps/react-router-dom.js?v=23710b64:3710:15)
    at BrowserRouter (http://restaurant21.lobytech.test:3002/node_modules/.vite/deps/react-router-dom.js?v=23710b64:4190:5)
    at Dashboard
    at QueryClientProvider2 (http://restaurant21.lobytech.test:3002/node_modules/.vite/deps/react-query.js?v=23710b64:2647:21)
    at Provider (http://restaurant21.lobytech.test:3002/node_modules/.vite/deps/react-redux.js?v=23710b64:1481:3)
    at App (http://restaurant21.lobytech.test:3002/src/App.tsx?t=1787530374483:31:7)
    at Provider (http://restaurant21.lobytech.test:3002/node_modules/.vite/deps/react-redux.js?v=23710b64:1481:3) @ http://restaurant21.lobytech.test:3002/node_modules/.vite/deps/chunk-GYWC62UC.js?v=23710b64:520
[   36339ms] [ERROR] Warning: Unexpected ref object provided for %s. Use either a ref-setter function or React.createRef().%s div 
    at div
    at div
    at DropdownPopover (http://restaurant21.lobytech.test:3002/src/presentation/views/Modules/Admin/Views/Asistencia/Dropdown/index.tsx?t=1787493067224:24:3)
    at td
    at tr
    at tbody
    at table
    at div
    at div
    at Piso2 (http://restaurant21.lobytech.test:3002/src/presentation/views/Modules/Admin/Views/Asistencia/Piso2/index.tsx?t=1787493067224:23:3)
    at div
    at div
    at Asistencia (http://restaurant21.lobytech.test:3002/src/presentation/views/Modules/Admin/Views/Asistencia/index.tsx?t=1787493088342:42:20)
    at RenderedRoute (http://restaurant21.lobytech.test:3002/node_modules/.vite/deps/react-router-dom.js?v=23710b64:3310:5)
    at Outlet (http://restaurant21.lobytech.test:3002/node_modules/.vite/deps/react-router-dom.js?v=23710b64:3703:26)
    at div
    at div
    at div
    at LayoutView (http://restaurant21.lobytech.test:3002/src/components/Sidebar/index.tsx?t=1787527165311:31:20)
    at RenderedRoute (http://restaurant21.lobytech.test:3002/node_modules/.vite/deps/react-router-dom.js?v=23710b64:3310:5)
    at Routes (http://restaurant21.lobytech.test:3002/node_modules/.vite/deps/react-router-dom.js?v=23710b64:3763:5)
    at div
    at Router (http://restaurant21.lobytech.test:3002/node_modules/.vite/deps/react-router-dom.js?v=23710b64:3710:15)
    at BrowserRouter (http://restaurant21.lobytech.test:3002/node_modules/.vite/deps/react-router-dom.js?v=23710b64:4190:5)
    at Dashboard
    at QueryClientProvider2 (http://restaurant21.lobytech.test:3002/node_modules/.vite/deps/react-query.js?v=23710b64:2647:21)
    at Provider (http://restaurant21.lobytech.test:3002/node_modules/.vite/deps/react-redux.js?v=23710b64:1481:3)
    at App (http://restaurant21.lobytech.test:3002/src/App.tsx?t=1787530374483:31:7)
    at Provider (http://restaurant21.lobytech.test:3002/node_modules/.vite/deps/react-redux.js?v=23710b64:1481:3) @ http://restaurant21.lobytech.test:3002/node_modules/.vite/deps/chunk-GYWC62UC.js?v=23710b64:520
[   36339ms] [ERROR] Warning: Unexpected ref object provided for %s. Use either a ref-setter function or React.createRef().%s div 
    at div
    at div
    at DropdownPopover (http://restaurant21.lobytech.test:3002/src/presentation/views/Modules/Admin/Views/Asistencia/Dropdown/index.tsx?t=1787493067224:24:3)
    at td
    at tr
    at tbody
    at table
    at div
    at div
    at Piso2 (http://restaurant21.lobytech.test:3002/src/presentation/views/Modules/Admin/Views/Asistencia/Piso2/index.tsx?t=1787493067224:23:3)
    at div
    at div
    at Asistencia (http://restaurant21.lobytech.test:3002/src/presentation/views/Modules/Admin/Views/Asistencia/index.tsx?t=1787493088342:42:20)
    at RenderedRoute (http://restaurant21.lobytech.test:3002/node_modules/.vite/deps/react-router-dom.js?v=23710b64:3310:5)
    at Outlet (http://restaurant21.lobytech.test:3002/node_modules/.vite/deps/react-router-dom.js?v=23710b64:3703:26)
    at div
    at div
    at div
    at LayoutView (http://restaurant21.lobytech.test:3002/src/components/Sidebar/index.tsx?t=1787527165311:31:20)
    at RenderedRoute (http://restaurant21.lobytech.test:3002/node_modules/.vite/deps/react-router-dom.js?v=23710b64:3310:5)
    at Routes (http://restaurant21.lobytech.test:3002/node_modules/.vite/deps/react-router-dom.js?v=23710b64:3763:5)
    at div
    at Router (http://restaurant21.lobytech.test:3002/node_modules/.vite/deps/react-router-dom.js?v=23710b64:3710:15)
    at BrowserRouter (http://restaurant21.lobytech.test:3002/node_modules/.vite/deps/react-router-dom.js?v=23710b64:4190:5)
    at Dashboard
    at QueryClientProvider2 (http://restaurant21.lobytech.test:3002/node_modules/.vite/deps/react-query.js?v=23710b64:2647:21)
    at Provider (http://restaurant21.lobytech.test:3002/node_modules/.vite/deps/react-redux.js?v=23710b64:1481:3)
    at App (http://restaurant21.lobytech.test:3002/src/App.tsx?t=1787530374483:31:7)
    at Provider (http://restaurant21.lobytech.test:3002/node_modules/.vite/deps/react-redux.js?v=23710b64:1481:3) @ http://restaurant21.lobytech.test:3002/node_modules/.vite/deps/chunk-GYWC62UC.js?v=23710b64:520
[   36339ms] [ERROR] Warning: Unexpected ref object provided for %s. Use either a ref-setter function or React.createRef().%s div 
    at div
    at div
    at DropdownPopover (http://restaurant21.lobytech.test:3002/src/presentation/views/Modules/Admin/Views/Asistencia/Dropdown/index.tsx?t=1787493067224:24:3)
    at td
    at tr
    at tbody
    at table
    at div
    at div
    at Piso2 (http://restaurant21.lobytech.test:3002/src/presentation/views/Modules/Admin/Views/Asistencia/Piso2/index.tsx?t=1787493067224:23:3)
    at div
    at div
    at Asistencia (http://restaurant21.lobytech.test:3002/src/presentation/views/Modules/Admin/Views/Asistencia/index.tsx?t=1787493088342:42:20)
    at RenderedRoute (http://restaurant21.lobytech.test:3002/node_modules/.vite/deps/react-router-dom.js?v=23710b64:3310:5)
    at Outlet (http://restaurant21.lobytech.test:3002/node_modules/.vite/deps/react-router-dom.js?v=23710b64:3703:26)
    at div
    at div
    at div
    at LayoutView (http://restaurant21.lobytech.test:3002/src/components/Sidebar/index.tsx?t=1787527165311:31:20)
    at RenderedRoute (http://restaurant21.lobytech.test:3002/node_modules/.vite/deps/react-router-dom.js?v=23710b64:3310:5)
    at Routes (http://restaurant21.lobytech.test:3002/node_modules/.vite/deps/react-router-dom.js?v=23710b64:3763:5)
    at div
    at Router (http://restaurant21.lobytech.test:3002/node_modules/.vite/deps/react-router-dom.js?v=23710b64:3710:15)
    at BrowserRouter (http://restaurant21.lobytech.test:3002/node_modules/.vite/deps/react-router-dom.js?v=23710b64:4190:5)
    at Dashboard
    at QueryClientProvider2 (http://restaurant21.lobytech.test:3002/node_modules/.vite/deps/react-query.js?v=23710b64:2647:21)
    at Provider (http://restaurant21.lobytech.test:3002/node_modules/.vite/deps/react-redux.js?v=23710b64:1481:3)
    at App (http://restaurant21.lobytech.test:3002/src/App.tsx?t=1787530374483:31:7)
    at Provider (http://restaurant21.lobytech.test:3002/node_modules/.vite/deps/react-redux.js?v=23710b64:1481:3) @ http://restaurant21.lobytech.test:3002/node_modules/.vite/deps/chunk-GYWC62UC.js?v=23710b64:520
[   36339ms] [ERROR] Warning: Unexpected ref object provided for %s. Use either a ref-setter function or React.createRef().%s div 
    at div
    at div
    at DropdownPopover (http://restaurant21.lobytech.test:3002/src/presentation/views/Modules/Admin/Views/Asistencia/Dropdown/index.tsx?t=1787493067224:24:3)
    at td
    at tr
    at tbody
    at table
    at div
    at div
    at Piso2 (http://restaurant21.lobytech.test:3002/src/presentation/views/Modules/Admin/Views/Asistencia/Piso2/index.tsx?t=1787493067224:23:3)
    at div
    at div
    at Asistencia (http://restaurant21.lobytech.test:3002/src/presentation/views/Modules/Admin/Views/Asistencia/index.tsx?t=1787493088342:42:20)
    at RenderedRoute (http://restaurant21.lobytech.test:3002/node_modules/.vite/deps/react-router-dom.js?v=23710b64:3310:5)
    at Outlet (http://restaurant21.lobytech.test:3002/node_modules/.vite/deps/react-router-dom.js?v=23710b64:3703:26)
    at div
    at div
    at div
    at LayoutView (http://restaurant21.lobytech.test:3002/src/components/Sidebar/index.tsx?t=1787527165311:31:20)
    at RenderedRoute (http://restaurant21.lobytech.test:3002/node_modules/.vite/deps/react-router-dom.js?v=23710b64:3310:5)
    at Routes (http://restaurant21.lobytech.test:3002/node_modules/.vite/deps/react-router-dom.js?v=23710b64:3763:5)
    at div
    at Router (http://restaurant21.lobytech.test:3002/node_modules/.vite/deps/react-router-dom.js?v=23710b64:3710:15)
    at BrowserRouter (http://restaurant21.lobytech.test:3002/node_modules/.vite/deps/react-router-dom.js?v=23710b64:4190:5)
    at Dashboard
    at QueryClientProvider2 (http://restaurant21.lobytech.test:3002/node_modules/.vite/deps/react-query.js?v=23710b64:2647:21)
    at Provider (http://restaurant21.lobytech.test:3002/node_modules/.vite/deps/react-redux.js?v=23710b64:1481:3)
    at App (http://restaurant21.lobytech.test:3002/src/App.tsx?t=1787530374483:31:7)
    at Provider (http://restaurant21.lobytech.test:3002/node_modules/.vite/deps/react-redux.js?v=23710b64:1481:3) @ http://restaurant21.lobytech.test:3002/node_modules/.vite/deps/chunk-GYWC62UC.js?v=23710b64:520
[   36339ms] [ERROR] Warning: Unexpected ref object provided for %s. Use either a ref-setter function or React.createRef().%s div 
    at div
    at div
    at DropdownPopover (http://restaurant21.lobytech.test:3002/src/presentation/views/Modules/Admin/Views/Asistencia/Dropdown/index.tsx?t=1787493067224:24:3)
    at td
    at tr
    at tbody
    at table
    at div
    at div
    at Piso2 (http://restaurant21.lobytech.test:3002/src/presentation/views/Modules/Admin/Views/Asistencia/Piso2/index.tsx?t=1787493067224:23:3)
    at div
    at div
    at Asistencia (http://restaurant21.lobytech.test:3002/src/presentation/views/Modules/Admin/Views/Asistencia/index.tsx?t=1787493088342:42:20)
    at RenderedRoute (http://restaurant21.lobytech.test:3002/node_modules/.vite/deps/react-router-dom.js?v=23710b64:3310:5)
    at Outlet (http://restaurant21.lobytech.test:3002/node_modules/.vite/deps/react-router-dom.js?v=23710b64:3703:26)
    at div
    at div
    at div
    at LayoutView (http://restaurant21.lobytech.test:3002/src/components/Sidebar/index.tsx?t=1787527165311:31:20)
    at RenderedRoute (http://restaurant21.lobytech.test:3002/node_modules/.vite/deps/react-router-dom.js?v=23710b64:3310:5)
    at Routes (http://restaurant21.lobytech.test:3002/node_modules/.vite/deps/react-router-dom.js?v=23710b64:3763:5)
    at div
    at Router (http://restaurant21.lobytech.test:3002/node_modules/.vite/deps/react-router-dom.js?v=23710b64:3710:15)
    at BrowserRouter (http://restaurant21.lobytech.test:3002/node_modules/.vite/deps/react-router-dom.js?v=23710b64:4190:5)
    at Dashboard
    at QueryClientProvider2 (http://restaurant21.lobytech.test:3002/node_modules/.vite/deps/react-query.js?v=23710b64:2647:21)
    at Provider (http://restaurant21.lobytech.test:3002/node_modules/.vite/deps/react-redux.js?v=23710b64:1481:3)
    at App (http://restaurant21.lobytech.test:3002/src/App.tsx?t=1787530374483:31:7)
    at Provider (http://restaurant21.lobytech.test:3002/node_modules/.vite/deps/react-redux.js?v=23710b64:1481:3) @ http://restaurant21.lobytech.test:3002/node_modules/.vite/deps/chunk-GYWC62UC.js?v=23710b64:520
[   36340ms] [ERROR] Warning: Unexpected ref object provided for %s. Use either a ref-setter function or React.createRef().%s div 
    at div
    at div
    at DropdownPopover (http://restaurant21.lobytech.test:3002/src/presentation/views/Modules/Admin/Views/Asistencia/Dropdown/index.tsx?t=1787493067224:24:3)
    at td
    at tr
    at tbody
    at table
    at div
    at div
    at Piso2 (http://restaurant21.lobytech.test:3002/src/presentation/views/Modules/Admin/Views/Asistencia/Piso2/index.tsx?t=1787493067224:23:3)
    at div
    at div
    at Asistencia (http://restaurant21.lobytech.test:3002/src/presentation/views/Modules/Admin/Views/Asistencia/index.tsx?t=1787493088342:42:20)
    at RenderedRoute (http://restaurant21.lobytech.test:3002/node_modules/.vite/deps/react-router-dom.js?v=23710b64:3310:5)
    at Outlet (http://restaurant21.lobytech.test:3002/node_modules/.vite/deps/react-router-dom.js?v=23710b64:3703:26)
    at div
    at div
    at div
    at LayoutView (http://restaurant21.lobytech.test:3002/src/components/Sidebar/index.tsx?t=1787527165311:31:20)
    at RenderedRoute (http://restaurant21.lobytech.test:3002/node_modules/.vite/deps/react-router-dom.js?v=23710b64:3310:5)
    at Routes (http://restaurant21.lobytech.test:3002/node_modules/.vite/deps/react-router-dom.js?v=23710b64:3763:5)
    at div
    at Router (http://restaurant21.lobytech.test:3002/node_modules/.vite/deps/react-router-dom.js?v=23710b64:3710:15)
    at BrowserRouter (http://restaurant21.lobytech.test:3002/node_modules/.vite/deps/react-router-dom.js?v=23710b64:4190:5)
    at Dashboard
    at QueryClientProvider2 (http://restaurant21.lobytech.test:3002/node_modules/.vite/deps/react-query.js?v=23710b64:2647:21)
    at Provider (http://restaurant21.lobytech.test:3002/node_modules/.vite/deps/react-redux.js?v=23710b64:1481:3)
    at App (http://restaurant21.lobytech.test:3002/src/App.tsx?t=1787530374483:31:7)
    at Provider (http://restaurant21.lobytech.test:3002/node_modules/.vite/deps/react-redux.js?v=23710b64:1481:3) @ http://restaurant21.lobytech.test:3002/node_modules/.vite/deps/chunk-GYWC62UC.js?v=23710b64:520
[   36340ms] [ERROR] Warning: Unexpected ref object provided for %s. Use either a ref-setter function or React.createRef().%s div 
    at div
    at div
    at DropdownPopover (http://restaurant21.lobytech.test:3002/src/presentation/views/Modules/Admin/Views/Asistencia/Dropdown/index.tsx?t=1787493067224:24:3)
    at td
    at tr
    at tbody
    at table
    at div
    at div
    at Piso2 (http://restaurant21.lobytech.test:3002/src/presentation/views/Modules/Admin/Views/Asistencia/Piso2/index.tsx?t=1787493067224:23:3)
    at div
    at div
    at Asistencia (http://restaurant21.lobytech.test:3002/src/presentation/views/Modules/Admin/Views/Asistencia/index.tsx?t=1787493088342:42:20)
    at RenderedRoute (http://restaurant21.lobytech.test:3002/node_modules/.vite/deps/react-router-dom.js?v=23710b64:3310:5)
    at Outlet (http://restaurant21.lobytech.test:3002/node_modules/.vite/deps/react-router-dom.js?v=23710b64:3703:26)
    at div
    at div
    at div
    at LayoutView (http://restaurant21.lobytech.test:3002/src/components/Sidebar/index.tsx?t=1787527165311:31:20)
    at RenderedRoute (http://restaurant21.lobytech.test:3002/node_modules/.vite/deps/react-router-dom.js?v=23710b64:3310:5)
    at Routes (http://restaurant21.lobytech.test:3002/node_modules/.vite/deps/react-router-dom.js?v=23710b64:3763:5)
    at div
    at Router (http://restaurant21.lobytech.test:3002/node_modules/.vite/deps/react-router-dom.js?v=23710b64:3710:15)
    at BrowserRouter (http://restaurant21.lobytech.test:3002/node_modules/.vite/deps/react-router-dom.js?v=23710b64:4190:5)
    at Dashboard
    at QueryClientProvider2 (http://restaurant21.lobytech.test:3002/node_modules/.vite/deps/react-query.js?v=23710b64:2647:21)
    at Provider (http://restaurant21.lobytech.test:3002/node_modules/.vite/deps/react-redux.js?v=23710b64:1481:3)
    at App (http://restaurant21.lobytech.test:3002/src/App.tsx?t=1787530374483:31:7)
    at Provider (http://restaurant21.lobytech.test:3002/node_modules/.vite/deps/react-redux.js?v=23710b64:1481:3) @ http://restaurant21.lobytech.test:3002/node_modules/.vite/deps/chunk-GYWC62UC.js?v=23710b64:520
[   36340ms] [ERROR] Warning: Unexpected ref object provided for %s. Use either a ref-setter function or React.createRef().%s div 
    at div
    at div
    at DropdownPopover (http://restaurant21.lobytech.test:3002/src/presentation/views/Modules/Admin/Views/Asistencia/Dropdown/index.tsx?t=1787493067224:24:3)
    at td
    at tr
    at tbody
    at table
    at div
    at div
    at Piso2 (http://restaurant21.lobytech.test:3002/src/presentation/views/Modules/Admin/Views/Asistencia/Piso2/index.tsx?t=1787493067224:23:3)
    at div
    at div
    at Asistencia (http://restaurant21.lobytech.test:3002/src/presentation/views/Modules/Admin/Views/Asistencia/index.tsx?t=1787493088342:42:20)
    at RenderedRoute (http://restaurant21.lobytech.test:3002/node_modules/.vite/deps/react-router-dom.js?v=23710b64:3310:5)
    at Outlet (http://restaurant21.lobytech.test:3002/node_modules/.vite/deps/react-router-dom.js?v=23710b64:3703:26)
    at div
    at div
    at div
    at LayoutView (http://restaurant21.lobytech.test:3002/src/components/Sidebar/index.tsx?t=1787527165311:31:20)
    at RenderedRoute (http://restaurant21.lobytech.test:3002/node_modules/.vite/deps/react-router-dom.js?v=23710b64:3310:5)
    at Routes (http://restaurant21.lobytech.test:3002/node_modules/.vite/deps/react-router-dom.js?v=23710b64:3763:5)
    at div
    at Router (http://restaurant21.lobytech.test:3002/node_modules/.vite/deps/react-router-dom.js?v=23710b64:3710:15)
    at BrowserRouter (http://restaurant21.lobytech.test:3002/node_modules/.vite/deps/react-router-dom.js?v=23710b64:4190:5)
    at Dashboard
    at QueryClientProvider2 (http://restaurant21.lobytech.test:3002/node_modules/.vite/deps/react-query.js?v=23710b64:2647:21)
    at Provider (http://restaurant21.lobytech.test:3002/node_modules/.vite/deps/react-redux.js?v=23710b64:1481:3)
    at App (http://restaurant21.lobytech.test:3002/src/App.tsx?t=1787530374483:31:7)
    at Provider (http://restaurant21.lobytech.test:3002/node_modules/.vite/deps/react-redux.js?v=23710b64:1481:3) @ http://restaurant21.lobytech.test:3002/node_modules/.vite/deps/chunk-GYWC62UC.js?v=23710b64:520
[   36340ms] [ERROR] Warning: Unexpected ref object provided for %s. Use either a ref-setter function or React.createRef().%s div 
    at div
    at div
    at DropdownPopover (http://restaurant21.lobytech.test:3002/src/presentation/views/Modules/Admin/Views/Asistencia/Dropdown/index.tsx?t=1787493067224:24:3)
    at td
    at tr
    at tbody
    at table
    at div
    at div
    at Piso2 (http://restaurant21.lobytech.test:3002/src/presentation/views/Modules/Admin/Views/Asistencia/Piso2/index.tsx?t=1787493067224:23:3)
    at div
    at div
    at Asistencia (http://restaurant21.lobytech.test:3002/src/presentation/views/Modules/Admin/Views/Asistencia/index.tsx?t=1787493088342:42:20)
    at RenderedRoute (http://restaurant21.lobytech.test:3002/node_modules/.vite/deps/react-router-dom.js?v=23710b64:3310:5)
    at Outlet (http://restaurant21.lobytech.test:3002/node_modules/.vite/deps/react-router-dom.js?v=23710b64:3703:26)
    at div
    at div
    at div
    at LayoutView (http://restaurant21.lobytech.test:3002/src/components/Sidebar/index.tsx?t=1787527165311:31:20)
    at RenderedRoute (http://restaurant21.lobytech.test:3002/node_modules/.vite/deps/react-router-dom.js?v=23710b64:3310:5)
    at Routes (http://restaurant21.lobytech.test:3002/node_modules/.vite/deps/react-router-dom.js?v=23710b64:3763:5)
    at div
    at Router (http://restaurant21.lobytech.test:3002/node_modules/.vite/deps/react-router-dom.js?v=23710b64:3710:15)
    at BrowserRouter (http://restaurant21.lobytech.test:3002/node_modules/.vite/deps/react-router-dom.js?v=23710b64:4190:5)
    at Dashboard
    at QueryClientProvider2 (http://restaurant21.lobytech.test:3002/node_modules/.vite/deps/react-query.js?v=23710b64:2647:21)
    at Provider (http://restaurant21.lobytech.test:3002/node_modules/.vite/deps/react-redux.js?v=23710b64:1481:3)
    at App (http://restaurant21.lobytech.test:3002/src/App.tsx?t=1787530374483:31:7)
    at Provider (http://restaurant21.lobytech.test:3002/node_modules/.vite/deps/react-redux.js?v=23710b64:1481:3) @ http://restaurant21.lobytech.test:3002/node_modules/.vite/deps/chunk-GYWC62UC.js?v=23710b64:520
[   36340ms] [ERROR] Warning: Unexpected ref object provided for %s. Use either a ref-setter function or React.createRef().%s div 
    at div
    at div
    at DropdownPopover (http://restaurant21.lobytech.test:3002/src/presentation/views/Modules/Admin/Views/Asistencia/Dropdown/index.tsx?t=1787493067224:24:3)
    at td
    at tr
    at tbody
    at table
    at div
    at div
    at Piso2 (http://restaurant21.lobytech.test:3002/src/presentation/views/Modules/Admin/Views/Asistencia/Piso2/index.tsx?t=1787493067224:23:3)
    at div
    at div
    at Asistencia (http://restaurant21.lobytech.test:3002/src/presentation/views/Modules/Admin/Views/Asistencia/index.tsx?t=1787493088342:42:20)
    at RenderedRoute (http://restaurant21.lobytech.test:3002/node_modules/.vite/deps/react-router-dom.js?v=23710b64:3310:5)
    at Outlet (http://restaurant21.lobytech.test:3002/node_modules/.vite/deps/react-router-dom.js?v=23710b64:3703:26)
    at div
    at div
    at div
    at LayoutView (http://restaurant21.lobytech.test:3002/src/components/Sidebar/index.tsx?t=1787527165311:31:20)
    at RenderedRoute (http://restaurant21.lobytech.test:3002/node_modules/.vite/deps/react-router-dom.js?v=23710b64:3310:5)
    at Routes (http://restaurant21.lobytech.test:3002/node_modules/.vite/deps/react-router-dom.js?v=23710b64:3763:5)
    at div
    at Router (http://restaurant21.lobytech.test:3002/node_modules/.vite/deps/react-router-dom.js?v=23710b64:3710:15)
    at BrowserRouter (http://restaurant21.lobytech.test:3002/node_modules/.vite/deps/react-router-dom.js?v=23710b64:4190:5)
    at Dashboard
    at QueryClientProvider2 (http://restaurant21.lobytech.test:3002/node_modules/.vite/deps/react-query.js?v=23710b64:2647:21)
    at Provider (http://restaurant21.lobytech.test:3002/node_modules/.vite/deps/react-redux.js?v=23710b64:1481:3)
    at App (http://restaurant21.lobytech.test:3002/src/App.tsx?t=1787530374483:31:7)
    at Provider (http://restaurant21.lobytech.test:3002/node_modules/.vite/deps/react-redux.js?v=23710b64:1481:3) @ http://restaurant21.lobytech.test:3002/node_modules/.vite/deps/chunk-GYWC62UC.js?v=23710b64:520
[   36341ms] [ERROR] Warning: Unexpected ref object provided for %s. Use either a ref-setter function or React.createRef().%s div 
    at div
    at div
    at DropdownPopover (http://restaurant21.lobytech.test:3002/src/presentation/views/Modules/Admin/Views/Asistencia/Dropdown/index.tsx?t=1787493067224:24:3)
    at td
    at tr
    at tbody
    at table
    at div
    at div
    at Piso2 (http://restaurant21.lobytech.test:3002/src/presentation/views/Modules/Admin/Views/Asistencia/Piso2/index.tsx?t=1787493067224:23:3)
    at div
    at div
    at Asistencia (http://restaurant21.lobytech.test:3002/src/presentation/views/Modules/Admin/Views/Asistencia/index.tsx?t=1787493088342:42:20)
    at RenderedRoute (http://restaurant21.lobytech.test:3002/node_modules/.vite/deps/react-router-dom.js?v=23710b64:3310:5)
    at Outlet (http://restaurant21.lobytech.test:3002/node_modules/.vite/deps/react-router-dom.js?v=23710b64:3703:26)
    at div
    at div
    at div
    at LayoutView (http://restaurant21.lobytech.test:3002/src/components/Sidebar/index.tsx?t=1787527165311:31:20)
    at RenderedRoute (http://restaurant21.lobytech.test:3002/node_modules/.vite/deps/react-router-dom.js?v=23710b64:3310:5)
    at Routes (http://restaurant21.lobytech.test:3002/node_modules/.vite/deps/react-router-dom.js?v=23710b64:3763:5)
    at div
    at Router (http://restaurant21.lobytech.test:3002/node_modules/.vite/deps/react-router-dom.js?v=23710b64:3710:15)
    at BrowserRouter (http://restaurant21.lobytech.test:3002/node_modules/.vite/deps/react-router-dom.js?v=23710b64:4190:5)
    at Dashboard
    at QueryClientProvider2 (http://restaurant21.lobytech.test:3002/node_modules/.vite/deps/react-query.js?v=23710b64:2647:21)
    at Provider (http://restaurant21.lobytech.test:3002/node_modules/.vite/deps/react-redux.js?v=23710b64:1481:3)
    at App (http://restaurant21.lobytech.test:3002/src/App.tsx?t=1787530374483:31:7)
    at Provider (http://restaurant21.lobytech.test:3002/node_modules/.vite/deps/react-redux.js?v=23710b64:1481:3) @ http://restaurant21.lobytech.test:3002/node_modules/.vite/deps/chunk-GYWC62UC.js?v=23710b64:520
[   36341ms] [ERROR] Warning: Unexpected ref object provided for %s. Use either a ref-setter function or React.createRef().%s div 
    at div
    at div
    at DropdownPopover (http://restaurant21.lobytech.test:3002/src/presentation/views/Modules/Admin/Views/Asistencia/Dropdown/index.tsx?t=1787493067224:24:3)
    at td
    at tr
    at tbody
    at table
    at div
    at div
    at Piso2 (http://restaurant21.lobytech.test:3002/src/presentation/views/Modules/Admin/Views/Asistencia/Piso2/index.tsx?t=1787493067224:23:3)
    at div
    at div
    at Asistencia (http://restaurant21.lobytech.test:3002/src/presentation/views/Modules/Admin/Views/Asistencia/index.tsx?t=1787493088342:42:20)
    at RenderedRoute (http://restaurant21.lobytech.test:3002/node_modules/.vite/deps/react-router-dom.js?v=23710b64:3310:5)
    at Outlet (http://restaurant21.lobytech.test:3002/node_modules/.vite/deps/react-router-dom.js?v=23710b64:3703:26)
    at div
    at div
    at div
    at LayoutView (http://restaurant21.lobytech.test:3002/src/components/Sidebar/index.tsx?t=1787527165311:31:20)
    at RenderedRoute (http://restaurant21.lobytech.test:3002/node_modules/.vite/deps/react-router-dom.js?v=23710b64:3310:5)
    at Routes (http://restaurant21.lobytech.test:3002/node_modules/.vite/deps/react-router-dom.js?v=23710b64:3763:5)
    at div
    at Router (http://restaurant21.lobytech.test:3002/node_modules/.vite/deps/react-router-dom.js?v=23710b64:3710:15)
    at BrowserRouter (http://restaurant21.lobytech.test:3002/node_modules/.vite/deps/react-router-dom.js?v=23710b64:4190:5)
    at Dashboard
    at QueryClientProvider2 (http://restaurant21.lobytech.test:3002/node_modules/.vite/deps/react-query.js?v=23710b64:2647:21)
    at Provider (http://restaurant21.lobytech.test:3002/node_modules/.vite/deps/react-redux.js?v=23710b64:1481:3)
    at App (http://restaurant21.lobytech.test:3002/src/App.tsx?t=1787530374483:31:7)
    at Provider (http://restaurant21.lobytech.test:3002/node_modules/.vite/deps/react-redux.js?v=23710b64:1481:3) @ http://restaurant21.lobytech.test:3002/node_modules/.vite/deps/chunk-GYWC62UC.js?v=23710b64:520
[   36341ms] [ERROR] Warning: Unexpected ref object provided for %s. Use either a ref-setter function or React.createRef().%s div 
    at div
    at div
    at DropdownPopover (http://restaurant21.lobytech.test:3002/src/presentation/views/Modules/Admin/Views/Asistencia/Dropdown/index.tsx?t=1787493067224:24:3)
    at td
    at tr
    at tbody
    at table
    at div
    at div
    at Piso2 (http://restaurant21.lobytech.test:3002/src/presentation/views/Modules/Admin/Views/Asistencia/Piso2/index.tsx?t=1787493067224:23:3)
    at div
    at div
    at Asistencia (http://restaurant21.lobytech.test:3002/src/presentation/views/Modules/Admin/Views/Asistencia/index.tsx?t=1787493088342:42:20)
    at RenderedRoute (http://restaurant21.lobytech.test:3002/node_modules/.vite/deps/react-router-dom.js?v=23710b64:3310:5)
    at Outlet (http://restaurant21.lobytech.test:3002/node_modules/.vite/deps/react-router-dom.js?v=23710b64:3703:26)
    at div
    at div
    at div
    at LayoutView (http://restaurant21.lobytech.test:3002/src/components/Sidebar/index.tsx?t=1787527165311:31:20)
    at RenderedRoute (http://restaurant21.lobytech.test:3002/node_modules/.vite/deps/react-router-dom.js?v=23710b64:3310:5)
    at Routes (http://restaurant21.lobytech.test:3002/node_modules/.vite/deps/react-router-dom.js?v=23710b64:3763:5)
    at div
    at Router (http://restaurant21.lobytech.test:3002/node_modules/.vite/deps/react-router-dom.js?v=23710b64:3710:15)
    at BrowserRouter (http://restaurant21.lobytech.test:3002/node_modules/.vite/deps/react-router-dom.js?v=23710b64:4190:5)
    at Dashboard
    at QueryClientProvider2 (http://restaurant21.lobytech.test:3002/node_modules/.vite/deps/react-query.js?v=23710b64:2647:21)
    at Provider (http://restaurant21.lobytech.test:3002/node_modules/.vite/deps/react-redux.js?v=23710b64:1481:3)
    at App (http://restaurant21.lobytech.test:3002/src/App.tsx?t=1787530374483:31:7)
    at Provider (http://restaurant21.lobytech.test:3002/node_modules/.vite/deps/react-redux.js?v=23710b64:1481:3) @ http://restaurant21.lobytech.test:3002/node_modules/.vite/deps/chunk-GYWC62UC.js?v=23710b64:520
[   36341ms] [ERROR] Warning: Unexpected ref object provided for %s. Use either a ref-setter function or React.createRef().%s div 
    at div
    at div
    at DropdownPopover (http://restaurant21.lobytech.test:3002/src/presentation/views/Modules/Admin/Views/Asistencia/Dropdown/index.tsx?t=1787493067224:24:3)
    at td
    at tr
    at tbody
    at table
    at div
    at div
    at Piso2 (http://restaurant21.lobytech.test:3002/src/presentation/views/Modules/Admin/Views/Asistencia/Piso2/index.tsx?t=1787493067224:23:3)
    at div
    at div
    at Asistencia (http://restaurant21.lobytech.test:3002/src/presentation/views/Modules/Admin/Views/Asistencia/index.tsx?t=1787493088342:42:20)
    at RenderedRoute (http://restaurant21.lobytech.test:3002/node_modules/.vite/deps/react-router-dom.js?v=23710b64:3310:5)
    at Outlet (http://restaurant21.lobytech.test:3002/node_modules/.vite/deps/react-router-dom.js?v=23710b64:3703:26)
    at div
    at div
    at div
    at LayoutView (http://restaurant21.lobytech.test:3002/src/components/Sidebar/index.tsx?t=1787527165311:31:20)
    at RenderedRoute (http://restaurant21.lobytech.test:3002/node_modules/.vite/deps/react-router-dom.js?v=23710b64:3310:5)
    at Routes (http://restaurant21.lobytech.test:3002/node_modules/.vite/deps/react-router-dom.js?v=23710b64:3763:5)
    at div
    at Router (http://restaurant21.lobytech.test:3002/node_modules/.vite/deps/react-router-dom.js?v=23710b64:3710:15)
    at BrowserRouter (http://restaurant21.lobytech.test:3002/node_modules/.vite/deps/react-router-dom.js?v=23710b64:4190:5)
    at Dashboard
    at QueryClientProvider2 (http://restaurant21.lobytech.test:3002/node_modules/.vite/deps/react-query.js?v=23710b64:2647:21)
    at Provider (http://restaurant21.lobytech.test:3002/node_modules/.vite/deps/react-redux.js?v=23710b64:1481:3)
    at App (http://restaurant21.lobytech.test:3002/src/App.tsx?t=1787530374483:31:7)
    at Provider (http://restaurant21.lobytech.test:3002/node_modules/.vite/deps/react-redux.js?v=23710b64:1481:3) @ http://restaurant21.lobytech.test:3002/node_modules/.vite/deps/chunk-GYWC62UC.js?v=23710b64:520
[   36341ms] [ERROR] Warning: Unexpected ref object provided for %s. Use either a ref-setter function or React.createRef().%s div 
    at div
    at div
    at DropdownPopover (http://restaurant21.lobytech.test:3002/src/presentation/views/Modules/Admin/Views/Asistencia/Dropdown/index.tsx?t=1787493067224:24:3)
    at td
    at tr
    at tbody
    at table
    at div
    at div
    at Piso2 (http://restaurant21.lobytech.test:3002/src/presentation/views/Modules/Admin/Views/Asistencia/Piso2/index.tsx?t=1787493067224:23:3)
    at div
    at div
    at Asistencia (http://restaurant21.lobytech.test:3002/src/presentation/views/Modules/Admin/Views/Asistencia/index.tsx?t=1787493088342:42:20)
    at RenderedRoute (http://restaurant21.lobytech.test:3002/node_modules/.vite/deps/react-router-dom.js?v=23710b64:3310:5)
    at Outlet (http://restaurant21.lobytech.test:3002/node_modules/.vite/deps/react-router-dom.js?v=23710b64:3703:26)
    at div
    at div
    at div
    at LayoutView (http://restaurant21.lobytech.test:3002/src/components/Sidebar/index.tsx?t=1787527165311:31:20)
    at RenderedRoute (http://restaurant21.lobytech.test:3002/node_modules/.vite/deps/react-router-dom.js?v=23710b64:3310:5)
    at Routes (http://restaurant21.lobytech.test:3002/node_modules/.vite/deps/react-router-dom.js?v=23710b64:3763:5)
    at div
    at Router (http://restaurant21.lobytech.test:3002/node_modules/.vite/deps/react-router-dom.js?v=23710b64:3710:15)
    at BrowserRouter (http://restaurant21.lobytech.test:3002/node_modules/.vite/deps/react-router-dom.js?v=23710b64:4190:5)
    at Dashboard
    at QueryClientProvider2 (http://restaurant21.lobytech.test:3002/node_modules/.vite/deps/react-query.js?v=23710b64:2647:21)
    at Provider (http://restaurant21.lobytech.test:3002/node_modules/.vite/deps/react-redux.js?v=23710b64:1481:3)
    at App (http://restaurant21.lobytech.test:3002/src/App.tsx?t=1787530374483:31:7)
    at Provider (http://restaurant21.lobytech.test:3002/node_modules/.vite/deps/react-redux.js?v=23710b64:1481:3) @ http://restaurant21.lobytech.test:3002/node_modules/.vite/deps/chunk-GYWC62UC.js?v=23710b64:520
[   36343ms] [ERROR] Failed to load resource: the server responded with a status of 500 (Internal Server Error) @ http://localhost:5002/api/facturacion/listar-fichas?fecha=23/08/2026:0
[   36344ms] [LOG] AxiosError @ http://restaurant21.lobytech.test:3002/src/utils/axios.ts:19
[   36344ms] [LOG] AxiosError @ http://restaurant21.lobytech.test:3002/src/redux/reducers/Admin/asistencia/asistencia.reducer.ts:374
[   36346ms] [LOG] [] @ http://restaurant21.lobytech.test:3002/src/presentation/views/Modules/Admin/Views/Asistencia/index.tsx?t=1787493088342:46
[   36347ms] [LOG] Sun Aug 23 2026 00:00:00 GMT-0500 (hora estándar de Perú) @ http://restaurant21.lobytech.test:3002/src/presentation/views/Modules/Admin/Views/Asistencia/index.tsx?t=1787493088342:115
[   36347ms] [LOG] {turno: Turno Especial, diaSemana: 0} @ http://restaurant21.lobytech.test:3002/src/presentation/views/Modules/Admin/Views/Asistencia/index.tsx?t=1787493088342:129
[   36347ms] [LOG] Sun Aug 23 2026 00:00:00 GMT-0500 (hora estándar de Perú) @ http://restaurant21.lobytech.test:3002/src/presentation/views/Modules/Admin/Views/Asistencia/index.tsx?t=1787493088342:115
[   36348ms] [LOG] Sun Aug 23 2026 00:00:00 GMT-0500 (hora estándar de Perú) @ http://restaurant21.lobytech.test:3002/src/presentation/views/Modules/Admin/Views/Asistencia/index.tsx?t=1787493088342:115
[   36348ms] [LOG] [] @ http://restaurant21.lobytech.test:3002/src/presentation/views/Modules/Admin/Views/Asistencia/index.tsx?t=1787493088342:198
[   36348ms] [LOG] false @ http://restaurant21.lobytech.test:3002/src/components/Toggle/index.tsx:24
[   36349ms] [LOG] () => {
    if (diaSemana === 0) {
      setCheckedTurno(false);
    } else {
      setCheckedTurno(!isTurno);
    }
  } @ http://restaurant21.lobytech.test:3002/src/components/Toggle/index.tsx:25
[   36350ms] [LOG] null @ http://restaurant21.lobytech.test:3002/src/presentation/views/Modules/Admin/Views/Asistencia/Dropdown/index.tsx?t=1787493067224:68
[   36351ms] [LOG] null @ http://restaurant21.lobytech.test:3002/src/presentation/views/Modules/Admin/Views/Asistencia/Dropdown/index.tsx?t=1787493067224:68
[   36352ms] [LOG] null @ http://restaurant21.lobytech.test:3002/src/presentation/views/Modules/Admin/Views/Asistencia/Dropdown/index.tsx?t=1787493067224:68
[   36352ms] [LOG] null @ http://restaurant21.lobytech.test:3002/src/presentation/views/Modules/Admin/Views/Asistencia/Dropdown/index.tsx?t=1787493067224:68
[   36352ms] [LOG] null @ http://restaurant21.lobytech.test:3002/src/presentation/views/Modules/Admin/Views/Asistencia/Dropdown/index.tsx?t=1787493067224:68
[   36353ms] [LOG] null @ http://restaurant21.lobytech.test:3002/src/presentation/views/Modules/Admin/Views/Asistencia/Dropdown/index.tsx?t=1787493067224:68
[   36353ms] [LOG] null @ http://restaurant21.lobytech.test:3002/src/presentation/views/Modules/Admin/Views/Asistencia/Dropdown/index.tsx?t=1787493067224:68
[   36354ms] [LOG] null @ http://restaurant21.lobytech.test:3002/src/presentation/views/Modules/Admin/Views/Asistencia/Dropdown/index.tsx?t=1787493067224:68
[   36354ms] [LOG] null @ http://restaurant21.lobytech.test:3002/src/presentation/views/Modules/Admin/Views/Asistencia/Dropdown/index.tsx?t=1787493067224:68
[   36355ms] [LOG] null @ http://restaurant21.lobytech.test:3002/src/presentation/views/Modules/Admin/Views/Asistencia/Dropdown/index.tsx?t=1787493067224:68
[   36355ms] [LOG] null @ http://restaurant21.lobytech.test:3002/src/presentation/views/Modules/Admin/Views/Asistencia/Dropdown/index.tsx?t=1787493067224:68
[   36356ms] [LOG] null @ http://restaurant21.lobytech.test:3002/src/presentation/views/Modules/Admin/Views/Asistencia/Dropdown/index.tsx?t=1787493067224:68
[   36356ms] [LOG] null @ http://restaurant21.lobytech.test:3002/src/presentation/views/Modules/Admin/Views/Asistencia/Dropdown/index.tsx?t=1787493067224:68
[   36356ms] [LOG] null @ http://restaurant21.lobytech.test:3002/src/presentation/views/Modules/Admin/Views/Asistencia/Dropdown/index.tsx?t=1787493067224:68
[   36357ms] [LOG] null @ http://restaurant21.lobytech.test:3002/src/presentation/views/Modules/Admin/Views/Asistencia/Dropdown/index.tsx?t=1787493067224:68
[   36357ms] [LOG] null @ http://restaurant21.lobytech.test:3002/src/presentation/views/Modules/Admin/Views/Asistencia/Dropdown/index.tsx?t=1787493067224:68
[   36357ms] [LOG] null @ http://restaurant21.lobytech.test:3002/src/presentation/views/Modules/Admin/Views/Asistencia/Dropdown/index.tsx?t=1787493067224:68
[   36358ms] [LOG] null @ http://restaurant21.lobytech.test:3002/src/presentation/views/Modules/Admin/Views/Asistencia/Dropdown/index.tsx?t=1787493067224:68
[   36358ms] [LOG] null @ http://restaurant21.lobytech.test:3002/src/presentation/views/Modules/Admin/Views/Asistencia/Dropdown/index.tsx?t=1787493067224:68
[   36360ms] [LOG] null @ http://restaurant21.lobytech.test:3002/src/presentation/views/Modules/Admin/Views/Asistencia/Dropdown/index.tsx?t=1787493067224:68
[   36361ms] [LOG] null @ http://restaurant21.lobytech.test:3002/src/presentation/views/Modules/Admin/Views/Asistencia/Dropdown/index.tsx?t=1787493067224:68
[   36361ms] [LOG] null @ http://restaurant21.lobytech.test:3002/src/presentation/views/Modules/Admin/Views/Asistencia/Dropdown/index.tsx?t=1787493067224:68
[   36362ms] [LOG] null @ http://restaurant21.lobytech.test:3002/src/presentation/views/Modules/Admin/Views/Asistencia/Dropdown/index.tsx?t=1787493067224:68
[   36365ms] [LOG] null @ http://restaurant21.lobytech.test:3002/src/presentation/views/Modules/Admin/Views/Asistencia/Dropdown/index.tsx?t=1787493067224:68
[   36366ms] [LOG] null @ http://restaurant21.lobytech.test:3002/src/presentation/views/Modules/Admin/Views/Asistencia/Dropdown/index.tsx?t=1787493067224:68
[   36367ms] [LOG] null @ http://restaurant21.lobytech.test:3002/src/presentation/views/Modules/Admin/Views/Asistencia/Dropdown/index.tsx?t=1787493067224:68
[   36369ms] [LOG] null @ http://restaurant21.lobytech.test:3002/src/presentation/views/Modules/Admin/Views/Asistencia/Dropdown/index.tsx?t=1787493067224:68
[   36370ms] [LOG] null @ http://restaurant21.lobytech.test:3002/src/presentation/views/Modules/Admin/Views/Asistencia/Dropdown/index.tsx?t=1787493067224:68
[   36371ms] [LOG] null @ http://restaurant21.lobytech.test:3002/src/presentation/views/Modules/Admin/Views/Asistencia/Dropdown/index.tsx?t=1787493067224:68
[   36372ms] [LOG] null @ http://restaurant21.lobytech.test:3002/src/presentation/views/Modules/Admin/Views/Asistencia/Dropdown/index.tsx?t=1787493067224:68
[   36372ms] [LOG] null @ http://restaurant21.lobytech.test:3002/src/presentation/views/Modules/Admin/Views/Asistencia/Dropdown/index.tsx?t=1787493067224:68
[   36373ms] [LOG] null @ http://restaurant21.lobytech.test:3002/src/presentation/views/Modules/Admin/Views/Asistencia/Dropdown/index.tsx?t=1787493067224:68
[   36373ms] [LOG] null @ http://restaurant21.lobytech.test:3002/src/presentation/views/Modules/Admin/Views/Asistencia/Dropdown/index.tsx?t=1787493067224:68
[   36374ms] [LOG] null @ http://restaurant21.lobytech.test:3002/src/presentation/views/Modules/Admin/Views/Asistencia/Dropdown/index.tsx?t=1787493067224:68
[   36374ms] [LOG] null @ http://restaurant21.lobytech.test:3002/src/presentation/views/Modules/Admin/Views/Asistencia/Dropdown/index.tsx?t=1787493067224:68
[   36375ms] [LOG] null @ http://restaurant21.lobytech.test:3002/src/presentation/views/Modules/Admin/Views/Asistencia/Dropdown/index.tsx?t=1787493067224:68
[   36375ms] [LOG] null @ http://restaurant21.lobytech.test:3002/src/presentation/views/Modules/Admin/Views/Asistencia/Dropdown/index.tsx?t=1787493067224:68
